solid OpenSCAD_Model
  facet normal -0.997858 -0.0649826 -0.00754791
    outer loop
      vertex -71.9377 14.4777 42.6813
      vertex -71.9522 15.0666 39.5282
      vertex -71.9145 14.4954 39.4618
    endloop
  endfacet
  facet normal -0.997858 -0.0649817 -0.00754774
    outer loop
      vertex -71.9522 15.0666 39.5282
      vertex -71.9377 14.4777 42.6813
      vertex -71.9522 14.6974 42.7068
    endloop
  endfacet
  facet normal -0.997858 -0.0649817 -0.0075475
    outer loop
      vertex -71.9 13.9065 42.615
      vertex -71.9145 14.4954 39.4618
      vertex -71.9 14.2757 39.4363
    endloop
  endfacet
  facet normal -0.997858 -0.0649839 -0.00754792
    outer loop
      vertex -71.9145 14.4954 39.4618
      vertex -71.9 13.9065 42.615
      vertex -71.9377 14.4777 42.6813
    endloop
  endfacet
  facet normal 0.94692 0.319323 0.0370799
    outer loop
      vertex -83.8922 12.3383 42.4328
      vertex -83.6357 11.9569 39.167
      vertex -83.8922 12.7074 39.2542
    endloop
  endfacet
  facet normal 0.946919 0.319327 0.0370792
    outer loop
      vertex -83.6357 11.9569 39.167
      vertex -83.8922 12.3383 42.4328
      vertex -83.6357 11.5878 42.3457
    endloop
  endfacet
  facet normal -0.89696 0.439161 0.0509955
    outer loop
      vertex -72.7172 10.8769 42.2631
      vertex -72.6192 11.4435 39.1074
      vertex -72.7172 11.246 39.0845
    endloop
  endfacet
  facet normal -0.896929 0.439224 0.0510077
    outer loop
      vertex -72.6192 11.4435 39.1074
      vertex -72.7172 10.8769 42.2631
      vertex -72.4624 11.3903 42.3227
    endloop
  endfacet
  facet normal -0.831474 -0.551855 -0.0640816
    outer loop
      vertex -73.0374 17.7813 39.8434
      vertex -73.1605 17.5952 43.0433
      vertex -73.1605 17.9643 39.8647
    endloop
  endfacet
  facet normal -0.831544 -0.551751 -0.0640782
    outer loop
      vertex -73.1605 17.5952 43.0433
      vertex -73.0374 17.7813 39.8434
      vertex -72.8404 17.1192 42.988
    endloop
  endfacet
  facet normal 0.946933 -0.319284 -0.0370854
    outer loop
      vertex -83.6357 16.2253 42.8842
      vertex -83.8922 15.8439 39.6184
      vertex -83.6357 16.5945 39.7056
    endloop
  endfacet
  facet normal 0.946919 -0.319327 -0.0370792
    outer loop
      vertex -83.8922 15.8439 39.6184
      vertex -83.6357 16.2253 42.8842
      vertex -83.8922 15.4748 42.7971
    endloop
  endfacet
  facet normal -0.659214 0.746935 0.0867437
    outer loop
      vertex -73.6866 9.99112 38.9388
      vertex -73.8533 9.47682 42.1005
      vertex -73.6866 9.62198 42.1174
    endloop
  endfacet
  facet normal -0.659327 0.746838 0.0867221
    outer loop
      vertex -73.8533 9.47682 42.1005
      vertex -73.6866 9.99112 38.9388
      vertex -74.1199 9.61369 38.8949
    endloop
  endfacet
  facet normal -0.0655037 -0.991191 -0.115104
    outer loop
      vertex -77.2038 20.2831 40.134
      vertex -77.425 19.9284 43.3143
      vertex -77.7788 20.3206 40.1383
    endloop
  endfacet
  facet normal -0.065411 -0.991198 -0.115098
    outer loop
      vertex -77.425 19.9284 43.3143
      vertex -77.2038 20.2831 40.134
      vertex -77.2038 19.914 43.3126
    endloop
  endfacet
  facet normal 0.195291 -0.974199 -0.113124
    outer loop
      vertex -79.0136 19.871 43.3076
      vertex -78.7962 20.2831 40.134
      vertex -78.7962 19.914 43.3126
    endloop
  endfacet
  facet normal 0.195138 -0.974228 -0.113139
    outer loop
      vertex -78.7962 20.2831 40.134
      vertex -79.0136 19.871 43.3076
      vertex -79.3614 20.1714 40.121
    endloop
  endfacet
  facet normal -0.195291 -0.974199 -0.113124
    outer loop
      vertex -77.2038 20.2831 40.134
      vertex -76.9864 19.871 43.3076
      vertex -77.2038 19.914 43.3126
    endloop
  endfacet
  facet normal -0.195138 -0.974228 -0.113139
    outer loop
      vertex -76.9864 19.871 43.3076
      vertex -77.2038 20.2831 40.134
      vertex -76.6386 20.1714 40.121
    endloop
  endfacet
  facet normal -0.0654007 0.991198 0.115105
    outer loop
      vertex -77.7788 8.23079 38.7343
      vertex -78 7.84726 41.9113
      vertex -77.425 7.8847 41.9156
    endloop
  endfacet
  facet normal -0.0653592 0.9912 0.115108
    outer loop
      vertex -78 7.84726 41.9113
      vertex -77.7788 8.23079 38.7343
      vertex -78 8.21639 38.7327
    endloop
  endfacet
  facet normal 0.896929 0.439224 0.0510077
    outer loop
      vertex -83.2828 10.8769 42.2631
      vertex -83.3808 11.4435 39.1074
      vertex -83.5376 11.3903 42.3227
    endloop
  endfacet
  facet normal 0.89696 0.439161 0.0509955
    outer loop
      vertex -83.3808 11.4435 39.1074
      vertex -83.2828 10.8769 42.2631
      vertex -83.2828 11.246 39.0845
    endloop
  endfacet
  facet normal -0.75184 -0.654945 -0.0760524
    outer loop
      vertex -73.1605 17.5952 43.0433
      vertex -73.3067 18.1299 39.8839
      vertex -73.1605 17.9643 39.8647
    endloop
  endfacet
  facet normal -0.75183 -0.654955 -0.0760547
    outer loop
      vertex -73.3067 18.1299 39.8839
      vertex -73.1605 17.5952 43.0433
      vertex -73.5405 18.0256 43.0933
    endloop
  endfacet
  facet normal -0.194972 -0.974263 -0.113124
    outer loop
      vertex -76.6386 20.1714 40.121
      vertex -76.4212 19.7594 43.2946
      vertex -76.9864 19.871 43.3076
    endloop
  endfacet
  facet normal -0.19486 -0.974285 -0.113134
    outer loop
      vertex -76.4212 19.7594 43.2946
      vertex -76.6386 20.1714 40.121
      vertex -76.4212 20.1285 40.116
    endloop
  endfacet
  facet normal -0.997858 0.0649839 0.00754815
    outer loop
      vertex -71.9145 13.6868 42.5894
      vertex -71.9 14.2757 39.4363
      vertex -71.9377 13.7045 39.37
    endloop
  endfacet
  facet normal -0.997858 0.0649783 0.00754711
    outer loop
      vertex -71.9 14.2757 39.4363
      vertex -71.9145 13.6868 42.5894
      vertex -71.9 13.9065 42.615
    endloop
  endfacet
  facet normal -0.980832 0.193554 0.0224816
    outer loop
      vertex -71.9954 13.2688 39.3194
      vertex -71.9522 13.1156 42.5231
      vertex -71.9522 13.4848 39.3445
    endloop
  endfacet
  facet normal -0.980792 0.193756 0.0224908
    outer loop
      vertex -71.9522 13.1156 42.5231
      vertex -71.9954 13.2688 39.3194
      vertex -72.0646 12.5542 42.4579
    endloop
  endfacet
  facet normal 0.065332 -0.9912 -0.115124
    outer loop
      vertex -78.2212 20.3206 40.1383
      vertex -78 19.9658 43.3186
      vertex -78.575 19.9284 43.3143
    endloop
  endfacet
  facet normal 0.065411 -0.991195 -0.115129
    outer loop
      vertex -78 19.9658 43.3186
      vertex -78.2212 20.3206 40.1383
      vertex -78 20.335 40.14
    endloop
  endfacet
  facet normal -0.831266 0.552165 0.0641176
    outer loop
      vertex -72.8404 11.063 39.0632
      vertex -72.7172 10.8769 42.2631
      vertex -72.7172 11.246 39.0845
    endloop
  endfacet
  facet normal -0.831457 0.551878 0.0641082
    outer loop
      vertex -72.7172 10.8769 42.2631
      vertex -72.8404 11.063 39.0632
      vertex -73.0374 10.4009 42.2079
    endloop
  endfacet
  facet normal -0.442299 0.890881 0.103455
    outer loop
      vertex -74.95 9.02818 38.8269
      vertex -75.6656 8.3085 41.9649
      vertex -74.95 8.65905 42.0056
    endloop
  endfacet
  facet normal -0.442299 0.890881 0.103455
    outer loop
      vertex -75.6656 8.3085 41.9649
      vertex -74.95 9.02818 38.8269
      vertex -75.6656 8.67763 38.7862
    endloop
  endfacet
  facet normal -0.659315 0.746848 0.0867216
    outer loop
      vertex -74.1199 9.61369 38.8949
      vertex -74.2866 9.09939 42.0567
      vertex -73.8533 9.47682 42.1005
    endloop
  endfacet
  facet normal -0.65921 0.746939 0.0867418
    outer loop
      vertex -74.2866 9.09939 42.0567
      vertex -74.1199 9.61369 38.8949
      vertex -74.2866 9.46852 38.8781
    endloop
  endfacet
  facet normal 0.442299 0.890881 0.103455
    outer loop
      vertex -80.3344 8.3085 41.9649
      vertex -81.05 9.02818 38.8269
      vertex -81.05 8.65905 42.0056
    endloop
  endfacet
  facet normal 0.442299 0.890881 0.103455
    outer loop
      vertex -81.05 9.02818 38.8269
      vertex -80.3344 8.3085 41.9649
      vertex -80.3344 8.67763 38.7862
    endloop
  endfacet
  facet normal 0.980798 -0.193726 -0.0224948
    outer loop
      vertex -83.8922 15.4748 42.7971
      vertex -84.0478 15.0666 39.5282
      vertex -83.8922 15.8439 39.6184
    endloop
  endfacet
  facet normal 0.980803 -0.193699 -0.0224984
    outer loop
      vertex -84.0478 15.0666 39.5282
      vertex -83.8922 15.4748 42.7971
      vertex -84.0478 14.6974 42.7068
    endloop
  endfacet
  facet normal 0.75183 -0.654955 -0.0760547
    outer loop
      vertex -82.8395 17.5952 43.0433
      vertex -82.6933 18.1299 39.8839
      vertex -82.4595 18.0256 43.0933
    endloop
  endfacet
  facet normal 0.75184 -0.654945 -0.0760524
    outer loop
      vertex -82.6933 18.1299 39.8839
      vertex -82.8395 17.5952 43.0433
      vertex -82.8395 17.9643 39.8647
    endloop
  endfacet
  facet normal -0.065411 -0.991195 -0.115129
    outer loop
      vertex -77.7788 20.3206 40.1383
      vertex -78 19.9658 43.3186
      vertex -78 20.335 40.14
    endloop
  endfacet
  facet normal -0.065332 -0.9912 -0.115124
    outer loop
      vertex -78 19.9658 43.3186
      vertex -77.7788 20.3206 40.1383
      vertex -77.425 19.9284 43.3143
    endloop
  endfacet
  facet normal 0.555581 -0.825911 -0.0959154
    outer loop
      vertex -81.7134 18.7137 43.1732
      vertex -81.5292 19.2051 40.0088
      vertex -81.2343 19.0317 43.2101
    endloop
  endfacet
  facet normal 0.555705 -0.825831 -0.0958957
    outer loop
      vertex -81.5292 19.2051 40.0088
      vertex -81.7134 18.7137 43.1732
      vertex -81.7134 19.0828 39.9946
    endloop
  endfacet
  facet normal 0.065411 -0.991198 -0.115098
    outer loop
      vertex -78.7962 20.2831 40.134
      vertex -78.575 19.9284 43.3143
      vertex -78.7962 19.914 43.3126
    endloop
  endfacet
  facet normal 0.0655037 -0.991191 -0.115104
    outer loop
      vertex -78.575 19.9284 43.3143
      vertex -78.7962 20.2831 40.134
      vertex -78.2212 20.3206 40.1383
    endloop
  endfacet
  facet normal 0.751869 -0.654912 -0.0760486
    outer loop
      vertex -82.4595 18.0256 43.0933
      vertex -82.3134 18.5602 39.9339
      vertex -82.3134 18.1911 43.1125
    endloop
  endfacet
  facet normal 0.751842 -0.654943 -0.076055
    outer loop
      vertex -82.3134 18.5602 39.9339
      vertex -82.4595 18.0256 43.0933
      vertex -82.6933 18.1299 39.8839
    endloop
  endfacet
  facet normal -0.831463 -0.551868 -0.0641079
    outer loop
      vertex -72.7172 17.3053 39.7881
      vertex -72.8404 17.1192 42.988
      vertex -73.0374 17.7813 39.8434
    endloop
  endfacet
  facet normal -0.83125 -0.552189 -0.0641184
    outer loop
      vertex -72.8404 17.1192 42.988
      vertex -72.7172 17.3053 39.7881
      vertex -72.7172 16.9362 42.9668
    endloop
  endfacet
  facet normal -0.555581 -0.825911 -0.0959154
    outer loop
      vertex -74.4708 19.2051 40.0088
      vertex -74.2866 18.7137 43.1732
      vertex -74.7657 19.0317 43.2101
    endloop
  endfacet
  facet normal -0.555705 -0.825831 -0.0958957
    outer loop
      vertex -74.2866 18.7137 43.1732
      vertex -74.4708 19.2051 40.0088
      vertex -74.2866 19.0828 39.9946
    endloop
  endfacet
  facet normal -0.896863 -0.439356 -0.0510165
    outer loop
      vertex -72.3643 16.5945 39.7056
      vertex -72.7172 16.9362 42.9668
      vertex -72.7172 17.3053 39.7881
    endloop
  endfacet
  facet normal -0.89689 -0.439299 -0.0510254
    outer loop
      vertex -72.7172 16.9362 42.9668
      vertex -72.3643 16.5945 39.7056
      vertex -72.3643 16.2253 42.8842
    endloop
  endfacet
  facet normal -0.831537 0.55176 0.0640785
    outer loop
      vertex -73.1605 10.587 39.008
      vertex -73.0374 10.4009 42.2079
      vertex -72.8404 11.063 39.0632
    endloop
  endfacet
  facet normal -0.831474 0.551855 0.0640816
    outer loop
      vertex -73.0374 10.4009 42.2079
      vertex -73.1605 10.587 39.008
      vertex -73.1605 10.2179 42.1866
    endloop
  endfacet
  facet normal -0.75183 0.654956 0.0760537
    outer loop
      vertex -73.6866 9.99112 38.9388
      vertex -73.1605 10.2179 42.1866
      vertex -73.1605 10.587 39.008
    endloop
  endfacet
  facet normal -0.751852 0.65493 0.0760589
    outer loop
      vertex -73.1605 10.2179 42.1866
      vertex -73.6866 9.99112 38.9388
      vertex -73.6866 9.62198 42.1174
    endloop
  endfacet
  facet normal -0.997858 0.0649817 0.00754774
    outer loop
      vertex -71.9522 13.1156 42.5231
      vertex -71.9377 13.7045 39.37
      vertex -71.9522 13.4848 39.3445
    endloop
  endfacet
  facet normal -0.997858 0.0649839 0.00754815
    outer loop
      vertex -71.9377 13.7045 39.37
      vertex -71.9522 13.1156 42.5231
      vertex -71.9145 13.6868 42.5894
    endloop
  endfacet
  facet normal -0.94692 0.319323 0.0370799
    outer loop
      vertex -72.3643 11.9569 39.167
      vertex -72.1078 12.3383 42.4328
      vertex -72.1078 12.7074 39.2542
    endloop
  endfacet
  facet normal -0.946919 0.319327 0.0370792
    outer loop
      vertex -72.1078 12.3383 42.4328
      vertex -72.3643 11.9569 39.167
      vertex -72.3643 11.5878 42.3457
    endloop
  endfacet
  facet normal -0.946933 -0.319284 -0.0370854
    outer loop
      vertex -72.1078 15.8439 39.6184
      vertex -72.3643 16.2253 42.8842
      vertex -72.3643 16.5945 39.7056
    endloop
  endfacet
  facet normal -0.946919 -0.319327 -0.0370792
    outer loop
      vertex -72.3643 16.2253 42.8842
      vertex -72.1078 15.8439 39.6184
      vertex -72.1078 15.4748 42.7971
    endloop
  endfacet
  facet normal -0.32144 0.940609 0.109232
    outer loop
      vertex -76.4212 8.42286 38.7566
      vertex -76.2113 8.1245 41.9435
      vertex -75.8755 8.60686 38.778
    endloop
  endfacet
  facet normal -0.321407 0.94062 0.109231
    outer loop
      vertex -76.2113 8.1245 41.9435
      vertex -76.4212 8.42286 38.7566
      vertex -76.4212 8.05373 41.9353
    endloop
  endfacet
  facet normal -0.321407 0.94062 0.109231
    outer loop
      vertex -75.8755 8.60686 38.778
      vertex -75.6656 8.3085 41.9649
      vertex -75.6656 8.67763 38.7862
    endloop
  endfacet
  facet normal -0.32144 0.940609 0.109232
    outer loop
      vertex -75.6656 8.3085 41.9649
      vertex -75.8755 8.60686 38.778
      vertex -76.2113 8.1245 41.9435
    endloop
  endfacet
  facet normal -0.195097 0.974237 0.113134
    outer loop
      vertex -76.4212 8.42286 38.7566
      vertex -77.2038 7.8991 41.9173
      vertex -76.4212 8.05373 41.9353
    endloop
  endfacet
  facet normal -0.195083 0.974239 0.113138
    outer loop
      vertex -77.2038 7.8991 41.9173
      vertex -76.4212 8.42286 38.7566
      vertex -77.2038 8.26823 38.7387
    endloop
  endfacet
  facet normal -0.065411 0.991197 0.115107
    outer loop
      vertex -77.2038 8.26823 38.7387
      vertex -77.425 7.8847 41.9156
      vertex -77.2038 7.8991 41.9173
    endloop
  endfacet
  facet normal -0.0654206 0.991197 0.115107
    outer loop
      vertex -77.425 7.8847 41.9156
      vertex -77.2038 8.26823 38.7387
      vertex -77.7788 8.23079 38.7343
    endloop
  endfacet
  facet normal 0.659315 0.746848 0.0867216
    outer loop
      vertex -81.7134 9.09939 42.0567
      vertex -81.8801 9.61369 38.8949
      vertex -82.1467 9.47682 42.1005
    endloop
  endfacet
  facet normal 0.65921 0.746939 0.0867418
    outer loop
      vertex -81.8801 9.61369 38.8949
      vertex -81.7134 9.09939 42.0567
      vertex -81.7134 9.46852 38.8781
    endloop
  endfacet
  facet normal 0.896791 0.439501 0.0510334
    outer loop
      vertex -83.5376 11.3903 42.3227
      vertex -83.6357 11.9569 39.167
      vertex -83.6357 11.5878 42.3457
    endloop
  endfacet
  facet normal 0.89686 0.439364 0.0510067
    outer loop
      vertex -83.6357 11.9569 39.167
      vertex -83.5376 11.3903 42.3227
      vertex -83.3808 11.4435 39.1074
    endloop
  endfacet
  facet normal 0.997858 -0.0649839 -0.00754792
    outer loop
      vertex -84.1 13.9065 42.615
      vertex -84.0855 14.4954 39.4618
      vertex -84.0623 14.4777 42.6813
    endloop
  endfacet
  facet normal 0.997858 -0.0649817 -0.0075475
    outer loop
      vertex -84.0855 14.4954 39.4618
      vertex -84.1 13.9065 42.615
      vertex -84.1 14.2757 39.4363
    endloop
  endfacet
  facet normal 0.980792 0.193756 0.0224908
    outer loop
      vertex -83.9354 12.5542 42.4579
      vertex -83.8922 12.7074 39.2542
      vertex -84.0046 13.2688 39.3194
    endloop
  endfacet
  facet normal 0.980815 0.19364 0.0224855
    outer loop
      vertex -83.8922 12.7074 39.2542
      vertex -83.9354 12.5542 42.4579
      vertex -83.8922 12.3383 42.4328
    endloop
  endfacet
  facet normal 0.831463 -0.551868 -0.0641079
    outer loop
      vertex -83.1596 17.1192 42.988
      vertex -83.2828 17.3053 39.7881
      vertex -82.9626 17.7813 39.8434
    endloop
  endfacet
  facet normal 0.83125 -0.552189 -0.0641184
    outer loop
      vertex -83.2828 17.3053 39.7881
      vertex -83.1596 17.1192 42.988
      vertex -83.2828 16.9362 42.9668
    endloop
  endfacet
  facet normal 0.194972 -0.974263 -0.113124
    outer loop
      vertex -79.5788 19.7594 43.2946
      vertex -79.3614 20.1714 40.121
      vertex -79.0136 19.871 43.3076
    endloop
  endfacet
  facet normal 0.19486 -0.974285 -0.113134
    outer loop
      vertex -79.3614 20.1714 40.121
      vertex -79.5788 19.7594 43.2946
      vertex -79.5788 20.1285 40.116
    endloop
  endfacet
  facet normal 0.896863 -0.439356 -0.0510165
    outer loop
      vertex -83.2828 16.9362 42.9668
      vertex -83.6357 16.5945 39.7056
      vertex -83.2828 17.3053 39.7881
    endloop
  endfacet
  facet normal 0.89689 -0.439299 -0.0510254
    outer loop
      vertex -83.6357 16.5945 39.7056
      vertex -83.2828 16.9362 42.9668
      vertex -83.6357 16.2253 42.8842
    endloop
  endfacet
  facet normal -0.89686 0.439364 0.0510067
    outer loop
      vertex -72.4624 11.3903 42.3227
      vertex -72.3643 11.9569 39.167
      vertex -72.6192 11.4435 39.1074
    endloop
  endfacet
  facet normal -0.896791 0.439501 0.0510334
    outer loop
      vertex -72.3643 11.9569 39.167
      vertex -72.4624 11.3903 42.3227
      vertex -72.3643 11.5878 42.3457
    endloop
  endfacet
  facet normal -0.980792 0.193756 0.0224908
    outer loop
      vertex -72.1078 12.7074 39.2542
      vertex -72.0646 12.5542 42.4579
      vertex -71.9954 13.2688 39.3194
    endloop
  endfacet
  facet normal -0.980815 0.19364 0.0224855
    outer loop
      vertex -72.0646 12.5542 42.4579
      vertex -72.1078 12.7074 39.2542
      vertex -72.1078 12.3383 42.4328
    endloop
  endfacet
  facet normal -0.980798 -0.193726 -0.0224948
    outer loop
      vertex -71.9522 15.0666 39.5282
      vertex -72.1078 15.4748 42.7971
      vertex -72.1078 15.8439 39.6184
    endloop
  endfacet
  facet normal -0.980803 -0.193699 -0.0224984
    outer loop
      vertex -72.1078 15.4748 42.7971
      vertex -71.9522 15.0666 39.5282
      vertex -71.9522 14.6974 42.7068
    endloop
  endfacet
  facet normal -0.321464 -0.940602 -0.109223
    outer loop
      vertex -76.4212 20.1285 40.116
      vertex -75.6656 19.5046 43.265
      vertex -76.4212 19.7594 43.2946
    endloop
  endfacet
  facet normal -0.321464 -0.940602 -0.109223
    outer loop
      vertex -75.6656 19.5046 43.265
      vertex -76.4212 20.1285 40.116
      vertex -75.6656 19.8737 40.0864
    endloop
  endfacet
  facet normal -0.555592 0.825904 0.0959121
    outer loop
      vertex -74.2866 9.46852 38.8781
      vertex -74.95 8.65905 42.0056
      vertex -74.2866 9.09939 42.0567
    endloop
  endfacet
  facet normal -0.555602 0.825898 0.0959083
    outer loop
      vertex -74.95 8.65905 42.0056
      vertex -74.2866 9.46852 38.8781
      vertex -74.95 9.02818 38.8269
    endloop
  endfacet
  facet normal 0.321407 0.94062 0.109231
    outer loop
      vertex -79.5788 8.42286 38.7566
      vertex -79.7887 8.1245 41.9435
      vertex -79.5788 8.05373 41.9353
    endloop
  endfacet
  facet normal 0.32144 0.940609 0.109232
    outer loop
      vertex -79.7887 8.1245 41.9435
      vertex -79.5788 8.42286 38.7566
      vertex -80.1245 8.60686 38.778
    endloop
  endfacet
  facet normal 0.32144 0.940609 0.109232
    outer loop
      vertex -80.1245 8.60686 38.778
      vertex -80.3344 8.3085 41.9649
      vertex -79.7887 8.1245 41.9435
    endloop
  endfacet
  facet normal 0.321407 0.94062 0.109231
    outer loop
      vertex -80.3344 8.3085 41.9649
      vertex -80.1245 8.60686 38.778
      vertex -80.3344 8.67763 38.7862
    endloop
  endfacet
  facet normal 0.555592 0.825904 0.0959121
    outer loop
      vertex -81.05 8.65905 42.0056
      vertex -81.7134 9.46852 38.8781
      vertex -81.7134 9.09939 42.0567
    endloop
  endfacet
  facet normal 0.555602 0.825898 0.0959083
    outer loop
      vertex -81.7134 9.46852 38.8781
      vertex -81.05 8.65905 42.0056
      vertex -81.05 9.02818 38.8269
    endloop
  endfacet
  facet normal 0.831266 0.552165 0.0641176
    outer loop
      vertex -83.2828 10.8769 42.2631
      vertex -83.1596 11.063 39.0632
      vertex -83.2828 11.246 39.0845
    endloop
  endfacet
  facet normal 0.831457 0.551878 0.0641082
    outer loop
      vertex -83.1596 11.063 39.0632
      vertex -83.2828 10.8769 42.2631
      vertex -82.9626 10.4009 42.2079
    endloop
  endfacet
  facet normal 0.980832 0.193554 0.0224816
    outer loop
      vertex -84.0478 13.1156 42.5231
      vertex -84.0046 13.2688 39.3194
      vertex -84.0478 13.4848 39.3445
    endloop
  endfacet
  facet normal 0.980792 0.193756 0.0224908
    outer loop
      vertex -84.0046 13.2688 39.3194
      vertex -84.0478 13.1156 42.5231
      vertex -83.9354 12.5542 42.4579
    endloop
  endfacet
  facet normal 0.997858 0.0649839 0.00754815
    outer loop
      vertex -84.0478 13.1156 42.5231
      vertex -84.0623 13.7045 39.37
      vertex -84.0855 13.6868 42.5894
    endloop
  endfacet
  facet normal 0.997858 0.0649817 0.00754774
    outer loop
      vertex -84.0623 13.7045 39.37
      vertex -84.0478 13.1156 42.5231
      vertex -84.0478 13.4848 39.3445
    endloop
  endfacet
  facet normal -0.751842 -0.654943 -0.076055
    outer loop
      vertex -73.5405 18.0256 43.0933
      vertex -73.6866 18.5602 39.9339
      vertex -73.3067 18.1299 39.8839
    endloop
  endfacet
  facet normal -0.751869 -0.654912 -0.0760486
    outer loop
      vertex -73.6866 18.5602 39.9339
      vertex -73.5405 18.0256 43.0933
      vertex -73.6866 18.1911 43.1125
    endloop
  endfacet
  facet normal -0.44235 -0.890857 -0.103447
    outer loop
      vertex -75.6656 19.8737 40.0864
      vertex -75.1488 19.2514 43.2356
      vertex -75.6656 19.5046 43.265
    endloop
  endfacet
  facet normal -0.442347 -0.890858 -0.103447
    outer loop
      vertex -75.1488 19.2514 43.2356
      vertex -75.6656 19.8737 40.0864
      vertex -75.4668 19.7763 40.0751
    endloop
  endfacet
  facet normal 0.44235 -0.890857 -0.103447
    outer loop
      vertex -80.8512 19.2514 43.2356
      vertex -80.3344 19.8737 40.0864
      vertex -80.3344 19.5046 43.265
    endloop
  endfacet
  facet normal 0.442347 -0.890858 -0.103447
    outer loop
      vertex -80.3344 19.8737 40.0864
      vertex -80.8512 19.2514 43.2356
      vertex -80.5332 19.7763 40.0751
    endloop
  endfacet
  facet normal 0.659294 -0.746866 -0.0867264
    outer loop
      vertex -82.3134 18.1911 43.1125
      vertex -81.7134 19.0828 39.9946
      vertex -81.7134 18.7137 43.1732
    endloop
  endfacet
  facet normal 0.659294 -0.746866 -0.0867264
    outer loop
      vertex -81.7134 19.0828 39.9946
      vertex -82.3134 18.1911 43.1125
      vertex -82.3134 18.5602 39.9339
    endloop
  endfacet
  facet normal 0.442347 -0.890858 -0.103447
    outer loop
      vertex -81.05 19.154 43.2243
      vertex -80.5332 19.7763 40.0751
      vertex -80.8512 19.2514 43.2356
    endloop
  endfacet
  facet normal 0.442211 -0.890921 -0.103482
    outer loop
      vertex -80.5332 19.7763 40.0751
      vertex -81.05 19.154 43.2243
      vertex -81.05 19.5232 40.0457
    endloop
  endfacet
  facet normal 0.555496 -0.825966 -0.0959374
    outer loop
      vertex -81.2343 19.0317 43.2101
      vertex -81.05 19.5232 40.0457
      vertex -81.05 19.154 43.2243
    endloop
  endfacet
  facet normal 0.55562 -0.825885 -0.0959176
    outer loop
      vertex -81.05 19.5232 40.0457
      vertex -81.2343 19.0317 43.2101
      vertex -81.5292 19.2051 40.0088
    endloop
  endfacet
  facet normal 0.321464 -0.940602 -0.109223
    outer loop
      vertex -80.3344 19.5046 43.265
      vertex -79.5788 20.1285 40.116
      vertex -79.5788 19.7594 43.2946
    endloop
  endfacet
  facet normal 0.321464 -0.940602 -0.109223
    outer loop
      vertex -79.5788 20.1285 40.116
      vertex -80.3344 19.5046 43.265
      vertex -80.3344 19.8737 40.0864
    endloop
  endfacet
  facet normal 0.831537 0.55176 0.0640785
    outer loop
      vertex -82.9626 10.4009 42.2079
      vertex -82.8395 10.587 39.008
      vertex -83.1596 11.063 39.0632
    endloop
  endfacet
  facet normal 0.831474 0.551855 0.0640816
    outer loop
      vertex -82.8395 10.587 39.008
      vertex -82.9626 10.4009 42.2079
      vertex -82.8395 10.2179 42.1866
    endloop
  endfacet
  facet normal 0.659214 0.746935 0.0867437
    outer loop
      vertex -82.1467 9.47682 42.1005
      vertex -82.3134 9.99112 38.9388
      vertex -82.3134 9.62198 42.1174
    endloop
  endfacet
  facet normal 0.659327 0.746838 0.0867221
    outer loop
      vertex -82.3134 9.99112 38.9388
      vertex -82.1467 9.47682 42.1005
      vertex -81.8801 9.61369 38.8949
    endloop
  endfacet
  facet normal 0.75183 0.654956 0.0760537
    outer loop
      vertex -82.8395 10.2179 42.1866
      vertex -82.3134 9.99112 38.9388
      vertex -82.8395 10.587 39.008
    endloop
  endfacet
  facet normal 0.751852 0.65493 0.0760589
    outer loop
      vertex -82.3134 9.99112 38.9388
      vertex -82.8395 10.2179 42.1866
      vertex -82.3134 9.62198 42.1174
    endloop
  endfacet
  facet normal 0.997858 -0.0649817 -0.00754774
    outer loop
      vertex -84.0623 14.4777 42.6813
      vertex -84.0478 15.0666 39.5282
      vertex -84.0478 14.6974 42.7068
    endloop
  endfacet
  facet normal 0.997858 -0.0649826 -0.00754791
    outer loop
      vertex -84.0478 15.0666 39.5282
      vertex -84.0623 14.4777 42.6813
      vertex -84.0855 14.4954 39.4618
    endloop
  endfacet
  facet normal -0.659294 -0.746866 -0.0867264
    outer loop
      vertex -74.2866 19.0828 39.9946
      vertex -73.6866 18.1911 43.1125
      vertex -74.2866 18.7137 43.1732
    endloop
  endfacet
  facet normal -0.659294 -0.746866 -0.0867264
    outer loop
      vertex -73.6866 18.1911 43.1125
      vertex -74.2866 19.0828 39.9946
      vertex -73.6866 18.5602 39.9339
    endloop
  endfacet
  facet normal -0.442347 -0.890858 -0.103447
    outer loop
      vertex -75.4668 19.7763 40.0751
      vertex -74.95 19.154 43.2243
      vertex -75.1488 19.2514 43.2356
    endloop
  endfacet
  facet normal -0.442211 -0.890921 -0.103482
    outer loop
      vertex -74.95 19.154 43.2243
      vertex -75.4668 19.7763 40.0751
      vertex -74.95 19.5232 40.0457
    endloop
  endfacet
  facet normal -0.555496 -0.825966 -0.0959374
    outer loop
      vertex -74.95 19.5232 40.0457
      vertex -74.7657 19.0317 43.2101
      vertex -74.95 19.154 43.2243
    endloop
  endfacet
  facet normal -0.55562 -0.825885 -0.0959176
    outer loop
      vertex -74.7657 19.0317 43.2101
      vertex -74.95 19.5232 40.0457
      vertex -74.4708 19.2051 40.0088
    endloop
  endfacet
  facet normal 0.831474 -0.551855 -0.0640816
    outer loop
      vertex -82.8395 17.5952 43.0433
      vertex -82.9626 17.7813 39.8434
      vertex -82.8395 17.9643 39.8647
    endloop
  endfacet
  facet normal 0.831544 -0.551751 -0.0640782
    outer loop
      vertex -82.9626 17.7813 39.8434
      vertex -82.8395 17.5952 43.0433
      vertex -83.1596 17.1192 42.988
    endloop
  endfacet
  facet normal 0.065411 0.991197 0.115107
    outer loop
      vertex -78.575 7.8847 41.9156
      vertex -78.7962 8.26823 38.7387
      vertex -78.7962 7.8991 41.9173
    endloop
  endfacet
  facet normal 0.0654206 0.991197 0.115107
    outer loop
      vertex -78.7962 8.26823 38.7387
      vertex -78.575 7.8847 41.9156
      vertex -78.2212 8.23079 38.7343
    endloop
  endfacet
  facet normal 0.0654007 0.991198 0.115105
    outer loop
      vertex -78 7.84726 41.9113
      vertex -78.2212 8.23079 38.7343
      vertex -78.575 7.8847 41.9156
    endloop
  endfacet
  facet normal 0.0653592 0.9912 0.115108
    outer loop
      vertex -78.2212 8.23079 38.7343
      vertex -78 7.84726 41.9113
      vertex -78 8.21639 38.7327
    endloop
  endfacet
  facet normal 0.997858 0.0649783 0.00754711
    outer loop
      vertex -84.0855 13.6868 42.5894
      vertex -84.1 14.2757 39.4363
      vertex -84.1 13.9065 42.615
    endloop
  endfacet
  facet normal 0.997858 0.0649839 0.00754815
    outer loop
      vertex -84.1 14.2757 39.4363
      vertex -84.0855 13.6868 42.5894
      vertex -84.0623 13.7045 39.37
    endloop
  endfacet
  facet normal 0.195097 0.974237 0.113134
    outer loop
      vertex -78.7962 7.8991 41.9173
      vertex -79.5788 8.42286 38.7566
      vertex -79.5788 8.05373 41.9353
    endloop
  endfacet
  facet normal 0.195083 0.974239 0.113138
    outer loop
      vertex -79.5788 8.42286 38.7566
      vertex -78.7962 7.8991 41.9173
      vertex -78.7962 8.26823 38.7387
    endloop
  endfacet
  facet normal -0.997858 -0.0649826 -0.00754791
    outer loop
      vertex -33.9377 14.4777 42.6813
      vertex -33.9522 15.0666 39.5282
      vertex -33.9145 14.4954 39.4618
    endloop
  endfacet
  facet normal -0.997858 -0.0649817 -0.00754774
    outer loop
      vertex -33.9522 15.0666 39.5282
      vertex -33.9377 14.4777 42.6813
      vertex -33.9522 14.6974 42.7068
    endloop
  endfacet
  facet normal -0.997858 -0.0649817 -0.0075475
    outer loop
      vertex -33.9 13.9065 42.615
      vertex -33.9145 14.4954 39.4618
      vertex -33.9 14.2757 39.4363
    endloop
  endfacet
  facet normal -0.997858 -0.0649839 -0.00754792
    outer loop
      vertex -33.9145 14.4954 39.4618
      vertex -33.9 13.9065 42.615
      vertex -33.9377 14.4777 42.6813
    endloop
  endfacet
  facet normal 0.946958 0.319211 0.0370669
    outer loop
      vertex -45.8921 12.3383 42.4328
      vertex -45.6357 11.9569 39.167
      vertex -45.8921 12.7074 39.2542
    endloop
  endfacet
  facet normal 0.946957 0.319216 0.0370662
    outer loop
      vertex -45.6357 11.9569 39.167
      vertex -45.8921 12.3383 42.4328
      vertex -45.6357 11.5878 42.3457
    endloop
  endfacet
  facet normal -0.89686 0.439364 0.0510067
    outer loop
      vertex -34.4624 11.3903 42.3227
      vertex -34.3643 11.9569 39.167
      vertex -34.6192 11.4435 39.1074
    endloop
  endfacet
  facet normal -0.896791 0.439501 0.0510334
    outer loop
      vertex -34.3643 11.9569 39.167
      vertex -34.4624 11.3903 42.3227
      vertex -34.3643 11.5878 42.3457
    endloop
  endfacet
  facet normal -0.831474 -0.551855 -0.0640816
    outer loop
      vertex -35.0374 17.7813 39.8434
      vertex -35.1605 17.5952 43.0433
      vertex -35.1605 17.9643 39.8647
    endloop
  endfacet
  facet normal -0.831544 -0.551751 -0.0640782
    outer loop
      vertex -35.1605 17.5952 43.0433
      vertex -35.0374 17.7813 39.8434
      vertex -34.8404 17.1192 42.988
    endloop
  endfacet
  facet normal 0.946971 -0.319172 -0.0370724
    outer loop
      vertex -45.6357 16.2253 42.8842
      vertex -45.8921 15.8439 39.6184
      vertex -45.6357 16.5945 39.7056
    endloop
  endfacet
  facet normal 0.946957 -0.319216 -0.0370662
    outer loop
      vertex -45.8921 15.8439 39.6184
      vertex -45.6357 16.2253 42.8842
      vertex -45.8921 15.4748 42.7971
    endloop
  endfacet
  facet normal -0.659214 0.746935 0.0867437
    outer loop
      vertex -35.6866 9.99112 38.9388
      vertex -35.8533 9.47682 42.1005
      vertex -35.6866 9.62198 42.1174
    endloop
  endfacet
  facet normal -0.659327 0.746838 0.0867221
    outer loop
      vertex -35.8533 9.47682 42.1005
      vertex -35.6866 9.99112 38.9388
      vertex -36.1199 9.61369 38.8949
    endloop
  endfacet
  facet normal -0.0655037 -0.991191 -0.115104
    outer loop
      vertex -39.2038 20.2831 40.134
      vertex -39.425 19.9284 43.3143
      vertex -39.7788 20.3206 40.1383
    endloop
  endfacet
  facet normal -0.065411 -0.991198 -0.115098
    outer loop
      vertex -39.425 19.9284 43.3143
      vertex -39.2038 20.2831 40.134
      vertex -39.2038 19.914 43.3126
    endloop
  endfacet
  facet normal 0.195291 -0.974199 -0.113124
    outer loop
      vertex -41.0136 19.871 43.3076
      vertex -40.7962 20.2831 40.134
      vertex -40.7962 19.914 43.3126
    endloop
  endfacet
  facet normal 0.195138 -0.974228 -0.113139
    outer loop
      vertex -40.7962 20.2831 40.134
      vertex -41.0136 19.871 43.3076
      vertex -41.3614 20.1714 40.121
    endloop
  endfacet
  facet normal -0.195291 -0.974199 -0.113124
    outer loop
      vertex -39.2038 20.2831 40.134
      vertex -38.9864 19.871 43.3076
      vertex -39.2038 19.914 43.3126
    endloop
  endfacet
  facet normal -0.195138 -0.974228 -0.113139
    outer loop
      vertex -38.9864 19.871 43.3076
      vertex -39.2038 20.2831 40.134
      vertex -38.6386 20.1714 40.121
    endloop
  endfacet
  facet normal -0.0654007 0.991198 0.115105
    outer loop
      vertex -39.7788 8.23079 38.7343
      vertex -40 7.84726 41.9113
      vertex -39.425 7.8847 41.9156
    endloop
  endfacet
  facet normal -0.0653592 0.9912 0.115108
    outer loop
      vertex -40 7.84726 41.9113
      vertex -39.7788 8.23079 38.7343
      vertex -40 8.21639 38.7327
    endloop
  endfacet
  facet normal 0.896929 0.439224 0.0510077
    outer loop
      vertex -45.2828 10.8769 42.2631
      vertex -45.3808 11.4435 39.1074
      vertex -45.5376 11.3903 42.3227
    endloop
  endfacet
  facet normal 0.89696 0.439161 0.0509955
    outer loop
      vertex -45.3808 11.4435 39.1074
      vertex -45.2828 10.8769 42.2631
      vertex -45.2828 11.246 39.0845
    endloop
  endfacet
  facet normal -0.75184 -0.654945 -0.0760524
    outer loop
      vertex -35.1605 17.5952 43.0433
      vertex -35.3067 18.1299 39.8839
      vertex -35.1605 17.9643 39.8647
    endloop
  endfacet
  facet normal -0.75183 -0.654955 -0.0760547
    outer loop
      vertex -35.3067 18.1299 39.8839
      vertex -35.1605 17.5952 43.0433
      vertex -35.5405 18.0256 43.0933
    endloop
  endfacet
  facet normal 0.555581 -0.825911 -0.0959154
    outer loop
      vertex -43.7134 18.7137 43.1732
      vertex -43.5292 19.2051 40.0088
      vertex -43.2343 19.0317 43.2101
    endloop
  endfacet
  facet normal 0.555705 -0.825831 -0.0958957
    outer loop
      vertex -43.5292 19.2051 40.0088
      vertex -43.7134 18.7137 43.1732
      vertex -43.7134 19.0828 39.9946
    endloop
  endfacet
  facet normal -0.194972 -0.974263 -0.113124
    outer loop
      vertex -38.6386 20.1714 40.121
      vertex -38.4212 19.7594 43.2946
      vertex -38.9864 19.871 43.3076
    endloop
  endfacet
  facet normal -0.19486 -0.974285 -0.113134
    outer loop
      vertex -38.4212 19.7594 43.2946
      vertex -38.6386 20.1714 40.121
      vertex -38.4212 20.1285 40.116
    endloop
  endfacet
  facet normal 0.831463 -0.551868 -0.0641079
    outer loop
      vertex -45.1596 17.1192 42.988
      vertex -45.2828 17.3053 39.7881
      vertex -44.9626 17.7813 39.8434
    endloop
  endfacet
  facet normal 0.83125 -0.552189 -0.0641184
    outer loop
      vertex -45.2828 17.3053 39.7881
      vertex -45.1596 17.1192 42.988
      vertex -45.2828 16.9362 42.9668
    endloop
  endfacet
  facet normal -0.997858 0.0649839 0.00754815
    outer loop
      vertex -33.9145 13.6868 42.5894
      vertex -33.9 14.2757 39.4363
      vertex -33.9377 13.7045 39.37
    endloop
  endfacet
  facet normal -0.997858 0.0649783 0.00754711
    outer loop
      vertex -33.9 14.2757 39.4363
      vertex -33.9145 13.6868 42.5894
      vertex -33.9 13.9065 42.615
    endloop
  endfacet
  facet normal -0.980832 0.193554 0.0224816
    outer loop
      vertex -33.9954 13.2688 39.3194
      vertex -33.9522 13.1156 42.5231
      vertex -33.9522 13.4848 39.3445
    endloop
  endfacet
  facet normal -0.980792 0.193756 0.0224908
    outer loop
      vertex -33.9522 13.1156 42.5231
      vertex -33.9954 13.2688 39.3194
      vertex -34.0646 12.5542 42.4579
    endloop
  endfacet
  facet normal 0.065332 -0.9912 -0.115124
    outer loop
      vertex -40.2212 20.3206 40.1383
      vertex -40 19.9658 43.3186
      vertex -40.575 19.9284 43.3143
    endloop
  endfacet
  facet normal 0.065411 -0.991195 -0.115129
    outer loop
      vertex -40 19.9658 43.3186
      vertex -40.2212 20.3206 40.1383
      vertex -40 20.335 40.14
    endloop
  endfacet
  facet normal 0.194972 -0.974263 -0.113124
    outer loop
      vertex -41.5788 19.7594 43.2946
      vertex -41.3614 20.1714 40.121
      vertex -41.0136 19.871 43.3076
    endloop
  endfacet
  facet normal 0.19486 -0.974285 -0.113134
    outer loop
      vertex -41.3614 20.1714 40.121
      vertex -41.5788 19.7594 43.2946
      vertex -41.5788 20.1285 40.116
    endloop
  endfacet
  facet normal -0.89696 0.439161 0.0509955
    outer loop
      vertex -34.7172 10.8769 42.2631
      vertex -34.6192 11.4435 39.1074
      vertex -34.7172 11.246 39.0845
    endloop
  endfacet
  facet normal -0.896929 0.439224 0.0510077
    outer loop
      vertex -34.6192 11.4435 39.1074
      vertex -34.7172 10.8769 42.2631
      vertex -34.4624 11.3903 42.3227
    endloop
  endfacet
  facet normal -0.442299 0.890881 0.103455
    outer loop
      vertex -36.95 9.02818 38.8269
      vertex -37.6656 8.3085 41.9649
      vertex -36.95 8.65905 42.0056
    endloop
  endfacet
  facet normal -0.442299 0.890881 0.103455
    outer loop
      vertex -37.6656 8.3085 41.9649
      vertex -36.95 9.02818 38.8269
      vertex -37.6656 8.67763 38.7862
    endloop
  endfacet
  facet normal -0.659315 0.746848 0.0867216
    outer loop
      vertex -36.1199 9.61369 38.8949
      vertex -36.2866 9.09939 42.0567
      vertex -35.8533 9.47682 42.1005
    endloop
  endfacet
  facet normal -0.65921 0.746939 0.0867418
    outer loop
      vertex -36.2866 9.09939 42.0567
      vertex -36.1199 9.61369 38.8949
      vertex -36.2866 9.46852 38.8781
    endloop
  endfacet
  facet normal 0.442299 0.890881 0.103455
    outer loop
      vertex -42.3344 8.3085 41.9649
      vertex -43.05 9.02818 38.8269
      vertex -43.05 8.65905 42.0056
    endloop
  endfacet
  facet normal 0.442299 0.890881 0.103455
    outer loop
      vertex -43.05 9.02818 38.8269
      vertex -42.3344 8.3085 41.9649
      vertex -42.3344 8.67763 38.7862
    endloop
  endfacet
  facet normal 0.980774 -0.193846 -0.0225087
    outer loop
      vertex -45.8921 15.4748 42.7971
      vertex -46.0478 15.0666 39.5282
      vertex -45.8921 15.8439 39.6184
    endloop
  endfacet
  facet normal 0.980779 -0.193818 -0.0225124
    outer loop
      vertex -46.0478 15.0666 39.5282
      vertex -45.8921 15.4748 42.7971
      vertex -46.0478 14.6974 42.7068
    endloop
  endfacet
  facet normal -0.065411 -0.991195 -0.115129
    outer loop
      vertex -39.7788 20.3206 40.1383
      vertex -40 19.9658 43.3186
      vertex -40 20.335 40.14
    endloop
  endfacet
  facet normal -0.065332 -0.9912 -0.115124
    outer loop
      vertex -40 19.9658 43.3186
      vertex -39.7788 20.3206 40.1383
      vertex -39.425 19.9284 43.3143
    endloop
  endfacet
  facet normal 0.44235 -0.890857 -0.103447
    outer loop
      vertex -42.8512 19.2514 43.2356
      vertex -42.3344 19.8737 40.0864
      vertex -42.3344 19.5046 43.265
    endloop
  endfacet
  facet normal 0.442347 -0.890858 -0.103447
    outer loop
      vertex -42.3344 19.8737 40.0864
      vertex -42.8512 19.2514 43.2356
      vertex -42.5332 19.7763 40.0751
    endloop
  endfacet
  facet normal 0.065411 -0.991198 -0.115098
    outer loop
      vertex -40.7962 20.2831 40.134
      vertex -40.575 19.9284 43.3143
      vertex -40.7962 19.914 43.3126
    endloop
  endfacet
  facet normal 0.0655037 -0.991191 -0.115104
    outer loop
      vertex -40.575 19.9284 43.3143
      vertex -40.7962 20.2831 40.134
      vertex -40.2212 20.3206 40.1383
    endloop
  endfacet
  facet normal -0.831463 -0.551868 -0.0641079
    outer loop
      vertex -34.7172 17.3053 39.7881
      vertex -34.8404 17.1192 42.988
      vertex -35.0374 17.7813 39.8434
    endloop
  endfacet
  facet normal -0.83125 -0.552189 -0.0641184
    outer loop
      vertex -34.8404 17.1192 42.988
      vertex -34.7172 17.3053 39.7881
      vertex -34.7172 16.9362 42.9668
    endloop
  endfacet
  facet normal -0.555581 -0.825911 -0.0959154
    outer loop
      vertex -36.4708 19.2051 40.0088
      vertex -36.2866 18.7137 43.1732
      vertex -36.7657 19.0317 43.2101
    endloop
  endfacet
  facet normal -0.555705 -0.825831 -0.0958957
    outer loop
      vertex -36.2866 18.7137 43.1732
      vertex -36.4708 19.2051 40.0088
      vertex -36.2866 19.0828 39.9946
    endloop
  endfacet
  facet normal -0.896863 -0.439356 -0.0510165
    outer loop
      vertex -34.3643 16.5945 39.7056
      vertex -34.7172 16.9362 42.9668
      vertex -34.7172 17.3053 39.7881
    endloop
  endfacet
  facet normal -0.89689 -0.439299 -0.0510254
    outer loop
      vertex -34.7172 16.9362 42.9668
      vertex -34.3643 16.5945 39.7056
      vertex -34.3643 16.2253 42.8842
    endloop
  endfacet
  facet normal -0.831266 0.552165 0.0641176
    outer loop
      vertex -34.8404 11.063 39.0632
      vertex -34.7172 10.8769 42.2631
      vertex -34.7172 11.246 39.0845
    endloop
  endfacet
  facet normal -0.831457 0.551878 0.0641082
    outer loop
      vertex -34.7172 10.8769 42.2631
      vertex -34.8404 11.063 39.0632
      vertex -35.0374 10.4009 42.2079
    endloop
  endfacet
  facet normal -0.75183 0.654956 0.0760537
    outer loop
      vertex -35.6866 9.99112 38.9388
      vertex -35.1605 10.2179 42.1866
      vertex -35.1605 10.587 39.008
    endloop
  endfacet
  facet normal -0.751852 0.65493 0.0760589
    outer loop
      vertex -35.1605 10.2179 42.1866
      vertex -35.6866 9.99112 38.9388
      vertex -35.6866 9.62198 42.1174
    endloop
  endfacet
  facet normal -0.997858 0.0649817 0.00754774
    outer loop
      vertex -33.9522 13.1156 42.5231
      vertex -33.9377 13.7045 39.37
      vertex -33.9522 13.4848 39.3445
    endloop
  endfacet
  facet normal -0.997858 0.0649839 0.00754815
    outer loop
      vertex -33.9377 13.7045 39.37
      vertex -33.9522 13.1156 42.5231
      vertex -33.9145 13.6868 42.5894
    endloop
  endfacet
  facet normal -0.980759 0.19392 0.0225287
    outer loop
      vertex -34.1079 12.7074 39.2542
      vertex -34.0646 12.5542 42.4579
      vertex -33.9954 13.2688 39.3194
    endloop
  endfacet
  facet normal -0.980729 0.194071 0.0225356
    outer loop
      vertex -34.0646 12.5542 42.4579
      vertex -34.1079 12.7074 39.2542
      vertex -34.1079 12.3383 42.4328
    endloop
  endfacet
  facet normal -0.946971 -0.319172 -0.0370724
    outer loop
      vertex -34.1079 15.8439 39.6184
      vertex -34.3643 16.2253 42.8842
      vertex -34.3643 16.5945 39.7056
    endloop
  endfacet
  facet normal -0.946957 -0.319216 -0.0370662
    outer loop
      vertex -34.3643 16.2253 42.8842
      vertex -34.1079 15.8439 39.6184
      vertex -34.1079 15.4748 42.7971
    endloop
  endfacet
  facet normal -0.32144 0.940609 0.109232
    outer loop
      vertex -38.4212 8.42286 38.7566
      vertex -38.2113 8.1245 41.9435
      vertex -37.8755 8.60686 38.778
    endloop
  endfacet
  facet normal -0.321407 0.94062 0.109231
    outer loop
      vertex -38.2113 8.1245 41.9435
      vertex -38.4212 8.42286 38.7566
      vertex -38.4212 8.05373 41.9353
    endloop
  endfacet
  facet normal -0.321407 0.94062 0.109231
    outer loop
      vertex -37.8755 8.60686 38.778
      vertex -37.6656 8.3085 41.9649
      vertex -37.6656 8.67763 38.7862
    endloop
  endfacet
  facet normal -0.32144 0.940609 0.109232
    outer loop
      vertex -37.6656 8.3085 41.9649
      vertex -37.8755 8.60686 38.778
      vertex -38.2113 8.1245 41.9435
    endloop
  endfacet
  facet normal -0.195097 0.974237 0.113134
    outer loop
      vertex -38.4212 8.42286 38.7566
      vertex -39.2038 7.8991 41.9173
      vertex -38.4212 8.05373 41.9353
    endloop
  endfacet
  facet normal -0.195083 0.974239 0.113138
    outer loop
      vertex -39.2038 7.8991 41.9173
      vertex -38.4212 8.42286 38.7566
      vertex -39.2038 8.26823 38.7387
    endloop
  endfacet
  facet normal -0.065411 0.991197 0.115107
    outer loop
      vertex -39.2038 8.26823 38.7387
      vertex -39.425 7.8847 41.9156
      vertex -39.2038 7.8991 41.9173
    endloop
  endfacet
  facet normal -0.0654206 0.991197 0.115107
    outer loop
      vertex -39.425 7.8847 41.9156
      vertex -39.2038 8.26823 38.7387
      vertex -39.7788 8.23079 38.7343
    endloop
  endfacet
  facet normal 0.659315 0.746848 0.0867216
    outer loop
      vertex -43.7134 9.09939 42.0567
      vertex -43.8801 9.61369 38.8949
      vertex -44.1467 9.47682 42.1005
    endloop
  endfacet
  facet normal 0.65921 0.746939 0.0867418
    outer loop
      vertex -43.8801 9.61369 38.8949
      vertex -43.7134 9.09939 42.0567
      vertex -43.7134 9.46852 38.8781
    endloop
  endfacet
  facet normal 0.896791 0.439501 0.0510334
    outer loop
      vertex -45.5376 11.3903 42.3227
      vertex -45.6357 11.9569 39.167
      vertex -45.6357 11.5878 42.3457
    endloop
  endfacet
  facet normal 0.89686 0.439364 0.0510067
    outer loop
      vertex -45.6357 11.9569 39.167
      vertex -45.5376 11.3903 42.3227
      vertex -45.3808 11.4435 39.1074
    endloop
  endfacet
  facet normal 0.997858 -0.0649839 -0.00754792
    outer loop
      vertex -46.1 13.9065 42.615
      vertex -46.0855 14.4954 39.4618
      vertex -46.0623 14.4777 42.6813
    endloop
  endfacet
  facet normal 0.997858 -0.0649817 -0.0075475
    outer loop
      vertex -46.0855 14.4954 39.4618
      vertex -46.1 13.9065 42.615
      vertex -46.1 14.2757 39.4363
    endloop
  endfacet
  facet normal 0.980759 0.19392 0.0225287
    outer loop
      vertex -45.9354 12.5542 42.4579
      vertex -45.8921 12.7074 39.2542
      vertex -46.0046 13.2688 39.3194
    endloop
  endfacet
  facet normal 0.980729 0.194071 0.0225356
    outer loop
      vertex -45.8921 12.7074 39.2542
      vertex -45.9354 12.5542 42.4579
      vertex -45.8921 12.3383 42.4328
    endloop
  endfacet
  facet normal 0.831474 -0.551855 -0.0640816
    outer loop
      vertex -44.8395 17.5952 43.0433
      vertex -44.9626 17.7813 39.8434
      vertex -44.8395 17.9643 39.8647
    endloop
  endfacet
  facet normal 0.831544 -0.551751 -0.0640782
    outer loop
      vertex -44.9626 17.7813 39.8434
      vertex -44.8395 17.5952 43.0433
      vertex -45.1596 17.1192 42.988
    endloop
  endfacet
  facet normal 0.751869 -0.654912 -0.0760486
    outer loop
      vertex -44.4595 18.0256 43.0933
      vertex -44.3134 18.5602 39.9339
      vertex -44.3134 18.1911 43.1125
    endloop
  endfacet
  facet normal 0.751842 -0.654943 -0.076055
    outer loop
      vertex -44.3134 18.5602 39.9339
      vertex -44.4595 18.0256 43.0933
      vertex -44.6933 18.1299 39.8839
    endloop
  endfacet
  facet normal 0.659294 -0.746866 -0.0867264
    outer loop
      vertex -44.3134 18.1911 43.1125
      vertex -43.7134 19.0828 39.9946
      vertex -43.7134 18.7137 43.1732
    endloop
  endfacet
  facet normal 0.659294 -0.746866 -0.0867264
    outer loop
      vertex -43.7134 19.0828 39.9946
      vertex -44.3134 18.1911 43.1125
      vertex -44.3134 18.5602 39.9339
    endloop
  endfacet
  facet normal 0.555496 -0.825966 -0.0959374
    outer loop
      vertex -43.2343 19.0317 43.2101
      vertex -43.05 19.5232 40.0457
      vertex -43.05 19.154 43.2243
    endloop
  endfacet
  facet normal 0.55562 -0.825885 -0.0959176
    outer loop
      vertex -43.05 19.5232 40.0457
      vertex -43.2343 19.0317 43.2101
      vertex -43.5292 19.2051 40.0088
    endloop
  endfacet
  facet normal 0.442347 -0.890858 -0.103447
    outer loop
      vertex -43.05 19.154 43.2243
      vertex -42.5332 19.7763 40.0751
      vertex -42.8512 19.2514 43.2356
    endloop
  endfacet
  facet normal 0.442211 -0.890921 -0.103482
    outer loop
      vertex -42.5332 19.7763 40.0751
      vertex -43.05 19.154 43.2243
      vertex -43.05 19.5232 40.0457
    endloop
  endfacet
  facet normal 0.896863 -0.439356 -0.0510165
    outer loop
      vertex -45.2828 16.9362 42.9668
      vertex -45.6357 16.5945 39.7056
      vertex -45.2828 17.3053 39.7881
    endloop
  endfacet
  facet normal 0.89689 -0.439299 -0.0510254
    outer loop
      vertex -45.6357 16.5945 39.7056
      vertex -45.2828 16.9362 42.9668
      vertex -45.6357 16.2253 42.8842
    endloop
  endfacet
  facet normal -0.831537 0.55176 0.0640785
    outer loop
      vertex -35.1605 10.587 39.008
      vertex -35.0374 10.4009 42.2079
      vertex -34.8404 11.063 39.0632
    endloop
  endfacet
  facet normal -0.831474 0.551855 0.0640816
    outer loop
      vertex -35.0374 10.4009 42.2079
      vertex -35.1605 10.587 39.008
      vertex -35.1605 10.2179 42.1866
    endloop
  endfacet
  facet normal -0.946958 0.319211 0.0370669
    outer loop
      vertex -34.3643 11.9569 39.167
      vertex -34.1079 12.3383 42.4328
      vertex -34.1079 12.7074 39.2542
    endloop
  endfacet
  facet normal -0.946957 0.319216 0.0370662
    outer loop
      vertex -34.1079 12.3383 42.4328
      vertex -34.3643 11.9569 39.167
      vertex -34.3643 11.5878 42.3457
    endloop
  endfacet
  facet normal -0.321464 -0.940602 -0.109223
    outer loop
      vertex -38.4212 20.1285 40.116
      vertex -37.6656 19.5046 43.265
      vertex -38.4212 19.7594 43.2946
    endloop
  endfacet
  facet normal -0.321464 -0.940602 -0.109223
    outer loop
      vertex -37.6656 19.5046 43.265
      vertex -38.4212 20.1285 40.116
      vertex -37.6656 19.8737 40.0864
    endloop
  endfacet
  facet normal -0.555592 0.825904 0.0959121
    outer loop
      vertex -36.2866 9.46852 38.8781
      vertex -36.95 8.65905 42.0056
      vertex -36.2866 9.09939 42.0567
    endloop
  endfacet
  facet normal -0.555602 0.825898 0.0959083
    outer loop
      vertex -36.95 8.65905 42.0056
      vertex -36.2866 9.46852 38.8781
      vertex -36.95 9.02818 38.8269
    endloop
  endfacet
  facet normal 0.321407 0.94062 0.109231
    outer loop
      vertex -41.5788 8.42286 38.7566
      vertex -41.7887 8.1245 41.9435
      vertex -41.5788 8.05373 41.9353
    endloop
  endfacet
  facet normal 0.32144 0.940609 0.109232
    outer loop
      vertex -41.7887 8.1245 41.9435
      vertex -41.5788 8.42286 38.7566
      vertex -42.1245 8.60686 38.778
    endloop
  endfacet
  facet normal 0.32144 0.940609 0.109232
    outer loop
      vertex -42.1245 8.60686 38.778
      vertex -42.3344 8.3085 41.9649
      vertex -41.7887 8.1245 41.9435
    endloop
  endfacet
  facet normal 0.321407 0.94062 0.109231
    outer loop
      vertex -42.3344 8.3085 41.9649
      vertex -42.1245 8.60686 38.778
      vertex -42.3344 8.67763 38.7862
    endloop
  endfacet
  facet normal 0.555592 0.825904 0.0959121
    outer loop
      vertex -43.05 8.65905 42.0056
      vertex -43.7134 9.46852 38.8781
      vertex -43.7134 9.09939 42.0567
    endloop
  endfacet
  facet normal 0.555602 0.825898 0.0959083
    outer loop
      vertex -43.7134 9.46852 38.8781
      vertex -43.05 8.65905 42.0056
      vertex -43.05 9.02818 38.8269
    endloop
  endfacet
  facet normal 0.831266 0.552165 0.0641176
    outer loop
      vertex -45.2828 10.8769 42.2631
      vertex -45.1596 11.063 39.0632
      vertex -45.2828 11.246 39.0845
    endloop
  endfacet
  facet normal 0.831457 0.551878 0.0641082
    outer loop
      vertex -45.1596 11.063 39.0632
      vertex -45.2828 10.8769 42.2631
      vertex -44.9626 10.4009 42.2079
    endloop
  endfacet
  facet normal 0.980832 0.193554 0.0224816
    outer loop
      vertex -46.0478 13.1156 42.5231
      vertex -46.0046 13.2688 39.3194
      vertex -46.0478 13.4848 39.3445
    endloop
  endfacet
  facet normal 0.980792 0.193756 0.0224908
    outer loop
      vertex -46.0046 13.2688 39.3194
      vertex -46.0478 13.1156 42.5231
      vertex -45.9354 12.5542 42.4579
    endloop
  endfacet
  facet normal 0.997858 0.0649839 0.00754815
    outer loop
      vertex -46.0478 13.1156 42.5231
      vertex -46.0623 13.7045 39.37
      vertex -46.0855 13.6868 42.5894
    endloop
  endfacet
  facet normal 0.997858 0.0649817 0.00754774
    outer loop
      vertex -46.0623 13.7045 39.37
      vertex -46.0478 13.1156 42.5231
      vertex -46.0478 13.4848 39.3445
    endloop
  endfacet
  facet normal -0.751842 -0.654943 -0.076055
    outer loop
      vertex -35.5405 18.0256 43.0933
      vertex -35.6866 18.5602 39.9339
      vertex -35.3067 18.1299 39.8839
    endloop
  endfacet
  facet normal -0.751869 -0.654912 -0.0760486
    outer loop
      vertex -35.6866 18.5602 39.9339
      vertex -35.5405 18.0256 43.0933
      vertex -35.6866 18.1911 43.1125
    endloop
  endfacet
  facet normal -0.44235 -0.890857 -0.103447
    outer loop
      vertex -37.6656 19.8737 40.0864
      vertex -37.1488 19.2514 43.2356
      vertex -37.6656 19.5046 43.265
    endloop
  endfacet
  facet normal -0.442347 -0.890858 -0.103447
    outer loop
      vertex -37.1488 19.2514 43.2356
      vertex -37.6656 19.8737 40.0864
      vertex -37.4668 19.7763 40.0751
    endloop
  endfacet
  facet normal 0.321464 -0.940602 -0.109223
    outer loop
      vertex -42.3344 19.5046 43.265
      vertex -41.5788 20.1285 40.116
      vertex -41.5788 19.7594 43.2946
    endloop
  endfacet
  facet normal 0.321464 -0.940602 -0.109223
    outer loop
      vertex -41.5788 20.1285 40.116
      vertex -42.3344 19.5046 43.265
      vertex -42.3344 19.8737 40.0864
    endloop
  endfacet
  facet normal -0.980774 -0.193846 -0.0225087
    outer loop
      vertex -33.9522 15.0666 39.5282
      vertex -34.1079 15.4748 42.7971
      vertex -34.1079 15.8439 39.6184
    endloop
  endfacet
  facet normal -0.980779 -0.193818 -0.0225124
    outer loop
      vertex -34.1079 15.4748 42.7971
      vertex -33.9522 15.0666 39.5282
      vertex -33.9522 14.6974 42.7068
    endloop
  endfacet
  facet normal 0.831537 0.55176 0.0640785
    outer loop
      vertex -44.9626 10.4009 42.2079
      vertex -44.8395 10.587 39.008
      vertex -45.1596 11.063 39.0632
    endloop
  endfacet
  facet normal 0.831474 0.551855 0.0640816
    outer loop
      vertex -44.8395 10.587 39.008
      vertex -44.9626 10.4009 42.2079
      vertex -44.8395 10.2179 42.1866
    endloop
  endfacet
  facet normal 0.659214 0.746935 0.0867437
    outer loop
      vertex -44.1467 9.47682 42.1005
      vertex -44.3134 9.99112 38.9388
      vertex -44.3134 9.62198 42.1174
    endloop
  endfacet
  facet normal 0.659327 0.746838 0.0867221
    outer loop
      vertex -44.3134 9.99112 38.9388
      vertex -44.1467 9.47682 42.1005
      vertex -43.8801 9.61369 38.8949
    endloop
  endfacet
  facet normal 0.75183 0.654956 0.0760537
    outer loop
      vertex -44.8395 10.2179 42.1866
      vertex -44.3134 9.99112 38.9388
      vertex -44.8395 10.587 39.008
    endloop
  endfacet
  facet normal 0.751852 0.65493 0.0760589
    outer loop
      vertex -44.3134 9.99112 38.9388
      vertex -44.8395 10.2179 42.1866
      vertex -44.3134 9.62198 42.1174
    endloop
  endfacet
  facet normal 0.997858 -0.0649817 -0.00754774
    outer loop
      vertex -46.0623 14.4777 42.6813
      vertex -46.0478 15.0666 39.5282
      vertex -46.0478 14.6974 42.7068
    endloop
  endfacet
  facet normal 0.997858 -0.0649826 -0.00754791
    outer loop
      vertex -46.0478 15.0666 39.5282
      vertex -46.0623 14.4777 42.6813
      vertex -46.0855 14.4954 39.4618
    endloop
  endfacet
  facet normal -0.659294 -0.746866 -0.0867264
    outer loop
      vertex -36.2866 19.0828 39.9946
      vertex -35.6866 18.1911 43.1125
      vertex -36.2866 18.7137 43.1732
    endloop
  endfacet
  facet normal -0.659294 -0.746866 -0.0867264
    outer loop
      vertex -35.6866 18.1911 43.1125
      vertex -36.2866 19.0828 39.9946
      vertex -35.6866 18.5602 39.9339
    endloop
  endfacet
  facet normal -0.442347 -0.890858 -0.103447
    outer loop
      vertex -37.4668 19.7763 40.0751
      vertex -36.95 19.154 43.2243
      vertex -37.1488 19.2514 43.2356
    endloop
  endfacet
  facet normal -0.442211 -0.890921 -0.103482
    outer loop
      vertex -36.95 19.154 43.2243
      vertex -37.4668 19.7763 40.0751
      vertex -36.95 19.5232 40.0457
    endloop
  endfacet
  facet normal -0.555496 -0.825966 -0.0959374
    outer loop
      vertex -36.95 19.5232 40.0457
      vertex -36.7657 19.0317 43.2101
      vertex -36.95 19.154 43.2243
    endloop
  endfacet
  facet normal -0.55562 -0.825885 -0.0959176
    outer loop
      vertex -36.7657 19.0317 43.2101
      vertex -36.95 19.5232 40.0457
      vertex -36.4708 19.2051 40.0088
    endloop
  endfacet
  facet normal 0.75183 -0.654955 -0.0760547
    outer loop
      vertex -44.8395 17.5952 43.0433
      vertex -44.6933 18.1299 39.8839
      vertex -44.4595 18.0256 43.0933
    endloop
  endfacet
  facet normal 0.75184 -0.654945 -0.0760524
    outer loop
      vertex -44.6933 18.1299 39.8839
      vertex -44.8395 17.5952 43.0433
      vertex -44.8395 17.9643 39.8647
    endloop
  endfacet
  facet normal 0.065411 0.991197 0.115107
    outer loop
      vertex -40.575 7.8847 41.9156
      vertex -40.7962 8.26823 38.7387
      vertex -40.7962 7.8991 41.9173
    endloop
  endfacet
  facet normal 0.0654206 0.991197 0.115107
    outer loop
      vertex -40.7962 8.26823 38.7387
      vertex -40.575 7.8847 41.9156
      vertex -40.2212 8.23079 38.7343
    endloop
  endfacet
  facet normal 0.0654007 0.991198 0.115105
    outer loop
      vertex -40 7.84726 41.9113
      vertex -40.2212 8.23079 38.7343
      vertex -40.575 7.8847 41.9156
    endloop
  endfacet
  facet normal 0.0653592 0.9912 0.115108
    outer loop
      vertex -40.2212 8.23079 38.7343
      vertex -40 7.84726 41.9113
      vertex -40 8.21639 38.7327
    endloop
  endfacet
  facet normal 0.997858 0.0649783 0.00754711
    outer loop
      vertex -46.0855 13.6868 42.5894
      vertex -46.1 14.2757 39.4363
      vertex -46.1 13.9065 42.615
    endloop
  endfacet
  facet normal 0.997858 0.0649839 0.00754815
    outer loop
      vertex -46.1 14.2757 39.4363
      vertex -46.0855 13.6868 42.5894
      vertex -46.0623 13.7045 39.37
    endloop
  endfacet
  facet normal 0.195097 0.974237 0.113134
    outer loop
      vertex -40.7962 7.8991 41.9173
      vertex -41.5788 8.42286 38.7566
      vertex -41.5788 8.05373 41.9353
    endloop
  endfacet
  facet normal 0.195083 0.974239 0.113138
    outer loop
      vertex -41.5788 8.42286 38.7566
      vertex -40.7962 7.8991 41.9173
      vertex -40.7962 8.26823 38.7387
    endloop
  endfacet
  facet normal -0.997859 -0.0649656 -0.00754472
    outer loop
      vertex 4.06231 14.4777 42.6813
      vertex 4.04781 15.0666 39.5282
      vertex 4.0855 14.4954 39.4618
    endloop
  endfacet
  facet normal -0.997858 -0.0649817 -0.00754774
    outer loop
      vertex 4.04781 15.0666 39.5282
      vertex 4.06231 14.4777 42.6813
      vertex 4.04781 14.6974 42.7068
    endloop
  endfacet
  facet normal -0.997858 -0.0649817 -0.0075475
    outer loop
      vertex 4.1 13.9065 42.615
      vertex 4.0855 14.4954 39.4618
      vertex 4.1 14.2757 39.4363
    endloop
  endfacet
  facet normal -0.997859 -0.0649669 -0.00754473
    outer loop
      vertex 4.0855 14.4954 39.4618
      vertex 4.1 13.9065 42.615
      vertex 4.06231 14.4777 42.6813
    endloop
  endfacet
  facet normal 0.946924 0.319312 0.0370786
    outer loop
      vertex -7.89215 12.3383 42.4328
      vertex -7.63566 11.9569 39.167
      vertex -7.89215 12.7074 39.2542
    endloop
  endfacet
  facet normal 0.946923 0.319316 0.0370779
    outer loop
      vertex -7.63566 11.9569 39.167
      vertex -7.89215 12.3383 42.4328
      vertex -7.63566 11.5878 42.3457
    endloop
  endfacet
  facet normal -0.896888 0.439305 0.0510122
    outer loop
      vertex 3.28275 10.8769 42.2631
      vertex 3.38079 11.4435 39.1074
      vertex 3.28275 11.246 39.0845
    endloop
  endfacet
  facet normal -0.896874 0.439335 0.051018
    outer loop
      vertex 3.38079 11.4435 39.1074
      vertex 3.28275 10.8769 42.2631
      vertex 3.53763 11.3903 42.3227
    endloop
  endfacet
  facet normal -0.831391 -0.551979 -0.064096
    outer loop
      vertex 2.96259 17.7813 39.8434
      vertex 2.83945 17.5952 43.0433
      vertex 2.83945 17.9643 39.8647
    endloop
  endfacet
  facet normal -0.831487 -0.551834 -0.0640913
    outer loop
      vertex 2.83945 17.5952 43.0433
      vertex 2.96259 17.7813 39.8434
      vertex 3.15962 17.1192 42.988
    endloop
  endfacet
  facet normal 0.946937 -0.319273 -0.0370841
    outer loop
      vertex -7.63566 16.2253 42.8842
      vertex -7.89215 15.8439 39.6184
      vertex -7.63566 16.5945 39.7056
    endloop
  endfacet
  facet normal 0.946923 -0.319316 -0.0370779
    outer loop
      vertex -7.89215 15.8439 39.6184
      vertex -7.63566 16.2253 42.8842
      vertex -7.89215 15.4748 42.7971
    endloop
  endfacet
  facet normal -0.659349 0.746818 0.0867301
    outer loop
      vertex 2.31335 9.99112 38.9388
      vertex 2.14671 9.47682 42.1005
      vertex 2.31335 9.62198 42.1174
    endloop
  endfacet
  facet normal -0.659361 0.746807 0.0867277
    outer loop
      vertex 2.14671 9.47682 42.1005
      vertex 2.31335 9.99112 38.9388
      vertex 1.88009 9.61369 38.8949
    endloop
  endfacet
  facet normal -0.0654992 -0.991192 -0.115103
    outer loop
      vertex -1.20379 20.2831 40.134
      vertex -1.42496 19.9284 43.3143
      vertex -1.77883 20.3206 40.1383
    endloop
  endfacet
  facet normal -0.0654199 -0.991198 -0.115098
    outer loop
      vertex -1.42496 19.9284 43.3143
      vertex -1.20379 20.2831 40.134
      vertex -1.20379 19.914 43.3126
    endloop
  endfacet
  facet normal 0.195308 -0.974196 -0.113124
    outer loop
      vertex -3.01359 19.871 43.3076
      vertex -2.79621 20.2831 40.134
      vertex -2.79621 19.914 43.3126
    endloop
  endfacet
  facet normal 0.195138 -0.974228 -0.11314
    outer loop
      vertex -2.79621 20.2831 40.134
      vertex -3.01359 19.871 43.3076
      vertex -3.36141 20.1714 40.121
    endloop
  endfacet
  facet normal -0.195304 -0.974197 -0.113124
    outer loop
      vertex -1.20379 20.2831 40.134
      vertex -0.986405 19.871 43.3076
      vertex -1.20379 19.914 43.3126
    endloop
  endfacet
  facet normal -0.195138 -0.974228 -0.113139
    outer loop
      vertex -0.986405 19.871 43.3076
      vertex -1.20379 20.2831 40.134
      vertex -0.638589 20.1714 40.121
    endloop
  endfacet
  facet normal -0.0653962 0.991198 0.115106
    outer loop
      vertex -1.77883 8.23079 38.7343
      vertex -2 7.84726 41.9113
      vertex -1.42496 7.8847 41.9156
    endloop
  endfacet
  facet normal -0.065368 0.9912 0.115108
    outer loop
      vertex -2 7.84726 41.9113
      vertex -1.77883 8.23079 38.7343
      vertex -2 8.21639 38.7327
    endloop
  endfacet
  facet normal -0.321432 0.940612 0.10923
    outer loop
      vertex 0.124487 8.60686 38.778
      vertex 0.334369 8.3085 41.9649
      vertex 0.334369 8.67763 38.7862
    endloop
  endfacet
  facet normal -0.321444 0.940607 0.10923
    outer loop
      vertex 0.334369 8.3085 41.9649
      vertex 0.124487 8.60686 38.778
      vertex -0.211322 8.1245 41.9435
    endloop
  endfacet
  facet normal 0.896874 0.439335 0.051018
    outer loop
      vertex -7.28275 10.8769 42.2631
      vertex -7.38079 11.4435 39.1074
      vertex -7.53763 11.3903 42.3227
    endloop
  endfacet
  facet normal 0.896888 0.439305 0.0510122
    outer loop
      vertex -7.38079 11.4435 39.1074
      vertex -7.28275 10.8769 42.2631
      vertex -7.28275 11.246 39.0845
    endloop
  endfacet
  facet normal -0.751974 -0.654793 -0.0760347
    outer loop
      vertex 2.83945 17.5952 43.0433
      vertex 2.69331 18.1299 39.8839
      vertex 2.83945 17.9643 39.8647
    endloop
  endfacet
  facet normal -0.751865 -0.654915 -0.0760605
    outer loop
      vertex 2.69331 18.1299 39.8839
      vertex 2.83945 17.5952 43.0433
      vertex 2.45949 18.0256 43.0933
    endloop
  endfacet
  facet normal -0.194972 -0.974263 -0.113125
    outer loop
      vertex -0.638589 20.1714 40.121
      vertex -0.421204 19.7594 43.2946
      vertex -0.986405 19.871 43.3076
    endloop
  endfacet
  facet normal -0.194873 -0.974282 -0.113134
    outer loop
      vertex -0.421204 19.7594 43.2946
      vertex -0.638589 20.1714 40.121
      vertex -0.421204 20.1285 40.116
    endloop
  endfacet
  facet normal -0.997859 0.0649669 0.00754497
    outer loop
      vertex 4.0855 13.6868 42.5894
      vertex 4.1 14.2757 39.4363
      vertex 4.06231 13.7045 39.37
    endloop
  endfacet
  facet normal -0.997858 0.0649783 0.00754711
    outer loop
      vertex 4.1 14.2757 39.4363
      vertex 4.0855 13.6868 42.5894
      vertex 4.1 13.9065 42.615
    endloop
  endfacet
  facet normal -0.980798 0.193726 0.0225017
    outer loop
      vertex 4.00457 13.2688 39.3194
      vertex 4.04781 13.1156 42.5231
      vertex 4.04781 13.4848 39.3445
    endloop
  endfacet
  facet normal -0.980785 0.193788 0.0225044
    outer loop
      vertex 4.04781 13.1156 42.5231
      vertex 4.00457 13.2688 39.3194
      vertex 3.93539 12.5542 42.4579
    endloop
  endfacet
  facet normal 0.0653275 -0.991201 -0.115123
    outer loop
      vertex -2.22117 20.3206 40.1383
      vertex -2 19.9658 43.3186
      vertex -2.57504 19.9284 43.3143
    endloop
  endfacet
  facet normal 0.0654199 -0.991194 -0.115129
    outer loop
      vertex -2 19.9658 43.3186
      vertex -2.22117 20.3206 40.1383
      vertex -2 20.335 40.14
    endloop
  endfacet
  facet normal -0.831412 0.551948 0.0640924
    outer loop
      vertex 3.15962 11.063 39.0632
      vertex 3.28275 10.8769 42.2631
      vertex 3.28275 11.246 39.0845
    endloop
  endfacet
  facet normal -0.831489 0.551832 0.0640886
    outer loop
      vertex 3.28275 10.8769 42.2631
      vertex 3.15962 11.063 39.0632
      vertex 2.96259 10.4009 42.2079
    endloop
  endfacet
  facet normal -0.442283 0.890889 0.103455
    outer loop
      vertex 1.05 9.02818 38.8269
      vertex 0.334369 8.3085 41.9649
      vertex 1.05 8.65905 42.0056
    endloop
  endfacet
  facet normal -0.442283 0.890889 0.103455
    outer loop
      vertex 0.334369 8.3085 41.9649
      vertex 1.05 9.02818 38.8269
      vertex 0.334369 8.67763 38.7862
    endloop
  endfacet
  facet normal -0.659341 0.746825 0.0867268
    outer loop
      vertex 1.88009 9.61369 38.8949
      vertex 1.71344 9.09939 42.0567
      vertex 2.14671 9.47682 42.1005
    endloop
  endfacet
  facet normal -0.659322 0.746841 0.0867305
    outer loop
      vertex 1.71344 9.09939 42.0567
      vertex 1.88009 9.61369 38.8949
      vertex 1.71344 9.46852 38.8781
    endloop
  endfacet
  facet normal 0.442284 0.890888 0.103455
    outer loop
      vertex -4.33437 8.3085 41.9649
      vertex -5.05 9.02818 38.8269
      vertex -5.05 8.65905 42.0056
    endloop
  endfacet
  facet normal 0.442284 0.890888 0.103455
    outer loop
      vertex -5.05 9.02818 38.8269
      vertex -4.33437 8.3085 41.9649
      vertex -4.33437 8.67763 38.7862
    endloop
  endfacet
  facet normal 0.980783 -0.193798 -0.0225031
    outer loop
      vertex -7.89215 15.4748 42.7971
      vertex -8.04781 15.0666 39.5282
      vertex -7.89215 15.8439 39.6184
    endloop
  endfacet
  facet normal 0.980789 -0.193771 -0.0225068
    outer loop
      vertex -8.04781 15.0666 39.5282
      vertex -7.89215 15.4748 42.7971
      vertex -8.04781 14.6974 42.7068
    endloop
  endfacet
  facet normal 0.751865 -0.654915 -0.0760605
    outer loop
      vertex -6.83945 17.5952 43.0433
      vertex -6.69331 18.1299 39.8839
      vertex -6.45949 18.0256 43.0933
    endloop
  endfacet
  facet normal 0.751974 -0.654793 -0.0760347
    outer loop
      vertex -6.69331 18.1299 39.8839
      vertex -6.83945 17.5952 43.0433
      vertex -6.83945 17.9643 39.8647
    endloop
  endfacet
  facet normal -0.0654199 -0.991194 -0.115129
    outer loop
      vertex -1.77883 20.3206 40.1383
      vertex -2 19.9658 43.3186
      vertex -2 20.335 40.14
    endloop
  endfacet
  facet normal -0.0653275 -0.991201 -0.115123
    outer loop
      vertex -2 19.9658 43.3186
      vertex -1.77883 20.3206 40.1383
      vertex -1.42496 19.9284 43.3143
    endloop
  endfacet
  facet normal 0.555541 -0.825939 -0.0959063
    outer loop
      vertex -5.71344 18.7137 43.1732
      vertex -5.52915 19.2051 40.0088
      vertex -5.23429 19.0317 43.2101
    endloop
  endfacet
  facet normal 0.555517 -0.825955 -0.0959102
    outer loop
      vertex -5.52915 19.2051 40.0088
      vertex -5.71344 18.7137 43.1732
      vertex -5.71344 19.0828 39.9946
    endloop
  endfacet
  facet normal 0.0654199 -0.991198 -0.115098
    outer loop
      vertex -2.79621 20.2831 40.134
      vertex -2.57504 19.9284 43.3143
      vertex -2.79621 19.914 43.3126
    endloop
  endfacet
  facet normal 0.0654992 -0.991192 -0.115103
    outer loop
      vertex -2.57504 19.9284 43.3143
      vertex -2.79621 20.2831 40.134
      vertex -2.22117 20.3206 40.1383
    endloop
  endfacet
  facet normal 0.75178 -0.655013 -0.0760603
    outer loop
      vertex -6.45949 18.0256 43.0933
      vertex -6.31335 18.5602 39.9339
      vertex -6.31335 18.1911 43.1125
    endloop
  endfacet
  facet normal 0.75179 -0.655002 -0.0760579
    outer loop
      vertex -6.31335 18.5602 39.9339
      vertex -6.45949 18.0256 43.0933
      vertex -6.69331 18.1299 39.8839
    endloop
  endfacet
  facet normal -0.831495 -0.551822 -0.0640883
    outer loop
      vertex 3.28275 17.3053 39.7881
      vertex 3.15962 17.1192 42.988
      vertex 2.96259 17.7813 39.8434
    endloop
  endfacet
  facet normal -0.831396 -0.551972 -0.0640932
    outer loop
      vertex 3.15962 17.1192 42.988
      vertex 3.28275 17.3053 39.7881
      vertex 3.28275 16.9362 42.9668
    endloop
  endfacet
  facet normal -0.555541 -0.825939 -0.0959063
    outer loop
      vertex 1.52915 19.2051 40.0088
      vertex 1.71344 18.7137 43.1732
      vertex 1.23429 19.0317 43.2101
    endloop
  endfacet
  facet normal -0.555517 -0.825955 -0.0959102
    outer loop
      vertex 1.71344 18.7137 43.1732
      vertex 1.52915 19.2051 40.0088
      vertex 1.71344 19.0828 39.9946
    endloop
  endfacet
  facet normal -0.896858 -0.439366 -0.0510177
    outer loop
      vertex 3.63566 16.5945 39.7056
      vertex 3.28275 16.9362 42.9668
      vertex 3.28275 17.3053 39.7881
    endloop
  endfacet
  facet normal -0.896885 -0.439309 -0.0510266
    outer loop
      vertex 3.28275 16.9362 42.9668
      vertex 3.63566 16.5945 39.7056
      vertex 3.63566 16.2253 42.8842
    endloop
  endfacet
  facet normal -0.831481 0.551843 0.0640916
    outer loop
      vertex 2.83945 10.587 39.008
      vertex 2.96259 10.4009 42.2079
      vertex 3.15962 11.063 39.0632
    endloop
  endfacet
  facet normal -0.831391 0.551979 0.064096
    outer loop
      vertex 2.96259 10.4009 42.2079
      vertex 2.83945 10.587 39.008
      vertex 2.83945 10.2179 42.1866
    endloop
  endfacet
  facet normal -0.75183 0.654956 0.0760537
    outer loop
      vertex 2.31335 9.99112 38.9388
      vertex 2.83945 10.2179 42.1866
      vertex 2.83945 10.587 39.008
    endloop
  endfacet
  facet normal -0.751852 0.65493 0.0760589
    outer loop
      vertex 2.83945 10.2179 42.1866
      vertex 2.31335 9.99112 38.9388
      vertex 2.31335 9.62198 42.1174
    endloop
  endfacet
  facet normal -0.997858 0.0649817 0.00754774
    outer loop
      vertex 4.04781 13.1156 42.5231
      vertex 4.06231 13.7045 39.37
      vertex 4.04781 13.4848 39.3445
    endloop
  endfacet
  facet normal -0.997859 0.0649669 0.00754497
    outer loop
      vertex 4.06231 13.7045 39.37
      vertex 4.04781 13.1156 42.5231
      vertex 4.0855 13.6868 42.5894
    endloop
  endfacet
  facet normal -0.946924 0.319312 0.0370786
    outer loop
      vertex 3.63566 11.9569 39.167
      vertex 3.89215 12.3383 42.4328
      vertex 3.89215 12.7074 39.2542
    endloop
  endfacet
  facet normal -0.946923 0.319316 0.0370779
    outer loop
      vertex 3.89215 12.3383 42.4328
      vertex 3.63566 11.9569 39.167
      vertex 3.63566 11.5878 42.3457
    endloop
  endfacet
  facet normal -0.946937 -0.319273 -0.0370841
    outer loop
      vertex 3.89215 15.8439 39.6184
      vertex 3.63566 16.2253 42.8842
      vertex 3.63566 16.5945 39.7056
    endloop
  endfacet
  facet normal -0.946923 -0.319316 -0.0370779
    outer loop
      vertex 3.63566 16.2253 42.8842
      vertex 3.89215 15.8439 39.6184
      vertex 3.89215 15.4748 42.7971
    endloop
  endfacet
  facet normal 0.659341 0.746825 0.0867268
    outer loop
      vertex -5.71344 9.09939 42.0567
      vertex -5.88009 9.61369 38.8949
      vertex -6.14671 9.47682 42.1005
    endloop
  endfacet
  facet normal 0.659322 0.746841 0.0867305
    outer loop
      vertex -5.88009 9.61369 38.8949
      vertex -5.71344 9.09939 42.0567
      vertex -5.71344 9.46852 38.8781
    endloop
  endfacet
  facet normal 0.896916 0.439249 0.0510041
    outer loop
      vertex -7.53763 11.3903 42.3227
      vertex -7.63566 11.9569 39.167
      vertex -7.63566 11.5878 42.3457
    endloop
  endfacet
  facet normal 0.89688 0.439321 0.0510181
    outer loop
      vertex -7.63566 11.9569 39.167
      vertex -7.53763 11.3903 42.3227
      vertex -7.38079 11.4435 39.1074
    endloop
  endfacet
  facet normal 0.997859 -0.0649669 -0.00754473
    outer loop
      vertex -8.1 13.9065 42.615
      vertex -8.0855 14.4954 39.4618
      vertex -8.06231 14.4777 42.6813
    endloop
  endfacet
  facet normal 0.997858 -0.0649817 -0.0075475
    outer loop
      vertex -8.0855 14.4954 39.4618
      vertex -8.1 13.9065 42.615
      vertex -8.1 14.2757 39.4363
    endloop
  endfacet
  facet normal 0.980785 0.193788 0.0225044
    outer loop
      vertex -7.93539 12.5542 42.4579
      vertex -7.89215 12.7074 39.2542
      vertex -8.00457 13.2688 39.3194
    endloop
  endfacet
  facet normal 0.98078 0.193812 0.0225055
    outer loop
      vertex -7.89215 12.7074 39.2542
      vertex -7.93539 12.5542 42.4579
      vertex -7.89215 12.3383 42.4328
    endloop
  endfacet
  facet normal 0.831495 -0.551822 -0.0640883
    outer loop
      vertex -7.15962 17.1192 42.988
      vertex -7.28275 17.3053 39.7881
      vertex -6.96259 17.7813 39.8434
    endloop
  endfacet
  facet normal 0.831396 -0.551972 -0.0640932
    outer loop
      vertex -7.28275 17.3053 39.7881
      vertex -7.15962 17.1192 42.988
      vertex -7.28275 16.9362 42.9668
    endloop
  endfacet
  facet normal 0.194969 -0.974264 -0.113125
    outer loop
      vertex -3.5788 19.7594 43.2946
      vertex -3.36141 20.1714 40.121
      vertex -3.01359 19.871 43.3076
    endloop
  endfacet
  facet normal 0.194868 -0.974283 -0.113134
    outer loop
      vertex -3.36141 20.1714 40.121
      vertex -3.5788 19.7594 43.2946
      vertex -3.5788 20.1285 40.116
    endloop
  endfacet
  facet normal 0.896858 -0.439366 -0.0510177
    outer loop
      vertex -7.28275 16.9362 42.9668
      vertex -7.63566 16.5945 39.7056
      vertex -7.28275 17.3053 39.7881
    endloop
  endfacet
  facet normal 0.896885 -0.439309 -0.0510266
    outer loop
      vertex -7.63566 16.5945 39.7056
      vertex -7.28275 16.9362 42.9668
      vertex -7.63566 16.2253 42.8842
    endloop
  endfacet
  facet normal -0.321444 0.940607 0.10923
    outer loop
      vertex -0.421204 8.42286 38.7566
      vertex -0.211322 8.1245 41.9435
      vertex 0.124487 8.60686 38.778
    endloop
  endfacet
  facet normal -0.321432 0.940612 0.10923
    outer loop
      vertex -0.211322 8.1245 41.9435
      vertex -0.421204 8.42286 38.7566
      vertex -0.421204 8.05373 41.9353
    endloop
  endfacet
  facet normal -0.1951 0.974236 0.113134
    outer loop
      vertex -0.421204 8.42286 38.7566
      vertex -1.20379 7.8991 41.9173
      vertex -0.421204 8.05373 41.9353
    endloop
  endfacet
  facet normal -0.195086 0.974239 0.113138
    outer loop
      vertex -1.20379 7.8991 41.9173
      vertex -0.421204 8.42286 38.7566
      vertex -1.20379 8.26823 38.7387
    endloop
  endfacet
  facet normal -0.0654199 0.991197 0.115107
    outer loop
      vertex -1.20379 8.26823 38.7387
      vertex -1.42496 7.8847 41.9156
      vertex -1.20379 7.8991 41.9173
    endloop
  endfacet
  facet normal -0.0654161 0.991197 0.115108
    outer loop
      vertex -1.42496 7.8847 41.9156
      vertex -1.20379 8.26823 38.7387
      vertex -1.77883 8.23079 38.7343
    endloop
  endfacet
  facet normal -0.89688 0.439321 0.0510181
    outer loop
      vertex 3.53763 11.3903 42.3227
      vertex 3.63566 11.9569 39.167
      vertex 3.38079 11.4435 39.1074
    endloop
  endfacet
  facet normal -0.896916 0.439249 0.0510041
    outer loop
      vertex 3.63566 11.9569 39.167
      vertex 3.53763 11.3903 42.3227
      vertex 3.63566 11.5878 42.3457
    endloop
  endfacet
  facet normal -0.980785 0.193788 0.0225044
    outer loop
      vertex 3.89215 12.7074 39.2542
      vertex 3.93539 12.5542 42.4579
      vertex 4.00457 13.2688 39.3194
    endloop
  endfacet
  facet normal -0.98078 0.193812 0.0225055
    outer loop
      vertex 3.93539 12.5542 42.4579
      vertex 3.89215 12.7074 39.2542
      vertex 3.89215 12.3383 42.4328
    endloop
  endfacet
  facet normal -0.321474 -0.940598 -0.109223
    outer loop
      vertex -0.421204 20.1285 40.116
      vertex 0.334369 19.5046 43.265
      vertex -0.421204 19.7594 43.2946
    endloop
  endfacet
  facet normal -0.321474 -0.940598 -0.109223
    outer loop
      vertex 0.334369 19.5046 43.265
      vertex -0.421204 20.1285 40.116
      vertex 0.334369 19.8737 40.0864
    endloop
  endfacet
  facet normal 0.321435 0.940611 0.109229
    outer loop
      vertex -3.5788 8.42286 38.7566
      vertex -3.78868 8.1245 41.9435
      vertex -3.5788 8.05373 41.9353
    endloop
  endfacet
  facet normal 0.321445 0.940607 0.10923
    outer loop
      vertex -3.78868 8.1245 41.9435
      vertex -3.5788 8.42286 38.7566
      vertex -4.12449 8.60686 38.778
    endloop
  endfacet
  facet normal 0.321445 0.940607 0.10923
    outer loop
      vertex -4.12449 8.60686 38.778
      vertex -4.33437 8.3085 41.9649
      vertex -3.78868 8.1245 41.9435
    endloop
  endfacet
  facet normal 0.321435 0.940611 0.109229
    outer loop
      vertex -4.33437 8.3085 41.9649
      vertex -4.12449 8.60686 38.778
      vertex -4.33437 8.67763 38.7862
    endloop
  endfacet
  facet normal 0.555569 0.82592 0.0959139
    outer loop
      vertex -5.05 8.65905 42.0056
      vertex -5.71344 9.46852 38.8781
      vertex -5.71344 9.09939 42.0567
    endloop
  endfacet
  facet normal 0.555579 0.825914 0.0959101
    outer loop
      vertex -5.71344 9.46852 38.8781
      vertex -5.05 8.65905 42.0056
      vertex -5.05 9.02818 38.8269
    endloop
  endfacet
  facet normal 0.831412 0.551948 0.0640924
    outer loop
      vertex -7.28275 10.8769 42.2631
      vertex -7.15962 11.063 39.0632
      vertex -7.28275 11.246 39.0845
    endloop
  endfacet
  facet normal 0.831489 0.551832 0.0640886
    outer loop
      vertex -7.15962 11.063 39.0632
      vertex -7.28275 10.8769 42.2631
      vertex -6.96259 10.4009 42.2079
    endloop
  endfacet
  facet normal 0.980798 0.193726 0.0225017
    outer loop
      vertex -8.04781 13.1156 42.5231
      vertex -8.00457 13.2688 39.3194
      vertex -8.04781 13.4848 39.3445
    endloop
  endfacet
  facet normal 0.980785 0.193788 0.0225044
    outer loop
      vertex -8.00457 13.2688 39.3194
      vertex -8.04781 13.1156 42.5231
      vertex -7.93539 12.5542 42.4579
    endloop
  endfacet
  facet normal 0.997859 0.0649669 0.00754497
    outer loop
      vertex -8.04781 13.1156 42.5231
      vertex -8.06231 13.7045 39.37
      vertex -8.0855 13.6868 42.5894
    endloop
  endfacet
  facet normal 0.997858 0.0649817 0.00754774
    outer loop
      vertex -8.06231 13.7045 39.37
      vertex -8.04781 13.1156 42.5231
      vertex -8.04781 13.4848 39.3445
    endloop
  endfacet
  facet normal -0.75179 -0.655002 -0.0760579
    outer loop
      vertex 2.45949 18.0256 43.0933
      vertex 2.31335 18.5602 39.9339
      vertex 2.69331 18.1299 39.8839
    endloop
  endfacet
  facet normal -0.75178 -0.655013 -0.0760603
    outer loop
      vertex 2.31335 18.5602 39.9339
      vertex 2.45949 18.0256 43.0933
      vertex 2.31335 18.1911 43.1125
    endloop
  endfacet
  facet normal -0.442319 -0.890872 -0.103448
    outer loop
      vertex 0.334369 19.8737 40.0864
      vertex 0.851213 19.2514 43.2356
      vertex 0.334369 19.5046 43.265
    endloop
  endfacet
  facet normal -0.442372 -0.890847 -0.103435
    outer loop
      vertex 0.851213 19.2514 43.2356
      vertex 0.334369 19.8737 40.0864
      vertex 0.533155 19.7763 40.0751
    endloop
  endfacet
  facet normal 0.442322 -0.89087 -0.103448
    outer loop
      vertex -4.85121 19.2514 43.2356
      vertex -4.33437 19.8737 40.0864
      vertex -4.33437 19.5046 43.265
    endloop
  endfacet
  facet normal 0.442383 -0.890842 -0.103433
    outer loop
      vertex -4.33437 19.8737 40.0864
      vertex -4.85121 19.2514 43.2356
      vertex -4.53315 19.7763 40.0751
    endloop
  endfacet
  facet normal 0.65935 -0.746818 -0.0867207
    outer loop
      vertex -6.31335 18.1911 43.1125
      vertex -5.71344 19.0828 39.9946
      vertex -5.71344 18.7137 43.1732
    endloop
  endfacet
  facet normal 0.65935 -0.746818 -0.0867207
    outer loop
      vertex -5.71344 19.0828 39.9946
      vertex -6.31335 18.1911 43.1125
      vertex -6.31335 18.5602 39.9339
    endloop
  endfacet
  facet normal 0.442365 -0.89085 -0.103436
    outer loop
      vertex -5.05 19.154 43.2243
      vertex -4.53315 19.7763 40.0751
      vertex -4.85121 19.2514 43.2356
    endloop
  endfacet
  facet normal 0.442176 -0.890938 -0.103484
    outer loop
      vertex -4.53315 19.7763 40.0751
      vertex -5.05 19.154 43.2243
      vertex -5.05 19.5232 40.0457
    endloop
  endfacet
  facet normal 0.555517 -0.825952 -0.0959358
    outer loop
      vertex -5.23429 19.0317 43.2101
      vertex -5.05 19.5232 40.0457
      vertex -5.05 19.154 43.2243
    endloop
  endfacet
  facet normal 0.555661 -0.825858 -0.0959129
    outer loop
      vertex -5.05 19.5232 40.0457
      vertex -5.23429 19.0317 43.2101
      vertex -5.52915 19.2051 40.0088
    endloop
  endfacet
  facet normal 0.321476 -0.940598 -0.109222
    outer loop
      vertex -4.33437 19.5046 43.265
      vertex -3.5788 20.1285 40.116
      vertex -3.5788 19.7594 43.2946
    endloop
  endfacet
  facet normal 0.321476 -0.940598 -0.109222
    outer loop
      vertex -3.5788 20.1285 40.116
      vertex -4.33437 19.5046 43.265
      vertex -4.33437 19.8737 40.0864
    endloop
  endfacet
  facet normal -0.555569 0.82592 0.0959139
    outer loop
      vertex 1.71344 9.46852 38.8781
      vertex 1.05 8.65905 42.0056
      vertex 1.71344 9.09939 42.0567
    endloop
  endfacet
  facet normal -0.555579 0.825914 0.0959101
    outer loop
      vertex 1.05 8.65905 42.0056
      vertex 1.71344 9.46852 38.8781
      vertex 1.05 9.02818 38.8269
    endloop
  endfacet
  facet normal -0.980783 -0.193798 -0.0225031
    outer loop
      vertex 4.04781 15.0666 39.5282
      vertex 3.89215 15.4748 42.7971
      vertex 3.89215 15.8439 39.6184
    endloop
  endfacet
  facet normal -0.980789 -0.193771 -0.0225068
    outer loop
      vertex 3.89215 15.4748 42.7971
      vertex 4.04781 15.0666 39.5282
      vertex 4.04781 14.6974 42.7068
    endloop
  endfacet
  facet normal 0.195099 0.974237 0.113134
    outer loop
      vertex -2.79621 7.8991 41.9173
      vertex -3.5788 8.42286 38.7566
      vertex -3.5788 8.05373 41.9353
    endloop
  endfacet
  facet normal 0.195085 0.974239 0.113138
    outer loop
      vertex -3.5788 8.42286 38.7566
      vertex -2.79621 7.8991 41.9173
      vertex -2.79621 8.26823 38.7387
    endloop
  endfacet
  facet normal 0.831481 0.551843 0.0640916
    outer loop
      vertex -6.96259 10.4009 42.2079
      vertex -6.83945 10.587 39.008
      vertex -7.15962 11.063 39.0632
    endloop
  endfacet
  facet normal 0.831391 0.551979 0.064096
    outer loop
      vertex -6.83945 10.587 39.008
      vertex -6.96259 10.4009 42.2079
      vertex -6.83945 10.2179 42.1866
    endloop
  endfacet
  facet normal 0.659349 0.746818 0.0867301
    outer loop
      vertex -6.14671 9.47682 42.1005
      vertex -6.31335 9.99112 38.9388
      vertex -6.31335 9.62198 42.1174
    endloop
  endfacet
  facet normal 0.659361 0.746807 0.0867277
    outer loop
      vertex -6.31335 9.99112 38.9388
      vertex -6.14671 9.47682 42.1005
      vertex -5.88009 9.61369 38.8949
    endloop
  endfacet
  facet normal 0.75183 0.654956 0.0760537
    outer loop
      vertex -6.83945 10.2179 42.1866
      vertex -6.31335 9.99112 38.9388
      vertex -6.83945 10.587 39.008
    endloop
  endfacet
  facet normal 0.751852 0.65493 0.0760589
    outer loop
      vertex -6.31335 9.99112 38.9388
      vertex -6.83945 10.2179 42.1866
      vertex -6.31335 9.62198 42.1174
    endloop
  endfacet
  facet normal 0.997858 -0.0649817 -0.00754774
    outer loop
      vertex -8.06231 14.4777 42.6813
      vertex -8.04781 15.0666 39.5282
      vertex -8.04781 14.6974 42.7068
    endloop
  endfacet
  facet normal 0.997859 -0.0649656 -0.00754472
    outer loop
      vertex -8.04781 15.0666 39.5282
      vertex -8.06231 14.4777 42.6813
      vertex -8.0855 14.4954 39.4618
    endloop
  endfacet
  facet normal -0.65935 -0.746818 -0.0867207
    outer loop
      vertex 1.71344 19.0828 39.9946
      vertex 2.31335 18.1911 43.1125
      vertex 1.71344 18.7137 43.1732
    endloop
  endfacet
  facet normal -0.65935 -0.746818 -0.0867207
    outer loop
      vertex 2.31335 18.1911 43.1125
      vertex 1.71344 19.0828 39.9946
      vertex 2.31335 18.5602 39.9339
    endloop
  endfacet
  facet normal -0.44237 -0.890848 -0.103435
    outer loop
      vertex 0.533155 19.7763 40.0751
      vertex 1.05 19.154 43.2243
      vertex 0.851213 19.2514 43.2356
    endloop
  endfacet
  facet normal -0.44218 -0.890937 -0.103484
    outer loop
      vertex 1.05 19.154 43.2243
      vertex 0.533155 19.7763 40.0751
      vertex 1.05 19.5232 40.0457
    endloop
  endfacet
  facet normal -0.555517 -0.825952 -0.0959358
    outer loop
      vertex 1.05 19.5232 40.0457
      vertex 1.23429 19.0317 43.2101
      vertex 1.05 19.154 43.2243
    endloop
  endfacet
  facet normal -0.555661 -0.825858 -0.0959129
    outer loop
      vertex 1.23429 19.0317 43.2101
      vertex 1.05 19.5232 40.0457
      vertex 1.52915 19.2051 40.0088
    endloop
  endfacet
  facet normal 0.831391 -0.551979 -0.064096
    outer loop
      vertex -6.83945 17.5952 43.0433
      vertex -6.96259 17.7813 39.8434
      vertex -6.83945 17.9643 39.8647
    endloop
  endfacet
  facet normal 0.831487 -0.551834 -0.0640913
    outer loop
      vertex -6.96259 17.7813 39.8434
      vertex -6.83945 17.5952 43.0433
      vertex -7.15962 17.1192 42.988
    endloop
  endfacet
  facet normal 0.0654199 0.991197 0.115107
    outer loop
      vertex -2.57504 7.8847 41.9156
      vertex -2.79621 8.26823 38.7387
      vertex -2.79621 7.8991 41.9173
    endloop
  endfacet
  facet normal 0.0654161 0.991197 0.115108
    outer loop
      vertex -2.79621 8.26823 38.7387
      vertex -2.57504 7.8847 41.9156
      vertex -2.22117 8.23079 38.7343
    endloop
  endfacet
  facet normal 0.0653962 0.991198 0.115106
    outer loop
      vertex -2 7.84726 41.9113
      vertex -2.22117 8.23079 38.7343
      vertex -2.57504 7.8847 41.9156
    endloop
  endfacet
  facet normal 0.065368 0.9912 0.115108
    outer loop
      vertex -2.22117 8.23079 38.7343
      vertex -2 7.84726 41.9113
      vertex -2 8.21639 38.7327
    endloop
  endfacet
  facet normal 0.997858 0.0649783 0.00754711
    outer loop
      vertex -8.0855 13.6868 42.5894
      vertex -8.1 14.2757 39.4363
      vertex -8.1 13.9065 42.615
    endloop
  endfacet
  facet normal 0.997859 0.0649669 0.00754497
    outer loop
      vertex -8.1 14.2757 39.4363
      vertex -8.0855 13.6868 42.5894
      vertex -8.06231 13.7045 39.37
    endloop
  endfacet
  facet normal -0.89696 0.439161 0.0509955
    outer loop
      vertex -72.7172 -50.7092 35.1112
      vertex -72.6192 -50.1426 31.9555
      vertex -72.7172 -50.3401 31.9326
    endloop
  endfacet
  facet normal -0.896929 0.439224 0.0510077
    outer loop
      vertex -72.6192 -50.1426 31.9555
      vertex -72.7172 -50.7092 35.1112
      vertex -72.4624 -50.1958 35.1708
    endloop
  endfacet
  facet normal -0.997858 -0.0649833 -0.00754769
    outer loop
      vertex -71.9 -47.3104 32.2844
      vertex -71.9522 -46.8887 35.5549
      vertex -71.9522 -46.5195 32.3762
    endloop
  endfacet
  facet normal -0.997858 -0.0649823 -0.00754781
    outer loop
      vertex -71.9522 -46.8887 35.5549
      vertex -71.9 -47.3104 32.2844
      vertex -71.9 -47.6796 35.463
    endloop
  endfacet
  facet normal 0.065332 -0.991203 -0.115101
    outer loop
      vertex -78.7962 -41.6721 36.1607
      vertex -78.575 -41.2886 32.9837
      vertex -78.2212 -41.6347 36.165
    endloop
  endfacet
  facet normal 0.065411 -0.991199 -0.115095
    outer loop
      vertex -78.575 -41.2886 32.9837
      vertex -78.7962 -41.6721 36.1607
      vertex -78.7962 -41.303 32.982
    endloop
  endfacet
  facet normal 0.195047 0.974248 0.11313
    outer loop
      vertex -78.7962 -53.687 34.7654
      vertex -79.5788 -53.1633 31.6047
      vertex -79.5788 -53.5324 34.7833
    endloop
  endfacet
  facet normal 0.195061 0.974245 0.113126
    outer loop
      vertex -79.5788 -53.1633 31.6047
      vertex -78.7962 -53.687 34.7654
      vertex -78.7962 -53.3179 31.5867
    endloop
  endfacet
  facet normal 0.980792 0.193754 0.0225063
    outer loop
      vertex -83.8922 -49.2478 35.2809
      vertex -83.9354 -48.6628 32.1273
      vertex -84.0046 -48.6864 35.3461
    endloop
  endfacet
  facet normal 0.980813 0.19365 0.0224867
    outer loop
      vertex -83.9354 -48.6628 32.1273
      vertex -83.8922 -49.2478 35.2809
      vertex -83.8922 -48.8787 32.1023
    endloop
  endfacet
  facet normal 0.946869 0.319474 0.0370974
    outer loop
      vertex -83.8922 -49.2478 35.2809
      vertex -83.8209 -49.0872 32.078
      vertex -83.8922 -48.8787 32.1023
    endloop
  endfacet
  facet normal 0.946907 0.31936 0.0370925
    outer loop
      vertex -83.8209 -49.0872 32.078
      vertex -83.8922 -49.2478 35.2809
      vertex -83.7069 -49.7899 35.2179
    endloop
  endfacet
  facet normal 0.94692 -0.319323 -0.0370799
    outer loop
      vertex -83.6357 -45.3608 35.7323
      vertex -83.8922 -45.7422 32.4665
      vertex -83.6357 -44.9917 32.5537
    endloop
  endfacet
  facet normal 0.94692 -0.319323 -0.0370799
    outer loop
      vertex -83.8922 -45.7422 32.4665
      vertex -83.6357 -45.3608 35.7323
      vertex -83.8922 -46.1113 35.6451
    endloop
  endfacet
  facet normal -0.831404 -0.551959 -0.0640937
    outer loop
      vertex -72.7172 -44.6499 35.8148
      vertex -72.8404 -44.0977 32.6575
      vertex -72.7172 -44.2808 32.6362
    endloop
  endfacet
  facet normal -0.83141 -0.551951 -0.0640919
    outer loop
      vertex -72.8404 -44.0977 32.6575
      vertex -72.7172 -44.6499 35.8148
      vertex -73.0374 -44.174 35.8701
    endloop
  endfacet
  facet normal -0.659294 -0.746867 -0.0867237
    outer loop
      vertex -74.2866 -42.5033 32.8426
      vertex -73.6866 -43.395 35.9606
      vertex -74.2866 -42.8724 36.0213
    endloop
  endfacet
  facet normal -0.659294 -0.746867 -0.0867237
    outer loop
      vertex -73.6866 -43.395 35.9606
      vertex -74.2866 -42.5033 32.8426
      vertex -73.6866 -43.0259 32.7819
    endloop
  endfacet
  facet normal -0.751916 0.654858 0.0760449
    outer loop
      vertex -73.6866 -51.595 31.7868
      vertex -73.5405 -51.7986 34.9847
      vertex -73.3067 -51.1646 31.8368
    endloop
  endfacet
  facet normal -0.751869 0.654912 0.0760462
    outer loop
      vertex -73.5405 -51.7986 34.9847
      vertex -73.6866 -51.595 31.7868
      vertex -73.6866 -51.9641 34.9655
    endloop
  endfacet
  facet normal -0.0653592 0.991202 0.115095
    outer loop
      vertex -77.425 -53.3323 31.5851
      vertex -77.2038 -53.687 34.7654
      vertex -77.2038 -53.3179 31.5867
    endloop
  endfacet
  facet normal -0.0655236 0.99119 0.115105
    outer loop
      vertex -77.2038 -53.687 34.7654
      vertex -77.425 -53.3323 31.5851
      vertex -77.7788 -53.7245 34.761
    endloop
  endfacet
  facet normal 0.32144 -0.940608 -0.109243
    outer loop
      vertex -79.7887 -41.5284 32.9558
      vertex -79.5788 -41.8268 36.1427
      vertex -80.1245 -42.0108 36.1213
    endloop
  endfacet
  facet normal 0.321574 -0.940561 -0.109248
    outer loop
      vertex -79.5788 -41.8268 36.1427
      vertex -79.7887 -41.5284 32.9558
      vertex -79.5788 -41.4576 32.9641
    endloop
  endfacet
  facet normal -0.321422 -0.940613 -0.109246
    outer loop
      vertex -75.6656 -41.7124 32.9345
      vertex -75.8755 -42.0108 36.1213
      vertex -76.2113 -41.5284 32.9558
    endloop
  endfacet
  facet normal -0.321126 -0.940715 -0.109236
    outer loop
      vertex -75.8755 -42.0108 36.1213
      vertex -75.6656 -41.7124 32.9345
      vertex -75.6656 -42.0815 36.1131
    endloop
  endfacet
  facet normal -0.065411 -0.991199 -0.115095
    outer loop
      vertex -78 -41.2512 32.988
      vertex -77.7788 -41.6347 36.165
      vertex -78 -41.6203 36.1667
    endloop
  endfacet
  facet normal -0.065332 -0.991203 -0.115101
    outer loop
      vertex -77.7788 -41.6347 36.165
      vertex -78 -41.2512 32.988
      vertex -77.425 -41.2886 32.9837
    endloop
  endfacet
  facet normal -0.94694 0.319265 0.0370701
    outer loop
      vertex -72.3643 -49.6292 32.0151
      vertex -72.2931 -49.7899 35.2179
      vertex -72.1791 -49.0872 32.078
    endloop
  endfacet
  facet normal -0.947001 0.319086 0.0370625
    outer loop
      vertex -72.2931 -49.7899 35.2179
      vertex -72.3643 -49.6292 32.0151
      vertex -72.3643 -49.9984 35.1937
    endloop
  endfacet
  facet normal 0.065411 -0.991199 -0.115095
    outer loop
      vertex -78.2212 -41.6347 36.165
      vertex -78 -41.2512 32.988
      vertex -78 -41.6203 36.1667
    endloop
  endfacet
  facet normal 0.065332 -0.991203 -0.115101
    outer loop
      vertex -78 -41.2512 32.988
      vertex -78.2212 -41.6347 36.165
      vertex -78.575 -41.2886 32.9837
    endloop
  endfacet
  facet normal 0.831466 0.551867 0.064083
    outer loop
      vertex -83.2828 -50.7092 35.1112
      vertex -82.8395 -50.9991 31.856
      vertex -83.2828 -50.3401 31.9326
    endloop
  endfacet
  facet normal 0.831462 0.551874 0.0640817
    outer loop
      vertex -82.8395 -50.9991 31.856
      vertex -83.2828 -50.7092 35.1112
      vertex -82.8395 -51.3682 35.0347
    endloop
  endfacet
  facet normal 0.321126 -0.940715 -0.109236
    outer loop
      vertex -80.3344 -41.7124 32.9345
      vertex -80.1245 -42.0108 36.1213
      vertex -80.3344 -42.0815 36.1131
    endloop
  endfacet
  facet normal 0.321422 -0.940613 -0.109246
    outer loop
      vertex -80.1245 -42.0108 36.1213
      vertex -80.3344 -41.7124 32.9345
      vertex -79.7887 -41.5284 32.9558
    endloop
  endfacet
  facet normal -0.831484 -0.551839 -0.0640938
    outer loop
      vertex -73.0374 -44.174 35.8701
      vertex -73.1605 -43.6218 32.7127
      vertex -72.8404 -44.0977 32.6575
    endloop
  endfacet
  facet normal -0.831612 -0.55165 -0.0640557
    outer loop
      vertex -73.1605 -43.6218 32.7127
      vertex -73.0374 -44.174 35.8701
      vertex -73.1605 -43.9909 35.8914
    endloop
  endfacet
  facet normal -0.751841 -0.654944 -0.0760499
    outer loop
      vertex -73.1605 -43.6218 32.7127
      vertex -73.6866 -43.395 35.9606
      vertex -73.6866 -43.0259 32.7819
    endloop
  endfacet
  facet normal -0.751841 -0.654944 -0.0760499
    outer loop
      vertex -73.6866 -43.395 35.9606
      vertex -73.1605 -43.6218 32.7127
      vertex -73.1605 -43.9909 35.8914
    endloop
  endfacet
  facet normal -0.980815 -0.19364 -0.0224855
    outer loop
      vertex -72.0646 -45.9581 32.4414
      vertex -72.1078 -46.1113 35.6451
      vertex -72.1078 -45.7422 32.4665
    endloop
  endfacet
  facet normal -0.980792 -0.193756 -0.0224908
    outer loop
      vertex -72.1078 -46.1113 35.6451
      vertex -72.0646 -45.9581 32.4414
      vertex -71.9954 -46.6727 35.5799
    endloop
  endfacet
  facet normal -0.980792 -0.193756 -0.0224908
    outer loop
      vertex -71.9522 -46.5195 32.3762
      vertex -71.9954 -46.6727 35.5799
      vertex -72.0646 -45.9581 32.4414
    endloop
  endfacet
  facet normal -0.98083 -0.193564 -0.0224821
    outer loop
      vertex -71.9954 -46.6727 35.5799
      vertex -71.9522 -46.5195 32.3762
      vertex -71.9522 -46.8887 35.5549
    endloop
  endfacet
  facet normal -0.195181 -0.974222 -0.113123
    outer loop
      vertex -77.2038 -41.303 32.982
      vertex -76.4212 -41.8268 36.1427
      vertex -77.2038 -41.6721 36.1607
    endloop
  endfacet
  facet normal -0.195047 -0.974244 -0.11316
    outer loop
      vertex -76.4212 -41.8268 36.1427
      vertex -77.2038 -41.303 32.982
      vertex -76.4212 -41.4576 32.9641
    endloop
  endfacet
  facet normal -0.980798 0.193721 0.0225062
    outer loop
      vertex -71.9954 -48.6864 35.3461
      vertex -71.9522 -48.1013 32.1925
      vertex -72.0646 -48.6628 32.1273
    endloop
  endfacet
  facet normal -0.980815 0.193639 0.0224908
    outer loop
      vertex -71.9522 -48.1013 32.1925
      vertex -71.9954 -48.6864 35.3461
      vertex -71.9522 -48.4705 35.3712
    endloop
  endfacet
  facet normal -0.751645 0.655166 0.0760756
    outer loop
      vertex -73.3067 -51.1646 31.8368
      vertex -73.1605 -51.3682 35.0347
      vertex -73.1605 -50.9991 31.856
    endloop
  endfacet
  facet normal -0.75183 0.654954 0.0760706
    outer loop
      vertex -73.1605 -51.3682 35.0347
      vertex -73.3067 -51.1646 31.8368
      vertex -73.5405 -51.7986 34.9847
    endloop
  endfacet
  facet normal 0.659316 0.746848 0.0867215
    outer loop
      vertex -82.1467 -52.1093 34.9486
      vertex -82.3134 -51.595 31.7868
      vertex -82.3134 -51.9641 34.9655
    endloop
  endfacet
  facet normal 0.659286 0.746874 0.0867272
    outer loop
      vertex -82.3134 -51.595 31.7868
      vertex -82.1467 -52.1093 34.9486
      vertex -81.8801 -51.9724 31.743
    endloop
  endfacet
  facet normal 0.997858 0.0649817 0.00754774
    outer loop
      vertex -84.1 -47.6796 35.463
      vertex -84.0855 -47.5301 32.2589
      vertex -84.1 -47.3104 32.2844
    endloop
  endfacet
  facet normal 0.997858 0.0649839 0.00754784
    outer loop
      vertex -84.0855 -47.5301 32.2589
      vertex -84.1 -47.6796 35.463
      vertex -84.0623 -48.2508 35.3967
    endloop
  endfacet
  facet normal 0.980815 0.193639 0.0224908
    outer loop
      vertex -84.0046 -48.6864 35.3461
      vertex -84.0478 -48.1013 32.1925
      vertex -84.0478 -48.4705 35.3712
    endloop
  endfacet
  facet normal 0.980798 0.193721 0.0225062
    outer loop
      vertex -84.0478 -48.1013 32.1925
      vertex -84.0046 -48.6864 35.3461
      vertex -83.9354 -48.6628 32.1273
    endloop
  endfacet
  facet normal -0.065332 -0.991203 -0.115101
    outer loop
      vertex -77.425 -41.2886 32.9837
      vertex -77.2038 -41.6721 36.1607
      vertex -77.7788 -41.6347 36.165
    endloop
  endfacet
  facet normal -0.065411 -0.991199 -0.115095
    outer loop
      vertex -77.2038 -41.6721 36.1607
      vertex -77.425 -41.2886 32.9837
      vertex -77.2038 -41.303 32.982
    endloop
  endfacet
  facet normal -0.321574 -0.940561 -0.109248
    outer loop
      vertex -76.2113 -41.5284 32.9558
      vertex -76.4212 -41.8268 36.1427
      vertex -76.4212 -41.4576 32.9641
    endloop
  endfacet
  facet normal -0.32144 -0.940608 -0.109243
    outer loop
      vertex -76.4212 -41.8268 36.1427
      vertex -76.2113 -41.5284 32.9558
      vertex -75.8755 -42.0108 36.1213
    endloop
  endfacet
  facet normal -0.555558 -0.825928 -0.095907
    outer loop
      vertex -74.95 -42.063 32.8938
      vertex -74.2866 -42.8724 36.0213
      vertex -74.95 -42.4321 36.0724
    endloop
  endfacet
  facet normal -0.555568 -0.825922 -0.0959033
    outer loop
      vertex -74.2866 -42.8724 36.0213
      vertex -74.95 -42.063 32.8938
      vertex -74.2866 -42.5033 32.8426
    endloop
  endfacet
  facet normal -0.997858 0.0649826 0.00754754
    outer loop
      vertex -71.9522 -48.1013 32.1925
      vertex -71.9377 -48.2508 35.3967
      vertex -71.9145 -47.5301 32.2589
    endloop
  endfacet
  facet normal -0.997858 0.0649817 0.0075475
    outer loop
      vertex -71.9377 -48.2508 35.3967
      vertex -71.9522 -48.1013 32.1925
      vertex -71.9522 -48.4705 35.3712
    endloop
  endfacet
  facet normal -0.997858 0.0649817 0.00754774
    outer loop
      vertex -71.9145 -47.5301 32.2589
      vertex -71.9 -47.6796 35.463
      vertex -71.9 -47.3104 32.2844
    endloop
  endfacet
  facet normal -0.997858 0.0649839 0.00754784
    outer loop
      vertex -71.9 -47.6796 35.463
      vertex -71.9145 -47.5301 32.2589
      vertex -71.9377 -48.2508 35.3967
    endloop
  endfacet
  facet normal -0.441986 0.891031 0.103495
    outer loop
      vertex -74.95 -52.5579 31.675
      vertex -75.1488 -53.0244 34.8423
      vertex -74.95 -52.9271 34.8536
    endloop
  endfacet
  facet normal -0.44235 0.890857 0.103446
    outer loop
      vertex -75.1488 -53.0244 34.8423
      vertex -74.95 -52.5579 31.675
      vertex -75.4668 -52.8111 31.6456
    endloop
  endfacet
  facet normal -0.321464 0.940602 0.109223
    outer loop
      vertex -75.6656 -52.9085 31.6343
      vertex -76.4212 -53.5324 34.7833
      vertex -75.6656 -53.2776 34.8129
    endloop
  endfacet
  facet normal -0.321464 0.940602 0.109223
    outer loop
      vertex -76.4212 -53.5324 34.7833
      vertex -75.6656 -52.9085 31.6343
      vertex -76.4212 -53.1633 31.6047
    endloop
  endfacet
  facet normal -0.831466 0.551867 0.064083
    outer loop
      vertex -73.1605 -50.9991 31.856
      vertex -72.7172 -50.7092 35.1112
      vertex -72.7172 -50.3401 31.9326
    endloop
  endfacet
  facet normal -0.831462 0.551874 0.0640817
    outer loop
      vertex -72.7172 -50.7092 35.1112
      vertex -73.1605 -50.9991 31.856
      vertex -73.1605 -51.3682 35.0347
    endloop
  endfacet
  facet normal -0.659316 0.746848 0.0867215
    outer loop
      vertex -73.6866 -51.595 31.7868
      vertex -73.8533 -52.1093 34.9486
      vertex -73.6866 -51.9641 34.9655
    endloop
  endfacet
  facet normal -0.659286 0.746874 0.0867272
    outer loop
      vertex -73.8533 -52.1093 34.9486
      vertex -73.6866 -51.595 31.7868
      vertex -74.1199 -51.9724 31.743
    endloop
  endfacet
  facet normal 0.44235 0.890857 0.103446
    outer loop
      vertex -80.3344 -53.2776 34.8129
      vertex -80.5332 -52.8111 31.6456
      vertex -80.8512 -53.0244 34.8423
    endloop
  endfacet
  facet normal 0.442347 0.890858 0.103447
    outer loop
      vertex -80.5332 -52.8111 31.6456
      vertex -80.3344 -53.2776 34.8129
      vertex -80.3344 -52.9085 31.6343
    endloop
  endfacet
  facet normal -0.065352 0.991199 0.115125
    outer loop
      vertex -78 -53.3697 31.5807
      vertex -77.7788 -53.7245 34.761
      vertex -77.425 -53.3323 31.5851
    endloop
  endfacet
  facet normal -0.0653592 0.991198 0.115126
    outer loop
      vertex -77.7788 -53.7245 34.761
      vertex -78 -53.3697 31.5807
      vertex -78 -53.7389 34.7594
    endloop
  endfacet
  facet normal 0.555654 0.825865 0.0958967
    outer loop
      vertex -81.05 -52.9271 34.8536
      vertex -81.7134 -52.1176 31.7261
      vertex -81.7134 -52.4867 34.9048
    endloop
  endfacet
  facet normal 0.555558 0.825925 0.0959327
    outer loop
      vertex -81.7134 -52.1176 31.7261
      vertex -81.05 -52.9271 34.8536
      vertex -81.05 -52.5579 31.675
    endloop
  endfacet
  facet normal 0.896929 0.439224 0.0510077
    outer loop
      vertex -83.2828 -50.7092 35.1112
      vertex -83.3808 -50.1426 31.9555
      vertex -83.5376 -50.1958 35.1708
    endloop
  endfacet
  facet normal 0.89696 0.439161 0.0509955
    outer loop
      vertex -83.3808 -50.1426 31.9555
      vertex -83.2828 -50.7092 35.1112
      vertex -83.2828 -50.3401 31.9326
    endloop
  endfacet
  facet normal 0.980815 -0.19364 -0.0224855
    outer loop
      vertex -83.8922 -46.1113 35.6451
      vertex -83.9354 -45.9581 32.4414
      vertex -83.8922 -45.7422 32.4665
    endloop
  endfacet
  facet normal 0.980792 -0.193756 -0.0224908
    outer loop
      vertex -83.9354 -45.9581 32.4414
      vertex -83.8922 -46.1113 35.6451
      vertex -84.0046 -46.6727 35.5799
    endloop
  endfacet
  facet normal -0.442349 -0.890857 -0.103447
    outer loop
      vertex -75.6656 -41.7124 32.9345
      vertex -74.95 -42.4321 36.0724
      vertex -75.6656 -42.0815 36.1131
    endloop
  endfacet
  facet normal -0.442349 -0.890857 -0.103447
    outer loop
      vertex -74.95 -42.4321 36.0724
      vertex -75.6656 -41.7124 32.9345
      vertex -74.95 -42.063 32.8938
    endloop
  endfacet
  facet normal 0.997858 0.0649826 0.00754754
    outer loop
      vertex -84.0623 -48.2508 35.3967
      vertex -84.0478 -48.1013 32.1925
      vertex -84.0855 -47.5301 32.2589
    endloop
  endfacet
  facet normal 0.997858 0.0649817 0.0075475
    outer loop
      vertex -84.0478 -48.1013 32.1925
      vertex -84.0623 -48.2508 35.3967
      vertex -84.0478 -48.4705 35.3712
    endloop
  endfacet
  facet normal 0.83141 -0.551951 -0.0640919
    outer loop
      vertex -83.2828 -44.6499 35.8148
      vertex -83.1596 -44.0977 32.6575
      vertex -82.9626 -44.174 35.8701
    endloop
  endfacet
  facet normal 0.831404 -0.551959 -0.0640937
    outer loop
      vertex -83.1596 -44.0977 32.6575
      vertex -83.2828 -44.6499 35.8148
      vertex -83.2828 -44.2808 32.6362
    endloop
  endfacet
  facet normal 0.195181 -0.974222 -0.113123
    outer loop
      vertex -79.5788 -41.8268 36.1427
      vertex -78.7962 -41.303 32.982
      vertex -78.7962 -41.6721 36.1607
    endloop
  endfacet
  facet normal 0.195047 -0.974244 -0.11316
    outer loop
      vertex -78.7962 -41.303 32.982
      vertex -79.5788 -41.8268 36.1427
      vertex -79.5788 -41.4576 32.9641
    endloop
  endfacet
  facet normal 0.442349 -0.890857 -0.103447
    outer loop
      vertex -81.05 -42.4321 36.0724
      vertex -80.3344 -41.7124 32.9345
      vertex -80.3344 -42.0815 36.1131
    endloop
  endfacet
  facet normal 0.442349 -0.890857 -0.103447
    outer loop
      vertex -80.3344 -41.7124 32.9345
      vertex -81.05 -42.4321 36.0724
      vertex -81.05 -42.063 32.8938
    endloop
  endfacet
  facet normal -0.896888 -0.439307 -0.0510124
    outer loop
      vertex -72.3643 -44.9917 32.5537
      vertex -72.7172 -44.6499 35.8148
      vertex -72.7172 -44.2808 32.6362
    endloop
  endfacet
  facet normal -0.896888 -0.439307 -0.0510124
    outer loop
      vertex -72.7172 -44.6499 35.8148
      vertex -72.3643 -44.9917 32.5537
      vertex -72.3643 -45.3608 35.7323
    endloop
  endfacet
  facet normal -0.89686 0.439364 0.0510067
    outer loop
      vertex -72.4624 -50.1958 35.1708
      vertex -72.3643 -49.6292 32.0151
      vertex -72.6192 -50.1426 31.9555
    endloop
  endfacet
  facet normal -0.896693 0.439696 0.0510715
    outer loop
      vertex -72.3643 -49.6292 32.0151
      vertex -72.4624 -50.1958 35.1708
      vertex -72.3643 -49.9984 35.1937
    endloop
  endfacet
  facet normal -0.195047 0.974248 0.11313
    outer loop
      vertex -76.4212 -53.1633 31.6047
      vertex -77.2038 -53.687 34.7654
      vertex -76.4212 -53.5324 34.7833
    endloop
  endfacet
  facet normal -0.195061 0.974245 0.113126
    outer loop
      vertex -77.2038 -53.687 34.7654
      vertex -76.4212 -53.1633 31.6047
      vertex -77.2038 -53.3179 31.5867
    endloop
  endfacet
  facet normal -0.44235 0.890857 0.103446
    outer loop
      vertex -75.4668 -52.8111 31.6456
      vertex -75.6656 -53.2776 34.8129
      vertex -75.1488 -53.0244 34.8423
    endloop
  endfacet
  facet normal -0.442347 0.890858 0.103447
    outer loop
      vertex -75.6656 -53.2776 34.8129
      vertex -75.4668 -52.8111 31.6456
      vertex -75.6656 -52.9085 31.6343
    endloop
  endfacet
  facet normal -0.946869 0.319474 0.0370974
    outer loop
      vertex -72.1791 -49.0872 32.078
      vertex -72.1078 -49.2478 35.2809
      vertex -72.1078 -48.8787 32.1023
    endloop
  endfacet
  facet normal -0.946907 0.31936 0.0370925
    outer loop
      vertex -72.1078 -49.2478 35.2809
      vertex -72.1791 -49.0872 32.078
      vertex -72.2931 -49.7899 35.2179
    endloop
  endfacet
  facet normal -0.659286 0.746874 0.0867272
    outer loop
      vertex -74.1199 -51.9724 31.743
      vertex -74.2866 -52.4867 34.9048
      vertex -73.8533 -52.1093 34.9486
    endloop
  endfacet
  facet normal -0.659316 0.746848 0.0867215
    outer loop
      vertex -74.2866 -52.4867 34.9048
      vertex -74.1199 -51.9724 31.743
      vertex -74.2866 -52.1176 31.7261
    endloop
  endfacet
  facet normal -0.555654 0.825865 0.0958967
    outer loop
      vertex -74.2866 -52.1176 31.7261
      vertex -74.95 -52.9271 34.8536
      vertex -74.2866 -52.4867 34.9048
    endloop
  endfacet
  facet normal -0.555558 0.825925 0.0959327
    outer loop
      vertex -74.95 -52.9271 34.8536
      vertex -74.2866 -52.1176 31.7261
      vertex -74.95 -52.5579 31.675
    endloop
  endfacet
  facet normal 0.0653592 0.991198 0.115126
    outer loop
      vertex -78 -53.3697 31.5807
      vertex -78.2212 -53.7245 34.761
      vertex -78 -53.7389 34.7594
    endloop
  endfacet
  facet normal 0.065352 0.991199 0.115125
    outer loop
      vertex -78.2212 -53.7245 34.761
      vertex -78 -53.3697 31.5807
      vertex -78.575 -53.3323 31.5851
    endloop
  endfacet
  facet normal 0.321464 0.940602 0.109223
    outer loop
      vertex -79.5788 -53.5324 34.7833
      vertex -80.3344 -52.9085 31.6343
      vertex -80.3344 -53.2776 34.8129
    endloop
  endfacet
  facet normal 0.321464 0.940602 0.109223
    outer loop
      vertex -80.3344 -52.9085 31.6343
      vertex -79.5788 -53.5324 34.7833
      vertex -79.5788 -53.1633 31.6047
    endloop
  endfacet
  facet normal 0.0655236 0.99119 0.115105
    outer loop
      vertex -78.575 -53.3323 31.5851
      vertex -78.7962 -53.687 34.7654
      vertex -78.2212 -53.7245 34.761
    endloop
  endfacet
  facet normal 0.0653592 0.991202 0.115095
    outer loop
      vertex -78.7962 -53.687 34.7654
      vertex -78.575 -53.3323 31.5851
      vertex -78.7962 -53.3179 31.5867
    endloop
  endfacet
  facet normal 0.441986 0.891031 0.103495
    outer loop
      vertex -80.8512 -53.0244 34.8423
      vertex -81.05 -52.5579 31.675
      vertex -81.05 -52.9271 34.8536
    endloop
  endfacet
  facet normal 0.44235 0.890857 0.103446
    outer loop
      vertex -81.05 -52.5579 31.675
      vertex -80.8512 -53.0244 34.8423
      vertex -80.5332 -52.8111 31.6456
    endloop
  endfacet
  facet normal 0.659286 0.746874 0.0867272
    outer loop
      vertex -81.7134 -52.4867 34.9048
      vertex -81.8801 -51.9724 31.743
      vertex -82.1467 -52.1093 34.9486
    endloop
  endfacet
  facet normal 0.659316 0.746848 0.0867215
    outer loop
      vertex -81.8801 -51.9724 31.743
      vertex -81.7134 -52.4867 34.9048
      vertex -81.7134 -52.1176 31.7261
    endloop
  endfacet
  facet normal 0.751916 0.654858 0.0760449
    outer loop
      vertex -82.4595 -51.7986 34.9847
      vertex -82.3134 -51.595 31.7868
      vertex -82.6933 -51.1646 31.8368
    endloop
  endfacet
  facet normal 0.751869 0.654912 0.0760462
    outer loop
      vertex -82.3134 -51.595 31.7868
      vertex -82.4595 -51.7986 34.9847
      vertex -82.3134 -51.9641 34.9655
    endloop
  endfacet
  facet normal 0.896693 0.439696 0.0510715
    outer loop
      vertex -83.5376 -50.1958 35.1708
      vertex -83.6357 -49.6292 32.0151
      vertex -83.6357 -49.9984 35.1937
    endloop
  endfacet
  facet normal 0.89686 0.439364 0.0510067
    outer loop
      vertex -83.6357 -49.6292 32.0151
      vertex -83.5376 -50.1958 35.1708
      vertex -83.3808 -50.1426 31.9555
    endloop
  endfacet
  facet normal 0.94694 0.319265 0.0370701
    outer loop
      vertex -83.7069 -49.7899 35.2179
      vertex -83.6357 -49.6292 32.0151
      vertex -83.8209 -49.0872 32.078
    endloop
  endfacet
  facet normal 0.947001 0.319086 0.0370625
    outer loop
      vertex -83.6357 -49.6292 32.0151
      vertex -83.7069 -49.7899 35.2179
      vertex -83.6357 -49.9984 35.1937
    endloop
  endfacet
  facet normal 0.997858 -0.0649833 -0.00754769
    outer loop
      vertex -84.0478 -46.8887 35.5549
      vertex -84.1 -47.3104 32.2844
      vertex -84.0478 -46.5195 32.3762
    endloop
  endfacet
  facet normal 0.997858 -0.0649823 -0.00754781
    outer loop
      vertex -84.1 -47.3104 32.2844
      vertex -84.0478 -46.8887 35.5549
      vertex -84.1 -47.6796 35.463
    endloop
  endfacet
  facet normal 0.980792 -0.193756 -0.0224908
    outer loop
      vertex -84.0046 -46.6727 35.5799
      vertex -84.0478 -46.5195 32.3762
      vertex -83.9354 -45.9581 32.4414
    endloop
  endfacet
  facet normal 0.98083 -0.193564 -0.0224821
    outer loop
      vertex -84.0478 -46.5195 32.3762
      vertex -84.0046 -46.6727 35.5799
      vertex -84.0478 -46.8887 35.5549
    endloop
  endfacet
  facet normal 0.751841 -0.654944 -0.0760499
    outer loop
      vertex -82.3134 -43.395 35.9606
      vertex -82.8395 -43.6218 32.7127
      vertex -82.3134 -43.0259 32.7819
    endloop
  endfacet
  facet normal 0.751841 -0.654944 -0.0760499
    outer loop
      vertex -82.8395 -43.6218 32.7127
      vertex -82.3134 -43.395 35.9606
      vertex -82.8395 -43.9909 35.8914
    endloop
  endfacet
  facet normal 0.896888 -0.439307 -0.0510124
    outer loop
      vertex -83.2828 -44.6499 35.8148
      vertex -83.6357 -44.9917 32.5537
      vertex -83.2828 -44.2808 32.6362
    endloop
  endfacet
  facet normal 0.896888 -0.439307 -0.0510124
    outer loop
      vertex -83.6357 -44.9917 32.5537
      vertex -83.2828 -44.6499 35.8148
      vertex -83.6357 -45.3608 35.7323
    endloop
  endfacet
  facet normal -0.94692 -0.319323 -0.0370799
    outer loop
      vertex -72.1078 -45.7422 32.4665
      vertex -72.3643 -45.3608 35.7323
      vertex -72.3643 -44.9917 32.5537
    endloop
  endfacet
  facet normal -0.94692 -0.319323 -0.0370799
    outer loop
      vertex -72.3643 -45.3608 35.7323
      vertex -72.1078 -45.7422 32.4665
      vertex -72.1078 -46.1113 35.6451
    endloop
  endfacet
  facet normal -0.980813 0.19365 0.0224867
    outer loop
      vertex -72.1078 -49.2478 35.2809
      vertex -72.0646 -48.6628 32.1273
      vertex -72.1078 -48.8787 32.1023
    endloop
  endfacet
  facet normal -0.980792 0.193754 0.0225063
    outer loop
      vertex -72.0646 -48.6628 32.1273
      vertex -72.1078 -49.2478 35.2809
      vertex -71.9954 -48.6864 35.3461
    endloop
  endfacet
  facet normal 0.751645 0.655166 0.0760756
    outer loop
      vertex -82.8395 -51.3682 35.0347
      vertex -82.6933 -51.1646 31.8368
      vertex -82.8395 -50.9991 31.856
    endloop
  endfacet
  facet normal 0.75183 0.654954 0.0760706
    outer loop
      vertex -82.6933 -51.1646 31.8368
      vertex -82.8395 -51.3682 35.0347
      vertex -82.4595 -51.7986 34.9847
    endloop
  endfacet
  facet normal 0.555558 -0.825928 -0.095907
    outer loop
      vertex -81.7134 -42.8724 36.0213
      vertex -81.05 -42.063 32.8938
      vertex -81.05 -42.4321 36.0724
    endloop
  endfacet
  facet normal 0.555568 -0.825922 -0.0959033
    outer loop
      vertex -81.05 -42.063 32.8938
      vertex -81.7134 -42.8724 36.0213
      vertex -81.7134 -42.5033 32.8426
    endloop
  endfacet
  facet normal 0.659294 -0.746867 -0.0867237
    outer loop
      vertex -82.3134 -43.395 35.9606
      vertex -81.7134 -42.5033 32.8426
      vertex -81.7134 -42.8724 36.0213
    endloop
  endfacet
  facet normal 0.659294 -0.746867 -0.0867237
    outer loop
      vertex -81.7134 -42.5033 32.8426
      vertex -82.3134 -43.395 35.9606
      vertex -82.3134 -43.0259 32.7819
    endloop
  endfacet
  facet normal 0.831612 -0.55165 -0.0640557
    outer loop
      vertex -82.9626 -44.174 35.8701
      vertex -82.8395 -43.6218 32.7127
      vertex -82.8395 -43.9909 35.8914
    endloop
  endfacet
  facet normal 0.831484 -0.551839 -0.0640938
    outer loop
      vertex -82.8395 -43.6218 32.7127
      vertex -82.9626 -44.174 35.8701
      vertex -83.1596 -44.0977 32.6575
    endloop
  endfacet
  facet normal -0.89686 0.439364 0.0510067
    outer loop
      vertex -34.4624 -50.1958 35.1708
      vertex -34.3643 -49.6292 32.0151
      vertex -34.6192 -50.1426 31.9555
    endloop
  endfacet
  facet normal -0.896693 0.439696 0.0510715
    outer loop
      vertex -34.3643 -49.6292 32.0151
      vertex -34.4624 -50.1958 35.1708
      vertex -34.3643 -49.9984 35.1937
    endloop
  endfacet
  facet normal -0.997858 -0.0649833 -0.00754769
    outer loop
      vertex -33.9 -47.3104 32.2844
      vertex -33.9522 -46.8887 35.5549
      vertex -33.9522 -46.5195 32.3762
    endloop
  endfacet
  facet normal -0.997858 -0.0649823 -0.00754781
    outer loop
      vertex -33.9522 -46.8887 35.5549
      vertex -33.9 -47.3104 32.2844
      vertex -33.9 -47.6796 35.463
    endloop
  endfacet
  facet normal 0.065332 -0.991203 -0.115101
    outer loop
      vertex -40.7962 -41.6721 36.1607
      vertex -40.575 -41.2886 32.9837
      vertex -40.2212 -41.6347 36.165
    endloop
  endfacet
  facet normal 0.065411 -0.991199 -0.115095
    outer loop
      vertex -40.575 -41.2886 32.9837
      vertex -40.7962 -41.6721 36.1607
      vertex -40.7962 -41.303 32.982
    endloop
  endfacet
  facet normal 0.980759 0.193922 0.0225069
    outer loop
      vertex -45.8921 -49.2478 35.2809
      vertex -45.9354 -48.6628 32.1273
      vertex -46.0046 -48.6864 35.3461
    endloop
  endfacet
  facet normal 0.980727 0.194081 0.0225367
    outer loop
      vertex -45.9354 -48.6628 32.1273
      vertex -45.8921 -49.2478 35.2809
      vertex -45.8921 -48.8787 32.1023
    endloop
  endfacet
  facet normal 0.947006 0.319072 0.0370507
    outer loop
      vertex -45.8921 -49.2478 35.2809
      vertex -45.8209 -49.0872 32.078
      vertex -45.8921 -48.8787 32.1023
    endloop
  endfacet
  facet normal 0.94696 0.319208 0.0370565
    outer loop
      vertex -45.8209 -49.0872 32.078
      vertex -45.8921 -49.2478 35.2809
      vertex -45.7069 -49.7899 35.2179
    endloop
  endfacet
  facet normal 0.980792 -0.193756 -0.0224908
    outer loop
      vertex -46.0046 -46.6727 35.5799
      vertex -46.0478 -46.5195 32.3762
      vertex -45.9354 -45.9581 32.4414
    endloop
  endfacet
  facet normal 0.98083 -0.193564 -0.0224821
    outer loop
      vertex -46.0478 -46.5195 32.3762
      vertex -46.0046 -46.6727 35.5799
      vertex -46.0478 -46.8887 35.5549
    endloop
  endfacet
  facet normal -0.831404 -0.551959 -0.0640937
    outer loop
      vertex -34.7172 -44.6499 35.8148
      vertex -34.8404 -44.0977 32.6575
      vertex -34.7172 -44.2808 32.6362
    endloop
  endfacet
  facet normal -0.83141 -0.551951 -0.0640919
    outer loop
      vertex -34.8404 -44.0977 32.6575
      vertex -34.7172 -44.6499 35.8148
      vertex -35.0374 -44.174 35.8701
    endloop
  endfacet
  facet normal -0.659294 -0.746867 -0.0867237
    outer loop
      vertex -36.2866 -42.5033 32.8426
      vertex -35.6866 -43.395 35.9606
      vertex -36.2866 -42.8724 36.0213
    endloop
  endfacet
  facet normal -0.659294 -0.746867 -0.0867237
    outer loop
      vertex -35.6866 -43.395 35.9606
      vertex -36.2866 -42.5033 32.8426
      vertex -35.6866 -43.0259 32.7819
    endloop
  endfacet
  facet normal -0.751916 0.654858 0.0760449
    outer loop
      vertex -35.6866 -51.595 31.7868
      vertex -35.5405 -51.7986 34.9847
      vertex -35.3067 -51.1646 31.8368
    endloop
  endfacet
  facet normal -0.751869 0.654912 0.0760462
    outer loop
      vertex -35.5405 -51.7986 34.9847
      vertex -35.6866 -51.595 31.7868
      vertex -35.6866 -51.9641 34.9655
    endloop
  endfacet
  facet normal -0.0653592 0.991202 0.115095
    outer loop
      vertex -39.425 -53.3323 31.5851
      vertex -39.2038 -53.687 34.7654
      vertex -39.2038 -53.3179 31.5867
    endloop
  endfacet
  facet normal -0.0655236 0.99119 0.115105
    outer loop
      vertex -39.2038 -53.687 34.7654
      vertex -39.425 -53.3323 31.5851
      vertex -39.7788 -53.7245 34.761
    endloop
  endfacet
  facet normal 0.32144 -0.940608 -0.109243
    outer loop
      vertex -41.7887 -41.5284 32.9558
      vertex -41.5788 -41.8268 36.1427
      vertex -42.1245 -42.0108 36.1213
    endloop
  endfacet
  facet normal 0.321574 -0.940561 -0.109248
    outer loop
      vertex -41.5788 -41.8268 36.1427
      vertex -41.7887 -41.5284 32.9558
      vertex -41.5788 -41.4576 32.9641
    endloop
  endfacet
  facet normal -0.321422 -0.940613 -0.109246
    outer loop
      vertex -37.6656 -41.7124 32.9345
      vertex -37.8755 -42.0108 36.1213
      vertex -38.2113 -41.5284 32.9558
    endloop
  endfacet
  facet normal -0.321126 -0.940715 -0.109236
    outer loop
      vertex -37.8755 -42.0108 36.1213
      vertex -37.6656 -41.7124 32.9345
      vertex -37.6656 -42.0815 36.1131
    endloop
  endfacet
  facet normal -0.065411 -0.991199 -0.115095
    outer loop
      vertex -40 -41.2512 32.988
      vertex -39.7788 -41.6347 36.165
      vertex -40 -41.6203 36.1667
    endloop
  endfacet
  facet normal -0.065332 -0.991203 -0.115101
    outer loop
      vertex -39.7788 -41.6347 36.165
      vertex -40 -41.2512 32.988
      vertex -39.425 -41.2886 32.9837
    endloop
  endfacet
  facet normal -0.659286 0.746874 0.0867272
    outer loop
      vertex -36.1199 -51.9724 31.743
      vertex -36.2866 -52.4867 34.9048
      vertex -35.8533 -52.1093 34.9486
    endloop
  endfacet
  facet normal -0.659316 0.746848 0.0867215
    outer loop
      vertex -36.2866 -52.4867 34.9048
      vertex -36.1199 -51.9724 31.743
      vertex -36.2866 -52.1176 31.7261
    endloop
  endfacet
  facet normal 0.94694 0.319265 0.0370701
    outer loop
      vertex -45.7069 -49.7899 35.2179
      vertex -45.6357 -49.6292 32.0151
      vertex -45.8209 -49.0872 32.078
    endloop
  endfacet
  facet normal 0.947001 0.319086 0.0370625
    outer loop
      vertex -45.6357 -49.6292 32.0151
      vertex -45.7069 -49.7899 35.2179
      vertex -45.6357 -49.9984 35.1937
    endloop
  endfacet
  facet normal -0.89696 0.439161 0.0509955
    outer loop
      vertex -34.7172 -50.7092 35.1112
      vertex -34.6192 -50.1426 31.9555
      vertex -34.7172 -50.3401 31.9326
    endloop
  endfacet
  facet normal -0.896929 0.439224 0.0510077
    outer loop
      vertex -34.6192 -50.1426 31.9555
      vertex -34.7172 -50.7092 35.1112
      vertex -34.4624 -50.1958 35.1708
    endloop
  endfacet
  facet normal -0.321464 0.940602 0.109223
    outer loop
      vertex -37.6656 -52.9085 31.6343
      vertex -38.4212 -53.5324 34.7833
      vertex -37.6656 -53.2776 34.8129
    endloop
  endfacet
  facet normal -0.321464 0.940602 0.109223
    outer loop
      vertex -38.4212 -53.5324 34.7833
      vertex -37.6656 -52.9085 31.6343
      vertex -38.4212 -53.1633 31.6047
    endloop
  endfacet
  facet normal 0.065411 -0.991199 -0.115095
    outer loop
      vertex -40.2212 -41.6347 36.165
      vertex -40 -41.2512 32.988
      vertex -40 -41.6203 36.1667
    endloop
  endfacet
  facet normal 0.065332 -0.991203 -0.115101
    outer loop
      vertex -40 -41.2512 32.988
      vertex -40.2212 -41.6347 36.165
      vertex -40.575 -41.2886 32.9837
    endloop
  endfacet
  facet normal 0.997858 -0.0649833 -0.00754769
    outer loop
      vertex -46.0478 -46.8887 35.5549
      vertex -46.1 -47.3104 32.2844
      vertex -46.0478 -46.5195 32.3762
    endloop
  endfacet
  facet normal 0.997858 -0.0649823 -0.00754781
    outer loop
      vertex -46.1 -47.3104 32.2844
      vertex -46.0478 -46.8887 35.5549
      vertex -46.1 -47.6796 35.463
    endloop
  endfacet
  facet normal 0.751645 0.655166 0.0760756
    outer loop
      vertex -44.8395 -51.3682 35.0347
      vertex -44.6933 -51.1646 31.8368
      vertex -44.8395 -50.9991 31.856
    endloop
  endfacet
  facet normal 0.75183 0.654954 0.0760706
    outer loop
      vertex -44.6933 -51.1646 31.8368
      vertex -44.8395 -51.3682 35.0347
      vertex -44.4595 -51.7986 34.9847
    endloop
  endfacet
  facet normal 0.321126 -0.940715 -0.109236
    outer loop
      vertex -42.3344 -41.7124 32.9345
      vertex -42.1245 -42.0108 36.1213
      vertex -42.3344 -42.0815 36.1131
    endloop
  endfacet
  facet normal 0.321422 -0.940613 -0.109246
    outer loop
      vertex -42.1245 -42.0108 36.1213
      vertex -42.3344 -41.7124 32.9345
      vertex -41.7887 -41.5284 32.9558
    endloop
  endfacet
  facet normal -0.831484 -0.551839 -0.0640938
    outer loop
      vertex -35.0374 -44.174 35.8701
      vertex -35.1605 -43.6218 32.7127
      vertex -34.8404 -44.0977 32.6575
    endloop
  endfacet
  facet normal -0.831612 -0.55165 -0.0640557
    outer loop
      vertex -35.1605 -43.6218 32.7127
      vertex -35.0374 -44.174 35.8701
      vertex -35.1605 -43.9909 35.8914
    endloop
  endfacet
  facet normal -0.751841 -0.654944 -0.0760499
    outer loop
      vertex -35.1605 -43.6218 32.7127
      vertex -35.6866 -43.395 35.9606
      vertex -35.6866 -43.0259 32.7819
    endloop
  endfacet
  facet normal -0.751841 -0.654944 -0.0760499
    outer loop
      vertex -35.6866 -43.395 35.9606
      vertex -35.1605 -43.6218 32.7127
      vertex -35.1605 -43.9909 35.8914
    endloop
  endfacet
  facet normal -0.980729 -0.194071 -0.0225356
    outer loop
      vertex -34.0646 -45.9581 32.4414
      vertex -34.1079 -46.1113 35.6451
      vertex -34.1079 -45.7422 32.4665
    endloop
  endfacet
  facet normal -0.980759 -0.19392 -0.0225287
    outer loop
      vertex -34.1079 -46.1113 35.6451
      vertex -34.0646 -45.9581 32.4414
      vertex -33.9954 -46.6727 35.5799
    endloop
  endfacet
  facet normal -0.980792 -0.193756 -0.0224908
    outer loop
      vertex -33.9522 -46.5195 32.3762
      vertex -33.9954 -46.6727 35.5799
      vertex -34.0646 -45.9581 32.4414
    endloop
  endfacet
  facet normal -0.98083 -0.193564 -0.0224821
    outer loop
      vertex -33.9954 -46.6727 35.5799
      vertex -33.9522 -46.5195 32.3762
      vertex -33.9522 -46.8887 35.5549
    endloop
  endfacet
  facet normal -0.195181 -0.974222 -0.113123
    outer loop
      vertex -39.2038 -41.303 32.982
      vertex -38.4212 -41.8268 36.1427
      vertex -39.2038 -41.6721 36.1607
    endloop
  endfacet
  facet normal -0.195047 -0.974244 -0.11316
    outer loop
      vertex -38.4212 -41.8268 36.1427
      vertex -39.2038 -41.303 32.982
      vertex -38.4212 -41.4576 32.9641
    endloop
  endfacet
  facet normal -0.980798 0.193721 0.0225062
    outer loop
      vertex -33.9954 -48.6864 35.3461
      vertex -33.9522 -48.1013 32.1925
      vertex -34.0646 -48.6628 32.1273
    endloop
  endfacet
  facet normal -0.980815 0.193639 0.0224908
    outer loop
      vertex -33.9522 -48.1013 32.1925
      vertex -33.9954 -48.6864 35.3461
      vertex -33.9522 -48.4705 35.3712
    endloop
  endfacet
  facet normal -0.751645 0.655166 0.0760756
    outer loop
      vertex -35.3067 -51.1646 31.8368
      vertex -35.1605 -51.3682 35.0347
      vertex -35.1605 -50.9991 31.856
    endloop
  endfacet
  facet normal -0.75183 0.654954 0.0760706
    outer loop
      vertex -35.1605 -51.3682 35.0347
      vertex -35.3067 -51.1646 31.8368
      vertex -35.5405 -51.7986 34.9847
    endloop
  endfacet
  facet normal 0.659316 0.746848 0.0867215
    outer loop
      vertex -44.1467 -52.1093 34.9486
      vertex -44.3134 -51.595 31.7868
      vertex -44.3134 -51.9641 34.9655
    endloop
  endfacet
  facet normal 0.659286 0.746874 0.0867272
    outer loop
      vertex -44.3134 -51.595 31.7868
      vertex -44.1467 -52.1093 34.9486
      vertex -43.8801 -51.9724 31.743
    endloop
  endfacet
  facet normal 0.659286 0.746874 0.0867272
    outer loop
      vertex -43.7134 -52.4867 34.9048
      vertex -43.8801 -51.9724 31.743
      vertex -44.1467 -52.1093 34.9486
    endloop
  endfacet
  facet normal 0.659316 0.746848 0.0867215
    outer loop
      vertex -43.8801 -51.9724 31.743
      vertex -43.7134 -52.4867 34.9048
      vertex -43.7134 -52.1176 31.7261
    endloop
  endfacet
  facet normal 0.997858 0.0649817 0.00754774
    outer loop
      vertex -46.1 -47.6796 35.463
      vertex -46.0855 -47.5301 32.2589
      vertex -46.1 -47.3104 32.2844
    endloop
  endfacet
  facet normal 0.997858 0.0649839 0.00754784
    outer loop
      vertex -46.0855 -47.5301 32.2589
      vertex -46.1 -47.6796 35.463
      vertex -46.0623 -48.2508 35.3967
    endloop
  endfacet
  facet normal 0.321464 0.940602 0.109223
    outer loop
      vertex -41.5788 -53.5324 34.7833
      vertex -42.3344 -52.9085 31.6343
      vertex -42.3344 -53.2776 34.8129
    endloop
  endfacet
  facet normal 0.321464 0.940602 0.109223
    outer loop
      vertex -42.3344 -52.9085 31.6343
      vertex -41.5788 -53.5324 34.7833
      vertex -41.5788 -53.1633 31.6047
    endloop
  endfacet
  facet normal 0.442349 -0.890857 -0.103447
    outer loop
      vertex -43.05 -42.4321 36.0724
      vertex -42.3344 -41.7124 32.9345
      vertex -42.3344 -42.0815 36.1131
    endloop
  endfacet
  facet normal 0.442349 -0.890857 -0.103447
    outer loop
      vertex -42.3344 -41.7124 32.9345
      vertex -43.05 -42.4321 36.0724
      vertex -43.05 -42.063 32.8938
    endloop
  endfacet
  facet normal 0.980815 0.193639 0.0224908
    outer loop
      vertex -46.0046 -48.6864 35.3461
      vertex -46.0478 -48.1013 32.1925
      vertex -46.0478 -48.4705 35.3712
    endloop
  endfacet
  facet normal 0.980798 0.193721 0.0225062
    outer loop
      vertex -46.0478 -48.1013 32.1925
      vertex -46.0046 -48.6864 35.3461
      vertex -45.9354 -48.6628 32.1273
    endloop
  endfacet
  facet normal -0.065332 -0.991203 -0.115101
    outer loop
      vertex -39.425 -41.2886 32.9837
      vertex -39.2038 -41.6721 36.1607
      vertex -39.7788 -41.6347 36.165
    endloop
  endfacet
  facet normal -0.065411 -0.991199 -0.115095
    outer loop
      vertex -39.2038 -41.6721 36.1607
      vertex -39.425 -41.2886 32.9837
      vertex -39.2038 -41.303 32.982
    endloop
  endfacet
  facet normal -0.321574 -0.940561 -0.109248
    outer loop
      vertex -38.2113 -41.5284 32.9558
      vertex -38.4212 -41.8268 36.1427
      vertex -38.4212 -41.4576 32.9641
    endloop
  endfacet
  facet normal -0.32144 -0.940608 -0.109243
    outer loop
      vertex -38.4212 -41.8268 36.1427
      vertex -38.2113 -41.5284 32.9558
      vertex -37.8755 -42.0108 36.1213
    endloop
  endfacet
  facet normal -0.555558 -0.825928 -0.095907
    outer loop
      vertex -36.95 -42.063 32.8938
      vertex -36.2866 -42.8724 36.0213
      vertex -36.95 -42.4321 36.0724
    endloop
  endfacet
  facet normal -0.555568 -0.825922 -0.0959033
    outer loop
      vertex -36.2866 -42.8724 36.0213
      vertex -36.95 -42.063 32.8938
      vertex -36.2866 -42.5033 32.8426
    endloop
  endfacet
  facet normal -0.997858 0.0649826 0.00754754
    outer loop
      vertex -33.9522 -48.1013 32.1925
      vertex -33.9377 -48.2508 35.3967
      vertex -33.9145 -47.5301 32.2589
    endloop
  endfacet
  facet normal -0.997858 0.0649817 0.0075475
    outer loop
      vertex -33.9377 -48.2508 35.3967
      vertex -33.9522 -48.1013 32.1925
      vertex -33.9522 -48.4705 35.3712
    endloop
  endfacet
  facet normal -0.997858 0.0649817 0.00754774
    outer loop
      vertex -33.9145 -47.5301 32.2589
      vertex -33.9 -47.6796 35.463
      vertex -33.9 -47.3104 32.2844
    endloop
  endfacet
  facet normal -0.997858 0.0649839 0.00754784
    outer loop
      vertex -33.9 -47.6796 35.463
      vertex -33.9145 -47.5301 32.2589
      vertex -33.9377 -48.2508 35.3967
    endloop
  endfacet
  facet normal -0.831466 0.551867 0.064083
    outer loop
      vertex -35.1605 -50.9991 31.856
      vertex -34.7172 -50.7092 35.1112
      vertex -34.7172 -50.3401 31.9326
    endloop
  endfacet
  facet normal -0.831462 0.551874 0.0640817
    outer loop
      vertex -34.7172 -50.7092 35.1112
      vertex -35.1605 -50.9991 31.856
      vertex -35.1605 -51.3682 35.0347
    endloop
  endfacet
  facet normal -0.659316 0.746848 0.0867215
    outer loop
      vertex -35.6866 -51.595 31.7868
      vertex -35.8533 -52.1093 34.9486
      vertex -35.6866 -51.9641 34.9655
    endloop
  endfacet
  facet normal -0.659286 0.746874 0.0867272
    outer loop
      vertex -35.8533 -52.1093 34.9486
      vertex -35.6866 -51.595 31.7868
      vertex -36.1199 -51.9724 31.743
    endloop
  endfacet
  facet normal -0.065352 0.991199 0.115125
    outer loop
      vertex -40 -53.3697 31.5807
      vertex -39.7788 -53.7245 34.761
      vertex -39.425 -53.3323 31.5851
    endloop
  endfacet
  facet normal -0.0653592 0.991198 0.115126
    outer loop
      vertex -39.7788 -53.7245 34.761
      vertex -40 -53.3697 31.5807
      vertex -40 -53.7389 34.7594
    endloop
  endfacet
  facet normal 0.751916 0.654858 0.0760449
    outer loop
      vertex -44.4595 -51.7986 34.9847
      vertex -44.3134 -51.595 31.7868
      vertex -44.6933 -51.1646 31.8368
    endloop
  endfacet
  facet normal 0.751869 0.654912 0.0760462
    outer loop
      vertex -44.3134 -51.595 31.7868
      vertex -44.4595 -51.7986 34.9847
      vertex -44.3134 -51.9641 34.9655
    endloop
  endfacet
  facet normal 0.896929 0.439224 0.0510077
    outer loop
      vertex -45.2828 -50.7092 35.1112
      vertex -45.3808 -50.1426 31.9555
      vertex -45.5376 -50.1958 35.1708
    endloop
  endfacet
  facet normal 0.89696 0.439161 0.0509955
    outer loop
      vertex -45.3808 -50.1426 31.9555
      vertex -45.2828 -50.7092 35.1112
      vertex -45.2828 -50.3401 31.9326
    endloop
  endfacet
  facet normal 0.751841 -0.654944 -0.0760499
    outer loop
      vertex -44.3134 -43.395 35.9606
      vertex -44.8395 -43.6218 32.7127
      vertex -44.3134 -43.0259 32.7819
    endloop
  endfacet
  facet normal 0.751841 -0.654944 -0.0760499
    outer loop
      vertex -44.8395 -43.6218 32.7127
      vertex -44.3134 -43.395 35.9606
      vertex -44.8395 -43.9909 35.8914
    endloop
  endfacet
  facet normal 0.980729 -0.194071 -0.0225356
    outer loop
      vertex -45.8921 -46.1113 35.6451
      vertex -45.9354 -45.9581 32.4414
      vertex -45.8921 -45.7422 32.4665
    endloop
  endfacet
  facet normal 0.980759 -0.19392 -0.0225287
    outer loop
      vertex -45.9354 -45.9581 32.4414
      vertex -45.8921 -46.1113 35.6451
      vertex -46.0046 -46.6727 35.5799
    endloop
  endfacet
  facet normal -0.442349 -0.890857 -0.103447
    outer loop
      vertex -37.6656 -41.7124 32.9345
      vertex -36.95 -42.4321 36.0724
      vertex -37.6656 -42.0815 36.1131
    endloop
  endfacet
  facet normal -0.442349 -0.890857 -0.103447
    outer loop
      vertex -36.95 -42.4321 36.0724
      vertex -37.6656 -41.7124 32.9345
      vertex -36.95 -42.063 32.8938
    endloop
  endfacet
  facet normal 0.997858 0.0649826 0.00754754
    outer loop
      vertex -46.0623 -48.2508 35.3967
      vertex -46.0478 -48.1013 32.1925
      vertex -46.0855 -47.5301 32.2589
    endloop
  endfacet
  facet normal 0.997858 0.0649817 0.0075475
    outer loop
      vertex -46.0478 -48.1013 32.1925
      vertex -46.0623 -48.2508 35.3967
      vertex -46.0478 -48.4705 35.3712
    endloop
  endfacet
  facet normal 0.83141 -0.551951 -0.0640919
    outer loop
      vertex -45.2828 -44.6499 35.8148
      vertex -45.1596 -44.0977 32.6575
      vertex -44.9626 -44.174 35.8701
    endloop
  endfacet
  facet normal 0.831404 -0.551959 -0.0640937
    outer loop
      vertex -45.1596 -44.0977 32.6575
      vertex -45.2828 -44.6499 35.8148
      vertex -45.2828 -44.2808 32.6362
    endloop
  endfacet
  facet normal 0.195181 -0.974222 -0.113123
    outer loop
      vertex -41.5788 -41.8268 36.1427
      vertex -40.7962 -41.303 32.982
      vertex -40.7962 -41.6721 36.1607
    endloop
  endfacet
  facet normal 0.195047 -0.974244 -0.11316
    outer loop
      vertex -40.7962 -41.303 32.982
      vertex -41.5788 -41.8268 36.1427
      vertex -41.5788 -41.4576 32.9641
    endloop
  endfacet
  facet normal -0.896888 -0.439307 -0.0510124
    outer loop
      vertex -34.3643 -44.9917 32.5537
      vertex -34.7172 -44.6499 35.8148
      vertex -34.7172 -44.2808 32.6362
    endloop
  endfacet
  facet normal -0.896888 -0.439307 -0.0510124
    outer loop
      vertex -34.7172 -44.6499 35.8148
      vertex -34.3643 -44.9917 32.5537
      vertex -34.3643 -45.3608 35.7323
    endloop
  endfacet
  facet normal -0.94694 0.319265 0.0370701
    outer loop
      vertex -34.3643 -49.6292 32.0151
      vertex -34.2931 -49.7899 35.2179
      vertex -34.1791 -49.0872 32.078
    endloop
  endfacet
  facet normal -0.947001 0.319086 0.0370625
    outer loop
      vertex -34.2931 -49.7899 35.2179
      vertex -34.3643 -49.6292 32.0151
      vertex -34.3643 -49.9984 35.1937
    endloop
  endfacet
  facet normal -0.195047 0.974248 0.11313
    outer loop
      vertex -38.4212 -53.1633 31.6047
      vertex -39.2038 -53.687 34.7654
      vertex -38.4212 -53.5324 34.7833
    endloop
  endfacet
  facet normal -0.195061 0.974245 0.113126
    outer loop
      vertex -39.2038 -53.687 34.7654
      vertex -38.4212 -53.1633 31.6047
      vertex -39.2038 -53.3179 31.5867
    endloop
  endfacet
  facet normal -0.44235 0.890857 0.103446
    outer loop
      vertex -37.4668 -52.8111 31.6456
      vertex -37.6656 -53.2776 34.8129
      vertex -37.1488 -53.0244 34.8423
    endloop
  endfacet
  facet normal -0.442347 0.890858 0.103447
    outer loop
      vertex -37.6656 -53.2776 34.8129
      vertex -37.4668 -52.8111 31.6456
      vertex -37.6656 -52.9085 31.6343
    endloop
  endfacet
  facet normal -0.947006 0.319072 0.0370507
    outer loop
      vertex -34.1791 -49.0872 32.078
      vertex -34.1079 -49.2478 35.2809
      vertex -34.1079 -48.8787 32.1023
    endloop
  endfacet
  facet normal -0.94696 0.319208 0.0370565
    outer loop
      vertex -34.1079 -49.2478 35.2809
      vertex -34.1791 -49.0872 32.078
      vertex -34.2931 -49.7899 35.2179
    endloop
  endfacet
  facet normal -0.555654 0.825865 0.0958967
    outer loop
      vertex -36.2866 -52.1176 31.7261
      vertex -36.95 -52.9271 34.8536
      vertex -36.2866 -52.4867 34.9048
    endloop
  endfacet
  facet normal -0.555558 0.825925 0.0959327
    outer loop
      vertex -36.95 -52.9271 34.8536
      vertex -36.2866 -52.1176 31.7261
      vertex -36.95 -52.5579 31.675
    endloop
  endfacet
  facet normal -0.441986 0.891031 0.103495
    outer loop
      vertex -36.95 -52.5579 31.675
      vertex -37.1488 -53.0244 34.8423
      vertex -36.95 -52.9271 34.8536
    endloop
  endfacet
  facet normal -0.44235 0.890857 0.103446
    outer loop
      vertex -37.1488 -53.0244 34.8423
      vertex -36.95 -52.5579 31.675
      vertex -37.4668 -52.8111 31.6456
    endloop
  endfacet
  facet normal 0.0653592 0.991198 0.115126
    outer loop
      vertex -40 -53.3697 31.5807
      vertex -40.2212 -53.7245 34.761
      vertex -40 -53.7389 34.7594
    endloop
  endfacet
  facet normal 0.065352 0.991199 0.115125
    outer loop
      vertex -40.2212 -53.7245 34.761
      vertex -40 -53.3697 31.5807
      vertex -40.575 -53.3323 31.5851
    endloop
  endfacet
  facet normal 0.195047 0.974248 0.11313
    outer loop
      vertex -40.7962 -53.687 34.7654
      vertex -41.5788 -53.1633 31.6047
      vertex -41.5788 -53.5324 34.7833
    endloop
  endfacet
  facet normal 0.195061 0.974245 0.113126
    outer loop
      vertex -41.5788 -53.1633 31.6047
      vertex -40.7962 -53.687 34.7654
      vertex -40.7962 -53.3179 31.5867
    endloop
  endfacet
  facet normal 0.0655236 0.99119 0.115105
    outer loop
      vertex -40.575 -53.3323 31.5851
      vertex -40.7962 -53.687 34.7654
      vertex -40.2212 -53.7245 34.761
    endloop
  endfacet
  facet normal 0.0653592 0.991202 0.115095
    outer loop
      vertex -40.7962 -53.687 34.7654
      vertex -40.575 -53.3323 31.5851
      vertex -40.7962 -53.3179 31.5867
    endloop
  endfacet
  facet normal 0.44235 0.890857 0.103446
    outer loop
      vertex -42.3344 -53.2776 34.8129
      vertex -42.5332 -52.8111 31.6456
      vertex -42.8512 -53.0244 34.8423
    endloop
  endfacet
  facet normal 0.442347 0.890858 0.103447
    outer loop
      vertex -42.5332 -52.8111 31.6456
      vertex -42.3344 -53.2776 34.8129
      vertex -42.3344 -52.9085 31.6343
    endloop
  endfacet
  facet normal 0.896693 0.439696 0.0510715
    outer loop
      vertex -45.5376 -50.1958 35.1708
      vertex -45.6357 -49.6292 32.0151
      vertex -45.6357 -49.9984 35.1937
    endloop
  endfacet
  facet normal 0.89686 0.439364 0.0510067
    outer loop
      vertex -45.6357 -49.6292 32.0151
      vertex -45.5376 -50.1958 35.1708
      vertex -45.3808 -50.1426 31.9555
    endloop
  endfacet
  facet normal 0.831466 0.551867 0.064083
    outer loop
      vertex -45.2828 -50.7092 35.1112
      vertex -44.8395 -50.9991 31.856
      vertex -45.2828 -50.3401 31.9326
    endloop
  endfacet
  facet normal 0.831462 0.551874 0.0640817
    outer loop
      vertex -44.8395 -50.9991 31.856
      vertex -45.2828 -50.7092 35.1112
      vertex -44.8395 -51.3682 35.0347
    endloop
  endfacet
  facet normal -0.946958 -0.319211 -0.0370669
    outer loop
      vertex -34.1079 -45.7422 32.4665
      vertex -34.3643 -45.3608 35.7323
      vertex -34.3643 -44.9917 32.5537
    endloop
  endfacet
  facet normal -0.946958 -0.319211 -0.0370669
    outer loop
      vertex -34.3643 -45.3608 35.7323
      vertex -34.1079 -45.7422 32.4665
      vertex -34.1079 -46.1113 35.6451
    endloop
  endfacet
  facet normal -0.980727 0.194081 0.0225367
    outer loop
      vertex -34.1079 -49.2478 35.2809
      vertex -34.0646 -48.6628 32.1273
      vertex -34.1079 -48.8787 32.1023
    endloop
  endfacet
  facet normal -0.980759 0.193922 0.0225069
    outer loop
      vertex -34.0646 -48.6628 32.1273
      vertex -34.1079 -49.2478 35.2809
      vertex -33.9954 -48.6864 35.3461
    endloop
  endfacet
  facet normal 0.441986 0.891031 0.103495
    outer loop
      vertex -42.8512 -53.0244 34.8423
      vertex -43.05 -52.5579 31.675
      vertex -43.05 -52.9271 34.8536
    endloop
  endfacet
  facet normal 0.44235 0.890857 0.103446
    outer loop
      vertex -43.05 -52.5579 31.675
      vertex -42.8512 -53.0244 34.8423
      vertex -42.5332 -52.8111 31.6456
    endloop
  endfacet
  facet normal 0.555654 0.825865 0.0958967
    outer loop
      vertex -43.05 -52.9271 34.8536
      vertex -43.7134 -52.1176 31.7261
      vertex -43.7134 -52.4867 34.9048
    endloop
  endfacet
  facet normal 0.555558 0.825925 0.0959327
    outer loop
      vertex -43.7134 -52.1176 31.7261
      vertex -43.05 -52.9271 34.8536
      vertex -43.05 -52.5579 31.675
    endloop
  endfacet
  facet normal 0.659294 -0.746867 -0.0867237
    outer loop
      vertex -44.3134 -43.395 35.9606
      vertex -43.7134 -42.5033 32.8426
      vertex -43.7134 -42.8724 36.0213
    endloop
  endfacet
  facet normal 0.659294 -0.746867 -0.0867237
    outer loop
      vertex -43.7134 -42.5033 32.8426
      vertex -44.3134 -43.395 35.9606
      vertex -44.3134 -43.0259 32.7819
    endloop
  endfacet
  facet normal 0.946958 -0.319211 -0.0370669
    outer loop
      vertex -45.6357 -45.3608 35.7323
      vertex -45.8921 -45.7422 32.4665
      vertex -45.6357 -44.9917 32.5537
    endloop
  endfacet
  facet normal 0.946958 -0.319211 -0.0370669
    outer loop
      vertex -45.8921 -45.7422 32.4665
      vertex -45.6357 -45.3608 35.7323
      vertex -45.8921 -46.1113 35.6451
    endloop
  endfacet
  facet normal 0.896888 -0.439307 -0.0510124
    outer loop
      vertex -45.2828 -44.6499 35.8148
      vertex -45.6357 -44.9917 32.5537
      vertex -45.2828 -44.2808 32.6362
    endloop
  endfacet
  facet normal 0.896888 -0.439307 -0.0510124
    outer loop
      vertex -45.6357 -44.9917 32.5537
      vertex -45.2828 -44.6499 35.8148
      vertex -45.6357 -45.3608 35.7323
    endloop
  endfacet
  facet normal 0.555558 -0.825928 -0.095907
    outer loop
      vertex -43.7134 -42.8724 36.0213
      vertex -43.05 -42.063 32.8938
      vertex -43.05 -42.4321 36.0724
    endloop
  endfacet
  facet normal 0.555568 -0.825922 -0.0959033
    outer loop
      vertex -43.05 -42.063 32.8938
      vertex -43.7134 -42.8724 36.0213
      vertex -43.7134 -42.5033 32.8426
    endloop
  endfacet
  facet normal 0.831612 -0.55165 -0.0640557
    outer loop
      vertex -44.9626 -44.174 35.8701
      vertex -44.8395 -43.6218 32.7127
      vertex -44.8395 -43.9909 35.8914
    endloop
  endfacet
  facet normal 0.831484 -0.551839 -0.0640938
    outer loop
      vertex -44.8395 -43.6218 32.7127
      vertex -44.9626 -44.174 35.8701
      vertex -45.1596 -44.0977 32.6575
    endloop
  endfacet
  facet normal -0.89688 0.439321 0.0510181
    outer loop
      vertex 3.53763 -50.1958 35.1708
      vertex 3.63566 -49.6292 32.0151
      vertex 3.38079 -50.1426 31.9555
    endloop
  endfacet
  facet normal -0.896819 0.439444 0.0510422
    outer loop
      vertex 3.63566 -49.6292 32.0151
      vertex 3.53763 -50.1958 35.1708
      vertex 3.63566 -49.9984 35.1937
    endloop
  endfacet
  facet normal -0.997859 -0.0649709 -0.00754625
    outer loop
      vertex 4.1 -47.3104 32.2844
      vertex 4.04781 -46.8887 35.5549
      vertex 4.04781 -46.5195 32.3762
    endloop
  endfacet
  facet normal -0.997859 -0.0649699 -0.00754637
    outer loop
      vertex 4.04781 -46.8887 35.5549
      vertex 4.1 -47.3104 32.2844
      vertex 4.1 -47.6796 35.463
    endloop
  endfacet
  facet normal 0.0653275 -0.991203 -0.115102
    outer loop
      vertex -2.79621 -41.6721 36.1607
      vertex -2.57504 -41.2886 32.9837
      vertex -2.22117 -41.6347 36.165
    endloop
  endfacet
  facet normal 0.0654199 -0.991198 -0.115095
    outer loop
      vertex -2.57504 -41.2886 32.9837
      vertex -2.79621 -41.6721 36.1607
      vertex -2.79621 -41.303 32.982
    endloop
  endfacet
  facet normal 0.980785 0.193788 0.0225004
    outer loop
      vertex -7.89215 -49.2478 35.2809
      vertex -7.93539 -48.6628 32.1273
      vertex -8.00457 -48.6864 35.3461
    endloop
  endfacet
  facet normal 0.980778 0.193822 0.0225067
    outer loop
      vertex -7.93539 -48.6628 32.1273
      vertex -7.89215 -49.2478 35.2809
      vertex -7.89215 -48.8787 32.1023
    endloop
  endfacet
  facet normal 0.946937 0.319273 0.0370741
    outer loop
      vertex -7.89215 -49.2478 35.2809
      vertex -7.8209 -49.0872 32.078
      vertex -7.89215 -48.8787 32.1023
    endloop
  endfacet
  facet normal 0.946939 0.319268 0.0370739
    outer loop
      vertex -7.8209 -49.0872 32.078
      vertex -7.89215 -49.2478 35.2809
      vertex -7.70691 -49.7899 35.2179
    endloop
  endfacet
  facet normal 0.980785 -0.193788 -0.0225044
    outer loop
      vertex -8.00457 -46.6727 35.5799
      vertex -8.04781 -46.5195 32.3762
      vertex -7.93539 -45.9581 32.4414
    endloop
  endfacet
  facet normal 0.980796 -0.193736 -0.0225021
    outer loop
      vertex -8.04781 -46.5195 32.3762
      vertex -8.00457 -46.6727 35.5799
      vertex -8.04781 -46.8887 35.5549
    endloop
  endfacet
  facet normal -0.83155 -0.551743 -0.0640685
    outer loop
      vertex 3.28275 -44.6499 35.8148
      vertex 3.15962 -44.0977 32.6575
      vertex 3.28275 -44.2808 32.6362
    endloop
  endfacet
  facet normal -0.831442 -0.551901 -0.0641005
    outer loop
      vertex 3.15962 -44.0977 32.6575
      vertex 3.28275 -44.6499 35.8148
      vertex 2.96259 -44.174 35.8701
    endloop
  endfacet
  facet normal -0.65935 -0.746818 -0.086718
    outer loop
      vertex 1.71344 -42.5033 32.8426
      vertex 2.31335 -43.395 35.9606
      vertex 1.71344 -42.8724 36.0213
    endloop
  endfacet
  facet normal -0.65935 -0.746818 -0.086718
    outer loop
      vertex 2.31335 -43.395 35.9606
      vertex 1.71344 -42.5033 32.8426
      vertex 2.31335 -43.0259 32.7819
    endloop
  endfacet
  facet normal -0.751865 0.654916 0.0760557
    outer loop
      vertex 2.31335 -51.595 31.7868
      vertex 2.45949 -51.7986 34.9847
      vertex 2.69331 -51.1646 31.8368
    endloop
  endfacet
  facet normal -0.75178 0.655014 0.076058
    outer loop
      vertex 2.45949 -51.7986 34.9847
      vertex 2.31335 -51.595 31.7868
      vertex 2.31335 -51.9641 34.9655
    endloop
  endfacet
  facet normal -0.0653681 0.991201 0.115095
    outer loop
      vertex -1.42496 -53.3323 31.5851
      vertex -1.20379 -53.687 34.7654
      vertex -1.20379 -53.3179 31.5867
    endloop
  endfacet
  facet normal -0.0655191 0.99119 0.115104
    outer loop
      vertex -1.20379 -53.687 34.7654
      vertex -1.42496 -53.3323 31.5851
      vertex -1.77883 -53.7245 34.761
    endloop
  endfacet
  facet normal 0.321445 -0.940606 -0.109241
    outer loop
      vertex -3.78868 -41.5284 32.9558
      vertex -3.5788 -41.8268 36.1427
      vertex -4.12449 -42.0108 36.1213
    endloop
  endfacet
  facet normal 0.321602 -0.940552 -0.109247
    outer loop
      vertex -3.5788 -41.8268 36.1427
      vertex -3.78868 -41.5284 32.9558
      vertex -3.5788 -41.4576 32.9641
    endloop
  endfacet
  facet normal -0.0654199 -0.991198 -0.115095
    outer loop
      vertex -2 -41.2512 32.988
      vertex -1.77883 -41.6347 36.165
      vertex -2 -41.6203 36.1667
    endloop
  endfacet
  facet normal -0.0653275 -0.991203 -0.115102
    outer loop
      vertex -1.77883 -41.6347 36.165
      vertex -2 -41.2512 32.988
      vertex -1.42496 -41.2886 32.9837
    endloop
  endfacet
  facet normal -0.321426 -0.940612 -0.109244
    outer loop
      vertex 0.334369 -41.7124 32.9345
      vertex 0.124488 -42.0108 36.1213
      vertex -0.211322 -41.5284 32.9558
    endloop
  endfacet
  facet normal -0.321152 -0.940707 -0.109235
    outer loop
      vertex 0.124488 -42.0108 36.1213
      vertex 0.334369 -41.7124 32.9345
      vertex 0.334369 -42.0815 36.1131
    endloop
  endfacet
  facet normal -0.659312 0.74685 0.0867325
    outer loop
      vertex 1.88009 -51.9724 31.743
      vertex 1.71344 -52.4867 34.9048
      vertex 2.14671 -52.1093 34.9486
    endloop
  endfacet
  facet normal -0.659428 0.746751 0.0867102
    outer loop
      vertex 1.71344 -52.4867 34.9048
      vertex 1.88009 -51.9724 31.743
      vertex 1.71344 -52.1176 31.7261
    endloop
  endfacet
  facet normal 0.946919 0.319326 0.0370874
    outer loop
      vertex -7.70691 -49.7899 35.2179
      vertex -7.63566 -49.6292 32.0151
      vertex -7.8209 -49.0872 32.078
    endloop
  endfacet
  facet normal 0.946932 0.319287 0.0370858
    outer loop
      vertex -7.63566 -49.6292 32.0151
      vertex -7.70691 -49.7899 35.2179
      vertex -7.63566 -49.9984 35.1937
    endloop
  endfacet
  facet normal -0.896888 0.439305 0.0510122
    outer loop
      vertex 3.28275 -50.7092 35.1112
      vertex 3.38079 -50.1426 31.9555
      vertex 3.28275 -50.3401 31.9326
    endloop
  endfacet
  facet normal -0.896874 0.439335 0.051018
    outer loop
      vertex 3.38079 -50.1426 31.9555
      vertex 3.28275 -50.7092 35.1112
      vertex 3.53763 -50.1958 35.1708
    endloop
  endfacet
  facet normal -0.321474 0.940598 0.109223
    outer loop
      vertex 0.334369 -52.9085 31.6343
      vertex -0.421204 -53.5324 34.7833
      vertex 0.334369 -53.2776 34.8129
    endloop
  endfacet
  facet normal -0.321474 0.940598 0.109223
    outer loop
      vertex -0.421204 -53.5324 34.7833
      vertex 0.334369 -52.9085 31.6343
      vertex -0.421204 -53.1633 31.6047
    endloop
  endfacet
  facet normal 0.0654199 -0.991198 -0.115095
    outer loop
      vertex -2.22117 -41.6347 36.165
      vertex -2 -41.2512 32.988
      vertex -2 -41.6203 36.1667
    endloop
  endfacet
  facet normal 0.0653275 -0.991203 -0.115102
    outer loop
      vertex -2 -41.2512 32.988
      vertex -2.22117 -41.6347 36.165
      vertex -2.57504 -41.2886 32.9837
    endloop
  endfacet
  facet normal 0.997859 -0.0649709 -0.00754625
    outer loop
      vertex -8.04781 -46.8887 35.5549
      vertex -8.1 -47.3104 32.2844
      vertex -8.04781 -46.5195 32.3762
    endloop
  endfacet
  facet normal 0.997859 -0.0649699 -0.00754637
    outer loop
      vertex -8.1 -47.3104 32.2844
      vertex -8.04781 -46.8887 35.5549
      vertex -8.1 -47.6796 35.463
    endloop
  endfacet
  facet normal 0.75178 0.655014 0.076058
    outer loop
      vertex -6.83945 -51.3682 35.0347
      vertex -6.69331 -51.1646 31.8368
      vertex -6.83945 -50.9991 31.856
    endloop
  endfacet
  facet normal 0.751865 0.654916 0.0760557
    outer loop
      vertex -6.69331 -51.1646 31.8368
      vertex -6.83945 -51.3682 35.0347
      vertex -6.45949 -51.7986 34.9847
    endloop
  endfacet
  facet normal 0.321153 -0.940706 -0.109235
    outer loop
      vertex -4.33437 -41.7124 32.9345
      vertex -4.12449 -42.0108 36.1213
      vertex -4.33437 -42.0815 36.1131
    endloop
  endfacet
  facet normal 0.321427 -0.940612 -0.109244
    outer loop
      vertex -4.12449 -42.0108 36.1213
      vertex -4.33437 -41.7124 32.9345
      vertex -3.78868 -41.5284 32.9558
    endloop
  endfacet
  facet normal -0.831428 -0.551923 -0.0641001
    outer loop
      vertex 2.96259 -44.174 35.8701
      vertex 2.83945 -43.6218 32.7127
      vertex 3.15962 -44.0977 32.6575
    endloop
  endfacet
  facet normal -0.831529 -0.551774 -0.0640701
    outer loop
      vertex 2.83945 -43.6218 32.7127
      vertex 2.96259 -44.174 35.8701
      vertex 2.83945 -43.9909 35.8914
    endloop
  endfacet
  facet normal -0.751841 -0.654944 -0.0760499
    outer loop
      vertex 2.83945 -43.6218 32.7127
      vertex 2.31335 -43.395 35.9606
      vertex 2.31335 -43.0259 32.7819
    endloop
  endfacet
  facet normal -0.751841 -0.654944 -0.0760499
    outer loop
      vertex 2.31335 -43.395 35.9606
      vertex 2.83945 -43.6218 32.7127
      vertex 2.83945 -43.9909 35.8914
    endloop
  endfacet
  facet normal -0.98078 -0.193812 -0.0225055
    outer loop
      vertex 3.93539 -45.9581 32.4414
      vertex 3.89215 -46.1113 35.6451
      vertex 3.89215 -45.7422 32.4665
    endloop
  endfacet
  facet normal -0.980785 -0.193788 -0.0225044
    outer loop
      vertex 3.89215 -46.1113 35.6451
      vertex 3.93539 -45.9581 32.4414
      vertex 4.00457 -46.6727 35.5799
    endloop
  endfacet
  facet normal -0.980785 -0.193788 -0.0225044
    outer loop
      vertex 4.04781 -46.5195 32.3762
      vertex 4.00457 -46.6727 35.5799
      vertex 3.93539 -45.9581 32.4414
    endloop
  endfacet
  facet normal -0.980796 -0.193736 -0.0225021
    outer loop
      vertex 4.00457 -46.6727 35.5799
      vertex 4.04781 -46.5195 32.3762
      vertex 4.04781 -46.8887 35.5549
    endloop
  endfacet
  facet normal -0.321599 -0.940553 -0.109247
    outer loop
      vertex -0.211322 -41.5284 32.9558
      vertex -0.421204 -41.8268 36.1427
      vertex -0.421204 -41.4576 32.9641
    endloop
  endfacet
  facet normal -0.321444 -0.940606 -0.109242
    outer loop
      vertex -0.421204 -41.8268 36.1427
      vertex -0.211322 -41.5284 32.9558
      vertex 0.124488 -42.0108 36.1213
    endloop
  endfacet
  facet normal -0.980792 0.193755 0.0225002
    outer loop
      vertex 4.00457 -48.6864 35.3461
      vertex 4.04781 -48.1013 32.1925
      vertex 3.93539 -48.6628 32.1273
    endloop
  endfacet
  facet normal -0.98078 0.193812 0.0225109
    outer loop
      vertex 4.04781 -48.1013 32.1925
      vertex 4.00457 -48.6864 35.3461
      vertex 4.04781 -48.4705 35.3712
    endloop
  endfacet
  facet normal -0.75178 0.655014 0.076058
    outer loop
      vertex 2.69331 -51.1646 31.8368
      vertex 2.83945 -51.3682 35.0347
      vertex 2.83945 -50.9991 31.856
    endloop
  endfacet
  facet normal -0.751865 0.654916 0.0760557
    outer loop
      vertex 2.83945 -51.3682 35.0347
      vertex 2.69331 -51.1646 31.8368
      vertex 2.45949 -51.7986 34.9847
    endloop
  endfacet
  facet normal 0.65945 0.746731 0.0867079
    outer loop
      vertex -6.14671 -52.1093 34.9486
      vertex -6.31335 -51.595 31.7868
      vertex -6.31335 -51.9641 34.9655
    endloop
  endfacet
  facet normal 0.659321 0.746842 0.0867328
    outer loop
      vertex -6.31335 -51.595 31.7868
      vertex -6.14671 -52.1093 34.9486
      vertex -5.88009 -51.9724 31.743
    endloop
  endfacet
  facet normal 0.659312 0.74685 0.0867325
    outer loop
      vertex -5.71344 -52.4867 34.9048
      vertex -5.88009 -51.9724 31.743
      vertex -6.14671 -52.1093 34.9486
    endloop
  endfacet
  facet normal 0.659428 0.746751 0.0867102
    outer loop
      vertex -5.88009 -51.9724 31.743
      vertex -5.71344 -52.4867 34.9048
      vertex -5.71344 -52.1176 31.7261
    endloop
  endfacet
  facet normal 0.997858 0.0649817 0.00754774
    outer loop
      vertex -8.1 -47.6796 35.463
      vertex -8.0855 -47.5301 32.2589
      vertex -8.1 -47.3104 32.2844
    endloop
  endfacet
  facet normal 0.997859 0.0649666 0.00754704
    outer loop
      vertex -8.0855 -47.5301 32.2589
      vertex -8.1 -47.6796 35.463
      vertex -8.06231 -48.2508 35.3967
    endloop
  endfacet
  facet normal 0.321476 0.940598 0.109222
    outer loop
      vertex -3.5788 -53.5324 34.7833
      vertex -4.33437 -52.9085 31.6343
      vertex -4.33437 -53.2776 34.8129
    endloop
  endfacet
  facet normal 0.321476 0.940598 0.109222
    outer loop
      vertex -4.33437 -52.9085 31.6343
      vertex -3.5788 -53.5324 34.7833
      vertex -3.5788 -53.1633 31.6047
    endloop
  endfacet
  facet normal 0.442334 -0.890864 -0.103447
    outer loop
      vertex -5.05 -42.4321 36.0724
      vertex -4.33437 -41.7124 32.9345
      vertex -4.33437 -42.0815 36.1131
    endloop
  endfacet
  facet normal 0.442334 -0.890864 -0.103447
    outer loop
      vertex -4.33437 -41.7124 32.9345
      vertex -5.05 -42.4321 36.0724
      vertex -5.05 -42.063 32.8938
    endloop
  endfacet
  facet normal 0.98078 0.193812 0.0225109
    outer loop
      vertex -8.00457 -48.6864 35.3461
      vertex -8.04781 -48.1013 32.1925
      vertex -8.04781 -48.4705 35.3712
    endloop
  endfacet
  facet normal 0.980792 0.193755 0.0225002
    outer loop
      vertex -8.04781 -48.1013 32.1925
      vertex -8.00457 -48.6864 35.3461
      vertex -7.93539 -48.6628 32.1273
    endloop
  endfacet
  facet normal -0.195184 -0.974221 -0.113123
    outer loop
      vertex -1.20379 -41.303 32.982
      vertex -0.421204 -41.8268 36.1427
      vertex -1.20379 -41.6721 36.1607
    endloop
  endfacet
  facet normal -0.19505 -0.974243 -0.11316
    outer loop
      vertex -0.421204 -41.8268 36.1427
      vertex -1.20379 -41.303 32.982
      vertex -0.421204 -41.4576 32.9641
    endloop
  endfacet
  facet normal -0.0653275 -0.991203 -0.115102
    outer loop
      vertex -1.42496 -41.2886 32.9837
      vertex -1.20379 -41.6721 36.1607
      vertex -1.77883 -41.6347 36.165
    endloop
  endfacet
  facet normal -0.0654199 -0.991198 -0.115095
    outer loop
      vertex -1.20379 -41.6721 36.1607
      vertex -1.42496 -41.2886 32.9837
      vertex -1.20379 -41.303 32.982
    endloop
  endfacet
  facet normal -0.555535 -0.825944 -0.0959088
    outer loop
      vertex 1.05 -42.063 32.8938
      vertex 1.71344 -42.8724 36.0213
      vertex 1.05 -42.4321 36.0724
    endloop
  endfacet
  facet normal -0.555545 -0.825937 -0.0959051
    outer loop
      vertex 1.71344 -42.8724 36.0213
      vertex 1.05 -42.063 32.8938
      vertex 1.71344 -42.5033 32.8426
    endloop
  endfacet
  facet normal -0.997859 0.0649653 0.00754674
    outer loop
      vertex 4.04781 -48.1013 32.1925
      vertex 4.06231 -48.2508 35.3967
      vertex 4.0855 -47.5301 32.2589
    endloop
  endfacet
  facet normal -0.997858 0.0649817 0.0075475
    outer loop
      vertex 4.06231 -48.2508 35.3967
      vertex 4.04781 -48.1013 32.1925
      vertex 4.04781 -48.4705 35.3712
    endloop
  endfacet
  facet normal -0.997858 0.0649817 0.00754774
    outer loop
      vertex 4.0855 -47.5301 32.2589
      vertex 4.1 -47.6796 35.463
      vertex 4.1 -47.3104 32.2844
    endloop
  endfacet
  facet normal -0.997859 0.0649666 0.00754704
    outer loop
      vertex 4.1 -47.6796 35.463
      vertex 4.0855 -47.5301 32.2589
      vertex 4.06231 -48.2508 35.3967
    endloop
  endfacet
  facet normal -0.831466 0.551867 0.064083
    outer loop
      vertex 2.83945 -50.9991 31.856
      vertex 3.28275 -50.7092 35.1112
      vertex 3.28275 -50.3401 31.9326
    endloop
  endfacet
  facet normal -0.831462 0.551874 0.0640817
    outer loop
      vertex 3.28275 -50.7092 35.1112
      vertex 2.83945 -50.9991 31.856
      vertex 2.83945 -51.3682 35.0347
    endloop
  endfacet
  facet normal -0.65945 0.746731 0.0867079
    outer loop
      vertex 2.31335 -51.595 31.7868
      vertex 2.14671 -52.1093 34.9486
      vertex 2.31335 -51.9641 34.9655
    endloop
  endfacet
  facet normal -0.659321 0.746842 0.0867328
    outer loop
      vertex 2.14671 -52.1093 34.9486
      vertex 2.31335 -51.595 31.7868
      vertex 1.88009 -51.9724 31.743
    endloop
  endfacet
  facet normal 0.555631 0.82588 0.0958984
    outer loop
      vertex -5.05 -52.9271 34.8536
      vertex -5.71344 -52.1176 31.7261
      vertex -5.71344 -52.4867 34.9048
    endloop
  endfacet
  facet normal 0.555535 0.825941 0.0959345
    outer loop
      vertex -5.71344 -52.1176 31.7261
      vertex -5.05 -52.9271 34.8536
      vertex -5.05 -52.5579 31.675
    endloop
  endfacet
  facet normal -0.0653475 0.991199 0.115124
    outer loop
      vertex -2 -53.3697 31.5807
      vertex -1.77883 -53.7245 34.761
      vertex -1.42496 -53.3323 31.5851
    endloop
  endfacet
  facet normal -0.065368 0.991198 0.115126
    outer loop
      vertex -1.77883 -53.7245 34.761
      vertex -2 -53.3697 31.5807
      vertex -2 -53.7389 34.7594
    endloop
  endfacet
  facet normal 0.751865 0.654916 0.0760557
    outer loop
      vertex -6.45949 -51.7986 34.9847
      vertex -6.31335 -51.595 31.7868
      vertex -6.69331 -51.1646 31.8368
    endloop
  endfacet
  facet normal 0.75178 0.655014 0.076058
    outer loop
      vertex -6.31335 -51.595 31.7868
      vertex -6.45949 -51.7986 34.9847
      vertex -6.31335 -51.9641 34.9655
    endloop
  endfacet
  facet normal 0.896874 0.439335 0.051018
    outer loop
      vertex -7.28275 -50.7092 35.1112
      vertex -7.38079 -50.1426 31.9555
      vertex -7.53763 -50.1958 35.1708
    endloop
  endfacet
  facet normal 0.896888 0.439305 0.0510122
    outer loop
      vertex -7.38079 -50.1426 31.9555
      vertex -7.28275 -50.7092 35.1112
      vertex -7.28275 -50.3401 31.9326
    endloop
  endfacet
  facet normal 0.751841 -0.654944 -0.0760499
    outer loop
      vertex -6.31335 -43.395 35.9606
      vertex -6.83945 -43.6218 32.7127
      vertex -6.31335 -43.0259 32.7819
    endloop
  endfacet
  facet normal 0.751841 -0.654944 -0.0760499
    outer loop
      vertex -6.83945 -43.6218 32.7127
      vertex -6.31335 -43.395 35.9606
      vertex -6.83945 -43.9909 35.8914
    endloop
  endfacet
  facet normal 0.946924 -0.319312 -0.0370786
    outer loop
      vertex -7.63566 -45.3608 35.7323
      vertex -7.89215 -45.7422 32.4665
      vertex -7.63566 -44.9917 32.5537
    endloop
  endfacet
  facet normal 0.946924 -0.319312 -0.0370786
    outer loop
      vertex -7.89215 -45.7422 32.4665
      vertex -7.63566 -45.3608 35.7323
      vertex -7.89215 -46.1113 35.6451
    endloop
  endfacet
  facet normal 0.98078 -0.193812 -0.0225055
    outer loop
      vertex -7.89215 -46.1113 35.6451
      vertex -7.93539 -45.9581 32.4414
      vertex -7.89215 -45.7422 32.4665
    endloop
  endfacet
  facet normal 0.980785 -0.193788 -0.0225044
    outer loop
      vertex -7.93539 -45.9581 32.4414
      vertex -7.89215 -46.1113 35.6451
      vertex -8.00457 -46.6727 35.5799
    endloop
  endfacet
  facet normal -0.442333 -0.890865 -0.103447
    outer loop
      vertex 0.334369 -41.7124 32.9345
      vertex 1.05 -42.4321 36.0724
      vertex 0.334369 -42.0815 36.1131
    endloop
  endfacet
  facet normal -0.442333 -0.890865 -0.103447
    outer loop
      vertex 1.05 -42.4321 36.0724
      vertex 0.334369 -41.7124 32.9345
      vertex 1.05 -42.063 32.8938
    endloop
  endfacet
  facet normal 0.997859 0.0649653 0.00754674
    outer loop
      vertex -8.06231 -48.2508 35.3967
      vertex -8.04781 -48.1013 32.1925
      vertex -8.0855 -47.5301 32.2589
    endloop
  endfacet
  facet normal 0.997858 0.0649817 0.0075475
    outer loop
      vertex -8.04781 -48.1013 32.1925
      vertex -8.06231 -48.2508 35.3967
      vertex -8.04781 -48.4705 35.3712
    endloop
  endfacet
  facet normal 0.831442 -0.551901 -0.0641005
    outer loop
      vertex -7.28275 -44.6499 35.8148
      vertex -7.15962 -44.0977 32.6575
      vertex -6.96259 -44.174 35.8701
    endloop
  endfacet
  facet normal 0.83155 -0.551743 -0.0640685
    outer loop
      vertex -7.15962 -44.0977 32.6575
      vertex -7.28275 -44.6499 35.8148
      vertex -7.28275 -44.2808 32.6362
    endloop
  endfacet
  facet normal 0.195183 -0.974221 -0.113123
    outer loop
      vertex -3.5788 -41.8268 36.1427
      vertex -2.79621 -41.303 32.982
      vertex -2.79621 -41.6721 36.1607
    endloop
  endfacet
  facet normal 0.195049 -0.974244 -0.11316
    outer loop
      vertex -2.79621 -41.303 32.982
      vertex -3.5788 -41.8268 36.1427
      vertex -3.5788 -41.4576 32.9641
    endloop
  endfacet
  facet normal -0.896883 -0.439317 -0.0510136
    outer loop
      vertex 3.63566 -44.9917 32.5537
      vertex 3.28275 -44.6499 35.8148
      vertex 3.28275 -44.2808 32.6362
    endloop
  endfacet
  facet normal -0.896883 -0.439317 -0.0510136
    outer loop
      vertex 3.28275 -44.6499 35.8148
      vertex 3.63566 -44.9917 32.5537
      vertex 3.63566 -45.3608 35.7323
    endloop
  endfacet
  facet normal -0.946919 0.319326 0.0370874
    outer loop
      vertex 3.63566 -49.6292 32.0151
      vertex 3.70691 -49.7899 35.2179
      vertex 3.8209 -49.0872 32.078
    endloop
  endfacet
  facet normal -0.946932 0.319287 0.0370858
    outer loop
      vertex 3.70691 -49.7899 35.2179
      vertex 3.63566 -49.6292 32.0151
      vertex 3.63566 -49.9984 35.1937
    endloop
  endfacet
  facet normal -0.19505 0.974247 0.11313
    outer loop
      vertex -0.421204 -53.1633 31.6047
      vertex -1.20379 -53.687 34.7654
      vertex -0.421204 -53.5324 34.7833
    endloop
  endfacet
  facet normal -0.195064 0.974245 0.113126
    outer loop
      vertex -1.20379 -53.687 34.7654
      vertex -0.421204 -53.1633 31.6047
      vertex -1.20379 -53.3179 31.5867
    endloop
  endfacet
  facet normal -0.442319 0.890871 0.103452
    outer loop
      vertex 0.533155 -52.8111 31.6456
      vertex 0.334369 -53.2776 34.8129
      vertex 0.851213 -53.0244 34.8423
    endloop
  endfacet
  facet normal -0.442372 0.890846 0.103445
    outer loop
      vertex 0.334369 -53.2776 34.8129
      vertex 0.533155 -52.8111 31.6456
      vertex 0.334369 -52.9085 31.6343
    endloop
  endfacet
  facet normal -0.946937 0.319273 0.0370741
    outer loop
      vertex 3.8209 -49.0872 32.078
      vertex 3.89215 -49.2478 35.2809
      vertex 3.89215 -48.8787 32.1023
    endloop
  endfacet
  facet normal -0.946939 0.319268 0.0370739
    outer loop
      vertex 3.89215 -49.2478 35.2809
      vertex 3.8209 -49.0872 32.078
      vertex 3.70691 -49.7899 35.2179
    endloop
  endfacet
  facet normal -0.555631 0.82588 0.0958984
    outer loop
      vertex 1.71344 -52.1176 31.7261
      vertex 1.05 -52.9271 34.8536
      vertex 1.71344 -52.4867 34.9048
    endloop
  endfacet
  facet normal -0.555535 0.825941 0.0959345
    outer loop
      vertex 1.05 -52.9271 34.8536
      vertex 1.71344 -52.1176 31.7261
      vertex 1.05 -52.5579 31.675
    endloop
  endfacet
  facet normal -0.442009 0.89102 0.103494
    outer loop
      vertex 1.05 -52.5579 31.675
      vertex 0.851213 -53.0244 34.8423
      vertex 1.05 -52.9271 34.8536
    endloop
  endfacet
  facet normal -0.442319 0.890871 0.103452
    outer loop
      vertex 0.851213 -53.0244 34.8423
      vertex 1.05 -52.5579 31.675
      vertex 0.533155 -52.8111 31.6456
    endloop
  endfacet
  facet normal 0.065368 0.991198 0.115126
    outer loop
      vertex -2 -53.3697 31.5807
      vertex -2.22117 -53.7245 34.761
      vertex -2 -53.7389 34.7594
    endloop
  endfacet
  facet normal 0.0653475 0.991199 0.115124
    outer loop
      vertex -2.22117 -53.7245 34.761
      vertex -2 -53.3697 31.5807
      vertex -2.57504 -53.3323 31.5851
    endloop
  endfacet
  facet normal 0.195049 0.974247 0.11313
    outer loop
      vertex -2.79621 -53.687 34.7654
      vertex -3.5788 -53.1633 31.6047
      vertex -3.5788 -53.5324 34.7833
    endloop
  endfacet
  facet normal 0.195063 0.974245 0.113126
    outer loop
      vertex -3.5788 -53.1633 31.6047
      vertex -2.79621 -53.687 34.7654
      vertex -2.79621 -53.3179 31.5867
    endloop
  endfacet
  facet normal 0.0655191 0.99119 0.115104
    outer loop
      vertex -2.57504 -53.3323 31.5851
      vertex -2.79621 -53.687 34.7654
      vertex -2.22117 -53.7245 34.761
    endloop
  endfacet
  facet normal 0.0653681 0.991201 0.115095
    outer loop
      vertex -2.79621 -53.687 34.7654
      vertex -2.57504 -53.3323 31.5851
      vertex -2.79621 -53.3179 31.5867
    endloop
  endfacet
  facet normal 0.442322 0.89087 0.103453
    outer loop
      vertex -4.33437 -53.2776 34.8129
      vertex -4.53315 -52.8111 31.6456
      vertex -4.85121 -53.0244 34.8423
    endloop
  endfacet
  facet normal 0.442383 0.890841 0.103445
    outer loop
      vertex -4.53315 -52.8111 31.6456
      vertex -4.33437 -53.2776 34.8129
      vertex -4.33437 -52.9085 31.6343
    endloop
  endfacet
  facet normal 0.896819 0.439444 0.0510422
    outer loop
      vertex -7.53763 -50.1958 35.1708
      vertex -7.63566 -49.6292 32.0151
      vertex -7.63566 -49.9984 35.1937
    endloop
  endfacet
  facet normal 0.89688 0.439321 0.0510181
    outer loop
      vertex -7.63566 -49.6292 32.0151
      vertex -7.53763 -50.1958 35.1708
      vertex -7.38079 -50.1426 31.9555
    endloop
  endfacet
  facet normal 0.831466 0.551867 0.064083
    outer loop
      vertex -7.28275 -50.7092 35.1112
      vertex -6.83945 -50.9991 31.856
      vertex -7.28275 -50.3401 31.9326
    endloop
  endfacet
  facet normal 0.831462 0.551874 0.0640817
    outer loop
      vertex -6.83945 -50.9991 31.856
      vertex -7.28275 -50.7092 35.1112
      vertex -6.83945 -51.3682 35.0347
    endloop
  endfacet
  facet normal -0.946924 -0.319312 -0.0370786
    outer loop
      vertex 3.89215 -45.7422 32.4665
      vertex 3.63566 -45.3608 35.7323
      vertex 3.63566 -44.9917 32.5537
    endloop
  endfacet
  facet normal -0.946924 -0.319312 -0.0370786
    outer loop
      vertex 3.63566 -45.3608 35.7323
      vertex 3.89215 -45.7422 32.4665
      vertex 3.89215 -46.1113 35.6451
    endloop
  endfacet
  facet normal -0.980778 0.193822 0.0225067
    outer loop
      vertex 3.89215 -49.2478 35.2809
      vertex 3.93539 -48.6628 32.1273
      vertex 3.89215 -48.8787 32.1023
    endloop
  endfacet
  facet normal -0.980785 0.193788 0.0225004
    outer loop
      vertex 3.93539 -48.6628 32.1273
      vertex 3.89215 -49.2478 35.2809
      vertex 4.00457 -48.6864 35.3461
    endloop
  endfacet
  facet normal 0.442004 0.891023 0.103494
    outer loop
      vertex -4.85121 -53.0244 34.8423
      vertex -5.05 -52.5579 31.675
      vertex -5.05 -52.9271 34.8536
    endloop
  endfacet
  facet normal 0.442315 0.890873 0.103452
    outer loop
      vertex -5.05 -52.5579 31.675
      vertex -4.85121 -53.0244 34.8423
      vertex -4.53315 -52.8111 31.6456
    endloop
  endfacet
  facet normal 0.65935 -0.746818 -0.086718
    outer loop
      vertex -6.31335 -43.395 35.9606
      vertex -5.71344 -42.5033 32.8426
      vertex -5.71344 -42.8724 36.0213
    endloop
  endfacet
  facet normal 0.65935 -0.746818 -0.086718
    outer loop
      vertex -5.71344 -42.5033 32.8426
      vertex -6.31335 -43.395 35.9606
      vertex -6.31335 -43.0259 32.7819
    endloop
  endfacet
  facet normal 0.896883 -0.439317 -0.0510136
    outer loop
      vertex -7.28275 -44.6499 35.8148
      vertex -7.63566 -44.9917 32.5537
      vertex -7.28275 -44.2808 32.6362
    endloop
  endfacet
  facet normal 0.896883 -0.439317 -0.0510136
    outer loop
      vertex -7.63566 -44.9917 32.5537
      vertex -7.28275 -44.6499 35.8148
      vertex -7.63566 -45.3608 35.7323
    endloop
  endfacet
  facet normal 0.555535 -0.825944 -0.0959088
    outer loop
      vertex -5.71344 -42.8724 36.0213
      vertex -5.05 -42.063 32.8938
      vertex -5.05 -42.4321 36.0724
    endloop
  endfacet
  facet normal 0.555545 -0.825937 -0.0959051
    outer loop
      vertex -5.05 -42.063 32.8938
      vertex -5.71344 -42.8724 36.0213
      vertex -5.71344 -42.5033 32.8426
    endloop
  endfacet
  facet normal 0.831529 -0.551774 -0.0640701
    outer loop
      vertex -6.96259 -44.174 35.8701
      vertex -6.83945 -43.6218 32.7127
      vertex -6.83945 -43.9909 35.8914
    endloop
  endfacet
  facet normal 0.831428 -0.551923 -0.0641001
    outer loop
      vertex -6.83945 -43.6218 32.7127
      vertex -6.96259 -44.174 35.8701
      vertex -7.15962 -44.0977 32.6575
    endloop
  endfacet
  facet normal -0.89686 0.439364 0.0510067
    outer loop
      vertex 52.5376 -50.1958 35.1708
      vertex 52.6357 -49.6292 32.0151
      vertex 52.3808 -50.1426 31.9555
    endloop
  endfacet
  facet normal -0.896693 0.439696 0.0510715
    outer loop
      vertex 52.6357 -49.6292 32.0151
      vertex 52.5376 -50.1958 35.1708
      vertex 52.6357 -49.9984 35.1937
    endloop
  endfacet
  facet normal -0.997858 -0.0649833 -0.00754769
    outer loop
      vertex 53.1 -47.3104 32.2844
      vertex 53.0478 -46.8887 35.5549
      vertex 53.0478 -46.5195 32.3762
    endloop
  endfacet
  facet normal -0.997858 -0.0649823 -0.00754781
    outer loop
      vertex 53.0478 -46.8887 35.5549
      vertex 53.1 -47.3104 32.2844
      vertex 53.1 -47.6796 35.463
    endloop
  endfacet
  facet normal 0.065332 -0.991203 -0.115101
    outer loop
      vertex 46.2038 -41.6721 36.1607
      vertex 46.425 -41.2886 32.9837
      vertex 46.7788 -41.6347 36.165
    endloop
  endfacet
  facet normal 0.065411 -0.991199 -0.115095
    outer loop
      vertex 46.425 -41.2886 32.9837
      vertex 46.2038 -41.6721 36.1607
      vertex 46.2038 -41.303 32.982
    endloop
  endfacet
  facet normal 0.980759 0.193922 0.0225069
    outer loop
      vertex 41.1079 -49.2478 35.2809
      vertex 41.0646 -48.6628 32.1273
      vertex 40.9954 -48.6864 35.3461
    endloop
  endfacet
  facet normal 0.980727 0.194081 0.0225367
    outer loop
      vertex 41.0646 -48.6628 32.1273
      vertex 41.1079 -49.2478 35.2809
      vertex 41.1079 -48.8787 32.1023
    endloop
  endfacet
  facet normal 0.947006 0.319072 0.0370507
    outer loop
      vertex 41.1079 -49.2478 35.2809
      vertex 41.1791 -49.0872 32.078
      vertex 41.1079 -48.8787 32.1023
    endloop
  endfacet
  facet normal 0.94696 0.319208 0.0370565
    outer loop
      vertex 41.1791 -49.0872 32.078
      vertex 41.1079 -49.2478 35.2809
      vertex 41.2931 -49.7899 35.2179
    endloop
  endfacet
  facet normal 0.980792 -0.193756 -0.0224908
    outer loop
      vertex 40.9954 -46.6727 35.5799
      vertex 40.9522 -46.5195 32.3762
      vertex 41.0646 -45.9581 32.4414
    endloop
  endfacet
  facet normal 0.98083 -0.193564 -0.0224821
    outer loop
      vertex 40.9522 -46.5195 32.3762
      vertex 40.9954 -46.6727 35.5799
      vertex 40.9522 -46.8887 35.5549
    endloop
  endfacet
  facet normal -0.831404 -0.551959 -0.0640937
    outer loop
      vertex 52.2828 -44.6499 35.8148
      vertex 52.1596 -44.0977 32.6575
      vertex 52.2828 -44.2808 32.6362
    endloop
  endfacet
  facet normal -0.83141 -0.551951 -0.0640919
    outer loop
      vertex 52.1596 -44.0977 32.6575
      vertex 52.2828 -44.6499 35.8148
      vertex 51.9626 -44.174 35.8701
    endloop
  endfacet
  facet normal -0.659294 -0.746867 -0.0867237
    outer loop
      vertex 50.7134 -42.5033 32.8426
      vertex 51.3134 -43.395 35.9606
      vertex 50.7134 -42.8724 36.0213
    endloop
  endfacet
  facet normal -0.659294 -0.746867 -0.0867237
    outer loop
      vertex 51.3134 -43.395 35.9606
      vertex 50.7134 -42.5033 32.8426
      vertex 51.3134 -43.0259 32.7819
    endloop
  endfacet
  facet normal -0.751916 0.654858 0.0760449
    outer loop
      vertex 51.3134 -51.595 31.7868
      vertex 51.4595 -51.7986 34.9847
      vertex 51.6933 -51.1646 31.8368
    endloop
  endfacet
  facet normal -0.751869 0.654912 0.0760462
    outer loop
      vertex 51.4595 -51.7986 34.9847
      vertex 51.3134 -51.595 31.7868
      vertex 51.3134 -51.9641 34.9655
    endloop
  endfacet
  facet normal -0.0653592 0.991202 0.115095
    outer loop
      vertex 47.575 -53.3323 31.5851
      vertex 47.7962 -53.687 34.7654
      vertex 47.7962 -53.3179 31.5867
    endloop
  endfacet
  facet normal -0.0655236 0.99119 0.115105
    outer loop
      vertex 47.7962 -53.687 34.7654
      vertex 47.575 -53.3323 31.5851
      vertex 47.2212 -53.7245 34.761
    endloop
  endfacet
  facet normal 0.32144 -0.940608 -0.109243
    outer loop
      vertex 45.2113 -41.5284 32.9558
      vertex 45.4212 -41.8268 36.1427
      vertex 44.8755 -42.0108 36.1213
    endloop
  endfacet
  facet normal 0.321574 -0.940561 -0.109248
    outer loop
      vertex 45.4212 -41.8268 36.1427
      vertex 45.2113 -41.5284 32.9558
      vertex 45.4212 -41.4576 32.9641
    endloop
  endfacet
  facet normal -0.065411 -0.991199 -0.115095
    outer loop
      vertex 47 -41.2512 32.988
      vertex 47.2212 -41.6347 36.165
      vertex 47 -41.6203 36.1667
    endloop
  endfacet
  facet normal -0.065332 -0.991203 -0.115101
    outer loop
      vertex 47.2212 -41.6347 36.165
      vertex 47 -41.2512 32.988
      vertex 47.575 -41.2886 32.9837
    endloop
  endfacet
  facet normal -0.321422 -0.940613 -0.109246
    outer loop
      vertex 49.3344 -41.7124 32.9345
      vertex 49.1245 -42.0108 36.1213
      vertex 48.7887 -41.5284 32.9558
    endloop
  endfacet
  facet normal -0.321126 -0.940715 -0.109236
    outer loop
      vertex 49.1245 -42.0108 36.1213
      vertex 49.3344 -41.7124 32.9345
      vertex 49.3344 -42.0815 36.1131
    endloop
  endfacet
  facet normal -0.659286 0.746874 0.0867272
    outer loop
      vertex 50.8801 -51.9724 31.743
      vertex 50.7134 -52.4867 34.9048
      vertex 51.1467 -52.1093 34.9486
    endloop
  endfacet
  facet normal -0.659316 0.746848 0.0867215
    outer loop
      vertex 50.7134 -52.4867 34.9048
      vertex 50.8801 -51.9724 31.743
      vertex 50.7134 -52.1176 31.7261
    endloop
  endfacet
  facet normal 0.94694 0.319265 0.0370701
    outer loop
      vertex 41.2931 -49.7899 35.2179
      vertex 41.3643 -49.6292 32.0151
      vertex 41.1791 -49.0872 32.078
    endloop
  endfacet
  facet normal 0.947001 0.319086 0.0370625
    outer loop
      vertex 41.3643 -49.6292 32.0151
      vertex 41.2931 -49.7899 35.2179
      vertex 41.3643 -49.9984 35.1937
    endloop
  endfacet
  facet normal -0.89696 0.439161 0.0509955
    outer loop
      vertex 52.2828 -50.7092 35.1112
      vertex 52.3808 -50.1426 31.9555
      vertex 52.2828 -50.3401 31.9326
    endloop
  endfacet
  facet normal -0.896929 0.439224 0.0510077
    outer loop
      vertex 52.3808 -50.1426 31.9555
      vertex 52.2828 -50.7092 35.1112
      vertex 52.5376 -50.1958 35.1708
    endloop
  endfacet
  facet normal -0.321464 0.940602 0.109223
    outer loop
      vertex 49.3344 -52.9085 31.6343
      vertex 48.5788 -53.5324 34.7833
      vertex 49.3344 -53.2776 34.8129
    endloop
  endfacet
  facet normal -0.321464 0.940602 0.109223
    outer loop
      vertex 48.5788 -53.5324 34.7833
      vertex 49.3344 -52.9085 31.6343
      vertex 48.5788 -53.1633 31.6047
    endloop
  endfacet
  facet normal 0.065411 -0.991199 -0.115095
    outer loop
      vertex 46.7788 -41.6347 36.165
      vertex 47 -41.2512 32.988
      vertex 47 -41.6203 36.1667
    endloop
  endfacet
  facet normal 0.065332 -0.991203 -0.115101
    outer loop
      vertex 47 -41.2512 32.988
      vertex 46.7788 -41.6347 36.165
      vertex 46.425 -41.2886 32.9837
    endloop
  endfacet
  facet normal 0.997858 -0.0649833 -0.00754769
    outer loop
      vertex 40.9522 -46.8887 35.5549
      vertex 40.9 -47.3104 32.2844
      vertex 40.9522 -46.5195 32.3762
    endloop
  endfacet
  facet normal 0.997858 -0.0649823 -0.00754781
    outer loop
      vertex 40.9 -47.3104 32.2844
      vertex 40.9522 -46.8887 35.5549
      vertex 40.9 -47.6796 35.463
    endloop
  endfacet
  facet normal 0.751645 0.655166 0.0760756
    outer loop
      vertex 42.1605 -51.3682 35.0347
      vertex 42.3067 -51.1646 31.8368
      vertex 42.1605 -50.9991 31.856
    endloop
  endfacet
  facet normal 0.75183 0.654954 0.0760706
    outer loop
      vertex 42.3067 -51.1646 31.8368
      vertex 42.1605 -51.3682 35.0347
      vertex 42.5405 -51.7986 34.9847
    endloop
  endfacet
  facet normal 0.321126 -0.940715 -0.109236
    outer loop
      vertex 44.6656 -41.7124 32.9345
      vertex 44.8755 -42.0108 36.1213
      vertex 44.6656 -42.0815 36.1131
    endloop
  endfacet
  facet normal 0.321422 -0.940613 -0.109246
    outer loop
      vertex 44.8755 -42.0108 36.1213
      vertex 44.6656 -41.7124 32.9345
      vertex 45.2113 -41.5284 32.9558
    endloop
  endfacet
  facet normal -0.831484 -0.551839 -0.0640938
    outer loop
      vertex 51.9626 -44.174 35.8701
      vertex 51.8395 -43.6218 32.7127
      vertex 52.1596 -44.0977 32.6575
    endloop
  endfacet
  facet normal -0.831612 -0.55165 -0.0640557
    outer loop
      vertex 51.8395 -43.6218 32.7127
      vertex 51.9626 -44.174 35.8701
      vertex 51.8395 -43.9909 35.8914
    endloop
  endfacet
  facet normal -0.751841 -0.654944 -0.0760499
    outer loop
      vertex 51.8395 -43.6218 32.7127
      vertex 51.3134 -43.395 35.9606
      vertex 51.3134 -43.0259 32.7819
    endloop
  endfacet
  facet normal -0.751841 -0.654944 -0.0760499
    outer loop
      vertex 51.3134 -43.395 35.9606
      vertex 51.8395 -43.6218 32.7127
      vertex 51.8395 -43.9909 35.8914
    endloop
  endfacet
  facet normal -0.980729 -0.194071 -0.0225356
    outer loop
      vertex 52.9354 -45.9581 32.4414
      vertex 52.8921 -46.1113 35.6451
      vertex 52.8921 -45.7422 32.4665
    endloop
  endfacet
  facet normal -0.980759 -0.19392 -0.0225287
    outer loop
      vertex 52.8921 -46.1113 35.6451
      vertex 52.9354 -45.9581 32.4414
      vertex 53.0046 -46.6727 35.5799
    endloop
  endfacet
  facet normal -0.980792 -0.193756 -0.0224908
    outer loop
      vertex 53.0478 -46.5195 32.3762
      vertex 53.0046 -46.6727 35.5799
      vertex 52.9354 -45.9581 32.4414
    endloop
  endfacet
  facet normal -0.98083 -0.193564 -0.0224821
    outer loop
      vertex 53.0046 -46.6727 35.5799
      vertex 53.0478 -46.5195 32.3762
      vertex 53.0478 -46.8887 35.5549
    endloop
  endfacet
  facet normal -0.321574 -0.940561 -0.109248
    outer loop
      vertex 48.7887 -41.5284 32.9558
      vertex 48.5788 -41.8268 36.1427
      vertex 48.5788 -41.4576 32.9641
    endloop
  endfacet
  facet normal -0.32144 -0.940608 -0.109243
    outer loop
      vertex 48.5788 -41.8268 36.1427
      vertex 48.7887 -41.5284 32.9558
      vertex 49.1245 -42.0108 36.1213
    endloop
  endfacet
  facet normal -0.980798 0.193721 0.0225062
    outer loop
      vertex 53.0046 -48.6864 35.3461
      vertex 53.0478 -48.1013 32.1925
      vertex 52.9354 -48.6628 32.1273
    endloop
  endfacet
  facet normal -0.980815 0.193639 0.0224908
    outer loop
      vertex 53.0478 -48.1013 32.1925
      vertex 53.0046 -48.6864 35.3461
      vertex 53.0478 -48.4705 35.3712
    endloop
  endfacet
  facet normal -0.751645 0.655166 0.0760756
    outer loop
      vertex 51.6933 -51.1646 31.8368
      vertex 51.8395 -51.3682 35.0347
      vertex 51.8395 -50.9991 31.856
    endloop
  endfacet
  facet normal -0.75183 0.654954 0.0760706
    outer loop
      vertex 51.8395 -51.3682 35.0347
      vertex 51.6933 -51.1646 31.8368
      vertex 51.4595 -51.7986 34.9847
    endloop
  endfacet
  facet normal 0.659316 0.746848 0.0867215
    outer loop
      vertex 42.8533 -52.1093 34.9486
      vertex 42.6866 -51.595 31.7868
      vertex 42.6866 -51.9641 34.9655
    endloop
  endfacet
  facet normal 0.659286 0.746874 0.0867272
    outer loop
      vertex 42.6866 -51.595 31.7868
      vertex 42.8533 -52.1093 34.9486
      vertex 43.1199 -51.9724 31.743
    endloop
  endfacet
  facet normal 0.659286 0.746874 0.0867272
    outer loop
      vertex 43.2866 -52.4867 34.9048
      vertex 43.1199 -51.9724 31.743
      vertex 42.8533 -52.1093 34.9486
    endloop
  endfacet
  facet normal 0.659316 0.746848 0.0867215
    outer loop
      vertex 43.1199 -51.9724 31.743
      vertex 43.2866 -52.4867 34.9048
      vertex 43.2866 -52.1176 31.7261
    endloop
  endfacet
  facet normal 0.997858 0.0649817 0.00754774
    outer loop
      vertex 40.9 -47.6796 35.463
      vertex 40.9145 -47.5301 32.2589
      vertex 40.9 -47.3104 32.2844
    endloop
  endfacet
  facet normal 0.997858 0.0649839 0.00754784
    outer loop
      vertex 40.9145 -47.5301 32.2589
      vertex 40.9 -47.6796 35.463
      vertex 40.9377 -48.2508 35.3967
    endloop
  endfacet
  facet normal 0.321464 0.940602 0.109223
    outer loop
      vertex 45.4212 -53.5324 34.7833
      vertex 44.6656 -52.9085 31.6343
      vertex 44.6656 -53.2776 34.8129
    endloop
  endfacet
  facet normal 0.321464 0.940602 0.109223
    outer loop
      vertex 44.6656 -52.9085 31.6343
      vertex 45.4212 -53.5324 34.7833
      vertex 45.4212 -53.1633 31.6047
    endloop
  endfacet
  facet normal 0.442349 -0.890857 -0.103447
    outer loop
      vertex 43.95 -42.4321 36.0724
      vertex 44.6656 -41.7124 32.9345
      vertex 44.6656 -42.0815 36.1131
    endloop
  endfacet
  facet normal 0.442349 -0.890857 -0.103447
    outer loop
      vertex 44.6656 -41.7124 32.9345
      vertex 43.95 -42.4321 36.0724
      vertex 43.95 -42.063 32.8938
    endloop
  endfacet
  facet normal 0.980815 0.193639 0.0224908
    outer loop
      vertex 40.9954 -48.6864 35.3461
      vertex 40.9522 -48.1013 32.1925
      vertex 40.9522 -48.4705 35.3712
    endloop
  endfacet
  facet normal 0.980798 0.193721 0.0225062
    outer loop
      vertex 40.9522 -48.1013 32.1925
      vertex 40.9954 -48.6864 35.3461
      vertex 41.0646 -48.6628 32.1273
    endloop
  endfacet
  facet normal -0.195181 -0.974222 -0.113123
    outer loop
      vertex 47.7962 -41.303 32.982
      vertex 48.5788 -41.8268 36.1427
      vertex 47.7962 -41.6721 36.1607
    endloop
  endfacet
  facet normal -0.195047 -0.974244 -0.11316
    outer loop
      vertex 48.5788 -41.8268 36.1427
      vertex 47.7962 -41.303 32.982
      vertex 48.5788 -41.4576 32.9641
    endloop
  endfacet
  facet normal -0.065332 -0.991203 -0.115101
    outer loop
      vertex 47.575 -41.2886 32.9837
      vertex 47.7962 -41.6721 36.1607
      vertex 47.2212 -41.6347 36.165
    endloop
  endfacet
  facet normal -0.065411 -0.991199 -0.115095
    outer loop
      vertex 47.7962 -41.6721 36.1607
      vertex 47.575 -41.2886 32.9837
      vertex 47.7962 -41.303 32.982
    endloop
  endfacet
  facet normal -0.555558 -0.825928 -0.095907
    outer loop
      vertex 50.05 -42.063 32.8938
      vertex 50.7134 -42.8724 36.0213
      vertex 50.05 -42.4321 36.0724
    endloop
  endfacet
  facet normal -0.555568 -0.825922 -0.0959033
    outer loop
      vertex 50.7134 -42.8724 36.0213
      vertex 50.05 -42.063 32.8938
      vertex 50.7134 -42.5033 32.8426
    endloop
  endfacet
  facet normal -0.997858 0.0649826 0.00754754
    outer loop
      vertex 53.0478 -48.1013 32.1925
      vertex 53.0623 -48.2508 35.3967
      vertex 53.0855 -47.5301 32.2589
    endloop
  endfacet
  facet normal -0.997858 0.0649817 0.0075475
    outer loop
      vertex 53.0623 -48.2508 35.3967
      vertex 53.0478 -48.1013 32.1925
      vertex 53.0478 -48.4705 35.3712
    endloop
  endfacet
  facet normal -0.997858 0.0649817 0.00754774
    outer loop
      vertex 53.0855 -47.5301 32.2589
      vertex 53.1 -47.6796 35.463
      vertex 53.1 -47.3104 32.2844
    endloop
  endfacet
  facet normal -0.997858 0.0649839 0.00754784
    outer loop
      vertex 53.1 -47.6796 35.463
      vertex 53.0855 -47.5301 32.2589
      vertex 53.0623 -48.2508 35.3967
    endloop
  endfacet
  facet normal -0.831466 0.551867 0.064083
    outer loop
      vertex 51.8395 -50.9991 31.856
      vertex 52.2828 -50.7092 35.1112
      vertex 52.2828 -50.3401 31.9326
    endloop
  endfacet
  facet normal -0.831462 0.551874 0.0640817
    outer loop
      vertex 52.2828 -50.7092 35.1112
      vertex 51.8395 -50.9991 31.856
      vertex 51.8395 -51.3682 35.0347
    endloop
  endfacet
  facet normal -0.659316 0.746848 0.0867215
    outer loop
      vertex 51.3134 -51.595 31.7868
      vertex 51.1467 -52.1093 34.9486
      vertex 51.3134 -51.9641 34.9655
    endloop
  endfacet
  facet normal -0.659286 0.746874 0.0867272
    outer loop
      vertex 51.1467 -52.1093 34.9486
      vertex 51.3134 -51.595 31.7868
      vertex 50.8801 -51.9724 31.743
    endloop
  endfacet
  facet normal -0.065352 0.991199 0.115125
    outer loop
      vertex 47 -53.3697 31.5807
      vertex 47.2212 -53.7245 34.761
      vertex 47.575 -53.3323 31.5851
    endloop
  endfacet
  facet normal -0.0653592 0.991198 0.115126
    outer loop
      vertex 47.2212 -53.7245 34.761
      vertex 47 -53.3697 31.5807
      vertex 47 -53.7389 34.7594
    endloop
  endfacet
  facet normal 0.751916 0.654858 0.0760449
    outer loop
      vertex 42.5405 -51.7986 34.9847
      vertex 42.6866 -51.595 31.7868
      vertex 42.3067 -51.1646 31.8368
    endloop
  endfacet
  facet normal 0.751869 0.654912 0.0760462
    outer loop
      vertex 42.6866 -51.595 31.7868
      vertex 42.5405 -51.7986 34.9847
      vertex 42.6866 -51.9641 34.9655
    endloop
  endfacet
  facet normal 0.896929 0.439224 0.0510077
    outer loop
      vertex 41.7172 -50.7092 35.1112
      vertex 41.6192 -50.1426 31.9555
      vertex 41.4624 -50.1958 35.1708
    endloop
  endfacet
  facet normal 0.89696 0.439161 0.0509955
    outer loop
      vertex 41.6192 -50.1426 31.9555
      vertex 41.7172 -50.7092 35.1112
      vertex 41.7172 -50.3401 31.9326
    endloop
  endfacet
  facet normal 0.751841 -0.654944 -0.0760499
    outer loop
      vertex 42.6866 -43.395 35.9606
      vertex 42.1605 -43.6218 32.7127
      vertex 42.6866 -43.0259 32.7819
    endloop
  endfacet
  facet normal 0.751841 -0.654944 -0.0760499
    outer loop
      vertex 42.1605 -43.6218 32.7127
      vertex 42.6866 -43.395 35.9606
      vertex 42.1605 -43.9909 35.8914
    endloop
  endfacet
  facet normal 0.980729 -0.194071 -0.0225356
    outer loop
      vertex 41.1079 -46.1113 35.6451
      vertex 41.0646 -45.9581 32.4414
      vertex 41.1079 -45.7422 32.4665
    endloop
  endfacet
  facet normal 0.980759 -0.19392 -0.0225287
    outer loop
      vertex 41.0646 -45.9581 32.4414
      vertex 41.1079 -46.1113 35.6451
      vertex 40.9954 -46.6727 35.5799
    endloop
  endfacet
  facet normal -0.442349 -0.890857 -0.103447
    outer loop
      vertex 49.3344 -41.7124 32.9345
      vertex 50.05 -42.4321 36.0724
      vertex 49.3344 -42.0815 36.1131
    endloop
  endfacet
  facet normal -0.442349 -0.890857 -0.103447
    outer loop
      vertex 50.05 -42.4321 36.0724
      vertex 49.3344 -41.7124 32.9345
      vertex 50.05 -42.063 32.8938
    endloop
  endfacet
  facet normal 0.997858 0.0649826 0.00754754
    outer loop
      vertex 40.9377 -48.2508 35.3967
      vertex 40.9522 -48.1013 32.1925
      vertex 40.9145 -47.5301 32.2589
    endloop
  endfacet
  facet normal 0.997858 0.0649817 0.0075475
    outer loop
      vertex 40.9522 -48.1013 32.1925
      vertex 40.9377 -48.2508 35.3967
      vertex 40.9522 -48.4705 35.3712
    endloop
  endfacet
  facet normal 0.83141 -0.551951 -0.0640919
    outer loop
      vertex 41.7172 -44.6499 35.8148
      vertex 41.8404 -44.0977 32.6575
      vertex 42.0374 -44.174 35.8701
    endloop
  endfacet
  facet normal 0.831404 -0.551959 -0.0640937
    outer loop
      vertex 41.8404 -44.0977 32.6575
      vertex 41.7172 -44.6499 35.8148
      vertex 41.7172 -44.2808 32.6362
    endloop
  endfacet
  facet normal 0.195181 -0.974222 -0.113123
    outer loop
      vertex 45.4212 -41.8268 36.1427
      vertex 46.2038 -41.303 32.982
      vertex 46.2038 -41.6721 36.1607
    endloop
  endfacet
  facet normal 0.195047 -0.974244 -0.11316
    outer loop
      vertex 46.2038 -41.303 32.982
      vertex 45.4212 -41.8268 36.1427
      vertex 45.4212 -41.4576 32.9641
    endloop
  endfacet
  facet normal -0.896888 -0.439307 -0.0510124
    outer loop
      vertex 52.6357 -44.9917 32.5537
      vertex 52.2828 -44.6499 35.8148
      vertex 52.2828 -44.2808 32.6362
    endloop
  endfacet
  facet normal -0.896888 -0.439307 -0.0510124
    outer loop
      vertex 52.2828 -44.6499 35.8148
      vertex 52.6357 -44.9917 32.5537
      vertex 52.6357 -45.3608 35.7323
    endloop
  endfacet
  facet normal -0.94694 0.319265 0.0370701
    outer loop
      vertex 52.6357 -49.6292 32.0151
      vertex 52.7069 -49.7899 35.2179
      vertex 52.8209 -49.0872 32.078
    endloop
  endfacet
  facet normal -0.947001 0.319086 0.0370625
    outer loop
      vertex 52.7069 -49.7899 35.2179
      vertex 52.6357 -49.6292 32.0151
      vertex 52.6357 -49.9984 35.1937
    endloop
  endfacet
  facet normal -0.195047 0.974248 0.11313
    outer loop
      vertex 48.5788 -53.1633 31.6047
      vertex 47.7962 -53.687 34.7654
      vertex 48.5788 -53.5324 34.7833
    endloop
  endfacet
  facet normal -0.195061 0.974245 0.113126
    outer loop
      vertex 47.7962 -53.687 34.7654
      vertex 48.5788 -53.1633 31.6047
      vertex 47.7962 -53.3179 31.5867
    endloop
  endfacet
  facet normal -0.44235 0.890857 0.103446
    outer loop
      vertex 49.5332 -52.8111 31.6456
      vertex 49.3344 -53.2776 34.8129
      vertex 49.8512 -53.0244 34.8423
    endloop
  endfacet
  facet normal -0.442347 0.890858 0.103447
    outer loop
      vertex 49.3344 -53.2776 34.8129
      vertex 49.5332 -52.8111 31.6456
      vertex 49.3344 -52.9085 31.6343
    endloop
  endfacet
  facet normal -0.947006 0.319072 0.0370507
    outer loop
      vertex 52.8209 -49.0872 32.078
      vertex 52.8921 -49.2478 35.2809
      vertex 52.8921 -48.8787 32.1023
    endloop
  endfacet
  facet normal -0.94696 0.319208 0.0370565
    outer loop
      vertex 52.8921 -49.2478 35.2809
      vertex 52.8209 -49.0872 32.078
      vertex 52.7069 -49.7899 35.2179
    endloop
  endfacet
  facet normal -0.555654 0.825865 0.0958967
    outer loop
      vertex 50.7134 -52.1176 31.7261
      vertex 50.05 -52.9271 34.8536
      vertex 50.7134 -52.4867 34.9048
    endloop
  endfacet
  facet normal -0.555558 0.825925 0.0959327
    outer loop
      vertex 50.05 -52.9271 34.8536
      vertex 50.7134 -52.1176 31.7261
      vertex 50.05 -52.5579 31.675
    endloop
  endfacet
  facet normal -0.441986 0.891031 0.103495
    outer loop
      vertex 50.05 -52.5579 31.675
      vertex 49.8512 -53.0244 34.8423
      vertex 50.05 -52.9271 34.8536
    endloop
  endfacet
  facet normal -0.44235 0.890857 0.103446
    outer loop
      vertex 49.8512 -53.0244 34.8423
      vertex 50.05 -52.5579 31.675
      vertex 49.5332 -52.8111 31.6456
    endloop
  endfacet
  facet normal 0.0653592 0.991198 0.115126
    outer loop
      vertex 47 -53.3697 31.5807
      vertex 46.7788 -53.7245 34.761
      vertex 47 -53.7389 34.7594
    endloop
  endfacet
  facet normal 0.065352 0.991199 0.115125
    outer loop
      vertex 46.7788 -53.7245 34.761
      vertex 47 -53.3697 31.5807
      vertex 46.425 -53.3323 31.5851
    endloop
  endfacet
  facet normal 0.195047 0.974248 0.11313
    outer loop
      vertex 46.2038 -53.687 34.7654
      vertex 45.4212 -53.1633 31.6047
      vertex 45.4212 -53.5324 34.7833
    endloop
  endfacet
  facet normal 0.195061 0.974245 0.113126
    outer loop
      vertex 45.4212 -53.1633 31.6047
      vertex 46.2038 -53.687 34.7654
      vertex 46.2038 -53.3179 31.5867
    endloop
  endfacet
  facet normal 0.0655236 0.99119 0.115105
    outer loop
      vertex 46.425 -53.3323 31.5851
      vertex 46.2038 -53.687 34.7654
      vertex 46.7788 -53.7245 34.761
    endloop
  endfacet
  facet normal 0.0653592 0.991202 0.115095
    outer loop
      vertex 46.2038 -53.687 34.7654
      vertex 46.425 -53.3323 31.5851
      vertex 46.2038 -53.3179 31.5867
    endloop
  endfacet
  facet normal 0.44235 0.890857 0.103446
    outer loop
      vertex 44.6656 -53.2776 34.8129
      vertex 44.4668 -52.8111 31.6456
      vertex 44.1488 -53.0244 34.8423
    endloop
  endfacet
  facet normal 0.442347 0.890858 0.103447
    outer loop
      vertex 44.4668 -52.8111 31.6456
      vertex 44.6656 -53.2776 34.8129
      vertex 44.6656 -52.9085 31.6343
    endloop
  endfacet
  facet normal 0.896693 0.439696 0.0510715
    outer loop
      vertex 41.4624 -50.1958 35.1708
      vertex 41.3643 -49.6292 32.0151
      vertex 41.3643 -49.9984 35.1937
    endloop
  endfacet
  facet normal 0.89686 0.439364 0.0510067
    outer loop
      vertex 41.3643 -49.6292 32.0151
      vertex 41.4624 -50.1958 35.1708
      vertex 41.6192 -50.1426 31.9555
    endloop
  endfacet
  facet normal 0.831466 0.551867 0.064083
    outer loop
      vertex 41.7172 -50.7092 35.1112
      vertex 42.1605 -50.9991 31.856
      vertex 41.7172 -50.3401 31.9326
    endloop
  endfacet
  facet normal 0.831462 0.551874 0.0640817
    outer loop
      vertex 42.1605 -50.9991 31.856
      vertex 41.7172 -50.7092 35.1112
      vertex 42.1605 -51.3682 35.0347
    endloop
  endfacet
  facet normal -0.946958 -0.319211 -0.0370669
    outer loop
      vertex 52.8921 -45.7422 32.4665
      vertex 52.6357 -45.3608 35.7323
      vertex 52.6357 -44.9917 32.5537
    endloop
  endfacet
  facet normal -0.946958 -0.319211 -0.0370669
    outer loop
      vertex 52.6357 -45.3608 35.7323
      vertex 52.8921 -45.7422 32.4665
      vertex 52.8921 -46.1113 35.6451
    endloop
  endfacet
  facet normal -0.980727 0.194081 0.0225367
    outer loop
      vertex 52.8921 -49.2478 35.2809
      vertex 52.9354 -48.6628 32.1273
      vertex 52.8921 -48.8787 32.1023
    endloop
  endfacet
  facet normal -0.980759 0.193922 0.0225069
    outer loop
      vertex 52.9354 -48.6628 32.1273
      vertex 52.8921 -49.2478 35.2809
      vertex 53.0046 -48.6864 35.3461
    endloop
  endfacet
  facet normal 0.441986 0.891031 0.103495
    outer loop
      vertex 44.1488 -53.0244 34.8423
      vertex 43.95 -52.5579 31.675
      vertex 43.95 -52.9271 34.8536
    endloop
  endfacet
  facet normal 0.44235 0.890857 0.103446
    outer loop
      vertex 43.95 -52.5579 31.675
      vertex 44.1488 -53.0244 34.8423
      vertex 44.4668 -52.8111 31.6456
    endloop
  endfacet
  facet normal 0.555654 0.825865 0.0958967
    outer loop
      vertex 43.95 -52.9271 34.8536
      vertex 43.2866 -52.1176 31.7261
      vertex 43.2866 -52.4867 34.9048
    endloop
  endfacet
  facet normal 0.555558 0.825925 0.0959327
    outer loop
      vertex 43.2866 -52.1176 31.7261
      vertex 43.95 -52.9271 34.8536
      vertex 43.95 -52.5579 31.675
    endloop
  endfacet
  facet normal 0.659294 -0.746867 -0.0867237
    outer loop
      vertex 42.6866 -43.395 35.9606
      vertex 43.2866 -42.5033 32.8426
      vertex 43.2866 -42.8724 36.0213
    endloop
  endfacet
  facet normal 0.659294 -0.746867 -0.0867237
    outer loop
      vertex 43.2866 -42.5033 32.8426
      vertex 42.6866 -43.395 35.9606
      vertex 42.6866 -43.0259 32.7819
    endloop
  endfacet
  facet normal 0.946958 -0.319211 -0.0370669
    outer loop
      vertex 41.3643 -45.3608 35.7323
      vertex 41.1079 -45.7422 32.4665
      vertex 41.3643 -44.9917 32.5537
    endloop
  endfacet
  facet normal 0.946958 -0.319211 -0.0370669
    outer loop
      vertex 41.1079 -45.7422 32.4665
      vertex 41.3643 -45.3608 35.7323
      vertex 41.1079 -46.1113 35.6451
    endloop
  endfacet
  facet normal 0.896888 -0.439307 -0.0510124
    outer loop
      vertex 41.7172 -44.6499 35.8148
      vertex 41.3643 -44.9917 32.5537
      vertex 41.7172 -44.2808 32.6362
    endloop
  endfacet
  facet normal 0.896888 -0.439307 -0.0510124
    outer loop
      vertex 41.3643 -44.9917 32.5537
      vertex 41.7172 -44.6499 35.8148
      vertex 41.3643 -45.3608 35.7323
    endloop
  endfacet
  facet normal 0.555558 -0.825928 -0.095907
    outer loop
      vertex 43.2866 -42.8724 36.0213
      vertex 43.95 -42.063 32.8938
      vertex 43.95 -42.4321 36.0724
    endloop
  endfacet
  facet normal 0.555568 -0.825922 -0.0959033
    outer loop
      vertex 43.95 -42.063 32.8938
      vertex 43.2866 -42.8724 36.0213
      vertex 43.2866 -42.5033 32.8426
    endloop
  endfacet
  facet normal 0.831612 -0.55165 -0.0640557
    outer loop
      vertex 42.0374 -44.174 35.8701
      vertex 42.1605 -43.6218 32.7127
      vertex 42.1605 -43.9909 35.8914
    endloop
  endfacet
  facet normal 0.831484 -0.551839 -0.0640938
    outer loop
      vertex 42.1605 -43.6218 32.7127
      vertex 42.0374 -44.174 35.8701
      vertex 41.8404 -44.0977 32.6575
    endloop
  endfacet
  facet normal -0.89686 0.439364 0.0510067
    outer loop
      vertex 95.5376 -50.1958 35.1708
      vertex 95.6357 -49.6292 32.0151
      vertex 95.3808 -50.1426 31.9555
    endloop
  endfacet
  facet normal -0.896693 0.439696 0.0510715
    outer loop
      vertex 95.6357 -49.6292 32.0151
      vertex 95.5376 -50.1958 35.1708
      vertex 95.6357 -49.9984 35.1937
    endloop
  endfacet
  facet normal -0.997858 -0.0649833 -0.00754769
    outer loop
      vertex 96.1 -47.3104 32.2844
      vertex 96.0478 -46.8887 35.5549
      vertex 96.0478 -46.5195 32.3762
    endloop
  endfacet
  facet normal -0.997858 -0.0649823 -0.00754781
    outer loop
      vertex 96.0478 -46.8887 35.5549
      vertex 96.1 -47.3104 32.2844
      vertex 96.1 -47.6796 35.463
    endloop
  endfacet
  facet normal 0.065332 -0.991203 -0.115101
    outer loop
      vertex 89.2038 -41.6721 36.1607
      vertex 89.425 -41.2886 32.9837
      vertex 89.7788 -41.6347 36.165
    endloop
  endfacet
  facet normal 0.065411 -0.991199 -0.115095
    outer loop
      vertex 89.425 -41.2886 32.9837
      vertex 89.2038 -41.6721 36.1607
      vertex 89.2038 -41.303 32.982
    endloop
  endfacet
  facet normal 0.980792 0.193754 0.0225063
    outer loop
      vertex 84.1078 -49.2478 35.2809
      vertex 84.0646 -48.6628 32.1273
      vertex 83.9954 -48.6864 35.3461
    endloop
  endfacet
  facet normal 0.980813 0.19365 0.0224867
    outer loop
      vertex 84.0646 -48.6628 32.1273
      vertex 84.1078 -49.2478 35.2809
      vertex 84.1078 -48.8787 32.1023
    endloop
  endfacet
  facet normal 0.946869 0.319474 0.0370974
    outer loop
      vertex 84.1078 -49.2478 35.2809
      vertex 84.1791 -49.0872 32.078
      vertex 84.1078 -48.8787 32.1023
    endloop
  endfacet
  facet normal 0.946907 0.31936 0.0370925
    outer loop
      vertex 84.1791 -49.0872 32.078
      vertex 84.1078 -49.2478 35.2809
      vertex 84.2931 -49.7899 35.2179
    endloop
  endfacet
  facet normal 0.980792 -0.193756 -0.0224908
    outer loop
      vertex 83.9954 -46.6727 35.5799
      vertex 83.9522 -46.5195 32.3762
      vertex 84.0646 -45.9581 32.4414
    endloop
  endfacet
  facet normal 0.98083 -0.193564 -0.0224821
    outer loop
      vertex 83.9522 -46.5195 32.3762
      vertex 83.9954 -46.6727 35.5799
      vertex 83.9522 -46.8887 35.5549
    endloop
  endfacet
  facet normal -0.831404 -0.551959 -0.0640937
    outer loop
      vertex 95.2828 -44.6499 35.8148
      vertex 95.1596 -44.0977 32.6575
      vertex 95.2828 -44.2808 32.6362
    endloop
  endfacet
  facet normal -0.83141 -0.551951 -0.0640919
    outer loop
      vertex 95.1596 -44.0977 32.6575
      vertex 95.2828 -44.6499 35.8148
      vertex 94.9626 -44.174 35.8701
    endloop
  endfacet
  facet normal -0.659294 -0.746867 -0.0867237
    outer loop
      vertex 93.7134 -42.5033 32.8426
      vertex 94.3134 -43.395 35.9606
      vertex 93.7134 -42.8724 36.0213
    endloop
  endfacet
  facet normal -0.659294 -0.746867 -0.0867237
    outer loop
      vertex 94.3134 -43.395 35.9606
      vertex 93.7134 -42.5033 32.8426
      vertex 94.3134 -43.0259 32.7819
    endloop
  endfacet
  facet normal -0.751916 0.654858 0.0760449
    outer loop
      vertex 94.3134 -51.595 31.7868
      vertex 94.4595 -51.7986 34.9847
      vertex 94.6933 -51.1646 31.8368
    endloop
  endfacet
  facet normal -0.751869 0.654912 0.0760462
    outer loop
      vertex 94.4595 -51.7986 34.9847
      vertex 94.3134 -51.595 31.7868
      vertex 94.3134 -51.9641 34.9655
    endloop
  endfacet
  facet normal -0.0653592 0.991202 0.115095
    outer loop
      vertex 90.575 -53.3323 31.5851
      vertex 90.7962 -53.687 34.7654
      vertex 90.7962 -53.3179 31.5867
    endloop
  endfacet
  facet normal -0.0655236 0.99119 0.115105
    outer loop
      vertex 90.7962 -53.687 34.7654
      vertex 90.575 -53.3323 31.5851
      vertex 90.2212 -53.7245 34.761
    endloop
  endfacet
  facet normal 0.32144 -0.940608 -0.109243
    outer loop
      vertex 88.2113 -41.5284 32.9558
      vertex 88.4212 -41.8268 36.1427
      vertex 87.8755 -42.0108 36.1213
    endloop
  endfacet
  facet normal 0.321574 -0.940561 -0.109248
    outer loop
      vertex 88.4212 -41.8268 36.1427
      vertex 88.2113 -41.5284 32.9558
      vertex 88.4212 -41.4576 32.9641
    endloop
  endfacet
  facet normal -0.065411 -0.991199 -0.115095
    outer loop
      vertex 90 -41.2512 32.988
      vertex 90.2212 -41.6347 36.165
      vertex 90 -41.6203 36.1667
    endloop
  endfacet
  facet normal -0.065332 -0.991203 -0.115101
    outer loop
      vertex 90.2212 -41.6347 36.165
      vertex 90 -41.2512 32.988
      vertex 90.575 -41.2886 32.9837
    endloop
  endfacet
  facet normal -0.321422 -0.940613 -0.109246
    outer loop
      vertex 92.3344 -41.7124 32.9345
      vertex 92.1245 -42.0108 36.1213
      vertex 91.7887 -41.5284 32.9558
    endloop
  endfacet
  facet normal -0.321126 -0.940715 -0.109236
    outer loop
      vertex 92.1245 -42.0108 36.1213
      vertex 92.3344 -41.7124 32.9345
      vertex 92.3344 -42.0815 36.1131
    endloop
  endfacet
  facet normal -0.659286 0.746874 0.0867272
    outer loop
      vertex 93.8801 -51.9724 31.743
      vertex 93.7134 -52.4867 34.9048
      vertex 94.1467 -52.1093 34.9486
    endloop
  endfacet
  facet normal -0.659316 0.746848 0.0867215
    outer loop
      vertex 93.7134 -52.4867 34.9048
      vertex 93.8801 -51.9724 31.743
      vertex 93.7134 -52.1176 31.7261
    endloop
  endfacet
  facet normal 0.94694 0.319265 0.0370701
    outer loop
      vertex 84.2931 -49.7899 35.2179
      vertex 84.3643 -49.6292 32.0151
      vertex 84.1791 -49.0872 32.078
    endloop
  endfacet
  facet normal 0.947001 0.319086 0.0370625
    outer loop
      vertex 84.3643 -49.6292 32.0151
      vertex 84.2931 -49.7899 35.2179
      vertex 84.3643 -49.9984 35.1937
    endloop
  endfacet
  facet normal -0.89696 0.439161 0.0509955
    outer loop
      vertex 95.2828 -50.7092 35.1112
      vertex 95.3808 -50.1426 31.9555
      vertex 95.2828 -50.3401 31.9326
    endloop
  endfacet
  facet normal -0.896929 0.439224 0.0510077
    outer loop
      vertex 95.3808 -50.1426 31.9555
      vertex 95.2828 -50.7092 35.1112
      vertex 95.5376 -50.1958 35.1708
    endloop
  endfacet
  facet normal -0.321464 0.940602 0.109223
    outer loop
      vertex 92.3344 -52.9085 31.6343
      vertex 91.5788 -53.5324 34.7833
      vertex 92.3344 -53.2776 34.8129
    endloop
  endfacet
  facet normal -0.321464 0.940602 0.109223
    outer loop
      vertex 91.5788 -53.5324 34.7833
      vertex 92.3344 -52.9085 31.6343
      vertex 91.5788 -53.1633 31.6047
    endloop
  endfacet
  facet normal 0.065411 -0.991199 -0.115095
    outer loop
      vertex 89.7788 -41.6347 36.165
      vertex 90 -41.2512 32.988
      vertex 90 -41.6203 36.1667
    endloop
  endfacet
  facet normal 0.065332 -0.991203 -0.115101
    outer loop
      vertex 90 -41.2512 32.988
      vertex 89.7788 -41.6347 36.165
      vertex 89.425 -41.2886 32.9837
    endloop
  endfacet
  facet normal 0.997858 -0.0649833 -0.00754769
    outer loop
      vertex 83.9522 -46.8887 35.5549
      vertex 83.9 -47.3104 32.2844
      vertex 83.9522 -46.5195 32.3762
    endloop
  endfacet
  facet normal 0.997858 -0.0649823 -0.00754781
    outer loop
      vertex 83.9 -47.3104 32.2844
      vertex 83.9522 -46.8887 35.5549
      vertex 83.9 -47.6796 35.463
    endloop
  endfacet
  facet normal 0.751645 0.655166 0.0760756
    outer loop
      vertex 85.1605 -51.3682 35.0347
      vertex 85.3067 -51.1646 31.8368
      vertex 85.1605 -50.9991 31.856
    endloop
  endfacet
  facet normal 0.75183 0.654954 0.0760706
    outer loop
      vertex 85.3067 -51.1646 31.8368
      vertex 85.1605 -51.3682 35.0347
      vertex 85.5405 -51.7986 34.9847
    endloop
  endfacet
  facet normal 0.321126 -0.940715 -0.109236
    outer loop
      vertex 87.6656 -41.7124 32.9345
      vertex 87.8755 -42.0108 36.1213
      vertex 87.6656 -42.0815 36.1131
    endloop
  endfacet
  facet normal 0.321422 -0.940613 -0.109246
    outer loop
      vertex 87.8755 -42.0108 36.1213
      vertex 87.6656 -41.7124 32.9345
      vertex 88.2113 -41.5284 32.9558
    endloop
  endfacet
  facet normal -0.831484 -0.551839 -0.0640938
    outer loop
      vertex 94.9626 -44.174 35.8701
      vertex 94.8395 -43.6218 32.7127
      vertex 95.1596 -44.0977 32.6575
    endloop
  endfacet
  facet normal -0.831612 -0.55165 -0.0640557
    outer loop
      vertex 94.8395 -43.6218 32.7127
      vertex 94.9626 -44.174 35.8701
      vertex 94.8395 -43.9909 35.8914
    endloop
  endfacet
  facet normal -0.751841 -0.654944 -0.0760499
    outer loop
      vertex 94.8395 -43.6218 32.7127
      vertex 94.3134 -43.395 35.9606
      vertex 94.3134 -43.0259 32.7819
    endloop
  endfacet
  facet normal -0.751841 -0.654944 -0.0760499
    outer loop
      vertex 94.3134 -43.395 35.9606
      vertex 94.8395 -43.6218 32.7127
      vertex 94.8395 -43.9909 35.8914
    endloop
  endfacet
  facet normal -0.980815 -0.19364 -0.0224855
    outer loop
      vertex 95.9354 -45.9581 32.4414
      vertex 95.8922 -46.1113 35.6451
      vertex 95.8922 -45.7422 32.4665
    endloop
  endfacet
  facet normal -0.980792 -0.193756 -0.0224908
    outer loop
      vertex 95.8922 -46.1113 35.6451
      vertex 95.9354 -45.9581 32.4414
      vertex 96.0046 -46.6727 35.5799
    endloop
  endfacet
  facet normal -0.980792 -0.193756 -0.0224908
    outer loop
      vertex 96.0478 -46.5195 32.3762
      vertex 96.0046 -46.6727 35.5799
      vertex 95.9354 -45.9581 32.4414
    endloop
  endfacet
  facet normal -0.98083 -0.193564 -0.0224821
    outer loop
      vertex 96.0046 -46.6727 35.5799
      vertex 96.0478 -46.5195 32.3762
      vertex 96.0478 -46.8887 35.5549
    endloop
  endfacet
  facet normal -0.321574 -0.940561 -0.109248
    outer loop
      vertex 91.7887 -41.5284 32.9558
      vertex 91.5788 -41.8268 36.1427
      vertex 91.5788 -41.4576 32.9641
    endloop
  endfacet
  facet normal -0.32144 -0.940608 -0.109243
    outer loop
      vertex 91.5788 -41.8268 36.1427
      vertex 91.7887 -41.5284 32.9558
      vertex 92.1245 -42.0108 36.1213
    endloop
  endfacet
  facet normal -0.980798 0.193721 0.0225062
    outer loop
      vertex 96.0046 -48.6864 35.3461
      vertex 96.0478 -48.1013 32.1925
      vertex 95.9354 -48.6628 32.1273
    endloop
  endfacet
  facet normal -0.980815 0.193639 0.0224908
    outer loop
      vertex 96.0478 -48.1013 32.1925
      vertex 96.0046 -48.6864 35.3461
      vertex 96.0478 -48.4705 35.3712
    endloop
  endfacet
  facet normal -0.751645 0.655166 0.0760756
    outer loop
      vertex 94.6933 -51.1646 31.8368
      vertex 94.8395 -51.3682 35.0347
      vertex 94.8395 -50.9991 31.856
    endloop
  endfacet
  facet normal -0.75183 0.654954 0.0760706
    outer loop
      vertex 94.8395 -51.3682 35.0347
      vertex 94.6933 -51.1646 31.8368
      vertex 94.4595 -51.7986 34.9847
    endloop
  endfacet
  facet normal 0.659316 0.746848 0.0867215
    outer loop
      vertex 85.8533 -52.1093 34.9486
      vertex 85.6866 -51.595 31.7868
      vertex 85.6866 -51.9641 34.9655
    endloop
  endfacet
  facet normal 0.659286 0.746874 0.0867272
    outer loop
      vertex 85.6866 -51.595 31.7868
      vertex 85.8533 -52.1093 34.9486
      vertex 86.1199 -51.9724 31.743
    endloop
  endfacet
  facet normal 0.659286 0.746874 0.0867272
    outer loop
      vertex 86.2866 -52.4867 34.9048
      vertex 86.1199 -51.9724 31.743
      vertex 85.8533 -52.1093 34.9486
    endloop
  endfacet
  facet normal 0.659316 0.746848 0.0867215
    outer loop
      vertex 86.1199 -51.9724 31.743
      vertex 86.2866 -52.4867 34.9048
      vertex 86.2866 -52.1176 31.7261
    endloop
  endfacet
  facet normal 0.997858 0.0649817 0.00754774
    outer loop
      vertex 83.9 -47.6796 35.463
      vertex 83.9145 -47.5301 32.2589
      vertex 83.9 -47.3104 32.2844
    endloop
  endfacet
  facet normal 0.997858 0.0649839 0.00754784
    outer loop
      vertex 83.9145 -47.5301 32.2589
      vertex 83.9 -47.6796 35.463
      vertex 83.9377 -48.2508 35.3967
    endloop
  endfacet
  facet normal 0.321464 0.940602 0.109223
    outer loop
      vertex 88.4212 -53.5324 34.7833
      vertex 87.6656 -52.9085 31.6343
      vertex 87.6656 -53.2776 34.8129
    endloop
  endfacet
  facet normal 0.321464 0.940602 0.109223
    outer loop
      vertex 87.6656 -52.9085 31.6343
      vertex 88.4212 -53.5324 34.7833
      vertex 88.4212 -53.1633 31.6047
    endloop
  endfacet
  facet normal 0.442349 -0.890857 -0.103447
    outer loop
      vertex 86.95 -42.4321 36.0724
      vertex 87.6656 -41.7124 32.9345
      vertex 87.6656 -42.0815 36.1131
    endloop
  endfacet
  facet normal 0.442349 -0.890857 -0.103447
    outer loop
      vertex 87.6656 -41.7124 32.9345
      vertex 86.95 -42.4321 36.0724
      vertex 86.95 -42.063 32.8938
    endloop
  endfacet
  facet normal 0.980815 0.193639 0.0224908
    outer loop
      vertex 83.9954 -48.6864 35.3461
      vertex 83.9522 -48.1013 32.1925
      vertex 83.9522 -48.4705 35.3712
    endloop
  endfacet
  facet normal 0.980798 0.193721 0.0225062
    outer loop
      vertex 83.9522 -48.1013 32.1925
      vertex 83.9954 -48.6864 35.3461
      vertex 84.0646 -48.6628 32.1273
    endloop
  endfacet
  facet normal -0.195181 -0.974222 -0.113123
    outer loop
      vertex 90.7962 -41.303 32.982
      vertex 91.5788 -41.8268 36.1427
      vertex 90.7962 -41.6721 36.1607
    endloop
  endfacet
  facet normal -0.195047 -0.974244 -0.11316
    outer loop
      vertex 91.5788 -41.8268 36.1427
      vertex 90.7962 -41.303 32.982
      vertex 91.5788 -41.4576 32.9641
    endloop
  endfacet
  facet normal -0.065332 -0.991203 -0.115101
    outer loop
      vertex 90.575 -41.2886 32.9837
      vertex 90.7962 -41.6721 36.1607
      vertex 90.2212 -41.6347 36.165
    endloop
  endfacet
  facet normal -0.065411 -0.991199 -0.115095
    outer loop
      vertex 90.7962 -41.6721 36.1607
      vertex 90.575 -41.2886 32.9837
      vertex 90.7962 -41.303 32.982
    endloop
  endfacet
  facet normal -0.555558 -0.825928 -0.095907
    outer loop
      vertex 93.05 -42.063 32.8938
      vertex 93.7134 -42.8724 36.0213
      vertex 93.05 -42.4321 36.0724
    endloop
  endfacet
  facet normal -0.555568 -0.825922 -0.0959033
    outer loop
      vertex 93.7134 -42.8724 36.0213
      vertex 93.05 -42.063 32.8938
      vertex 93.7134 -42.5033 32.8426
    endloop
  endfacet
  facet normal -0.997858 0.0649826 0.00754754
    outer loop
      vertex 96.0478 -48.1013 32.1925
      vertex 96.0623 -48.2508 35.3967
      vertex 96.0855 -47.5301 32.2589
    endloop
  endfacet
  facet normal -0.997858 0.0649817 0.0075475
    outer loop
      vertex 96.0623 -48.2508 35.3967
      vertex 96.0478 -48.1013 32.1925
      vertex 96.0478 -48.4705 35.3712
    endloop
  endfacet
  facet normal -0.997858 0.0649817 0.00754774
    outer loop
      vertex 96.0855 -47.5301 32.2589
      vertex 96.1 -47.6796 35.463
      vertex 96.1 -47.3104 32.2844
    endloop
  endfacet
  facet normal -0.997858 0.0649839 0.00754784
    outer loop
      vertex 96.1 -47.6796 35.463
      vertex 96.0855 -47.5301 32.2589
      vertex 96.0623 -48.2508 35.3967
    endloop
  endfacet
  facet normal -0.831466 0.551867 0.064083
    outer loop
      vertex 94.8395 -50.9991 31.856
      vertex 95.2828 -50.7092 35.1112
      vertex 95.2828 -50.3401 31.9326
    endloop
  endfacet
  facet normal -0.831462 0.551874 0.0640817
    outer loop
      vertex 95.2828 -50.7092 35.1112
      vertex 94.8395 -50.9991 31.856
      vertex 94.8395 -51.3682 35.0347
    endloop
  endfacet
  facet normal -0.659316 0.746848 0.0867215
    outer loop
      vertex 94.3134 -51.595 31.7868
      vertex 94.1467 -52.1093 34.9486
      vertex 94.3134 -51.9641 34.9655
    endloop
  endfacet
  facet normal -0.659286 0.746874 0.0867272
    outer loop
      vertex 94.1467 -52.1093 34.9486
      vertex 94.3134 -51.595 31.7868
      vertex 93.8801 -51.9724 31.743
    endloop
  endfacet
  facet normal 0.555654 0.825865 0.0958967
    outer loop
      vertex 86.95 -52.9271 34.8536
      vertex 86.2866 -52.1176 31.7261
      vertex 86.2866 -52.4867 34.9048
    endloop
  endfacet
  facet normal 0.555558 0.825925 0.0959327
    outer loop
      vertex 86.2866 -52.1176 31.7261
      vertex 86.95 -52.9271 34.8536
      vertex 86.95 -52.5579 31.675
    endloop
  endfacet
  facet normal -0.065352 0.991199 0.115125
    outer loop
      vertex 90 -53.3697 31.5807
      vertex 90.2212 -53.7245 34.761
      vertex 90.575 -53.3323 31.5851
    endloop
  endfacet
  facet normal -0.0653592 0.991198 0.115126
    outer loop
      vertex 90.2212 -53.7245 34.761
      vertex 90 -53.3697 31.5807
      vertex 90 -53.7389 34.7594
    endloop
  endfacet
  facet normal 0.751916 0.654858 0.0760449
    outer loop
      vertex 85.5405 -51.7986 34.9847
      vertex 85.6866 -51.595 31.7868
      vertex 85.3067 -51.1646 31.8368
    endloop
  endfacet
  facet normal 0.751869 0.654912 0.0760462
    outer loop
      vertex 85.6866 -51.595 31.7868
      vertex 85.5405 -51.7986 34.9847
      vertex 85.6866 -51.9641 34.9655
    endloop
  endfacet
  facet normal 0.896929 0.439224 0.0510077
    outer loop
      vertex 84.7172 -50.7092 35.1112
      vertex 84.6192 -50.1426 31.9555
      vertex 84.4624 -50.1958 35.1708
    endloop
  endfacet
  facet normal 0.89696 0.439161 0.0509955
    outer loop
      vertex 84.6192 -50.1426 31.9555
      vertex 84.7172 -50.7092 35.1112
      vertex 84.7172 -50.3401 31.9326
    endloop
  endfacet
  facet normal 0.751841 -0.654944 -0.0760499
    outer loop
      vertex 85.6866 -43.395 35.9606
      vertex 85.1605 -43.6218 32.7127
      vertex 85.6866 -43.0259 32.7819
    endloop
  endfacet
  facet normal 0.751841 -0.654944 -0.0760499
    outer loop
      vertex 85.1605 -43.6218 32.7127
      vertex 85.6866 -43.395 35.9606
      vertex 85.1605 -43.9909 35.8914
    endloop
  endfacet
  facet normal 0.94692 -0.319323 -0.0370799
    outer loop
      vertex 84.3643 -45.3608 35.7323
      vertex 84.1078 -45.7422 32.4665
      vertex 84.3643 -44.9917 32.5537
    endloop
  endfacet
  facet normal 0.94692 -0.319323 -0.0370799
    outer loop
      vertex 84.1078 -45.7422 32.4665
      vertex 84.3643 -45.3608 35.7323
      vertex 84.1078 -46.1113 35.6451
    endloop
  endfacet
  facet normal 0.980815 -0.19364 -0.0224855
    outer loop
      vertex 84.1078 -46.1113 35.6451
      vertex 84.0646 -45.9581 32.4414
      vertex 84.1078 -45.7422 32.4665
    endloop
  endfacet
  facet normal 0.980792 -0.193756 -0.0224908
    outer loop
      vertex 84.0646 -45.9581 32.4414
      vertex 84.1078 -46.1113 35.6451
      vertex 83.9954 -46.6727 35.5799
    endloop
  endfacet
  facet normal -0.442349 -0.890857 -0.103447
    outer loop
      vertex 92.3344 -41.7124 32.9345
      vertex 93.05 -42.4321 36.0724
      vertex 92.3344 -42.0815 36.1131
    endloop
  endfacet
  facet normal -0.442349 -0.890857 -0.103447
    outer loop
      vertex 93.05 -42.4321 36.0724
      vertex 92.3344 -41.7124 32.9345
      vertex 93.05 -42.063 32.8938
    endloop
  endfacet
  facet normal 0.997858 0.0649826 0.00754754
    outer loop
      vertex 83.9377 -48.2508 35.3967
      vertex 83.9522 -48.1013 32.1925
      vertex 83.9145 -47.5301 32.2589
    endloop
  endfacet
  facet normal 0.997858 0.0649817 0.0075475
    outer loop
      vertex 83.9522 -48.1013 32.1925
      vertex 83.9377 -48.2508 35.3967
      vertex 83.9522 -48.4705 35.3712
    endloop
  endfacet
  facet normal 0.83141 -0.551951 -0.0640919
    outer loop
      vertex 84.7172 -44.6499 35.8148
      vertex 84.8404 -44.0977 32.6575
      vertex 85.0374 -44.174 35.8701
    endloop
  endfacet
  facet normal 0.831404 -0.551959 -0.0640937
    outer loop
      vertex 84.8404 -44.0977 32.6575
      vertex 84.7172 -44.6499 35.8148
      vertex 84.7172 -44.2808 32.6362
    endloop
  endfacet
  facet normal 0.195181 -0.974222 -0.113123
    outer loop
      vertex 88.4212 -41.8268 36.1427
      vertex 89.2038 -41.303 32.982
      vertex 89.2038 -41.6721 36.1607
    endloop
  endfacet
  facet normal 0.195047 -0.974244 -0.11316
    outer loop
      vertex 89.2038 -41.303 32.982
      vertex 88.4212 -41.8268 36.1427
      vertex 88.4212 -41.4576 32.9641
    endloop
  endfacet
  facet normal -0.896888 -0.439307 -0.0510124
    outer loop
      vertex 95.6357 -44.9917 32.5537
      vertex 95.2828 -44.6499 35.8148
      vertex 95.2828 -44.2808 32.6362
    endloop
  endfacet
  facet normal -0.896888 -0.439307 -0.0510124
    outer loop
      vertex 95.2828 -44.6499 35.8148
      vertex 95.6357 -44.9917 32.5537
      vertex 95.6357 -45.3608 35.7323
    endloop
  endfacet
  facet normal -0.94694 0.319265 0.0370701
    outer loop
      vertex 95.6357 -49.6292 32.0151
      vertex 95.7069 -49.7899 35.2179
      vertex 95.8209 -49.0872 32.078
    endloop
  endfacet
  facet normal -0.947001 0.319086 0.0370625
    outer loop
      vertex 95.7069 -49.7899 35.2179
      vertex 95.6357 -49.6292 32.0151
      vertex 95.6357 -49.9984 35.1937
    endloop
  endfacet
  facet normal -0.195047 0.974248 0.11313
    outer loop
      vertex 91.5788 -53.1633 31.6047
      vertex 90.7962 -53.687 34.7654
      vertex 91.5788 -53.5324 34.7833
    endloop
  endfacet
  facet normal -0.195061 0.974245 0.113126
    outer loop
      vertex 90.7962 -53.687 34.7654
      vertex 91.5788 -53.1633 31.6047
      vertex 90.7962 -53.3179 31.5867
    endloop
  endfacet
  facet normal -0.44235 0.890857 0.103446
    outer loop
      vertex 92.5332 -52.8111 31.6456
      vertex 92.3344 -53.2776 34.8129
      vertex 92.8512 -53.0244 34.8423
    endloop
  endfacet
  facet normal -0.442347 0.890858 0.103447
    outer loop
      vertex 92.3344 -53.2776 34.8129
      vertex 92.5332 -52.8111 31.6456
      vertex 92.3344 -52.9085 31.6343
    endloop
  endfacet
  facet normal -0.946869 0.319474 0.0370974
    outer loop
      vertex 95.8209 -49.0872 32.078
      vertex 95.8922 -49.2478 35.2809
      vertex 95.8922 -48.8787 32.1023
    endloop
  endfacet
  facet normal -0.946907 0.31936 0.0370925
    outer loop
      vertex 95.8922 -49.2478 35.2809
      vertex 95.8209 -49.0872 32.078
      vertex 95.7069 -49.7899 35.2179
    endloop
  endfacet
  facet normal -0.555654 0.825865 0.0958967
    outer loop
      vertex 93.7134 -52.1176 31.7261
      vertex 93.05 -52.9271 34.8536
      vertex 93.7134 -52.4867 34.9048
    endloop
  endfacet
  facet normal -0.555558 0.825925 0.0959327
    outer loop
      vertex 93.05 -52.9271 34.8536
      vertex 93.7134 -52.1176 31.7261
      vertex 93.05 -52.5579 31.675
    endloop
  endfacet
  facet normal -0.441986 0.891031 0.103495
    outer loop
      vertex 93.05 -52.5579 31.675
      vertex 92.8512 -53.0244 34.8423
      vertex 93.05 -52.9271 34.8536
    endloop
  endfacet
  facet normal -0.44235 0.890857 0.103446
    outer loop
      vertex 92.8512 -53.0244 34.8423
      vertex 93.05 -52.5579 31.675
      vertex 92.5332 -52.8111 31.6456
    endloop
  endfacet
  facet normal 0.0653592 0.991198 0.115126
    outer loop
      vertex 90 -53.3697 31.5807
      vertex 89.7788 -53.7245 34.761
      vertex 90 -53.7389 34.7594
    endloop
  endfacet
  facet normal 0.065352 0.991199 0.115125
    outer loop
      vertex 89.7788 -53.7245 34.761
      vertex 90 -53.3697 31.5807
      vertex 89.425 -53.3323 31.5851
    endloop
  endfacet
  facet normal 0.195047 0.974248 0.11313
    outer loop
      vertex 89.2038 -53.687 34.7654
      vertex 88.4212 -53.1633 31.6047
      vertex 88.4212 -53.5324 34.7833
    endloop
  endfacet
  facet normal 0.195061 0.974245 0.113126
    outer loop
      vertex 88.4212 -53.1633 31.6047
      vertex 89.2038 -53.687 34.7654
      vertex 89.2038 -53.3179 31.5867
    endloop
  endfacet
  facet normal 0.0655236 0.99119 0.115105
    outer loop
      vertex 89.425 -53.3323 31.5851
      vertex 89.2038 -53.687 34.7654
      vertex 89.7788 -53.7245 34.761
    endloop
  endfacet
  facet normal 0.0653592 0.991202 0.115095
    outer loop
      vertex 89.2038 -53.687 34.7654
      vertex 89.425 -53.3323 31.5851
      vertex 89.2038 -53.3179 31.5867
    endloop
  endfacet
  facet normal 0.44235 0.890857 0.103446
    outer loop
      vertex 87.6656 -53.2776 34.8129
      vertex 87.4668 -52.8111 31.6456
      vertex 87.1488 -53.0244 34.8423
    endloop
  endfacet
  facet normal 0.442347 0.890858 0.103447
    outer loop
      vertex 87.4668 -52.8111 31.6456
      vertex 87.6656 -53.2776 34.8129
      vertex 87.6656 -52.9085 31.6343
    endloop
  endfacet
  facet normal 0.896693 0.439696 0.0510715
    outer loop
      vertex 84.4624 -50.1958 35.1708
      vertex 84.3643 -49.6292 32.0151
      vertex 84.3643 -49.9984 35.1937
    endloop
  endfacet
  facet normal 0.89686 0.439364 0.0510067
    outer loop
      vertex 84.3643 -49.6292 32.0151
      vertex 84.4624 -50.1958 35.1708
      vertex 84.6192 -50.1426 31.9555
    endloop
  endfacet
  facet normal 0.831466 0.551867 0.064083
    outer loop
      vertex 84.7172 -50.7092 35.1112
      vertex 85.1605 -50.9991 31.856
      vertex 84.7172 -50.3401 31.9326
    endloop
  endfacet
  facet normal 0.831462 0.551874 0.0640817
    outer loop
      vertex 85.1605 -50.9991 31.856
      vertex 84.7172 -50.7092 35.1112
      vertex 85.1605 -51.3682 35.0347
    endloop
  endfacet
  facet normal -0.94692 -0.319323 -0.0370799
    outer loop
      vertex 95.8922 -45.7422 32.4665
      vertex 95.6357 -45.3608 35.7323
      vertex 95.6357 -44.9917 32.5537
    endloop
  endfacet
  facet normal -0.94692 -0.319323 -0.0370799
    outer loop
      vertex 95.6357 -45.3608 35.7323
      vertex 95.8922 -45.7422 32.4665
      vertex 95.8922 -46.1113 35.6451
    endloop
  endfacet
  facet normal -0.980813 0.19365 0.0224867
    outer loop
      vertex 95.8922 -49.2478 35.2809
      vertex 95.9354 -48.6628 32.1273
      vertex 95.8922 -48.8787 32.1023
    endloop
  endfacet
  facet normal -0.980792 0.193754 0.0225063
    outer loop
      vertex 95.9354 -48.6628 32.1273
      vertex 95.8922 -49.2478 35.2809
      vertex 96.0046 -48.6864 35.3461
    endloop
  endfacet
  facet normal 0.441986 0.891031 0.103495
    outer loop
      vertex 87.1488 -53.0244 34.8423
      vertex 86.95 -52.5579 31.675
      vertex 86.95 -52.9271 34.8536
    endloop
  endfacet
  facet normal 0.44235 0.890857 0.103446
    outer loop
      vertex 86.95 -52.5579 31.675
      vertex 87.1488 -53.0244 34.8423
      vertex 87.4668 -52.8111 31.6456
    endloop
  endfacet
  facet normal 0.659294 -0.746867 -0.0867237
    outer loop
      vertex 85.6866 -43.395 35.9606
      vertex 86.2866 -42.5033 32.8426
      vertex 86.2866 -42.8724 36.0213
    endloop
  endfacet
  facet normal 0.659294 -0.746867 -0.0867237
    outer loop
      vertex 86.2866 -42.5033 32.8426
      vertex 85.6866 -43.395 35.9606
      vertex 85.6866 -43.0259 32.7819
    endloop
  endfacet
  facet normal 0.896888 -0.439307 -0.0510124
    outer loop
      vertex 84.7172 -44.6499 35.8148
      vertex 84.3643 -44.9917 32.5537
      vertex 84.7172 -44.2808 32.6362
    endloop
  endfacet
  facet normal 0.896888 -0.439307 -0.0510124
    outer loop
      vertex 84.3643 -44.9917 32.5537
      vertex 84.7172 -44.6499 35.8148
      vertex 84.3643 -45.3608 35.7323
    endloop
  endfacet
  facet normal 0.555558 -0.825928 -0.095907
    outer loop
      vertex 86.2866 -42.8724 36.0213
      vertex 86.95 -42.063 32.8938
      vertex 86.95 -42.4321 36.0724
    endloop
  endfacet
  facet normal 0.555568 -0.825922 -0.0959033
    outer loop
      vertex 86.95 -42.063 32.8938
      vertex 86.2866 -42.8724 36.0213
      vertex 86.2866 -42.5033 32.8426
    endloop
  endfacet
  facet normal 0.831612 -0.55165 -0.0640557
    outer loop
      vertex 85.0374 -44.174 35.8701
      vertex 85.1605 -43.6218 32.7127
      vertex 85.1605 -43.9909 35.8914
    endloop
  endfacet
  facet normal 0.831484 -0.551839 -0.0640938
    outer loop
      vertex 85.1605 -43.6218 32.7127
      vertex 85.0374 -44.174 35.8701
      vertex 84.8404 -44.0977 32.6575
    endloop
  endfacet
  facet normal -1 0 0
    outer loop
      vertex -63.05 39.9283 42.4153
      vertex -63.05 53.9518 46.0573
      vertex -63.05 54.1825 44.0707
    endloop
  endfacet
  facet normal -1 0 0
    outer loop
      vertex -63.05 53.9518 46.0573
      vertex -63.05 39.9283 42.4153
      vertex -63.05 39.6976 44.402
    endloop
  endfacet
  facet normal 1.08645e-05 0.115352 -0.993325
    outer loop
      vertex -63.05 39.6976 44.402
      vertex -64.63 40.1197 44.451
      vertex -63.05 53.9518 46.0573
    endloop
  endfacet
  facet normal 0 0.115312 -0.993329
    outer loop
      vertex -63.05 39.6976 44.402
      vertex -88.63 40.1197 44.451
      vertex -64.63 40.1197 44.451
    endloop
  endfacet
  facet normal -4.68756e-06 0.115355 -0.993324
    outer loop
      vertex -88.63 40.1197 44.451
      vertex -92.6 39.6976 44.402
      vertex -88.63 53.5296 46.0083
    endloop
  endfacet
  facet normal 0 0.115312 -0.993329
    outer loop
      vertex -92.6 39.6976 44.402
      vertex -88.63 40.1197 44.451
      vertex -63.05 39.6976 44.402
    endloop
  endfacet
  facet normal -1.90792e-05 0.115355 -0.993324
    outer loop
      vertex -64.63 53.5296 46.0083
      vertex -63.05 53.9518 46.0573
      vertex -64.63 40.1197 44.451
    endloop
  endfacet
  facet normal 0 0.115285 -0.993332
    outer loop
      vertex -88.63 53.5296 46.0083
      vertex -63.05 53.9518 46.0573
      vertex -64.63 53.5296 46.0083
    endloop
  endfacet
  facet normal 0 0.115285 -0.993332
    outer loop
      vertex -88.63 53.5296 46.0083
      vertex -92.6 53.9518 46.0573
      vertex -63.05 53.9518 46.0573
    endloop
  endfacet
  facet normal 7.22949e-06 0.115352 -0.993325
    outer loop
      vertex -92.6 53.9518 46.0573
      vertex -88.63 53.5296 46.0083
      vertex -92.6 39.6976 44.402
    endloop
  endfacet
  facet normal -4.28413e-05 -0.115359 0.993324
    outer loop
      vertex -63.05 54.1825 44.0707
      vertex -64.63 53.7603 44.0216
      vertex -63.05 39.9283 42.4153
    endloop
  endfacet
  facet normal 0 -0.115517 0.993305
    outer loop
      vertex -63.05 54.1825 44.0707
      vertex -88.63 53.7603 44.0216
      vertex -64.63 53.7603 44.0216
    endloop
  endfacet
  facet normal 1.82153e-05 -0.115348 0.993325
    outer loop
      vertex -88.63 53.7603 44.0216
      vertex -92.6 54.1825 44.0707
      vertex -88.63 40.3504 42.4644
    endloop
  endfacet
  facet normal 0 -0.115517 0.993305
    outer loop
      vertex -92.6 54.1825 44.0707
      vertex -88.63 53.7603 44.0216
      vertex -63.05 54.1825 44.0707
    endloop
  endfacet
  facet normal 5.30693e-05 -0.115348 0.993325
    outer loop
      vertex -64.63 40.3504 42.4644
      vertex -63.05 39.9283 42.4153
      vertex -64.63 53.7603 44.0216
    endloop
  endfacet
  facet normal 0 -0.115544 0.993302
    outer loop
      vertex -88.63 40.3504 42.4644
      vertex -63.05 39.9283 42.4153
      vertex -64.63 40.3504 42.4644
    endloop
  endfacet
  facet normal 0 -0.115544 0.993302
    outer loop
      vertex -88.63 40.3504 42.4644
      vertex -92.6 39.9283 42.4153
      vertex -63.05 39.9283 42.4153
    endloop
  endfacet
  facet normal -1.99559e-05 -0.115359 0.993324
    outer loop
      vertex -92.6 39.9283 42.4153
      vertex -88.63 40.3504 42.4644
      vertex -92.6 54.1825 44.0707
    endloop
  endfacet
  facet normal 1 0 0
    outer loop
      vertex -92.6 53.9518 46.0573
      vertex -92.6 39.9283 42.4153
      vertex -92.6 54.1825 44.0707
    endloop
  endfacet
  facet normal 1 0 -0
    outer loop
      vertex -92.6 39.9283 42.4153
      vertex -92.6 53.9518 46.0573
      vertex -92.6 39.6976 44.402
    endloop
  endfacet
  facet normal 0 -0.993325 -0.115353
    outer loop
      vertex -92.6 54.1825 44.0707
      vertex -63.05 53.9518 46.0573
      vertex -92.6 53.9518 46.0573
    endloop
  endfacet
  facet normal 0 -0.993325 -0.115353
    outer loop
      vertex -63.05 53.9518 46.0573
      vertex -92.6 54.1825 44.0707
      vertex -63.05 54.1825 44.0707
    endloop
  endfacet
  facet normal 0 0.993325 0.115347
    outer loop
      vertex -63.05 39.9283 42.4153
      vertex -92.6 39.6976 44.402
      vertex -63.05 39.6976 44.402
    endloop
  endfacet
  facet normal 0 0.993325 0.115347
    outer loop
      vertex -92.6 39.6976 44.402
      vertex -63.05 39.9283 42.4153
      vertex -92.6 39.9283 42.4153
    endloop
  endfacet
  facet normal -1 0 0
    outer loop
      vertex -67.59 56.0748 44.2904
      vertex -67.59 59.1015 45.4473
      vertex -67.59 59.1938 44.6526
    endloop
  endfacet
  facet normal -1 0 0
    outer loop
      vertex -67.59 59.1015 45.4473
      vertex -67.59 56.0748 44.2904
      vertex -67.59 55.9825 45.0851
    endloop
  endfacet
  facet normal 0 0.115352 -0.993325
    outer loop
      vertex -88.41 55.9825 45.0851
      vertex -67.59 59.1015 45.4473
      vertex -67.59 55.9825 45.0851
    endloop
  endfacet
  facet normal 0 0.115352 -0.993325
    outer loop
      vertex -67.59 59.1015 45.4473
      vertex -88.41 55.9825 45.0851
      vertex -88.41 59.1015 45.4473
    endloop
  endfacet
  facet normal 0 -0.115352 0.993325
    outer loop
      vertex -88.41 59.1938 44.6526
      vertex -67.59 56.0748 44.2904
      vertex -67.59 59.1938 44.6526
    endloop
  endfacet
  facet normal 0 -0.115352 0.993325
    outer loop
      vertex -67.59 56.0748 44.2904
      vertex -88.41 59.1938 44.6526
      vertex -88.41 56.0748 44.2904
    endloop
  endfacet
  facet normal 1 0 0
    outer loop
      vertex -88.41 59.1015 45.4473
      vertex -88.41 56.0748 44.2904
      vertex -88.41 59.1938 44.6526
    endloop
  endfacet
  facet normal 1 0 -0
    outer loop
      vertex -88.41 56.0748 44.2904
      vertex -88.41 59.1015 45.4473
      vertex -88.41 55.9825 45.0851
    endloop
  endfacet
  facet normal 0 -0.993323 -0.115369
    outer loop
      vertex -88.41 59.1938 44.6526
      vertex -67.59 59.1015 45.4473
      vertex -88.41 59.1015 45.4473
    endloop
  endfacet
  facet normal 0 -0.993323 -0.115369
    outer loop
      vertex -67.59 59.1015 45.4473
      vertex -88.41 59.1938 44.6526
      vertex -67.59 59.1938 44.6526
    endloop
  endfacet
  facet normal 0 0.993323 0.115369
    outer loop
      vertex -67.59 56.0748 44.2904
      vertex -88.41 55.9825 45.0851
      vertex -67.59 55.9825 45.0851
    endloop
  endfacet
  facet normal 0 0.993323 0.115369
    outer loop
      vertex -88.41 55.9825 45.0851
      vertex -67.59 56.0748 44.2904
      vertex -88.41 56.0748 44.2904
    endloop
  endfacet
  facet normal -1 0 0
    outer loop
      vertex -64.63 40.1197 44.451
      vertex -64.63 53.3912 47.2003
      vertex -64.63 53.5296 46.0083
    endloop
  endfacet
  facet normal -1 0 0
    outer loop
      vertex -64.63 53.3912 47.2003
      vertex -64.63 40.1197 44.451
      vertex -64.63 39.9813 45.643
    endloop
  endfacet
  facet normal 1 0 0
    outer loop
      vertex -88.63 53.3912 47.2003
      vertex -88.63 40.1197 44.451
      vertex -88.63 53.5296 46.0083
    endloop
  endfacet
  facet normal 1 0 -0
    outer loop
      vertex -88.63 40.1197 44.451
      vertex -88.63 53.3912 47.2003
      vertex -88.63 39.9813 45.643
    endloop
  endfacet
  facet normal 0 -0.993327 -0.115333
    outer loop
      vertex -88.63 53.5296 46.0083
      vertex -64.63 53.3912 47.2003
      vertex -88.63 53.3912 47.2003
    endloop
  endfacet
  facet normal 0 -0.993327 -0.115333
    outer loop
      vertex -64.63 53.3912 47.2003
      vertex -88.63 53.5296 46.0083
      vertex -64.63 53.5296 46.0083
    endloop
  endfacet
  facet normal 0 0.993327 0.115333
    outer loop
      vertex -64.63 40.1197 44.451
      vertex -88.63 39.9813 45.643
      vertex -64.63 39.9813 45.643
    endloop
  endfacet
  facet normal 0 0.993327 0.115333
    outer loop
      vertex -88.63 39.9813 45.643
      vertex -64.63 40.1197 44.451
      vertex -88.63 40.1197 44.451
    endloop
  endfacet
  facet normal -1 0 0
    outer loop
      vertex -25.05 39.9283 42.4153
      vertex -25.05 53.9518 46.0573
      vertex -25.05 54.1825 44.0707
    endloop
  endfacet
  facet normal -1 0 0
    outer loop
      vertex -25.05 53.9518 46.0573
      vertex -25.05 39.9283 42.4153
      vertex -25.05 39.6976 44.402
    endloop
  endfacet
  facet normal 1.08645e-05 0.115352 -0.993325
    outer loop
      vertex -25.05 39.6976 44.402
      vertex -26.63 40.1197 44.451
      vertex -25.05 53.9518 46.0573
    endloop
  endfacet
  facet normal 0 0.115312 -0.993329
    outer loop
      vertex -25.05 39.6976 44.402
      vertex -50.63 40.1197 44.451
      vertex -26.63 40.1197 44.451
    endloop
  endfacet
  facet normal -4.68756e-06 0.115355 -0.993324
    outer loop
      vertex -50.63 40.1197 44.451
      vertex -54.6 39.6976 44.402
      vertex -50.63 53.5296 46.0083
    endloop
  endfacet
  facet normal 0 0.115312 -0.993329
    outer loop
      vertex -54.6 39.6976 44.402
      vertex -50.63 40.1197 44.451
      vertex -25.05 39.6976 44.402
    endloop
  endfacet
  facet normal -1.90792e-05 0.115355 -0.993324
    outer loop
      vertex -26.63 53.5296 46.0083
      vertex -25.05 53.9518 46.0573
      vertex -26.63 40.1197 44.451
    endloop
  endfacet
  facet normal 0 0.115285 -0.993332
    outer loop
      vertex -50.63 53.5296 46.0083
      vertex -25.05 53.9518 46.0573
      vertex -26.63 53.5296 46.0083
    endloop
  endfacet
  facet normal 0 0.115285 -0.993332
    outer loop
      vertex -50.63 53.5296 46.0083
      vertex -54.6 53.9518 46.0573
      vertex -25.05 53.9518 46.0573
    endloop
  endfacet
  facet normal 7.22949e-06 0.115352 -0.993325
    outer loop
      vertex -54.6 53.9518 46.0573
      vertex -50.63 53.5296 46.0083
      vertex -54.6 39.6976 44.402
    endloop
  endfacet
  facet normal -4.28413e-05 -0.115359 0.993324
    outer loop
      vertex -25.05 54.1825 44.0707
      vertex -26.63 53.7603 44.0216
      vertex -25.05 39.9283 42.4153
    endloop
  endfacet
  facet normal 0 -0.115517 0.993305
    outer loop
      vertex -25.05 54.1825 44.0707
      vertex -50.63 53.7603 44.0216
      vertex -26.63 53.7603 44.0216
    endloop
  endfacet
  facet normal 1.82153e-05 -0.115348 0.993325
    outer loop
      vertex -50.63 53.7603 44.0216
      vertex -54.6 54.1825 44.0707
      vertex -50.63 40.3504 42.4644
    endloop
  endfacet
  facet normal 0 -0.115517 0.993305
    outer loop
      vertex -54.6 54.1825 44.0707
      vertex -50.63 53.7603 44.0216
      vertex -25.05 54.1825 44.0707
    endloop
  endfacet
  facet normal 5.30693e-05 -0.115348 0.993325
    outer loop
      vertex -26.63 40.3504 42.4644
      vertex -25.05 39.9283 42.4153
      vertex -26.63 53.7603 44.0216
    endloop
  endfacet
  facet normal 0 -0.115544 0.993302
    outer loop
      vertex -50.63 40.3504 42.4644
      vertex -25.05 39.9283 42.4153
      vertex -26.63 40.3504 42.4644
    endloop
  endfacet
  facet normal 0 -0.115544 0.993302
    outer loop
      vertex -50.63 40.3504 42.4644
      vertex -54.6 39.9283 42.4153
      vertex -25.05 39.9283 42.4153
    endloop
  endfacet
  facet normal -1.99559e-05 -0.115359 0.993324
    outer loop
      vertex -54.6 39.9283 42.4153
      vertex -50.63 40.3504 42.4644
      vertex -54.6 54.1825 44.0707
    endloop
  endfacet
  facet normal 1 0 0
    outer loop
      vertex -54.6 53.9518 46.0573
      vertex -54.6 39.9283 42.4153
      vertex -54.6 54.1825 44.0707
    endloop
  endfacet
  facet normal 1 0 -0
    outer loop
      vertex -54.6 39.9283 42.4153
      vertex -54.6 53.9518 46.0573
      vertex -54.6 39.6976 44.402
    endloop
  endfacet
  facet normal 0 -0.993325 -0.115353
    outer loop
      vertex -54.6 54.1825 44.0707
      vertex -25.05 53.9518 46.0573
      vertex -54.6 53.9518 46.0573
    endloop
  endfacet
  facet normal 0 -0.993325 -0.115353
    outer loop
      vertex -25.05 53.9518 46.0573
      vertex -54.6 54.1825 44.0707
      vertex -25.05 54.1825 44.0707
    endloop
  endfacet
  facet normal 0 0.993325 0.115347
    outer loop
      vertex -25.05 39.9283 42.4153
      vertex -54.6 39.6976 44.402
      vertex -25.05 39.6976 44.402
    endloop
  endfacet
  facet normal 0 0.993325 0.115347
    outer loop
      vertex -54.6 39.6976 44.402
      vertex -25.05 39.9283 42.4153
      vertex -54.6 39.9283 42.4153
    endloop
  endfacet
  facet normal -1 0 0
    outer loop
      vertex -29.59 56.0748 44.2904
      vertex -29.59 59.1015 45.4473
      vertex -29.59 59.1938 44.6526
    endloop
  endfacet
  facet normal -1 0 0
    outer loop
      vertex -29.59 59.1015 45.4473
      vertex -29.59 56.0748 44.2904
      vertex -29.59 55.9825 45.0851
    endloop
  endfacet
  facet normal 0 0.115352 -0.993325
    outer loop
      vertex -50.41 55.9825 45.0851
      vertex -29.59 59.1015 45.4473
      vertex -29.59 55.9825 45.0851
    endloop
  endfacet
  facet normal 0 0.115352 -0.993325
    outer loop
      vertex -29.59 59.1015 45.4473
      vertex -50.41 55.9825 45.0851
      vertex -50.41 59.1015 45.4473
    endloop
  endfacet
  facet normal 0 -0.115352 0.993325
    outer loop
      vertex -50.41 59.1938 44.6526
      vertex -29.59 56.0748 44.2904
      vertex -29.59 59.1938 44.6526
    endloop
  endfacet
  facet normal 0 -0.115352 0.993325
    outer loop
      vertex -29.59 56.0748 44.2904
      vertex -50.41 59.1938 44.6526
      vertex -50.41 56.0748 44.2904
    endloop
  endfacet
  facet normal 1 0 0
    outer loop
      vertex -50.41 59.1015 45.4473
      vertex -50.41 56.0748 44.2904
      vertex -50.41 59.1938 44.6526
    endloop
  endfacet
  facet normal 1 0 -0
    outer loop
      vertex -50.41 56.0748 44.2904
      vertex -50.41 59.1015 45.4473
      vertex -50.41 55.9825 45.0851
    endloop
  endfacet
  facet normal 0 -0.993323 -0.115369
    outer loop
      vertex -50.41 59.1938 44.6526
      vertex -29.59 59.1015 45.4473
      vertex -50.41 59.1015 45.4473
    endloop
  endfacet
  facet normal 0 -0.993323 -0.115369
    outer loop
      vertex -29.59 59.1015 45.4473
      vertex -50.41 59.1938 44.6526
      vertex -29.59 59.1938 44.6526
    endloop
  endfacet
  facet normal 0 0.993323 0.115369
    outer loop
      vertex -29.59 56.0748 44.2904
      vertex -50.41 55.9825 45.0851
      vertex -29.59 55.9825 45.0851
    endloop
  endfacet
  facet normal 0 0.993323 0.115369
    outer loop
      vertex -50.41 55.9825 45.0851
      vertex -29.59 56.0748 44.2904
      vertex -50.41 56.0748 44.2904
    endloop
  endfacet
  facet normal -1 0 0
    outer loop
      vertex -26.63 40.1197 44.451
      vertex -26.63 53.3912 47.2003
      vertex -26.63 53.5296 46.0083
    endloop
  endfacet
  facet normal -1 0 0
    outer loop
      vertex -26.63 53.3912 47.2003
      vertex -26.63 40.1197 44.451
      vertex -26.63 39.9813 45.643
    endloop
  endfacet
  facet normal 1 0 0
    outer loop
      vertex -50.63 53.3912 47.2003
      vertex -50.63 40.1197 44.451
      vertex -50.63 53.5296 46.0083
    endloop
  endfacet
  facet normal 1 0 -0
    outer loop
      vertex -50.63 40.1197 44.451
      vertex -50.63 53.3912 47.2003
      vertex -50.63 39.9813 45.643
    endloop
  endfacet
  facet normal 0 -0.993327 -0.115333
    outer loop
      vertex -50.63 53.5296 46.0083
      vertex -26.63 53.3912 47.2003
      vertex -50.63 53.3912 47.2003
    endloop
  endfacet
  facet normal 0 -0.993327 -0.115333
    outer loop
      vertex -26.63 53.3912 47.2003
      vertex -50.63 53.5296 46.0083
      vertex -26.63 53.5296 46.0083
    endloop
  endfacet
  facet normal 0 0.993327 0.115333
    outer loop
      vertex -26.63 40.1197 44.451
      vertex -50.63 39.9813 45.643
      vertex -26.63 39.9813 45.643
    endloop
  endfacet
  facet normal 0 0.993327 0.115333
    outer loop
      vertex -50.63 39.9813 45.643
      vertex -26.63 40.1197 44.451
      vertex -50.63 40.1197 44.451
    endloop
  endfacet
  facet normal -1 0 0
    outer loop
      vertex 12.95 39.9283 42.4153
      vertex 12.95 53.9518 46.0573
      vertex 12.95 54.1825 44.0707
    endloop
  endfacet
  facet normal -1 0 0
    outer loop
      vertex 12.95 53.9518 46.0573
      vertex 12.95 39.9283 42.4153
      vertex 12.95 39.6976 44.402
    endloop
  endfacet
  facet normal 1.08645e-05 0.115352 -0.993325
    outer loop
      vertex 12.95 39.6976 44.402
      vertex 11.37 40.1197 44.451
      vertex 12.95 53.9518 46.0573
    endloop
  endfacet
  facet normal 0 0.115312 -0.993329
    outer loop
      vertex 12.95 39.6976 44.402
      vertex -12.63 40.1197 44.451
      vertex 11.37 40.1197 44.451
    endloop
  endfacet
  facet normal -4.68756e-06 0.115355 -0.993324
    outer loop
      vertex -12.63 40.1197 44.451
      vertex -16.6 39.6976 44.402
      vertex -12.63 53.5296 46.0083
    endloop
  endfacet
  facet normal 0 0.115312 -0.993329
    outer loop
      vertex -16.6 39.6976 44.402
      vertex -12.63 40.1197 44.451
      vertex 12.95 39.6976 44.402
    endloop
  endfacet
  facet normal -1.90792e-05 0.115355 -0.993324
    outer loop
      vertex 11.37 53.5296 46.0083
      vertex 12.95 53.9518 46.0573
      vertex 11.37 40.1197 44.451
    endloop
  endfacet
  facet normal 0 0.115285 -0.993332
    outer loop
      vertex -12.63 53.5296 46.0083
      vertex 12.95 53.9518 46.0573
      vertex 11.37 53.5296 46.0083
    endloop
  endfacet
  facet normal 0 0.115285 -0.993332
    outer loop
      vertex -12.63 53.5296 46.0083
      vertex -16.6 53.9518 46.0573
      vertex 12.95 53.9518 46.0573
    endloop
  endfacet
  facet normal 7.22949e-06 0.115352 -0.993325
    outer loop
      vertex -16.6 53.9518 46.0573
      vertex -12.63 53.5296 46.0083
      vertex -16.6 39.6976 44.402
    endloop
  endfacet
  facet normal -4.28413e-05 -0.115359 0.993324
    outer loop
      vertex 12.95 54.1825 44.0707
      vertex 11.37 53.7603 44.0216
      vertex 12.95 39.9283 42.4153
    endloop
  endfacet
  facet normal 0 -0.115517 0.993305
    outer loop
      vertex 12.95 54.1825 44.0707
      vertex -12.63 53.7603 44.0216
      vertex 11.37 53.7603 44.0216
    endloop
  endfacet
  facet normal 1.82153e-05 -0.115348 0.993325
    outer loop
      vertex -12.63 53.7603 44.0216
      vertex -16.6 54.1825 44.0707
      vertex -12.63 40.3504 42.4644
    endloop
  endfacet
  facet normal 0 -0.115517 0.993305
    outer loop
      vertex -16.6 54.1825 44.0707
      vertex -12.63 53.7603 44.0216
      vertex 12.95 54.1825 44.0707
    endloop
  endfacet
  facet normal 5.30693e-05 -0.115348 0.993325
    outer loop
      vertex 11.37 40.3504 42.4644
      vertex 12.95 39.9283 42.4153
      vertex 11.37 53.7603 44.0216
    endloop
  endfacet
  facet normal 0 -0.115544 0.993302
    outer loop
      vertex -12.63 40.3504 42.4644
      vertex 12.95 39.9283 42.4153
      vertex 11.37 40.3504 42.4644
    endloop
  endfacet
  facet normal 0 -0.115544 0.993302
    outer loop
      vertex -12.63 40.3504 42.4644
      vertex -16.6 39.9283 42.4153
      vertex 12.95 39.9283 42.4153
    endloop
  endfacet
  facet normal -1.99559e-05 -0.115359 0.993324
    outer loop
      vertex -16.6 39.9283 42.4153
      vertex -12.63 40.3504 42.4644
      vertex -16.6 54.1825 44.0707
    endloop
  endfacet
  facet normal 1 0 0
    outer loop
      vertex -16.6 53.9518 46.0573
      vertex -16.6 39.9283 42.4153
      vertex -16.6 54.1825 44.0707
    endloop
  endfacet
  facet normal 1 0 -0
    outer loop
      vertex -16.6 39.9283 42.4153
      vertex -16.6 53.9518 46.0573
      vertex -16.6 39.6976 44.402
    endloop
  endfacet
  facet normal 0 -0.993325 -0.115353
    outer loop
      vertex -16.6 54.1825 44.0707
      vertex 12.95 53.9518 46.0573
      vertex -16.6 53.9518 46.0573
    endloop
  endfacet
  facet normal 0 -0.993325 -0.115353
    outer loop
      vertex 12.95 53.9518 46.0573
      vertex -16.6 54.1825 44.0707
      vertex 12.95 54.1825 44.0707
    endloop
  endfacet
  facet normal 0 0.993325 0.115347
    outer loop
      vertex 12.95 39.9283 42.4153
      vertex -16.6 39.6976 44.402
      vertex 12.95 39.6976 44.402
    endloop
  endfacet
  facet normal 0 0.993325 0.115347
    outer loop
      vertex -16.6 39.6976 44.402
      vertex 12.95 39.9283 42.4153
      vertex -16.6 39.9283 42.4153
    endloop
  endfacet
  facet normal -1 0 0
    outer loop
      vertex 8.41 56.0748 44.2904
      vertex 8.41 59.1015 45.4473
      vertex 8.41 59.1938 44.6526
    endloop
  endfacet
  facet normal -1 0 0
    outer loop
      vertex 8.41 59.1015 45.4473
      vertex 8.41 56.0748 44.2904
      vertex 8.41 55.9825 45.0851
    endloop
  endfacet
  facet normal 0 0.115352 -0.993325
    outer loop
      vertex -12.41 55.9825 45.0851
      vertex 8.41 59.1015 45.4473
      vertex 8.41 55.9825 45.0851
    endloop
  endfacet
  facet normal 0 0.115352 -0.993325
    outer loop
      vertex 8.41 59.1015 45.4473
      vertex -12.41 55.9825 45.0851
      vertex -12.41 59.1015 45.4473
    endloop
  endfacet
  facet normal 0 -0.115352 0.993325
    outer loop
      vertex -12.41 59.1938 44.6526
      vertex 8.41 56.0748 44.2904
      vertex 8.41 59.1938 44.6526
    endloop
  endfacet
  facet normal 0 -0.115352 0.993325
    outer loop
      vertex 8.41 56.0748 44.2904
      vertex -12.41 59.1938 44.6526
      vertex -12.41 56.0748 44.2904
    endloop
  endfacet
  facet normal 1 0 0
    outer loop
      vertex -12.41 59.1015 45.4473
      vertex -12.41 56.0748 44.2904
      vertex -12.41 59.1938 44.6526
    endloop
  endfacet
  facet normal 1 0 -0
    outer loop
      vertex -12.41 56.0748 44.2904
      vertex -12.41 59.1015 45.4473
      vertex -12.41 55.9825 45.0851
    endloop
  endfacet
  facet normal 0 -0.993323 -0.115369
    outer loop
      vertex -12.41 59.1938 44.6526
      vertex 8.41 59.1015 45.4473
      vertex -12.41 59.1015 45.4473
    endloop
  endfacet
  facet normal 0 -0.993323 -0.115369
    outer loop
      vertex 8.41 59.1015 45.4473
      vertex -12.41 59.1938 44.6526
      vertex 8.41 59.1938 44.6526
    endloop
  endfacet
  facet normal 0 0.993323 0.115369
    outer loop
      vertex 8.41 56.0748 44.2904
      vertex -12.41 55.9825 45.0851
      vertex 8.41 55.9825 45.0851
    endloop
  endfacet
  facet normal 0 0.993323 0.115369
    outer loop
      vertex -12.41 55.9825 45.0851
      vertex 8.41 56.0748 44.2904
      vertex -12.41 56.0748 44.2904
    endloop
  endfacet
  facet normal -1 0 0
    outer loop
      vertex 11.37 40.1197 44.451
      vertex 11.37 53.3912 47.2003
      vertex 11.37 53.5296 46.0083
    endloop
  endfacet
  facet normal -1 0 0
    outer loop
      vertex 11.37 53.3912 47.2003
      vertex 11.37 40.1197 44.451
      vertex 11.37 39.9813 45.643
    endloop
  endfacet
  facet normal 1 0 0
    outer loop
      vertex -12.63 53.3912 47.2003
      vertex -12.63 40.1197 44.451
      vertex -12.63 53.5296 46.0083
    endloop
  endfacet
  facet normal 1 0 -0
    outer loop
      vertex -12.63 40.1197 44.451
      vertex -12.63 53.3912 47.2003
      vertex -12.63 39.9813 45.643
    endloop
  endfacet
  facet normal 0 -0.993327 -0.115333
    outer loop
      vertex -12.63 53.5296 46.0083
      vertex 11.37 53.3912 47.2003
      vertex -12.63 53.3912 47.2003
    endloop
  endfacet
  facet normal 0 -0.993327 -0.115333
    outer loop
      vertex 11.37 53.3912 47.2003
      vertex -12.63 53.5296 46.0083
      vertex 11.37 53.5296 46.0083
    endloop
  endfacet
  facet normal 0 0.993327 0.115333
    outer loop
      vertex 11.37 40.1197 44.451
      vertex -12.63 39.9813 45.643
      vertex 11.37 39.9813 45.643
    endloop
  endfacet
  facet normal 0 0.993327 0.115333
    outer loop
      vertex -12.63 39.9813 45.643
      vertex 11.37 40.1197 44.451
      vertex -12.63 40.1197 44.451
    endloop
  endfacet
  facet normal -1 0 0
    outer loop
      vertex -63.05 -21.6578 35.2634
      vertex -63.05 -7.63434 38.9054
      vertex -63.05 -7.40363 36.9187
    endloop
  endfacet
  facet normal -1 0 0
    outer loop
      vertex -63.05 -7.63434 38.9054
      vertex -63.05 -21.6578 35.2634
      vertex -63.05 -21.8885 37.25
    endloop
  endfacet
  facet normal -5.0056e-05 0.115359 -0.993324
    outer loop
      vertex -63.05 -21.8885 37.25
      vertex -64.63 -21.4664 37.2991
      vertex -63.05 -7.63434 38.9054
    endloop
  endfacet
  facet normal 0 0.115544 -0.993302
    outer loop
      vertex -63.05 -21.8885 37.25
      vertex -88.63 -21.4664 37.2991
      vertex -64.63 -21.4664 37.2991
    endloop
  endfacet
  facet normal 2.11208e-05 0.115348 -0.993325
    outer loop
      vertex -88.63 -21.4664 37.2991
      vertex -92.6 -21.8885 37.25
      vertex -88.63 -8.0565 38.8563
    endloop
  endfacet
  facet normal 0 0.115544 -0.993302
    outer loop
      vertex -92.6 -21.8885 37.25
      vertex -88.63 -21.4664 37.2991
      vertex -63.05 -21.8885 37.25
    endloop
  endfacet
  facet normal 4.8689e-05 0.115348 -0.993325
    outer loop
      vertex -64.63 -8.0565 38.8563
      vertex -63.05 -7.63434 38.9054
      vertex -64.63 -21.4664 37.2991
    endloop
  endfacet
  facet normal 0 0.115528 -0.993304
    outer loop
      vertex -88.63 -8.0565 38.8563
      vertex -63.05 -7.63434 38.9054
      vertex -64.63 -8.0565 38.8563
    endloop
  endfacet
  facet normal 0 0.115528 -0.993304
    outer loop
      vertex -88.63 -8.0565 38.8563
      vertex -92.6 -7.63434 38.9054
      vertex -63.05 -7.63434 38.9054
    endloop
  endfacet
  facet normal -1.81781e-05 0.115359 -0.993324
    outer loop
      vertex -92.6 -7.63434 38.9054
      vertex -88.63 -8.0565 38.8563
      vertex -92.6 -21.8885 37.25
    endloop
  endfacet
  facet normal 1.53098e-05 -0.115352 0.993325
    outer loop
      vertex -63.05 -7.40363 36.9187
      vertex -64.63 -7.82579 36.8697
      vertex -63.05 -21.6578 35.2634
    endloop
  endfacet
  facet normal 0 -0.115296 0.993331
    outer loop
      vertex -63.05 -7.40363 36.9187
      vertex -88.63 -7.82579 36.8697
      vertex -64.63 -7.82579 36.8697
    endloop
  endfacet
  facet normal -6.42182e-06 -0.115355 0.993324
    outer loop
      vertex -88.63 -7.82579 36.8697
      vertex -92.6 -7.40363 36.9187
      vertex -88.63 -21.2357 35.3124
    endloop
  endfacet
  facet normal 0 -0.115296 0.993331
    outer loop
      vertex -92.6 -7.40363 36.9187
      vertex -88.63 -7.82579 36.8697
      vertex -63.05 -7.40363 36.9187
    endloop
  endfacet
  facet normal -1.17552e-05 -0.115355 0.993324
    outer loop
      vertex -64.63 -21.2357 35.3124
      vertex -63.05 -21.6578 35.2634
      vertex -64.63 -7.82579 36.8697
    endloop
  endfacet
  facet normal 0 -0.115312 0.993329
    outer loop
      vertex -88.63 -21.2357 35.3124
      vertex -63.05 -21.6578 35.2634
      vertex -64.63 -21.2357 35.3124
    endloop
  endfacet
  facet normal 0 -0.115312 0.993329
    outer loop
      vertex -88.63 -21.2357 35.3124
      vertex -92.6 -21.6578 35.2634
      vertex -63.05 -21.6578 35.2634
    endloop
  endfacet
  facet normal 4.34971e-06 -0.115352 0.993325
    outer loop
      vertex -92.6 -21.6578 35.2634
      vertex -88.63 -21.2357 35.3124
      vertex -92.6 -7.40363 36.9187
    endloop
  endfacet
  facet normal 1 0 0
    outer loop
      vertex -92.6 -7.63434 38.9054
      vertex -92.6 -21.6578 35.2634
      vertex -92.6 -7.40363 36.9187
    endloop
  endfacet
  facet normal 1 0 -0
    outer loop
      vertex -92.6 -21.6578 35.2634
      vertex -92.6 -7.63434 38.9054
      vertex -92.6 -21.8885 37.25
    endloop
  endfacet
  facet normal 0 -0.993325 -0.115352
    outer loop
      vertex -92.6 -7.40363 36.9187
      vertex -63.05 -7.63434 38.9054
      vertex -92.6 -7.63434 38.9054
    endloop
  endfacet
  facet normal 0 -0.993325 -0.115352
    outer loop
      vertex -63.05 -7.63434 38.9054
      vertex -92.6 -7.40363 36.9187
      vertex -63.05 -7.40363 36.9187
    endloop
  endfacet
  facet normal 0 0.993325 0.115353
    outer loop
      vertex -63.05 -21.6578 35.2634
      vertex -92.6 -21.8885 37.25
      vertex -63.05 -21.8885 37.25
    endloop
  endfacet
  facet normal 0 0.993325 0.115353
    outer loop
      vertex -92.6 -21.8885 37.25
      vertex -63.05 -21.6578 35.2634
      vertex -92.6 -21.6578 35.2634
    endloop
  endfacet
  facet normal -1 0 0
    outer loop
      vertex -67.59 -5.51135 37.1385
      vertex -67.59 -2.48459 38.2953
      vertex -67.59 -2.39231 37.5007
    endloop
  endfacet
  facet normal -1 0 0
    outer loop
      vertex -67.59 -2.48459 38.2953
      vertex -67.59 -5.51135 37.1385
      vertex -67.59 -5.60363 37.9331
    endloop
  endfacet
  facet normal 0 0.11535 -0.993325
    outer loop
      vertex -88.41 -5.60363 37.9331
      vertex -67.59 -2.48459 38.2953
      vertex -67.59 -5.60363 37.9331
    endloop
  endfacet
  facet normal 0 0.11535 -0.993325
    outer loop
      vertex -67.59 -2.48459 38.2953
      vertex -88.41 -5.60363 37.9331
      vertex -88.41 -2.48459 38.2953
    endloop
  endfacet
  facet normal 0 -0.11535 0.993325
    outer loop
      vertex -88.41 -2.39231 37.5007
      vertex -67.59 -5.51135 37.1385
      vertex -67.59 -2.39231 37.5007
    endloop
  endfacet
  facet normal 0 -0.11535 0.993325
    outer loop
      vertex -67.59 -5.51135 37.1385
      vertex -88.41 -2.39231 37.5007
      vertex -88.41 -5.51135 37.1385
    endloop
  endfacet
  facet normal 1 0 0
    outer loop
      vertex -88.41 -2.48459 38.2953
      vertex -88.41 -5.51135 37.1385
      vertex -88.41 -2.39231 37.5007
    endloop
  endfacet
  facet normal 1 0 -0
    outer loop
      vertex -88.41 -5.51135 37.1385
      vertex -88.41 -2.48459 38.2953
      vertex -88.41 -5.60363 37.9331
    endloop
  endfacet
  facet normal 0 -0.993324 -0.115359
    outer loop
      vertex -88.41 -2.39231 37.5007
      vertex -67.59 -2.48459 38.2953
      vertex -88.41 -2.48459 38.2953
    endloop
  endfacet
  facet normal 0 -0.993324 -0.115359
    outer loop
      vertex -67.59 -2.48459 38.2953
      vertex -88.41 -2.39231 37.5007
      vertex -67.59 -2.39231 37.5007
    endloop
  endfacet
  facet normal 0 0.993324 0.115359
    outer loop
      vertex -67.59 -5.51135 37.1385
      vertex -88.41 -5.60363 37.9331
      vertex -67.59 -5.60363 37.9331
    endloop
  endfacet
  facet normal 0 0.993324 0.115359
    outer loop
      vertex -88.41 -5.60363 37.9331
      vertex -67.59 -5.51135 37.1385
      vertex -88.41 -5.51135 37.1385
    endloop
  endfacet
  facet normal -1 0 0
    outer loop
      vertex -64.63 -21.4664 37.2991
      vertex -64.63 -8.19493 40.0483
      vertex -64.63 -8.0565 38.8563
    endloop
  endfacet
  facet normal -1 0 0
    outer loop
      vertex -64.63 -8.19493 40.0483
      vertex -64.63 -21.4664 37.2991
      vertex -64.63 -21.6048 38.4911
    endloop
  endfacet
  facet normal 1 0 0
    outer loop
      vertex -88.63 -8.19493 40.0483
      vertex -88.63 -21.4664 37.2991
      vertex -88.63 -8.0565 38.8563
    endloop
  endfacet
  facet normal 1 0 -0
    outer loop
      vertex -88.63 -21.4664 37.2991
      vertex -88.63 -8.19493 40.0483
      vertex -88.63 -21.6048 38.4911
    endloop
  endfacet
  facet normal 0 -0.993324 -0.115357
    outer loop
      vertex -88.63 -8.0565 38.8563
      vertex -64.63 -8.19493 40.0483
      vertex -88.63 -8.19493 40.0483
    endloop
  endfacet
  facet normal 0 -0.993324 -0.115357
    outer loop
      vertex -64.63 -8.19493 40.0483
      vertex -88.63 -8.0565 38.8563
      vertex -64.63 -8.0565 38.8563
    endloop
  endfacet
  facet normal 0 0.993327 0.115333
    outer loop
      vertex -64.63 -21.4664 37.2991
      vertex -88.63 -21.6048 38.4911
      vertex -64.63 -21.6048 38.4911
    endloop
  endfacet
  facet normal 0 0.993327 0.115333
    outer loop
      vertex -88.63 -21.6048 38.4911
      vertex -64.63 -21.4664 37.2991
      vertex -88.63 -21.4664 37.2991
    endloop
  endfacet
  facet normal -1 0 0
    outer loop
      vertex -25.05 -21.6578 35.2634
      vertex -25.05 -7.63434 38.9054
      vertex -25.05 -7.40363 36.9187
    endloop
  endfacet
  facet normal -1 0 0
    outer loop
      vertex -25.05 -7.63434 38.9054
      vertex -25.05 -21.6578 35.2634
      vertex -25.05 -21.8885 37.25
    endloop
  endfacet
  facet normal -5.0056e-05 0.115359 -0.993324
    outer loop
      vertex -25.05 -21.8885 37.25
      vertex -26.63 -21.4664 37.2991
      vertex -25.05 -7.63434 38.9054
    endloop
  endfacet
  facet normal 0 0.115544 -0.993302
    outer loop
      vertex -25.05 -21.8885 37.25
      vertex -50.63 -21.4664 37.2991
      vertex -26.63 -21.4664 37.2991
    endloop
  endfacet
  facet normal 2.11208e-05 0.115348 -0.993325
    outer loop
      vertex -50.63 -21.4664 37.2991
      vertex -54.6 -21.8885 37.25
      vertex -50.63 -8.0565 38.8563
    endloop
  endfacet
  facet normal 0 0.115544 -0.993302
    outer loop
      vertex -54.6 -21.8885 37.25
      vertex -50.63 -21.4664 37.2991
      vertex -25.05 -21.8885 37.25
    endloop
  endfacet
  facet normal 4.8689e-05 0.115348 -0.993325
    outer loop
      vertex -26.63 -8.0565 38.8563
      vertex -25.05 -7.63434 38.9054
      vertex -26.63 -21.4664 37.2991
    endloop
  endfacet
  facet normal 0 0.115528 -0.993304
    outer loop
      vertex -50.63 -8.0565 38.8563
      vertex -25.05 -7.63434 38.9054
      vertex -26.63 -8.0565 38.8563
    endloop
  endfacet
  facet normal 0 0.115528 -0.993304
    outer loop
      vertex -50.63 -8.0565 38.8563
      vertex -54.6 -7.63434 38.9054
      vertex -25.05 -7.63434 38.9054
    endloop
  endfacet
  facet normal -1.81781e-05 0.115359 -0.993324
    outer loop
      vertex -54.6 -7.63434 38.9054
      vertex -50.63 -8.0565 38.8563
      vertex -54.6 -21.8885 37.25
    endloop
  endfacet
  facet normal 1.53098e-05 -0.115352 0.993325
    outer loop
      vertex -25.05 -7.40363 36.9187
      vertex -26.63 -7.82579 36.8697
      vertex -25.05 -21.6578 35.2634
    endloop
  endfacet
  facet normal 0 -0.115296 0.993331
    outer loop
      vertex -25.05 -7.40363 36.9187
      vertex -50.63 -7.82579 36.8697
      vertex -26.63 -7.82579 36.8697
    endloop
  endfacet
  facet normal -6.42182e-06 -0.115355 0.993324
    outer loop
      vertex -50.63 -7.82579 36.8697
      vertex -54.6 -7.40363 36.9187
      vertex -50.63 -21.2357 35.3124
    endloop
  endfacet
  facet normal 0 -0.115296 0.993331
    outer loop
      vertex -54.6 -7.40363 36.9187
      vertex -50.63 -7.82579 36.8697
      vertex -25.05 -7.40363 36.9187
    endloop
  endfacet
  facet normal -1.17552e-05 -0.115355 0.993324
    outer loop
      vertex -26.63 -21.2357 35.3124
      vertex -25.05 -21.6578 35.2634
      vertex -26.63 -7.82579 36.8697
    endloop
  endfacet
  facet normal 0 -0.115312 0.993329
    outer loop
      vertex -50.63 -21.2357 35.3124
      vertex -25.05 -21.6578 35.2634
      vertex -26.63 -21.2357 35.3124
    endloop
  endfacet
  facet normal 0 -0.115312 0.993329
    outer loop
      vertex -50.63 -21.2357 35.3124
      vertex -54.6 -21.6578 35.2634
      vertex -25.05 -21.6578 35.2634
    endloop
  endfacet
  facet normal 4.34971e-06 -0.115352 0.993325
    outer loop
      vertex -54.6 -21.6578 35.2634
      vertex -50.63 -21.2357 35.3124
      vertex -54.6 -7.40363 36.9187
    endloop
  endfacet
  facet normal 1 0 0
    outer loop
      vertex -54.6 -7.63434 38.9054
      vertex -54.6 -21.6578 35.2634
      vertex -54.6 -7.40363 36.9187
    endloop
  endfacet
  facet normal 1 0 -0
    outer loop
      vertex -54.6 -21.6578 35.2634
      vertex -54.6 -7.63434 38.9054
      vertex -54.6 -21.8885 37.25
    endloop
  endfacet
  facet normal 0 -0.993325 -0.115352
    outer loop
      vertex -54.6 -7.40363 36.9187
      vertex -25.05 -7.63434 38.9054
      vertex -54.6 -7.63434 38.9054
    endloop
  endfacet
  facet normal 0 -0.993325 -0.115352
    outer loop
      vertex -25.05 -7.63434 38.9054
      vertex -54.6 -7.40363 36.9187
      vertex -25.05 -7.40363 36.9187
    endloop
  endfacet
  facet normal 0 0.993325 0.115353
    outer loop
      vertex -25.05 -21.6578 35.2634
      vertex -54.6 -21.8885 37.25
      vertex -25.05 -21.8885 37.25
    endloop
  endfacet
  facet normal 0 0.993325 0.115353
    outer loop
      vertex -54.6 -21.8885 37.25
      vertex -25.05 -21.6578 35.2634
      vertex -54.6 -21.6578 35.2634
    endloop
  endfacet
  facet normal -1 0 0
    outer loop
      vertex -29.59 -5.51135 37.1385
      vertex -29.59 -2.48459 38.2953
      vertex -29.59 -2.39231 37.5007
    endloop
  endfacet
  facet normal -1 0 0
    outer loop
      vertex -29.59 -2.48459 38.2953
      vertex -29.59 -5.51135 37.1385
      vertex -29.59 -5.60363 37.9331
    endloop
  endfacet
  facet normal 0 0.11535 -0.993325
    outer loop
      vertex -50.41 -5.60363 37.9331
      vertex -29.59 -2.48459 38.2953
      vertex -29.59 -5.60363 37.9331
    endloop
  endfacet
  facet normal 0 0.11535 -0.993325
    outer loop
      vertex -29.59 -2.48459 38.2953
      vertex -50.41 -5.60363 37.9331
      vertex -50.41 -2.48459 38.2953
    endloop
  endfacet
  facet normal 0 -0.11535 0.993325
    outer loop
      vertex -50.41 -2.39231 37.5007
      vertex -29.59 -5.51135 37.1385
      vertex -29.59 -2.39231 37.5007
    endloop
  endfacet
  facet normal 0 -0.11535 0.993325
    outer loop
      vertex -29.59 -5.51135 37.1385
      vertex -50.41 -2.39231 37.5007
      vertex -50.41 -5.51135 37.1385
    endloop
  endfacet
  facet normal 1 0 0
    outer loop
      vertex -50.41 -2.48459 38.2953
      vertex -50.41 -5.51135 37.1385
      vertex -50.41 -2.39231 37.5007
    endloop
  endfacet
  facet normal 1 0 -0
    outer loop
      vertex -50.41 -5.51135 37.1385
      vertex -50.41 -2.48459 38.2953
      vertex -50.41 -5.60363 37.9331
    endloop
  endfacet
  facet normal 0 -0.993324 -0.115359
    outer loop
      vertex -50.41 -2.39231 37.5007
      vertex -29.59 -2.48459 38.2953
      vertex -50.41 -2.48459 38.2953
    endloop
  endfacet
  facet normal 0 -0.993324 -0.115359
    outer loop
      vertex -29.59 -2.48459 38.2953
      vertex -50.41 -2.39231 37.5007
      vertex -29.59 -2.39231 37.5007
    endloop
  endfacet
  facet normal 0 0.993324 0.115359
    outer loop
      vertex -29.59 -5.51135 37.1385
      vertex -50.41 -5.60363 37.9331
      vertex -29.59 -5.60363 37.9331
    endloop
  endfacet
  facet normal 0 0.993324 0.115359
    outer loop
      vertex -50.41 -5.60363 37.9331
      vertex -29.59 -5.51135 37.1385
      vertex -50.41 -5.51135 37.1385
    endloop
  endfacet
  facet normal -1 0 0
    outer loop
      vertex -26.63 -21.4664 37.2991
      vertex -26.63 -8.19493 40.0483
      vertex -26.63 -8.0565 38.8563
    endloop
  endfacet
  facet normal -1 0 0
    outer loop
      vertex -26.63 -8.19493 40.0483
      vertex -26.63 -21.4664 37.2991
      vertex -26.63 -21.6048 38.4911
    endloop
  endfacet
  facet normal 1 0 0
    outer loop
      vertex -50.63 -8.19493 40.0483
      vertex -50.63 -21.4664 37.2991
      vertex -50.63 -8.0565 38.8563
    endloop
  endfacet
  facet normal 1 0 -0
    outer loop
      vertex -50.63 -21.4664 37.2991
      vertex -50.63 -8.19493 40.0483
      vertex -50.63 -21.6048 38.4911
    endloop
  endfacet
  facet normal 0 -0.993324 -0.115357
    outer loop
      vertex -50.63 -8.0565 38.8563
      vertex -26.63 -8.19493 40.0483
      vertex -50.63 -8.19493 40.0483
    endloop
  endfacet
  facet normal 0 -0.993324 -0.115357
    outer loop
      vertex -26.63 -8.19493 40.0483
      vertex -50.63 -8.0565 38.8563
      vertex -26.63 -8.0565 38.8563
    endloop
  endfacet
  facet normal 0 0.993327 0.115333
    outer loop
      vertex -26.63 -21.4664 37.2991
      vertex -50.63 -21.6048 38.4911
      vertex -26.63 -21.6048 38.4911
    endloop
  endfacet
  facet normal 0 0.993327 0.115333
    outer loop
      vertex -50.63 -21.6048 38.4911
      vertex -26.63 -21.4664 37.2991
      vertex -50.63 -21.4664 37.2991
    endloop
  endfacet
  facet normal -1 0 0
    outer loop
      vertex 12.95 -21.6578 35.2634
      vertex 12.95 -7.63434 38.9054
      vertex 12.95 -7.40363 36.9187
    endloop
  endfacet
  facet normal -1 0 0
    outer loop
      vertex 12.95 -7.63434 38.9054
      vertex 12.95 -21.6578 35.2634
      vertex 12.95 -21.8885 37.25
    endloop
  endfacet
  facet normal -5.0056e-05 0.115359 -0.993324
    outer loop
      vertex 12.95 -21.8885 37.25
      vertex 11.37 -21.4664 37.2991
      vertex 12.95 -7.63434 38.9054
    endloop
  endfacet
  facet normal 0 0.115544 -0.993302
    outer loop
      vertex 12.95 -21.8885 37.25
      vertex -12.63 -21.4664 37.2991
      vertex 11.37 -21.4664 37.2991
    endloop
  endfacet
  facet normal 2.11208e-05 0.115348 -0.993325
    outer loop
      vertex -12.63 -21.4664 37.2991
      vertex -16.6 -21.8885 37.25
      vertex -12.63 -8.0565 38.8563
    endloop
  endfacet
  facet normal 0 0.115544 -0.993302
    outer loop
      vertex -16.6 -21.8885 37.25
      vertex -12.63 -21.4664 37.2991
      vertex 12.95 -21.8885 37.25
    endloop
  endfacet
  facet normal 4.8689e-05 0.115348 -0.993325
    outer loop
      vertex 11.37 -8.0565 38.8563
      vertex 12.95 -7.63434 38.9054
      vertex 11.37 -21.4664 37.2991
    endloop
  endfacet
  facet normal 0 0.115528 -0.993304
    outer loop
      vertex -12.63 -8.0565 38.8563
      vertex 12.95 -7.63434 38.9054
      vertex 11.37 -8.0565 38.8563
    endloop
  endfacet
  facet normal 0 0.115528 -0.993304
    outer loop
      vertex -12.63 -8.0565 38.8563
      vertex -16.6 -7.63434 38.9054
      vertex 12.95 -7.63434 38.9054
    endloop
  endfacet
  facet normal -1.81781e-05 0.115359 -0.993324
    outer loop
      vertex -16.6 -7.63434 38.9054
      vertex -12.63 -8.0565 38.8563
      vertex -16.6 -21.8885 37.25
    endloop
  endfacet
  facet normal 1.53098e-05 -0.115352 0.993325
    outer loop
      vertex 12.95 -7.40363 36.9187
      vertex 11.37 -7.82579 36.8697
      vertex 12.95 -21.6578 35.2634
    endloop
  endfacet
  facet normal 0 -0.115296 0.993331
    outer loop
      vertex 12.95 -7.40363 36.9187
      vertex -12.63 -7.82579 36.8697
      vertex 11.37 -7.82579 36.8697
    endloop
  endfacet
  facet normal -6.42182e-06 -0.115355 0.993324
    outer loop
      vertex -12.63 -7.82579 36.8697
      vertex -16.6 -7.40363 36.9187
      vertex -12.63 -21.2357 35.3124
    endloop
  endfacet
  facet normal 0 -0.115296 0.993331
    outer loop
      vertex -16.6 -7.40363 36.9187
      vertex -12.63 -7.82579 36.8697
      vertex 12.95 -7.40363 36.9187
    endloop
  endfacet
  facet normal -1.17552e-05 -0.115355 0.993324
    outer loop
      vertex 11.37 -21.2357 35.3124
      vertex 12.95 -21.6578 35.2634
      vertex 11.37 -7.82579 36.8697
    endloop
  endfacet
  facet normal 0 -0.115312 0.993329
    outer loop
      vertex -12.63 -21.2357 35.3124
      vertex 12.95 -21.6578 35.2634
      vertex 11.37 -21.2357 35.3124
    endloop
  endfacet
  facet normal 0 -0.115312 0.993329
    outer loop
      vertex -12.63 -21.2357 35.3124
      vertex -16.6 -21.6578 35.2634
      vertex 12.95 -21.6578 35.2634
    endloop
  endfacet
  facet normal 4.34971e-06 -0.115352 0.993325
    outer loop
      vertex -16.6 -21.6578 35.2634
      vertex -12.63 -21.2357 35.3124
      vertex -16.6 -7.40363 36.9187
    endloop
  endfacet
  facet normal 1 0 0
    outer loop
      vertex -16.6 -7.63434 38.9054
      vertex -16.6 -21.6578 35.2634
      vertex -16.6 -7.40363 36.9187
    endloop
  endfacet
  facet normal 1 0 -0
    outer loop
      vertex -16.6 -21.6578 35.2634
      vertex -16.6 -7.63434 38.9054
      vertex -16.6 -21.8885 37.25
    endloop
  endfacet
  facet normal 0 -0.993325 -0.115352
    outer loop
      vertex -16.6 -7.40363 36.9187
      vertex 12.95 -7.63434 38.9054
      vertex -16.6 -7.63434 38.9054
    endloop
  endfacet
  facet normal 0 -0.993325 -0.115352
    outer loop
      vertex 12.95 -7.63434 38.9054
      vertex -16.6 -7.40363 36.9187
      vertex 12.95 -7.40363 36.9187
    endloop
  endfacet
  facet normal 0 0.993325 0.115353
    outer loop
      vertex 12.95 -21.6578 35.2634
      vertex -16.6 -21.8885 37.25
      vertex 12.95 -21.8885 37.25
    endloop
  endfacet
  facet normal 0 0.993325 0.115353
    outer loop
      vertex -16.6 -21.8885 37.25
      vertex 12.95 -21.6578 35.2634
      vertex -16.6 -21.6578 35.2634
    endloop
  endfacet
  facet normal -1 0 0
    outer loop
      vertex 8.41 -5.51135 37.1385
      vertex 8.41 -2.48459 38.2953
      vertex 8.41 -2.39231 37.5007
    endloop
  endfacet
  facet normal -1 0 0
    outer loop
      vertex 8.41 -2.48459 38.2953
      vertex 8.41 -5.51135 37.1385
      vertex 8.41 -5.60363 37.9331
    endloop
  endfacet
  facet normal 0 0.11535 -0.993325
    outer loop
      vertex -12.41 -5.60363 37.9331
      vertex 8.41 -2.48459 38.2953
      vertex 8.41 -5.60363 37.9331
    endloop
  endfacet
  facet normal 0 0.11535 -0.993325
    outer loop
      vertex 8.41 -2.48459 38.2953
      vertex -12.41 -5.60363 37.9331
      vertex -12.41 -2.48459 38.2953
    endloop
  endfacet
  facet normal 0 -0.11535 0.993325
    outer loop
      vertex -12.41 -2.39231 37.5007
      vertex 8.41 -5.51135 37.1385
      vertex 8.41 -2.39231 37.5007
    endloop
  endfacet
  facet normal 0 -0.11535 0.993325
    outer loop
      vertex 8.41 -5.51135 37.1385
      vertex -12.41 -2.39231 37.5007
      vertex -12.41 -5.51135 37.1385
    endloop
  endfacet
  facet normal 1 0 0
    outer loop
      vertex -12.41 -2.48459 38.2953
      vertex -12.41 -5.51135 37.1385
      vertex -12.41 -2.39231 37.5007
    endloop
  endfacet
  facet normal 1 0 -0
    outer loop
      vertex -12.41 -5.51135 37.1385
      vertex -12.41 -2.48459 38.2953
      vertex -12.41 -5.60363 37.9331
    endloop
  endfacet
  facet normal 0 -0.993324 -0.115359
    outer loop
      vertex -12.41 -2.39231 37.5007
      vertex 8.41 -2.48459 38.2953
      vertex -12.41 -2.48459 38.2953
    endloop
  endfacet
  facet normal 0 -0.993324 -0.115359
    outer loop
      vertex 8.41 -2.48459 38.2953
      vertex -12.41 -2.39231 37.5007
      vertex 8.41 -2.39231 37.5007
    endloop
  endfacet
  facet normal 0 0.993324 0.115359
    outer loop
      vertex 8.41 -5.51135 37.1385
      vertex -12.41 -5.60363 37.9331
      vertex 8.41 -5.60363 37.9331
    endloop
  endfacet
  facet normal 0 0.993324 0.115359
    outer loop
      vertex -12.41 -5.60363 37.9331
      vertex 8.41 -5.51135 37.1385
      vertex -12.41 -5.51135 37.1385
    endloop
  endfacet
  facet normal -1 0 0
    outer loop
      vertex 11.37 -21.4664 37.2991
      vertex 11.37 -8.19493 40.0483
      vertex 11.37 -8.0565 38.8563
    endloop
  endfacet
  facet normal -1 0 0
    outer loop
      vertex 11.37 -8.19493 40.0483
      vertex 11.37 -21.4664 37.2991
      vertex 11.37 -21.6048 38.4911
    endloop
  endfacet
  facet normal 1 0 0
    outer loop
      vertex -12.63 -8.19493 40.0483
      vertex -12.63 -21.4664 37.2991
      vertex -12.63 -8.0565 38.8563
    endloop
  endfacet
  facet normal 1 0 -0
    outer loop
      vertex -12.63 -21.4664 37.2991
      vertex -12.63 -8.19493 40.0483
      vertex -12.63 -21.6048 38.4911
    endloop
  endfacet
  facet normal 0 -0.993324 -0.115357
    outer loop
      vertex -12.63 -8.0565 38.8563
      vertex 11.37 -8.19493 40.0483
      vertex -12.63 -8.19493 40.0483
    endloop
  endfacet
  facet normal 0 -0.993324 -0.115357
    outer loop
      vertex 11.37 -8.19493 40.0483
      vertex -12.63 -8.0565 38.8563
      vertex 11.37 -8.0565 38.8563
    endloop
  endfacet
  facet normal 0 0.993327 0.115333
    outer loop
      vertex 11.37 -21.4664 37.2991
      vertex -12.63 -21.6048 38.4911
      vertex 11.37 -21.6048 38.4911
    endloop
  endfacet
  facet normal 0 0.993327 0.115333
    outer loop
      vertex -12.63 -21.6048 38.4911
      vertex 11.37 -21.4664 37.2991
      vertex -12.63 -21.4664 37.2991
    endloop
  endfacet
  facet normal -1 0 0
    outer loop
      vertex 99.125 8.50718 40.7799
      vertex 99.125 61.164 48.1029
      vertex 99.125 61.3024 46.9109
    endloop
  endfacet
  facet normal -1 0 0
    outer loop
      vertex 99.125 61.164 48.1029
      vertex 99.125 8.50718 40.7799
      vertex 99.125 8.36876 41.9719
    endloop
  endfacet
  facet normal 1.27297e-05 -0.115353 0.993325
    outer loop
      vertex 99.125 61.3024 46.9109
      vertex 96.625 58.7446 46.6139
      vertex 99.125 8.50718 40.7799
    endloop
  endfacet
  facet normal 0 -0.11534 0.993326
    outer loop
      vertex 99.125 61.3024 46.9109
      vertex 29.125 58.7446 46.6139
      vertex 96.625 58.7446 46.6139
    endloop
  endfacet
  facet normal -5.658e-06 -0.115354 0.993324
    outer loop
      vertex 29.125 58.7446 46.6139
      vertex 22.875 61.3024 46.9109
      vertex 29.125 11.065 41.0769
    endloop
  endfacet
  facet normal 0 -0.11534 0.993326
    outer loop
      vertex 22.875 61.3024 46.9109
      vertex 29.125 58.7446 46.6139
      vertex 99.125 61.3024 46.9109
    endloop
  endfacet
  facet normal -1.50678e-05 -0.115354 0.993324
    outer loop
      vertex 96.625 11.065 41.0769
      vertex 99.125 8.50718 40.7799
      vertex 96.625 58.7446 46.6139
    endloop
  endfacet
  facet normal 0 -0.11534 0.993326
    outer loop
      vertex 29.125 11.065 41.0769
      vertex 99.125 8.50718 40.7799
      vertex 96.625 11.065 41.0769
    endloop
  endfacet
  facet normal 0 -0.11534 0.993326
    outer loop
      vertex 29.125 11.065 41.0769
      vertex 22.875 8.50718 40.7799
      vertex 99.125 8.50718 40.7799
    endloop
  endfacet
  facet normal 5.46101e-06 -0.115353 0.993325
    outer loop
      vertex 22.875 8.50718 40.7799
      vertex 29.125 11.065 41.0769
      vertex 22.875 61.3024 46.9109
    endloop
  endfacet
  facet normal 1 0 0
    outer loop
      vertex 22.875 61.164 48.1029
      vertex 22.875 8.50718 40.7799
      vertex 22.875 61.3024 46.9109
    endloop
  endfacet
  facet normal 1 0 -0
    outer loop
      vertex 22.875 8.50718 40.7799
      vertex 22.875 61.164 48.1029
      vertex 22.875 8.36876 41.9719
    endloop
  endfacet
  facet normal 0 -0.993327 -0.115333
    outer loop
      vertex 22.875 61.3024 46.9109
      vertex 99.125 61.164 48.1029
      vertex 22.875 61.164 48.1029
    endloop
  endfacet
  facet normal 0 -0.993327 -0.115333
    outer loop
      vertex 99.125 61.164 48.1029
      vertex 22.875 61.3024 46.9109
      vertex 99.125 61.3024 46.9109
    endloop
  endfacet
  facet normal 0 0.993325 0.115349
    outer loop
      vertex 99.125 8.50718 40.7799
      vertex 22.875 8.36876 41.9719
      vertex 99.125 8.36876 41.9719
    endloop
  endfacet
  facet normal 0 0.993325 0.115349
    outer loop
      vertex 22.875 8.36876 41.9719
      vertex 99.125 8.50718 40.7799
      vertex 22.875 8.50718 40.7799
    endloop
  endfacet
  facet normal -1 0 0
    outer loop
      vertex 96.625 11.2957 39.0903
      vertex 96.625 58.7446 46.6139
      vertex 96.625 58.9753 44.6272
    endloop
  endfacet
  facet normal -1 0 0
    outer loop
      vertex 96.625 58.7446 46.6139
      vertex 96.625 11.2957 39.0903
      vertex 96.625 11.065 41.0769
    endloop
  endfacet
  facet normal 1 0 0
    outer loop
      vertex 29.125 58.7446 46.6139
      vertex 29.125 11.2957 39.0903
      vertex 29.125 58.9753 44.6272
    endloop
  endfacet
  facet normal 1 0 -0
    outer loop
      vertex 29.125 11.2957 39.0903
      vertex 29.125 58.7446 46.6139
      vertex 29.125 11.065 41.0769
    endloop
  endfacet
  facet normal 0 -0.993325 -0.115347
    outer loop
      vertex 29.125 58.9753 44.6272
      vertex 96.625 58.7446 46.6139
      vertex 29.125 58.7446 46.6139
    endloop
  endfacet
  facet normal 0 -0.993325 -0.115347
    outer loop
      vertex 96.625 58.7446 46.6139
      vertex 29.125 58.9753 44.6272
      vertex 96.625 58.9753 44.6272
    endloop
  endfacet
  facet normal 0 0.993325 0.115353
    outer loop
      vertex 96.625 11.2957 39.0903
      vertex 29.125 11.065 41.0769
      vertex 96.625 11.065 41.0769
    endloop
  endfacet
  facet normal 0 0.993325 0.115353
    outer loop
      vertex 29.125 11.065 41.0769
      vertex 96.625 11.2957 39.0903
      vertex 29.125 11.2957 39.0903
    endloop
  endfacet
  facet normal -0.980956 0.192934 0.0224036
    outer loop
      vertex -101.327 -69.4442 29.714
      vertex -101.315 -69.7531 32.8996
      vertex -101.315 -69.384 29.721
    endloop
  endfacet
  facet normal -0.981185 0.191778 0.0222923
    outer loop
      vertex -101.315 -69.7531 32.8996
      vertex -101.327 -69.4442 29.714
      vertex -101.346 -69.9096 32.8815
    endloop
  endfacet
  facet normal 0.663299 -0.743393 -0.0860303
    outer loop
      vertex -104.202 -68.3387 33.0639
      vertex -104.081 -67.8643 29.8975
      vertex -104.156 -68.2982 33.0686
    endloop
  endfacet
  facet normal 0.65861 -0.747459 -0.0868187
    outer loop
      vertex -104.081 -67.8643 29.8975
      vertex -104.202 -68.3387 33.0639
      vertex -104.202 -67.9695 29.8853
    endloop
  endfacet
  facet normal -0.65861 -0.747462 -0.0867955
    outer loop
      vertex -101.965 -67.8239 29.9022
      vertex -101.844 -68.2982 33.0686
      vertex -101.965 -68.193 33.0808
    endloop
  endfacet
  facet normal -0.662393 -0.744186 -0.0861602
    outer loop
      vertex -101.844 -68.2982 33.0686
      vertex -101.965 -67.8239 29.9022
      vertex -101.919 -67.8643 29.8975
    endloop
  endfacet
  facet normal -0.997723 -0.0669994 -0.00777999
    outer loop
      vertex -101.3 -69.1636 29.7466
      vertex -101.315 -69.3123 32.9508
      vertex -101.315 -68.9432 29.7722
    endloop
  endfacet
  facet normal -0.997723 -0.0669994 -0.00777999
    outer loop
      vertex -101.315 -69.3123 32.9508
      vertex -101.3 -69.1636 29.7466
      vertex -101.3 -69.5327 32.9252
    endloop
  endfacet
  facet normal -0.443069 0.890504 0.103406
    outer loop
      vertex -102.15 -70.626 29.5768
      vertex -102.349 -71.0928 32.7441
      vertex -102.15 -70.9951 32.7554
    endloop
  endfacet
  facet normal -0.443111 0.890484 0.1034
    outer loop
      vertex -102.349 -71.0928 32.7441
      vertex -102.15 -70.626 29.5768
      vertex -102.349 -70.7237 29.5654
    endloop
  endfacet
  facet normal -0.751688 -0.655122 -0.0760282
    outer loop
      vertex -101.757 -68.3848 33.0585
      vertex -101.798 -67.9695 29.8853
      vertex -101.692 -68.0895 29.8713
    endloop
  endfacet
  facet normal -0.749474 -0.657613 -0.0763829
    outer loop
      vertex -101.798 -67.9695 29.8853
      vertex -101.757 -68.3848 33.0585
      vertex -101.798 -68.3387 33.0639
    endloop
  endfacet
  facet normal -0.323566 -0.93989 -0.109137
    outer loop
      vertex -102.56 -67.5325 29.936
      vertex -102.502 -67.9213 33.1124
      vertex -102.56 -67.9016 33.1147
    endloop
  endfacet
  facet normal -0.321114 -0.940714 -0.109283
    outer loop
      vertex -102.502 -67.9213 33.1124
      vertex -102.56 -67.5325 29.936
      vertex -102.408 -67.5837 29.9301
    endloop
  endfacet
  facet normal -0.442598 -0.890735 -0.103432
    outer loop
      vertex -102.349 -67.6035 29.9278
      vertex -102.205 -68.0432 33.0982
      vertex -102.349 -67.9726 33.1064
    endloop
  endfacet
  facet normal -0.444452 -0.889836 -0.103223
    outer loop
      vertex -102.205 -68.0432 33.0982
      vertex -102.349 -67.6035 29.9278
      vertex -102.294 -67.6306 29.9246
    endloop
  endfacet
  facet normal 0.833746 -0.548463 -0.0636877
    outer loop
      vertex -104.349 -68.5047 33.0446
      vertex -104.383 -68.1866 29.8601
      vertex -104.349 -68.1356 29.866
    endloop
  endfacet
  facet normal 0.832224 -0.550745 -0.0638994
    outer loop
      vertex -104.383 -68.1866 29.8601
      vertex -104.349 -68.5047 33.0446
      vertex -104.438 -68.6374 33.0292
    endloop
  endfacet
  facet normal -0.0659085 0.991164 0.115105
    outer loop
      vertex -102.938 -70.8482 29.551
      vertex -103 -71.2214 32.7291
      vertex -102.84 -71.2109 32.7303
    endloop
  endfacet
  facet normal -0.0648788 0.991229 0.115133
    outer loop
      vertex -103 -71.2214 32.7291
      vertex -102.938 -70.8482 29.551
      vertex -103 -70.8522 29.5505
    endloop
  endfacet
  facet normal 0.947555 -0.317459 -0.0368623
    outer loop
      vertex -104.571 -68.8865 33.0003
      vertex -104.642 -68.7265 29.7973
      vertex -104.571 -68.5174 29.8216
    endloop
  endfacet
  facet normal 0.947601 -0.317323 -0.0368565
    outer loop
      vertex -104.642 -68.7265 29.7973
      vertex -104.571 -68.8865 33.0003
      vertex -104.642 -69.0957 32.976
    endloop
  endfacet
  facet normal -0.444301 -0.889909 -0.103237
    outer loop
      vertex -102.294 -67.6306 29.9246
      vertex -102.15 -68.0703 33.0951
      vertex -102.205 -68.0432 33.0982
    endloop
  endfacet
  facet normal -0.442598 -0.890736 -0.103429
    outer loop
      vertex -102.15 -68.0703 33.0951
      vertex -102.294 -67.6306 29.9246
      vertex -102.15 -67.7012 29.9164
    endloop
  endfacet
  facet normal -0.749474 0.657613 0.0763805
    outer loop
      vertex -101.798 -70.7268 32.7866
      vertex -101.757 -70.3115 29.6133
      vertex -101.798 -70.3576 29.6079
    endloop
  endfacet
  facet normal -0.751657 0.655157 0.0760309
    outer loop
      vertex -101.757 -70.3115 29.6133
      vertex -101.798 -70.7268 32.7866
      vertex -101.692 -70.6068 32.8005
    endloop
  endfacet
  facet normal -0.751388 0.655463 0.0760537
    outer loop
      vertex -101.692 -70.6068 32.8005
      vertex -101.651 -70.1916 29.6272
      vertex -101.757 -70.3115 29.6133
    endloop
  endfacet
  facet normal -0.749474 0.657616 0.0763601
    outer loop
      vertex -101.651 -70.1916 29.6272
      vertex -101.692 -70.6068 32.8005
      vertex -101.651 -70.5607 32.8059
    endloop
  endfacet
  facet normal 0.323566 -0.93989 -0.109137
    outer loop
      vertex -103.498 -67.9213 33.1124
      vertex -103.44 -67.5325 29.936
      vertex -103.44 -67.9016 33.1147
    endloop
  endfacet
  facet normal 0.321114 -0.940714 -0.109283
    outer loop
      vertex -103.44 -67.5325 29.936
      vertex -103.498 -67.9213 33.1124
      vertex -103.592 -67.5837 29.9301
    endloop
  endfacet
  facet normal -0.558453 -0.824 -0.0956801
    outer loop
      vertex -102.15 -67.7012 29.9164
      vertex -102.099 -68.1044 33.0911
      vertex -102.15 -68.0703 33.0951
    endloop
  endfacet
  facet normal -0.554112 -0.826874 -0.0961149
    outer loop
      vertex -102.099 -68.1044 33.0911
      vertex -102.15 -67.7012 29.9164
      vertex -102.016 -67.7898 29.9061
    endloop
  endfacet
  facet normal 0.0659085 0.991164 0.115105
    outer loop
      vertex -103 -71.2214 32.7291
      vertex -103.062 -70.8482 29.551
      vertex -103.16 -71.2109 32.7303
    endloop
  endfacet
  facet normal 0.0648788 0.991229 0.115133
    outer loop
      vertex -103.062 -70.8482 29.551
      vertex -103 -71.2214 32.7291
      vertex -103 -70.8522 29.5505
    endloop
  endfacet
  facet normal 0.194371 0.974381 0.113145
    outer loop
      vertex -103.282 -71.1949 32.7322
      vertex -103.44 -70.7947 29.5572
      vertex -103.44 -71.1638 32.7358
    endloop
  endfacet
  facet normal 0.194282 0.974398 0.113152
    outer loop
      vertex -103.44 -70.7947 29.5572
      vertex -103.282 -71.1949 32.7322
      vertex -103.379 -70.8067 29.5558
    endloop
  endfacet
  facet normal 0.832246 -0.550712 -0.0638944
    outer loop
      vertex -104.438 -68.6374 33.0292
      vertex -104.472 -68.3193 29.8446
      vertex -104.383 -68.1866 29.8601
    endloop
  endfacet
  facet normal 0.833746 -0.548463 -0.0636857
    outer loop
      vertex -104.472 -68.3193 29.8446
      vertex -104.438 -68.6374 33.0292
      vertex -104.472 -68.6884 33.0233
    endloop
  endfacet
  facet normal -0.981165 0.19188 0.0223075
    outer loop
      vertex -101.358 -69.6006 29.6958
      vertex -101.346 -69.9096 32.8815
      vertex -101.327 -69.4442 29.714
    endloop
  endfacet
  facet normal -0.980956 0.192934 0.0224089
    outer loop
      vertex -101.346 -69.9096 32.8815
      vertex -101.358 -69.6006 29.6958
      vertex -101.358 -69.9698 32.8745
    endloop
  endfacet
  facet normal 0.0651247 -0.991213 -0.115131
    outer loop
      vertex -103.222 -67.8585 33.1197
      vertex -103 -67.4749 29.9427
      vertex -103 -67.8441 33.1213
    endloop
  endfacet
  facet normal 0.0656209 -0.991185 -0.115093
    outer loop
      vertex -103 -67.4749 29.9427
      vertex -103.222 -67.8585 33.1197
      vertex -103.222 -67.4894 29.941
    endloop
  endfacet
  facet normal -0.947555 -0.317459 -0.0368623
    outer loop
      vertex -101.358 -68.7265 29.7973
      vertex -101.429 -68.8865 33.0003
      vertex -101.429 -68.5174 29.8216
    endloop
  endfacet
  facet normal -0.947601 -0.317323 -0.0368565
    outer loop
      vertex -101.429 -68.8865 33.0003
      vertex -101.358 -68.7265 29.7973
      vertex -101.358 -69.0957 32.976
    endloop
  endfacet
  facet normal -0.832246 -0.550712 -0.0638944
    outer loop
      vertex -101.528 -68.3193 29.8446
      vertex -101.562 -68.6374 33.0292
      vertex -101.617 -68.1866 29.8601
    endloop
  endfacet
  facet normal -0.833746 -0.548463 -0.0636857
    outer loop
      vertex -101.562 -68.6374 33.0292
      vertex -101.528 -68.3193 29.8446
      vertex -101.528 -68.6884 33.0233
    endloop
  endfacet
  facet normal -0.895709 -0.441674 -0.0512857
    outer loop
      vertex -101.429 -68.5174 29.8216
      vertex -101.528 -68.6884 33.0233
      vertex -101.528 -68.3193 29.8446
    endloop
  endfacet
  facet normal -0.895709 -0.441674 -0.0512857
    outer loop
      vertex -101.528 -68.6884 33.0233
      vertex -101.429 -68.5174 29.8216
      vertex -101.429 -68.8865 33.0003
    endloop
  endfacet
  facet normal 0.749474 0.657616 0.0763601
    outer loop
      vertex -104.308 -70.6068 32.8005
      vertex -104.349 -70.1916 29.6272
      vertex -104.349 -70.5607 32.8059
    endloop
  endfacet
  facet normal 0.751388 0.655463 0.0760537
    outer loop
      vertex -104.349 -70.1916 29.6272
      vertex -104.308 -70.6068 32.8005
      vertex -104.243 -70.3115 29.6133
    endloop
  endfacet
  facet normal 0.981165 0.19188 0.0223075
    outer loop
      vertex -104.654 -69.9096 32.8815
      vertex -104.642 -69.6006 29.6958
      vertex -104.673 -69.4442 29.714
    endloop
  endfacet
  facet normal 0.980956 0.192934 0.0224089
    outer loop
      vertex -104.642 -69.6006 29.6958
      vertex -104.654 -69.9096 32.8815
      vertex -104.642 -69.9698 32.8745
    endloop
  endfacet
  facet normal -0.554112 -0.826874 -0.0961149
    outer loop
      vertex -102.016 -67.7898 29.9061
      vertex -101.965 -68.193 33.0808
      vertex -102.099 -68.1044 33.0911
    endloop
  endfacet
  facet normal -0.558324 -0.824086 -0.0956931
    outer loop
      vertex -101.965 -68.193 33.0808
      vertex -102.016 -67.7898 29.9061
      vertex -101.965 -67.8239 29.9022
    endloop
  endfacet
  facet normal 0.892716 0.447612 0.0519768
    outer loop
      vertex -104.543 -70.234 32.8438
      vertex -104.571 -69.8098 29.6716
      vertex -104.571 -70.1789 32.8502
    endloop
  endfacet
  facet normal 0.896991 0.439119 0.0508034
    outer loop
      vertex -104.571 -69.8098 29.6716
      vertex -104.543 -70.234 32.8438
      vertex -104.5 -69.9529 29.6549
    endloop
  endfacet
  facet normal -0.0648787 0.991233 0.115102
    outer loop
      vertex -102.778 -70.8378 29.5522
      vertex -102.84 -71.2109 32.7303
      vertex -102.778 -71.2069 32.7308
    endloop
  endfacet
  facet normal -0.0652916 0.991207 0.115091
    outer loop
      vertex -102.84 -71.2109 32.7303
      vertex -102.778 -70.8378 29.5522
      vertex -102.938 -70.8482 29.551
    endloop
  endfacet
  facet normal -0.194371 0.974381 0.113145
    outer loop
      vertex -102.56 -70.7947 29.5572
      vertex -102.718 -71.1949 32.7322
      vertex -102.56 -71.1638 32.7358
    endloop
  endfacet
  facet normal -0.194282 0.974398 0.113152
    outer loop
      vertex -102.718 -71.1949 32.7322
      vertex -102.56 -70.7947 29.5572
      vertex -102.621 -70.8067 29.5558
    endloop
  endfacet
  facet normal -0.195204 -0.974217 -0.113123
    outer loop
      vertex -102.778 -67.4894 29.941
      vertex -102.56 -67.9016 33.1147
      vertex -102.778 -67.8585 33.1197
    endloop
  endfacet
  facet normal -0.195204 -0.974217 -0.113123
    outer loop
      vertex -102.56 -67.9016 33.1147
      vertex -102.778 -67.4894 29.941
      vertex -102.56 -67.5325 29.936
    endloop
  endfacet
  facet normal 0.197395 0.973792 0.112983
    outer loop
      vertex -103.222 -71.2069 32.7308
      vertex -103.379 -70.8067 29.5558
      vertex -103.282 -71.1949 32.7322
    endloop
  endfacet
  facet normal 0.195562 0.974146 0.113118
    outer loop
      vertex -103.379 -70.8067 29.5558
      vertex -103.222 -71.2069 32.7308
      vertex -103.222 -70.8378 29.5522
    endloop
  endfacet
  facet normal -0.197395 0.973792 0.112983
    outer loop
      vertex -102.621 -70.8067 29.5558
      vertex -102.778 -71.2069 32.7308
      vertex -102.718 -71.1949 32.7322
    endloop
  endfacet
  facet normal -0.195562 0.974146 0.113118
    outer loop
      vertex -102.778 -71.2069 32.7308
      vertex -102.621 -70.8067 29.5558
      vertex -102.778 -70.8378 29.5522
    endloop
  endfacet
  facet normal -0.892391 0.448251 0.0520495
    outer loop
      vertex -101.528 -70.377 32.8272
      vertex -101.5 -69.9529 29.6549
      vertex -101.528 -70.0079 29.6485
    endloop
  endfacet
  facet normal -0.896856 0.439392 0.0508257
    outer loop
      vertex -101.5 -69.9529 29.6549
      vertex -101.528 -70.377 32.8272
      vertex -101.457 -70.234 32.8438
    endloop
  endfacet
  facet normal -0.0651247 -0.991213 -0.115131
    outer loop
      vertex -103 -67.4749 29.9427
      vertex -102.778 -67.8585 33.1197
      vertex -103 -67.8441 33.1213
    endloop
  endfacet
  facet normal -0.0656209 -0.991185 -0.115093
    outer loop
      vertex -102.778 -67.8585 33.1197
      vertex -103 -67.4749 29.9427
      vertex -102.778 -67.4894 29.941
    endloop
  endfacet
  facet normal -0.832034 0.551014 0.0640592
    outer loop
      vertex -101.562 -70.4281 32.8213
      vertex -101.528 -70.0079 29.6485
      vertex -101.617 -70.1405 29.6331
    endloop
  endfacet
  facet normal -0.834237 0.547726 0.0636001
    outer loop
      vertex -101.528 -70.0079 29.6485
      vertex -101.562 -70.4281 32.8213
      vertex -101.528 -70.377 32.8272
    endloop
  endfacet
  facet normal -0.980956 -0.192934 -0.0224036
    outer loop
      vertex -101.315 -69.3123 32.9508
      vertex -101.327 -68.883 29.7792
      vertex -101.315 -68.9432 29.7722
    endloop
  endfacet
  facet normal -0.981188 -0.19177 -0.0222451
    outer loop
      vertex -101.327 -68.883 29.7792
      vertex -101.315 -69.3123 32.9508
      vertex -101.346 -69.1558 32.969
    endloop
  endfacet
  facet normal -0.997653 0.0680073 0.00796876
    outer loop
      vertex -101.304 -69.5939 32.9181
      vertex -101.3 -69.1636 29.7466
      vertex -101.311 -69.3228 29.7281
    endloop
  endfacet
  facet normal -0.997899 0.0643552 0.00747295
    outer loop
      vertex -101.3 -69.1636 29.7466
      vertex -101.304 -69.5939 32.9181
      vertex -101.3 -69.5327 32.9252
    endloop
  endfacet
  facet normal 0.442598 -0.890735 -0.103432
    outer loop
      vertex -103.795 -68.0432 33.0982
      vertex -103.651 -67.6035 29.9278
      vertex -103.651 -67.9726 33.1064
    endloop
  endfacet
  facet normal 0.444452 -0.889836 -0.103223
    outer loop
      vertex -103.651 -67.6035 29.9278
      vertex -103.795 -68.0432 33.0982
      vertex -103.706 -67.6306 29.9246
    endloop
  endfacet
  facet normal 0.195204 -0.974217 -0.113123
    outer loop
      vertex -103.44 -67.9016 33.1147
      vertex -103.222 -67.4894 29.941
      vertex -103.222 -67.8585 33.1197
    endloop
  endfacet
  facet normal 0.195204 -0.974217 -0.113123
    outer loop
      vertex -103.222 -67.4894 29.941
      vertex -103.44 -67.9016 33.1147
      vertex -103.44 -67.5325 29.936
    endloop
  endfacet
  facet normal 0.443069 0.890504 0.103406
    outer loop
      vertex -103.651 -71.0928 32.7441
      vertex -103.85 -70.626 29.5768
      vertex -103.85 -70.9951 32.7554
    endloop
  endfacet
  facet normal 0.443111 0.890484 0.1034
    outer loop
      vertex -103.85 -70.626 29.5768
      vertex -103.651 -71.0928 32.7441
      vertex -103.651 -70.7237 29.5654
    endloop
  endfacet
  facet normal 0.896856 0.439392 0.0508257
    outer loop
      vertex -104.472 -70.377 32.8272
      vertex -104.5 -69.9529 29.6549
      vertex -104.543 -70.234 32.8438
    endloop
  endfacet
  facet normal 0.892391 0.448251 0.0520495
    outer loop
      vertex -104.5 -69.9529 29.6549
      vertex -104.472 -70.377 32.8272
      vertex -104.472 -70.0079 29.6485
    endloop
  endfacet
  facet normal 0.980956 0.192934 0.0224036
    outer loop
      vertex -104.685 -69.7531 32.8996
      vertex -104.673 -69.4442 29.714
      vertex -104.685 -69.384 29.721
    endloop
  endfacet
  facet normal 0.981185 0.191778 0.0222923
    outer loop
      vertex -104.673 -69.4442 29.714
      vertex -104.685 -69.7531 32.8996
      vertex -104.654 -69.9096 32.8815
    endloop
  endfacet
  facet normal 0.751657 0.655157 0.0760309
    outer loop
      vertex -104.202 -70.7268 32.7866
      vertex -104.243 -70.3115 29.6133
      vertex -104.308 -70.6068 32.8005
    endloop
  endfacet
  facet normal 0.749474 0.657613 0.0763805
    outer loop
      vertex -104.243 -70.3115 29.6133
      vertex -104.202 -70.7268 32.7866
      vertex -104.202 -70.3576 29.6079
    endloop
  endfacet
  facet normal 0.65861 -0.747462 -0.0867955
    outer loop
      vertex -104.156 -68.2982 33.0686
      vertex -104.035 -67.8239 29.9022
      vertex -104.035 -68.193 33.0808
    endloop
  endfacet
  facet normal 0.662393 -0.744186 -0.0861602
    outer loop
      vertex -104.035 -67.8239 29.9022
      vertex -104.156 -68.2982 33.0686
      vertex -104.081 -67.8643 29.8975
    endloop
  endfacet
  facet normal 0.749474 -0.657613 -0.0763829
    outer loop
      vertex -104.243 -68.3848 33.0585
      vertex -104.202 -67.9695 29.8853
      vertex -104.202 -68.3387 33.0639
    endloop
  endfacet
  facet normal 0.751688 -0.655122 -0.0760282
    outer loop
      vertex -104.202 -67.9695 29.8853
      vertex -104.243 -68.3848 33.0585
      vertex -104.308 -68.0895 29.8713
    endloop
  endfacet
  facet normal -0.981185 -0.191783 -0.0222462
    outer loop
      vertex -101.346 -69.1558 32.969
      vertex -101.358 -68.7265 29.7973
      vertex -101.327 -68.883 29.7792
    endloop
  endfacet
  facet normal -0.980895 -0.193238 -0.0224443
    outer loop
      vertex -101.358 -68.7265 29.7973
      vertex -101.346 -69.1558 32.969
      vertex -101.358 -69.0957 32.976
    endloop
  endfacet
  facet normal -0.554112 0.826874 0.0961149
    outer loop
      vertex -102.099 -70.5919 29.5807
      vertex -102.15 -70.9951 32.7554
      vertex -102.016 -70.9065 32.7657
    endloop
  endfacet
  facet normal -0.558324 0.824086 0.0956931
    outer loop
      vertex -102.15 -70.9951 32.7554
      vertex -102.099 -70.5919 29.5807
      vertex -102.15 -70.626 29.5768
    endloop
  endfacet
  facet normal -0.32087 0.940802 0.109243
    outer loop
      vertex -102.349 -70.7237 29.5654
      vertex -102.56 -71.1638 32.7358
      vertex -102.349 -71.0928 32.7441
    endloop
  endfacet
  facet normal -0.320824 0.940817 0.109248
    outer loop
      vertex -102.56 -71.1638 32.7358
      vertex -102.349 -70.7237 29.5654
      vertex -102.56 -70.7947 29.5572
    endloop
  endfacet
  facet normal -0.558453 0.824 0.0956801
    outer loop
      vertex -101.965 -70.5033 29.591
      vertex -102.016 -70.9065 32.7657
      vertex -101.965 -70.8724 32.7697
    endloop
  endfacet
  facet normal -0.554112 0.826874 0.0961149
    outer loop
      vertex -102.016 -70.9065 32.7657
      vertex -101.965 -70.5033 29.591
      vertex -102.099 -70.5919 29.5807
    endloop
  endfacet
  facet normal -0.662393 0.744186 0.0861576
    outer loop
      vertex -101.844 -70.3981 29.6032
      vertex -101.965 -70.8724 32.7697
      vertex -101.919 -70.832 32.7744
    endloop
  endfacet
  facet normal -0.65861 0.747462 0.0867928
    outer loop
      vertex -101.965 -70.8724 32.7697
      vertex -101.844 -70.3981 29.6032
      vertex -101.965 -70.5033 29.591
    endloop
  endfacet
  facet normal 0.834237 0.547726 0.0636001
    outer loop
      vertex -104.438 -70.4281 32.8213
      vertex -104.472 -70.0079 29.6485
      vertex -104.472 -70.377 32.8272
    endloop
  endfacet
  facet normal 0.832034 0.551014 0.0640592
    outer loop
      vertex -104.472 -70.0079 29.6485
      vertex -104.438 -70.4281 32.8213
      vertex -104.383 -70.1405 29.6331
    endloop
  endfacet
  facet normal -0.997899 0.0643552 0.00747295
    outer loop
      vertex -101.315 -69.7531 32.8996
      vertex -101.311 -69.3228 29.7281
      vertex -101.315 -69.384 29.721
    endloop
  endfacet
  facet normal -0.997653 0.0680073 0.00796876
    outer loop
      vertex -101.311 -69.3228 29.7281
      vertex -101.315 -69.7531 32.8996
      vertex -101.304 -69.5939 32.9181
    endloop
  endfacet
  facet normal 0.319846 -0.941145 -0.109291
    outer loop
      vertex -103.651 -67.9726 33.1064
      vertex -103.592 -67.5837 29.9301
      vertex -103.498 -67.9213 33.1124
    endloop
  endfacet
  facet normal 0.320076 -0.941068 -0.109277
    outer loop
      vertex -103.592 -67.5837 29.9301
      vertex -103.651 -67.9726 33.1064
      vertex -103.651 -67.6035 29.9278
    endloop
  endfacet
  facet normal 0.980895 -0.193238 -0.0224443
    outer loop
      vertex -104.654 -69.1558 32.969
      vertex -104.642 -68.7265 29.7973
      vertex -104.642 -69.0957 32.976
    endloop
  endfacet
  facet normal 0.981185 -0.191783 -0.0222462
    outer loop
      vertex -104.642 -68.7265 29.7973
      vertex -104.654 -69.1558 32.969
      vertex -104.673 -68.883 29.7792
    endloop
  endfacet
  facet normal 0.751388 -0.655463 -0.0760537
    outer loop
      vertex -104.349 -68.5047 33.0446
      vertex -104.308 -68.0895 29.8713
      vertex -104.243 -68.3848 33.0585
    endloop
  endfacet
  facet normal 0.749392 -0.657707 -0.0763732
    outer loop
      vertex -104.308 -68.0895 29.8713
      vertex -104.349 -68.5047 33.0446
      vertex -104.349 -68.1356 29.866
    endloop
  endfacet
  facet normal 0.554112 -0.826874 -0.0961149
    outer loop
      vertex -104.035 -68.193 33.0808
      vertex -103.984 -67.7898 29.9061
      vertex -103.901 -68.1044 33.0911
    endloop
  endfacet
  facet normal 0.558324 -0.824086 -0.0956931
    outer loop
      vertex -103.984 -67.7898 29.9061
      vertex -104.035 -68.193 33.0808
      vertex -104.035 -67.8239 29.9022
    endloop
  endfacet
  facet normal -0.319846 -0.941145 -0.109291
    outer loop
      vertex -102.408 -67.5837 29.9301
      vertex -102.349 -67.9726 33.1064
      vertex -102.502 -67.9213 33.1124
    endloop
  endfacet
  facet normal -0.320076 -0.941068 -0.109277
    outer loop
      vertex -102.349 -67.9726 33.1064
      vertex -102.408 -67.5837 29.9301
      vertex -102.349 -67.6035 29.9278
    endloop
  endfacet
  facet normal -0.749392 -0.657707 -0.0763732
    outer loop
      vertex -101.651 -68.5047 33.0446
      vertex -101.692 -68.0895 29.8713
      vertex -101.651 -68.1356 29.866
    endloop
  endfacet
  facet normal -0.751388 -0.655463 -0.0760537
    outer loop
      vertex -101.692 -68.0895 29.8713
      vertex -101.651 -68.5047 33.0446
      vertex -101.757 -68.3848 33.0585
    endloop
  endfacet
  facet normal 0.946204 0.321411 0.0373312
    outer loop
      vertex -104.642 -69.9698 32.8745
      vertex -104.622 -69.6587 29.6891
      vertex -104.642 -69.6006 29.6958
    endloop
  endfacet
  facet normal 0.946178 0.321484 0.0373383
    outer loop
      vertex -104.622 -69.6587 29.6891
      vertex -104.642 -69.9698 32.8745
      vertex -104.59 -70.1208 32.8569
    endloop
  endfacet
  facet normal 0.948127 0.31579 0.036488
    outer loop
      vertex -104.59 -70.1208 32.8569
      vertex -104.571 -69.8098 29.6716
      vertex -104.622 -69.6587 29.6891
    endloop
  endfacet
  facet normal 0.951071 0.306912 0.0356387
    outer loop
      vertex -104.571 -69.8098 29.6716
      vertex -104.59 -70.1208 32.8569
      vertex -104.571 -70.1789 32.8502
    endloop
  endfacet
  facet normal 0.832034 0.551014 0.0640592
    outer loop
      vertex -104.349 -70.5607 32.8059
      vertex -104.383 -70.1405 29.6331
      vertex -104.438 -70.4281 32.8213
    endloop
  endfacet
  facet normal 0.834237 0.547726 0.0636001
    outer loop
      vertex -104.383 -70.1405 29.6331
      vertex -104.349 -70.5607 32.8059
      vertex -104.349 -70.1916 29.6272
    endloop
  endfacet
  facet normal -0.65861 0.747459 0.086816
    outer loop
      vertex -101.798 -70.3576 29.6079
      vertex -101.919 -70.832 32.7744
      vertex -101.798 -70.7268 32.7866
    endloop
  endfacet
  facet normal -0.663299 0.743393 0.0860277
    outer loop
      vertex -101.919 -70.832 32.7744
      vertex -101.798 -70.3576 29.6079
      vertex -101.844 -70.3981 29.6032
    endloop
  endfacet
  facet normal -0.834237 0.547726 0.0636001
    outer loop
      vertex -101.651 -70.5607 32.8059
      vertex -101.617 -70.1405 29.6331
      vertex -101.651 -70.1916 29.6272
    endloop
  endfacet
  facet normal -0.832034 0.551014 0.0640592
    outer loop
      vertex -101.617 -70.1405 29.6331
      vertex -101.651 -70.5607 32.8059
      vertex -101.562 -70.4281 32.8213
    endloop
  endfacet
  facet normal 0.981188 -0.19177 -0.0222451
    outer loop
      vertex -104.685 -69.3123 32.9508
      vertex -104.673 -68.883 29.7792
      vertex -104.654 -69.1558 32.969
    endloop
  endfacet
  facet normal 0.980956 -0.192934 -0.0224036
    outer loop
      vertex -104.673 -68.883 29.7792
      vertex -104.685 -69.3123 32.9508
      vertex -104.685 -68.9432 29.7722
    endloop
  endfacet
  facet normal 0.895709 -0.441674 -0.0512857
    outer loop
      vertex -104.472 -68.6884 33.0233
      vertex -104.571 -68.5174 29.8216
      vertex -104.472 -68.3193 29.8446
    endloop
  endfacet
  facet normal 0.895709 -0.441674 -0.0512857
    outer loop
      vertex -104.571 -68.5174 29.8216
      vertex -104.472 -68.6884 33.0233
      vertex -104.571 -68.8865 33.0003
    endloop
  endfacet
  facet normal 0.997723 -0.0669994 -0.00777999
    outer loop
      vertex -104.685 -69.3123 32.9508
      vertex -104.7 -69.1636 29.7466
      vertex -104.685 -68.9432 29.7722
    endloop
  endfacet
  facet normal 0.997723 -0.0669994 -0.00777999
    outer loop
      vertex -104.7 -69.1636 29.7466
      vertex -104.685 -69.3123 32.9508
      vertex -104.7 -69.5327 32.9252
    endloop
  endfacet
  facet normal 0.554112 0.826874 0.0961149
    outer loop
      vertex -103.85 -70.9951 32.7554
      vertex -103.901 -70.5919 29.5807
      vertex -103.984 -70.9065 32.7657
    endloop
  endfacet
  facet normal 0.558324 0.824086 0.0956931
    outer loop
      vertex -103.901 -70.5919 29.5807
      vertex -103.85 -70.9951 32.7554
      vertex -103.85 -70.626 29.5768
    endloop
  endfacet
  facet normal 0.558453 0.824 0.0956801
    outer loop
      vertex -103.984 -70.9065 32.7657
      vertex -104.035 -70.5033 29.591
      vertex -104.035 -70.8724 32.7697
    endloop
  endfacet
  facet normal 0.554112 0.826874 0.0961149
    outer loop
      vertex -104.035 -70.5033 29.591
      vertex -103.984 -70.9065 32.7657
      vertex -103.901 -70.5919 29.5807
    endloop
  endfacet
  facet normal -0.663299 -0.743393 -0.0860303
    outer loop
      vertex -101.919 -67.8643 29.8975
      vertex -101.798 -68.3387 33.0639
      vertex -101.844 -68.2982 33.0686
    endloop
  endfacet
  facet normal -0.65861 -0.747459 -0.0868187
    outer loop
      vertex -101.798 -68.3387 33.0639
      vertex -101.919 -67.8643 29.8975
      vertex -101.798 -67.9695 29.8853
    endloop
  endfacet
  facet normal 0.0648787 0.991233 0.115102
    outer loop
      vertex -103.16 -71.2109 32.7303
      vertex -103.222 -70.8378 29.5522
      vertex -103.222 -71.2069 32.7308
    endloop
  endfacet
  facet normal 0.0652916 0.991207 0.115091
    outer loop
      vertex -103.222 -70.8378 29.5522
      vertex -103.16 -71.2109 32.7303
      vertex -103.062 -70.8482 29.551
    endloop
  endfacet
  facet normal -0.833746 -0.548463 -0.0636877
    outer loop
      vertex -101.617 -68.1866 29.8601
      vertex -101.651 -68.5047 33.0446
      vertex -101.651 -68.1356 29.866
    endloop
  endfacet
  facet normal -0.832224 -0.550745 -0.0638994
    outer loop
      vertex -101.651 -68.5047 33.0446
      vertex -101.617 -68.1866 29.8601
      vertex -101.562 -68.6374 33.0292
    endloop
  endfacet
  facet normal 0.997653 0.0680073 0.00796876
    outer loop
      vertex -104.685 -69.7531 32.8996
      vertex -104.689 -69.3228 29.7281
      vertex -104.696 -69.5939 32.9181
    endloop
  endfacet
  facet normal 0.997899 0.0643552 0.00747295
    outer loop
      vertex -104.689 -69.3228 29.7281
      vertex -104.685 -69.7531 32.8996
      vertex -104.685 -69.384 29.721
    endloop
  endfacet
  facet normal 0.997899 0.0643552 0.00747295
    outer loop
      vertex -104.696 -69.5939 32.9181
      vertex -104.7 -69.1636 29.7466
      vertex -104.7 -69.5327 32.9252
    endloop
  endfacet
  facet normal 0.997653 0.0680073 0.00796876
    outer loop
      vertex -104.7 -69.1636 29.7466
      vertex -104.696 -69.5939 32.9181
      vertex -104.689 -69.3228 29.7281
    endloop
  endfacet
  facet normal -0.896991 0.439119 0.0508034
    outer loop
      vertex -101.457 -70.234 32.8438
      vertex -101.429 -69.8098 29.6716
      vertex -101.5 -69.9529 29.6549
    endloop
  endfacet
  facet normal -0.892716 0.447612 0.0519768
    outer loop
      vertex -101.429 -69.8098 29.6716
      vertex -101.457 -70.234 32.8438
      vertex -101.429 -70.1789 32.8502
    endloop
  endfacet
  facet normal -0.948127 0.31579 0.036488
    outer loop
      vertex -101.429 -69.8098 29.6716
      vertex -101.41 -70.1208 32.8569
      vertex -101.378 -69.6587 29.6891
    endloop
  endfacet
  facet normal -0.951071 0.306912 0.0356387
    outer loop
      vertex -101.41 -70.1208 32.8569
      vertex -101.429 -69.8098 29.6716
      vertex -101.429 -70.1789 32.8502
    endloop
  endfacet
  facet normal 0.558453 -0.824 -0.0956801
    outer loop
      vertex -103.901 -68.1044 33.0911
      vertex -103.85 -67.7012 29.9164
      vertex -103.85 -68.0703 33.0951
    endloop
  endfacet
  facet normal 0.554112 -0.826874 -0.0961149
    outer loop
      vertex -103.85 -67.7012 29.9164
      vertex -103.901 -68.1044 33.0911
      vertex -103.984 -67.7898 29.9061
    endloop
  endfacet
  facet normal 0.444301 -0.889909 -0.103237
    outer loop
      vertex -103.85 -68.0703 33.0951
      vertex -103.706 -67.6306 29.9246
      vertex -103.795 -68.0432 33.0982
    endloop
  endfacet
  facet normal 0.442598 -0.890736 -0.103429
    outer loop
      vertex -103.706 -67.6306 29.9246
      vertex -103.85 -68.0703 33.0951
      vertex -103.85 -67.7012 29.9164
    endloop
  endfacet
  facet normal 0.662393 0.744186 0.0861576
    outer loop
      vertex -104.035 -70.8724 32.7697
      vertex -104.156 -70.3981 29.6032
      vertex -104.081 -70.832 32.7744
    endloop
  endfacet
  facet normal 0.65861 0.747462 0.0867928
    outer loop
      vertex -104.156 -70.3981 29.6032
      vertex -104.035 -70.8724 32.7697
      vertex -104.035 -70.5033 29.591
    endloop
  endfacet
  facet normal 0.65861 0.747459 0.086816
    outer loop
      vertex -104.081 -70.832 32.7744
      vertex -104.202 -70.3576 29.6079
      vertex -104.202 -70.7268 32.7866
    endloop
  endfacet
  facet normal 0.663299 0.743393 0.0860277
    outer loop
      vertex -104.202 -70.3576 29.6079
      vertex -104.081 -70.832 32.7744
      vertex -104.156 -70.3981 29.6032
    endloop
  endfacet
  facet normal 0.32087 0.940802 0.109243
    outer loop
      vertex -103.44 -71.1638 32.7358
      vertex -103.651 -70.7237 29.5654
      vertex -103.651 -71.0928 32.7441
    endloop
  endfacet
  facet normal 0.320824 0.940817 0.109248
    outer loop
      vertex -103.651 -70.7237 29.5654
      vertex -103.44 -71.1638 32.7358
      vertex -103.44 -70.7947 29.5572
    endloop
  endfacet
  facet normal -0.946204 0.321411 0.0373312
    outer loop
      vertex -101.378 -69.6587 29.6891
      vertex -101.358 -69.9698 32.8745
      vertex -101.358 -69.6006 29.6958
    endloop
  endfacet
  facet normal -0.946178 0.321484 0.0373383
    outer loop
      vertex -101.358 -69.9698 32.8745
      vertex -101.378 -69.6587 29.6891
      vertex -101.41 -70.1208 32.8569
    endloop
  endfacet
  facet normal -0.981165 0.19188 0.0223075
    outer loop
      vertex 104.642 -69.6006 29.6958
      vertex 104.654 -69.9096 32.8815
      vertex 104.673 -69.4442 29.714
    endloop
  endfacet
  facet normal -0.980956 0.192934 0.0224089
    outer loop
      vertex 104.654 -69.9096 32.8815
      vertex 104.642 -69.6006 29.6958
      vertex 104.642 -69.9698 32.8745
    endloop
  endfacet
  facet normal 0.663299 -0.743393 -0.0860303
    outer loop
      vertex 101.798 -68.3387 33.0639
      vertex 101.919 -67.8643 29.8975
      vertex 101.844 -68.2982 33.0686
    endloop
  endfacet
  facet normal 0.65861 -0.747459 -0.0868187
    outer loop
      vertex 101.919 -67.8643 29.8975
      vertex 101.798 -68.3387 33.0639
      vertex 101.798 -67.9695 29.8853
    endloop
  endfacet
  facet normal -0.65861 -0.747462 -0.0867955
    outer loop
      vertex 104.035 -67.8239 29.9022
      vertex 104.156 -68.2982 33.0686
      vertex 104.035 -68.193 33.0808
    endloop
  endfacet
  facet normal -0.662393 -0.744186 -0.0861602
    outer loop
      vertex 104.156 -68.2982 33.0686
      vertex 104.035 -67.8239 29.9022
      vertex 104.081 -67.8643 29.8975
    endloop
  endfacet
  facet normal -0.997723 -0.0669994 -0.00777999
    outer loop
      vertex 104.7 -69.1636 29.7466
      vertex 104.685 -69.3123 32.9508
      vertex 104.685 -68.9432 29.7722
    endloop
  endfacet
  facet normal -0.997723 -0.0669994 -0.00777999
    outer loop
      vertex 104.685 -69.3123 32.9508
      vertex 104.7 -69.1636 29.7466
      vertex 104.7 -69.5327 32.9252
    endloop
  endfacet
  facet normal -0.443069 0.890504 0.103406
    outer loop
      vertex 103.85 -70.626 29.5768
      vertex 103.651 -71.0928 32.7441
      vertex 103.85 -70.9951 32.7554
    endloop
  endfacet
  facet normal -0.443111 0.890484 0.1034
    outer loop
      vertex 103.651 -71.0928 32.7441
      vertex 103.85 -70.626 29.5768
      vertex 103.651 -70.7237 29.5654
    endloop
  endfacet
  facet normal 0.896856 0.439392 0.0508257
    outer loop
      vertex 101.528 -70.377 32.8272
      vertex 101.5 -69.9529 29.6549
      vertex 101.457 -70.234 32.8438
    endloop
  endfacet
  facet normal 0.892391 0.448251 0.0520495
    outer loop
      vertex 101.5 -69.9529 29.6549
      vertex 101.528 -70.377 32.8272
      vertex 101.528 -70.0079 29.6485
    endloop
  endfacet
  facet normal -0.323566 -0.93989 -0.109137
    outer loop
      vertex 103.44 -67.5325 29.936
      vertex 103.498 -67.9213 33.1124
      vertex 103.44 -67.9016 33.1147
    endloop
  endfacet
  facet normal -0.321114 -0.940714 -0.109283
    outer loop
      vertex 103.498 -67.9213 33.1124
      vertex 103.44 -67.5325 29.936
      vertex 103.592 -67.5837 29.9301
    endloop
  endfacet
  facet normal -0.442598 -0.890735 -0.103432
    outer loop
      vertex 103.651 -67.6035 29.9278
      vertex 103.795 -68.0432 33.0982
      vertex 103.651 -67.9726 33.1064
    endloop
  endfacet
  facet normal -0.444452 -0.889836 -0.103223
    outer loop
      vertex 103.795 -68.0432 33.0982
      vertex 103.651 -67.6035 29.9278
      vertex 103.706 -67.6306 29.9246
    endloop
  endfacet
  facet normal 0.833746 -0.548463 -0.0636877
    outer loop
      vertex 101.651 -68.5047 33.0446
      vertex 101.617 -68.1866 29.8601
      vertex 101.651 -68.1356 29.866
    endloop
  endfacet
  facet normal 0.832224 -0.550745 -0.0638994
    outer loop
      vertex 101.617 -68.1866 29.8601
      vertex 101.651 -68.5047 33.0446
      vertex 101.562 -68.6374 33.0292
    endloop
  endfacet
  facet normal 0.0659085 0.991164 0.115105
    outer loop
      vertex 103 -71.2214 32.7291
      vertex 102.938 -70.8482 29.551
      vertex 102.84 -71.2109 32.7303
    endloop
  endfacet
  facet normal 0.0648788 0.991229 0.115133
    outer loop
      vertex 102.938 -70.8482 29.551
      vertex 103 -71.2214 32.7291
      vertex 103 -70.8522 29.5505
    endloop
  endfacet
  facet normal -0.444301 -0.889909 -0.103237
    outer loop
      vertex 103.706 -67.6306 29.9246
      vertex 103.85 -68.0703 33.0951
      vertex 103.795 -68.0432 33.0982
    endloop
  endfacet
  facet normal -0.442598 -0.890736 -0.103429
    outer loop
      vertex 103.85 -68.0703 33.0951
      vertex 103.706 -67.6306 29.9246
      vertex 103.85 -67.7012 29.9164
    endloop
  endfacet
  facet normal -0.749474 0.657613 0.0763805
    outer loop
      vertex 104.202 -70.7268 32.7866
      vertex 104.243 -70.3115 29.6133
      vertex 104.202 -70.3576 29.6079
    endloop
  endfacet
  facet normal -0.751657 0.655157 0.0760309
    outer loop
      vertex 104.243 -70.3115 29.6133
      vertex 104.202 -70.7268 32.7866
      vertex 104.308 -70.6068 32.8005
    endloop
  endfacet
  facet normal -0.751388 0.655463 0.0760537
    outer loop
      vertex 104.308 -70.6068 32.8005
      vertex 104.349 -70.1916 29.6272
      vertex 104.243 -70.3115 29.6133
    endloop
  endfacet
  facet normal -0.749474 0.657616 0.0763601
    outer loop
      vertex 104.349 -70.1916 29.6272
      vertex 104.308 -70.6068 32.8005
      vertex 104.349 -70.5607 32.8059
    endloop
  endfacet
  facet normal 0.323566 -0.93989 -0.109137
    outer loop
      vertex 102.502 -67.9213 33.1124
      vertex 102.56 -67.5325 29.936
      vertex 102.56 -67.9016 33.1147
    endloop
  endfacet
  facet normal 0.321114 -0.940714 -0.109283
    outer loop
      vertex 102.56 -67.5325 29.936
      vertex 102.502 -67.9213 33.1124
      vertex 102.408 -67.5837 29.9301
    endloop
  endfacet
  facet normal 0.558453 -0.824 -0.0956801
    outer loop
      vertex 102.099 -68.1044 33.0911
      vertex 102.15 -67.7012 29.9164
      vertex 102.15 -68.0703 33.0951
    endloop
  endfacet
  facet normal 0.554112 -0.826874 -0.0961149
    outer loop
      vertex 102.15 -67.7012 29.9164
      vertex 102.099 -68.1044 33.0911
      vertex 102.016 -67.7898 29.9061
    endloop
  endfacet
  facet normal -0.558453 -0.824 -0.0956801
    outer loop
      vertex 103.85 -67.7012 29.9164
      vertex 103.901 -68.1044 33.0911
      vertex 103.85 -68.0703 33.0951
    endloop
  endfacet
  facet normal -0.554112 -0.826874 -0.0961149
    outer loop
      vertex 103.901 -68.1044 33.0911
      vertex 103.85 -67.7012 29.9164
      vertex 103.984 -67.7898 29.9061
    endloop
  endfacet
  facet normal 0.194371 0.974381 0.113145
    outer loop
      vertex 102.718 -71.1949 32.7322
      vertex 102.56 -70.7947 29.5572
      vertex 102.56 -71.1638 32.7358
    endloop
  endfacet
  facet normal 0.194282 0.974398 0.113152
    outer loop
      vertex 102.56 -70.7947 29.5572
      vertex 102.718 -71.1949 32.7322
      vertex 102.621 -70.8067 29.5558
    endloop
  endfacet
  facet normal 0.832246 -0.550712 -0.0638944
    outer loop
      vertex 101.562 -68.6374 33.0292
      vertex 101.528 -68.3193 29.8446
      vertex 101.617 -68.1866 29.8601
    endloop
  endfacet
  facet normal 0.833746 -0.548463 -0.0636857
    outer loop
      vertex 101.528 -68.3193 29.8446
      vertex 101.562 -68.6374 33.0292
      vertex 101.528 -68.6884 33.0233
    endloop
  endfacet
  facet normal 0.0651247 -0.991213 -0.115131
    outer loop
      vertex 102.778 -67.8585 33.1197
      vertex 103 -67.4749 29.9427
      vertex 103 -67.8441 33.1213
    endloop
  endfacet
  facet normal 0.0656209 -0.991185 -0.115093
    outer loop
      vertex 103 -67.4749 29.9427
      vertex 102.778 -67.8585 33.1197
      vertex 102.778 -67.4894 29.941
    endloop
  endfacet
  facet normal -0.947555 -0.317459 -0.0368623
    outer loop
      vertex 104.642 -68.7265 29.7973
      vertex 104.571 -68.8865 33.0003
      vertex 104.571 -68.5174 29.8216
    endloop
  endfacet
  facet normal -0.947601 -0.317323 -0.0368565
    outer loop
      vertex 104.571 -68.8865 33.0003
      vertex 104.642 -68.7265 29.7973
      vertex 104.642 -69.0957 32.976
    endloop
  endfacet
  facet normal -0.749392 -0.657707 -0.0763732
    outer loop
      vertex 104.349 -68.5047 33.0446
      vertex 104.308 -68.0895 29.8713
      vertex 104.349 -68.1356 29.866
    endloop
  endfacet
  facet normal -0.751388 -0.655463 -0.0760537
    outer loop
      vertex 104.308 -68.0895 29.8713
      vertex 104.349 -68.5047 33.0446
      vertex 104.243 -68.3848 33.0585
    endloop
  endfacet
  facet normal -0.895709 -0.441674 -0.0512857
    outer loop
      vertex 104.571 -68.5174 29.8216
      vertex 104.472 -68.6884 33.0233
      vertex 104.472 -68.3193 29.8446
    endloop
  endfacet
  facet normal -0.895709 -0.441674 -0.0512857
    outer loop
      vertex 104.472 -68.6884 33.0233
      vertex 104.571 -68.5174 29.8216
      vertex 104.571 -68.8865 33.0003
    endloop
  endfacet
  facet normal 0.444301 -0.889909 -0.103237
    outer loop
      vertex 102.15 -68.0703 33.0951
      vertex 102.294 -67.6306 29.9246
      vertex 102.205 -68.0432 33.0982
    endloop
  endfacet
  facet normal 0.442598 -0.890736 -0.103429
    outer loop
      vertex 102.294 -67.6306 29.9246
      vertex 102.15 -68.0703 33.0951
      vertex 102.15 -67.7012 29.9164
    endloop
  endfacet
  facet normal -0.833746 -0.548463 -0.0636877
    outer loop
      vertex 104.383 -68.1866 29.8601
      vertex 104.349 -68.5047 33.0446
      vertex 104.349 -68.1356 29.866
    endloop
  endfacet
  facet normal -0.832224 -0.550745 -0.0638994
    outer loop
      vertex 104.349 -68.5047 33.0446
      vertex 104.383 -68.1866 29.8601
      vertex 104.438 -68.6374 33.0292
    endloop
  endfacet
  facet normal 0.749474 0.657616 0.0763601
    outer loop
      vertex 101.692 -70.6068 32.8005
      vertex 101.651 -70.1916 29.6272
      vertex 101.651 -70.5607 32.8059
    endloop
  endfacet
  facet normal 0.751388 0.655463 0.0760537
    outer loop
      vertex 101.651 -70.1916 29.6272
      vertex 101.692 -70.6068 32.8005
      vertex 101.757 -70.3115 29.6133
    endloop
  endfacet
  facet normal 0.981165 0.19188 0.0223075
    outer loop
      vertex 101.346 -69.9096 32.8815
      vertex 101.358 -69.6006 29.6958
      vertex 101.327 -69.4442 29.714
    endloop
  endfacet
  facet normal 0.980956 0.192934 0.0224089
    outer loop
      vertex 101.358 -69.6006 29.6958
      vertex 101.346 -69.9096 32.8815
      vertex 101.358 -69.9698 32.8745
    endloop
  endfacet
  facet normal -0.554112 -0.826874 -0.0961149
    outer loop
      vertex 103.984 -67.7898 29.9061
      vertex 104.035 -68.193 33.0808
      vertex 103.901 -68.1044 33.0911
    endloop
  endfacet
  facet normal -0.558324 -0.824086 -0.0956931
    outer loop
      vertex 104.035 -68.193 33.0808
      vertex 103.984 -67.7898 29.9061
      vertex 104.035 -67.8239 29.9022
    endloop
  endfacet
  facet normal 0.948127 0.31579 0.036488
    outer loop
      vertex 101.41 -70.1208 32.8569
      vertex 101.429 -69.8098 29.6716
      vertex 101.378 -69.6587 29.6891
    endloop
  endfacet
  facet normal 0.951071 0.306912 0.0356387
    outer loop
      vertex 101.429 -69.8098 29.6716
      vertex 101.41 -70.1208 32.8569
      vertex 101.429 -70.1789 32.8502
    endloop
  endfacet
  facet normal -0.0648787 0.991233 0.115102
    outer loop
      vertex 103.222 -70.8378 29.5522
      vertex 103.16 -71.2109 32.7303
      vertex 103.222 -71.2069 32.7308
    endloop
  endfacet
  facet normal -0.0652916 0.991207 0.115091
    outer loop
      vertex 103.16 -71.2109 32.7303
      vertex 103.222 -70.8378 29.5522
      vertex 103.062 -70.8482 29.551
    endloop
  endfacet
  facet normal 0.980895 -0.193238 -0.0224443
    outer loop
      vertex 101.346 -69.1558 32.969
      vertex 101.358 -68.7265 29.7973
      vertex 101.358 -69.0957 32.976
    endloop
  endfacet
  facet normal 0.981185 -0.191783 -0.0222462
    outer loop
      vertex 101.358 -68.7265 29.7973
      vertex 101.346 -69.1558 32.969
      vertex 101.327 -68.883 29.7792
    endloop
  endfacet
  facet normal -0.194371 0.974381 0.113145
    outer loop
      vertex 103.44 -70.7947 29.5572
      vertex 103.282 -71.1949 32.7322
      vertex 103.44 -71.1638 32.7358
    endloop
  endfacet
  facet normal -0.194282 0.974398 0.113152
    outer loop
      vertex 103.282 -71.1949 32.7322
      vertex 103.44 -70.7947 29.5572
      vertex 103.379 -70.8067 29.5558
    endloop
  endfacet
  facet normal -0.195204 -0.974217 -0.113123
    outer loop
      vertex 103.222 -67.4894 29.941
      vertex 103.44 -67.9016 33.1147
      vertex 103.222 -67.8585 33.1197
    endloop
  endfacet
  facet normal -0.195204 -0.974217 -0.113123
    outer loop
      vertex 103.44 -67.9016 33.1147
      vertex 103.222 -67.4894 29.941
      vertex 103.44 -67.5325 29.936
    endloop
  endfacet
  facet normal -0.197395 0.973792 0.112983
    outer loop
      vertex 103.379 -70.8067 29.5558
      vertex 103.222 -71.2069 32.7308
      vertex 103.282 -71.1949 32.7322
    endloop
  endfacet
  facet normal -0.195562 0.974146 0.113118
    outer loop
      vertex 103.222 -71.2069 32.7308
      vertex 103.379 -70.8067 29.5558
      vertex 103.222 -70.8378 29.5522
    endloop
  endfacet
  facet normal -0.896991 0.439119 0.0508034
    outer loop
      vertex 104.543 -70.234 32.8438
      vertex 104.571 -69.8098 29.6716
      vertex 104.5 -69.9529 29.6549
    endloop
  endfacet
  facet normal -0.892716 0.447612 0.0519768
    outer loop
      vertex 104.571 -69.8098 29.6716
      vertex 104.543 -70.234 32.8438
      vertex 104.571 -70.1789 32.8502
    endloop
  endfacet
  facet normal -0.0651247 -0.991213 -0.115131
    outer loop
      vertex 103 -67.4749 29.9427
      vertex 103.222 -67.8585 33.1197
      vertex 103 -67.8441 33.1213
    endloop
  endfacet
  facet normal -0.0656209 -0.991185 -0.115093
    outer loop
      vertex 103.222 -67.8585 33.1197
      vertex 103 -67.4749 29.9427
      vertex 103.222 -67.4894 29.941
    endloop
  endfacet
  facet normal -0.832034 0.551014 0.0640592
    outer loop
      vertex 104.438 -70.4281 32.8213
      vertex 104.472 -70.0079 29.6485
      vertex 104.383 -70.1405 29.6331
    endloop
  endfacet
  facet normal -0.834237 0.547726 0.0636001
    outer loop
      vertex 104.472 -70.0079 29.6485
      vertex 104.438 -70.4281 32.8213
      vertex 104.472 -70.377 32.8272
    endloop
  endfacet
  facet normal -0.980956 -0.192934 -0.0224036
    outer loop
      vertex 104.685 -69.3123 32.9508
      vertex 104.673 -68.883 29.7792
      vertex 104.685 -68.9432 29.7722
    endloop
  endfacet
  facet normal -0.981188 -0.19177 -0.0222451
    outer loop
      vertex 104.673 -68.883 29.7792
      vertex 104.685 -69.3123 32.9508
      vertex 104.654 -69.1558 32.969
    endloop
  endfacet
  facet normal -0.997653 0.0680073 0.00796876
    outer loop
      vertex 104.696 -69.5939 32.9181
      vertex 104.7 -69.1636 29.7466
      vertex 104.689 -69.3228 29.7281
    endloop
  endfacet
  facet normal -0.997899 0.0643552 0.00747295
    outer loop
      vertex 104.7 -69.1636 29.7466
      vertex 104.696 -69.5939 32.9181
      vertex 104.7 -69.5327 32.9252
    endloop
  endfacet
  facet normal 0.319846 -0.941145 -0.109291
    outer loop
      vertex 102.349 -67.9726 33.1064
      vertex 102.408 -67.5837 29.9301
      vertex 102.502 -67.9213 33.1124
    endloop
  endfacet
  facet normal 0.320076 -0.941068 -0.109277
    outer loop
      vertex 102.408 -67.5837 29.9301
      vertex 102.349 -67.9726 33.1064
      vertex 102.349 -67.6035 29.9278
    endloop
  endfacet
  facet normal 0.195204 -0.974217 -0.113123
    outer loop
      vertex 102.56 -67.9016 33.1147
      vertex 102.778 -67.4894 29.941
      vertex 102.778 -67.8585 33.1197
    endloop
  endfacet
  facet normal 0.195204 -0.974217 -0.113123
    outer loop
      vertex 102.778 -67.4894 29.941
      vertex 102.56 -67.9016 33.1147
      vertex 102.56 -67.5325 29.936
    endloop
  endfacet
  facet normal 0.32087 0.940802 0.109243
    outer loop
      vertex 102.56 -71.1638 32.7358
      vertex 102.349 -70.7237 29.5654
      vertex 102.349 -71.0928 32.7441
    endloop
  endfacet
  facet normal 0.320824 0.940817 0.109248
    outer loop
      vertex 102.349 -70.7237 29.5654
      vertex 102.56 -71.1638 32.7358
      vertex 102.56 -70.7947 29.5572
    endloop
  endfacet
  facet normal 0.892716 0.447612 0.0519768
    outer loop
      vertex 101.457 -70.234 32.8438
      vertex 101.429 -69.8098 29.6716
      vertex 101.429 -70.1789 32.8502
    endloop
  endfacet
  facet normal 0.896991 0.439119 0.0508034
    outer loop
      vertex 101.429 -69.8098 29.6716
      vertex 101.457 -70.234 32.8438
      vertex 101.5 -69.9529 29.6549
    endloop
  endfacet
  facet normal 0.980956 0.192934 0.0224036
    outer loop
      vertex 101.315 -69.7531 32.8996
      vertex 101.327 -69.4442 29.714
      vertex 101.315 -69.384 29.721
    endloop
  endfacet
  facet normal 0.981185 0.191778 0.0222923
    outer loop
      vertex 101.327 -69.4442 29.714
      vertex 101.315 -69.7531 32.8996
      vertex 101.346 -69.9096 32.8815
    endloop
  endfacet
  facet normal 0.751657 0.655157 0.0760309
    outer loop
      vertex 101.798 -70.7268 32.7866
      vertex 101.757 -70.3115 29.6133
      vertex 101.692 -70.6068 32.8005
    endloop
  endfacet
  facet normal 0.749474 0.657613 0.0763805
    outer loop
      vertex 101.757 -70.3115 29.6133
      vertex 101.798 -70.7268 32.7866
      vertex 101.798 -70.3576 29.6079
    endloop
  endfacet
  facet normal 0.443069 0.890504 0.103406
    outer loop
      vertex 102.349 -71.0928 32.7441
      vertex 102.15 -70.626 29.5768
      vertex 102.15 -70.9951 32.7554
    endloop
  endfacet
  facet normal 0.443111 0.890484 0.1034
    outer loop
      vertex 102.15 -70.626 29.5768
      vertex 102.349 -71.0928 32.7441
      vertex 102.349 -70.7237 29.5654
    endloop
  endfacet
  facet normal -0.0659085 0.991164 0.115105
    outer loop
      vertex 103.062 -70.8482 29.551
      vertex 103 -71.2214 32.7291
      vertex 103.16 -71.2109 32.7303
    endloop
  endfacet
  facet normal -0.0648788 0.991229 0.115133
    outer loop
      vertex 103 -71.2214 32.7291
      vertex 103.062 -70.8482 29.551
      vertex 103 -70.8522 29.5505
    endloop
  endfacet
  facet normal 0.749474 -0.657613 -0.0763829
    outer loop
      vertex 101.757 -68.3848 33.0585
      vertex 101.798 -67.9695 29.8853
      vertex 101.798 -68.3387 33.0639
    endloop
  endfacet
  facet normal 0.751688 -0.655122 -0.0760282
    outer loop
      vertex 101.798 -67.9695 29.8853
      vertex 101.757 -68.3848 33.0585
      vertex 101.692 -68.0895 29.8713
    endloop
  endfacet
  facet normal -0.981185 -0.191783 -0.0222462
    outer loop
      vertex 104.654 -69.1558 32.969
      vertex 104.642 -68.7265 29.7973
      vertex 104.673 -68.883 29.7792
    endloop
  endfacet
  facet normal -0.980895 -0.193238 -0.0224443
    outer loop
      vertex 104.642 -68.7265 29.7973
      vertex 104.654 -69.1558 32.969
      vertex 104.642 -69.0957 32.976
    endloop
  endfacet
  facet normal -0.554112 0.826874 0.0961149
    outer loop
      vertex 103.901 -70.5919 29.5807
      vertex 103.85 -70.9951 32.7554
      vertex 103.984 -70.9065 32.7657
    endloop
  endfacet
  facet normal -0.558324 0.824086 0.0956931
    outer loop
      vertex 103.85 -70.9951 32.7554
      vertex 103.901 -70.5919 29.5807
      vertex 103.85 -70.626 29.5768
    endloop
  endfacet
  facet normal -0.32087 0.940802 0.109243
    outer loop
      vertex 103.651 -70.7237 29.5654
      vertex 103.44 -71.1638 32.7358
      vertex 103.651 -71.0928 32.7441
    endloop
  endfacet
  facet normal -0.320824 0.940817 0.109248
    outer loop
      vertex 103.44 -71.1638 32.7358
      vertex 103.651 -70.7237 29.5654
      vertex 103.44 -70.7947 29.5572
    endloop
  endfacet
  facet normal -0.892391 0.448251 0.0520495
    outer loop
      vertex 104.472 -70.377 32.8272
      vertex 104.5 -69.9529 29.6549
      vertex 104.472 -70.0079 29.6485
    endloop
  endfacet
  facet normal -0.896856 0.439392 0.0508257
    outer loop
      vertex 104.5 -69.9529 29.6549
      vertex 104.472 -70.377 32.8272
      vertex 104.543 -70.234 32.8438
    endloop
  endfacet
  facet normal -0.558453 0.824 0.0956801
    outer loop
      vertex 104.035 -70.5033 29.591
      vertex 103.984 -70.9065 32.7657
      vertex 104.035 -70.8724 32.7697
    endloop
  endfacet
  facet normal -0.554112 0.826874 0.0961149
    outer loop
      vertex 103.984 -70.9065 32.7657
      vertex 104.035 -70.5033 29.591
      vertex 103.901 -70.5919 29.5807
    endloop
  endfacet
  facet normal -0.662393 0.744186 0.0861576
    outer loop
      vertex 104.156 -70.3981 29.6032
      vertex 104.035 -70.8724 32.7697
      vertex 104.081 -70.832 32.7744
    endloop
  endfacet
  facet normal -0.65861 0.747462 0.0867928
    outer loop
      vertex 104.035 -70.8724 32.7697
      vertex 104.156 -70.3981 29.6032
      vertex 104.035 -70.5033 29.591
    endloop
  endfacet
  facet normal 0.834237 0.547726 0.0636001
    outer loop
      vertex 101.562 -70.4281 32.8213
      vertex 101.528 -70.0079 29.6485
      vertex 101.528 -70.377 32.8272
    endloop
  endfacet
  facet normal 0.832034 0.551014 0.0640592
    outer loop
      vertex 101.528 -70.0079 29.6485
      vertex 101.562 -70.4281 32.8213
      vertex 101.617 -70.1405 29.6331
    endloop
  endfacet
  facet normal -0.997899 0.0643552 0.00747295
    outer loop
      vertex 104.685 -69.7531 32.8996
      vertex 104.689 -69.3228 29.7281
      vertex 104.685 -69.384 29.721
    endloop
  endfacet
  facet normal -0.997653 0.0680073 0.00796876
    outer loop
      vertex 104.689 -69.3228 29.7281
      vertex 104.685 -69.7531 32.8996
      vertex 104.696 -69.5939 32.9181
    endloop
  endfacet
  facet normal 0.442598 -0.890735 -0.103432
    outer loop
      vertex 102.205 -68.0432 33.0982
      vertex 102.349 -67.6035 29.9278
      vertex 102.349 -67.9726 33.1064
    endloop
  endfacet
  facet normal 0.444452 -0.889836 -0.103223
    outer loop
      vertex 102.349 -67.6035 29.9278
      vertex 102.205 -68.0432 33.0982
      vertex 102.294 -67.6306 29.9246
    endloop
  endfacet
  facet normal 0.947555 -0.317459 -0.0368623
    outer loop
      vertex 101.429 -68.8865 33.0003
      vertex 101.358 -68.7265 29.7973
      vertex 101.429 -68.5174 29.8216
    endloop
  endfacet
  facet normal 0.947601 -0.317323 -0.0368565
    outer loop
      vertex 101.358 -68.7265 29.7973
      vertex 101.429 -68.8865 33.0003
      vertex 101.358 -69.0957 32.976
    endloop
  endfacet
  facet normal 0.751388 -0.655463 -0.0760537
    outer loop
      vertex 101.651 -68.5047 33.0446
      vertex 101.692 -68.0895 29.8713
      vertex 101.757 -68.3848 33.0585
    endloop
  endfacet
  facet normal 0.749392 -0.657707 -0.0763732
    outer loop
      vertex 101.692 -68.0895 29.8713
      vertex 101.651 -68.5047 33.0446
      vertex 101.651 -68.1356 29.866
    endloop
  endfacet
  facet normal 0.554112 -0.826874 -0.0961149
    outer loop
      vertex 101.965 -68.193 33.0808
      vertex 102.016 -67.7898 29.9061
      vertex 102.099 -68.1044 33.0911
    endloop
  endfacet
  facet normal 0.558324 -0.824086 -0.0956931
    outer loop
      vertex 102.016 -67.7898 29.9061
      vertex 101.965 -68.193 33.0808
      vertex 101.965 -67.8239 29.9022
    endloop
  endfacet
  facet normal 0.65861 -0.747462 -0.0867955
    outer loop
      vertex 101.844 -68.2982 33.0686
      vertex 101.965 -67.8239 29.9022
      vertex 101.965 -68.193 33.0808
    endloop
  endfacet
  facet normal 0.662393 -0.744186 -0.0861602
    outer loop
      vertex 101.965 -67.8239 29.9022
      vertex 101.844 -68.2982 33.0686
      vertex 101.919 -67.8643 29.8975
    endloop
  endfacet
  facet normal -0.319846 -0.941145 -0.109291
    outer loop
      vertex 103.592 -67.5837 29.9301
      vertex 103.651 -67.9726 33.1064
      vertex 103.498 -67.9213 33.1124
    endloop
  endfacet
  facet normal -0.320076 -0.941068 -0.109277
    outer loop
      vertex 103.651 -67.9726 33.1064
      vertex 103.592 -67.5837 29.9301
      vertex 103.651 -67.6035 29.9278
    endloop
  endfacet
  facet normal 0.946204 0.321411 0.0373312
    outer loop
      vertex 101.358 -69.9698 32.8745
      vertex 101.378 -69.6587 29.6891
      vertex 101.358 -69.6006 29.6958
    endloop
  endfacet
  facet normal 0.946178 0.321484 0.0373383
    outer loop
      vertex 101.378 -69.6587 29.6891
      vertex 101.358 -69.9698 32.8745
      vertex 101.41 -70.1208 32.8569
    endloop
  endfacet
  facet normal 0.832034 0.551014 0.0640592
    outer loop
      vertex 101.651 -70.5607 32.8059
      vertex 101.617 -70.1405 29.6331
      vertex 101.562 -70.4281 32.8213
    endloop
  endfacet
  facet normal 0.834237 0.547726 0.0636001
    outer loop
      vertex 101.617 -70.1405 29.6331
      vertex 101.651 -70.5607 32.8059
      vertex 101.651 -70.1916 29.6272
    endloop
  endfacet
  facet normal -0.65861 0.747459 0.086816
    outer loop
      vertex 104.202 -70.3576 29.6079
      vertex 104.081 -70.832 32.7744
      vertex 104.202 -70.7268 32.7866
    endloop
  endfacet
  facet normal -0.663299 0.743393 0.0860277
    outer loop
      vertex 104.081 -70.832 32.7744
      vertex 104.202 -70.3576 29.6079
      vertex 104.156 -70.3981 29.6032
    endloop
  endfacet
  facet normal -0.834237 0.547726 0.0636001
    outer loop
      vertex 104.349 -70.5607 32.8059
      vertex 104.383 -70.1405 29.6331
      vertex 104.349 -70.1916 29.6272
    endloop
  endfacet
  facet normal -0.832034 0.551014 0.0640592
    outer loop
      vertex 104.383 -70.1405 29.6331
      vertex 104.349 -70.5607 32.8059
      vertex 104.438 -70.4281 32.8213
    endloop
  endfacet
  facet normal 0.895709 -0.441674 -0.0512857
    outer loop
      vertex 101.528 -68.6884 33.0233
      vertex 101.429 -68.5174 29.8216
      vertex 101.528 -68.3193 29.8446
    endloop
  endfacet
  facet normal 0.895709 -0.441674 -0.0512857
    outer loop
      vertex 101.429 -68.5174 29.8216
      vertex 101.528 -68.6884 33.0233
      vertex 101.429 -68.8865 33.0003
    endloop
  endfacet
  facet normal 0.997723 -0.0669994 -0.00777999
    outer loop
      vertex 101.315 -69.3123 32.9508
      vertex 101.3 -69.1636 29.7466
      vertex 101.315 -68.9432 29.7722
    endloop
  endfacet
  facet normal 0.997723 -0.0669994 -0.00777999
    outer loop
      vertex 101.3 -69.1636 29.7466
      vertex 101.315 -69.3123 32.9508
      vertex 101.3 -69.5327 32.9252
    endloop
  endfacet
  facet normal 0.981188 -0.19177 -0.0222451
    outer loop
      vertex 101.315 -69.3123 32.9508
      vertex 101.327 -68.883 29.7792
      vertex 101.346 -69.1558 32.969
    endloop
  endfacet
  facet normal 0.980956 -0.192934 -0.0224036
    outer loop
      vertex 101.327 -68.883 29.7792
      vertex 101.315 -69.3123 32.9508
      vertex 101.315 -68.9432 29.7722
    endloop
  endfacet
  facet normal 0.554112 0.826874 0.0961149
    outer loop
      vertex 102.15 -70.9951 32.7554
      vertex 102.099 -70.5919 29.5807
      vertex 102.016 -70.9065 32.7657
    endloop
  endfacet
  facet normal 0.558324 0.824086 0.0956931
    outer loop
      vertex 102.099 -70.5919 29.5807
      vertex 102.15 -70.9951 32.7554
      vertex 102.15 -70.626 29.5768
    endloop
  endfacet
  facet normal 0.558453 0.824 0.0956801
    outer loop
      vertex 102.016 -70.9065 32.7657
      vertex 101.965 -70.5033 29.591
      vertex 101.965 -70.8724 32.7697
    endloop
  endfacet
  facet normal 0.554112 0.826874 0.0961149
    outer loop
      vertex 101.965 -70.5033 29.591
      vertex 102.016 -70.9065 32.7657
      vertex 102.099 -70.5919 29.5807
    endloop
  endfacet
  facet normal -0.663299 -0.743393 -0.0860303
    outer loop
      vertex 104.081 -67.8643 29.8975
      vertex 104.202 -68.3387 33.0639
      vertex 104.156 -68.2982 33.0686
    endloop
  endfacet
  facet normal -0.65861 -0.747459 -0.0868187
    outer loop
      vertex 104.202 -68.3387 33.0639
      vertex 104.081 -67.8643 29.8975
      vertex 104.202 -67.9695 29.8853
    endloop
  endfacet
  facet normal -0.751688 -0.655122 -0.0760282
    outer loop
      vertex 104.243 -68.3848 33.0585
      vertex 104.202 -67.9695 29.8853
      vertex 104.308 -68.0895 29.8713
    endloop
  endfacet
  facet normal -0.749474 -0.657613 -0.0763829
    outer loop
      vertex 104.202 -67.9695 29.8853
      vertex 104.243 -68.3848 33.0585
      vertex 104.202 -68.3387 33.0639
    endloop
  endfacet
  facet normal 0.0648787 0.991233 0.115102
    outer loop
      vertex 102.84 -71.2109 32.7303
      vertex 102.778 -70.8378 29.5522
      vertex 102.778 -71.2069 32.7308
    endloop
  endfacet
  facet normal 0.0652916 0.991207 0.115091
    outer loop
      vertex 102.778 -70.8378 29.5522
      vertex 102.84 -71.2109 32.7303
      vertex 102.938 -70.8482 29.551
    endloop
  endfacet
  facet normal 0.197395 0.973792 0.112983
    outer loop
      vertex 102.778 -71.2069 32.7308
      vertex 102.621 -70.8067 29.5558
      vertex 102.718 -71.1949 32.7322
    endloop
  endfacet
  facet normal 0.195562 0.974146 0.113118
    outer loop
      vertex 102.621 -70.8067 29.5558
      vertex 102.778 -71.2069 32.7308
      vertex 102.778 -70.8378 29.5522
    endloop
  endfacet
  facet normal -0.832246 -0.550712 -0.0638944
    outer loop
      vertex 104.472 -68.3193 29.8446
      vertex 104.438 -68.6374 33.0292
      vertex 104.383 -68.1866 29.8601
    endloop
  endfacet
  facet normal -0.833746 -0.548463 -0.0636857
    outer loop
      vertex 104.438 -68.6374 33.0292
      vertex 104.472 -68.3193 29.8446
      vertex 104.472 -68.6884 33.0233
    endloop
  endfacet
  facet normal 0.997653 0.0680073 0.00796876
    outer loop
      vertex 101.315 -69.7531 32.8996
      vertex 101.311 -69.3228 29.7281
      vertex 101.304 -69.5939 32.9181
    endloop
  endfacet
  facet normal 0.997899 0.0643552 0.00747295
    outer loop
      vertex 101.311 -69.3228 29.7281
      vertex 101.315 -69.7531 32.8996
      vertex 101.315 -69.384 29.721
    endloop
  endfacet
  facet normal 0.997899 0.0643552 0.00747295
    outer loop
      vertex 101.304 -69.5939 32.9181
      vertex 101.3 -69.1636 29.7466
      vertex 101.3 -69.5327 32.9252
    endloop
  endfacet
  facet normal 0.997653 0.0680073 0.00796876
    outer loop
      vertex 101.3 -69.1636 29.7466
      vertex 101.304 -69.5939 32.9181
      vertex 101.311 -69.3228 29.7281
    endloop
  endfacet
  facet normal -0.948127 0.31579 0.036488
    outer loop
      vertex 104.571 -69.8098 29.6716
      vertex 104.59 -70.1208 32.8569
      vertex 104.622 -69.6587 29.6891
    endloop
  endfacet
  facet normal -0.951071 0.306912 0.0356387
    outer loop
      vertex 104.59 -70.1208 32.8569
      vertex 104.571 -69.8098 29.6716
      vertex 104.571 -70.1789 32.8502
    endloop
  endfacet
  facet normal -0.946204 0.321411 0.0373312
    outer loop
      vertex 104.622 -69.6587 29.6891
      vertex 104.642 -69.9698 32.8745
      vertex 104.642 -69.6006 29.6958
    endloop
  endfacet
  facet normal -0.946178 0.321484 0.0373383
    outer loop
      vertex 104.642 -69.9698 32.8745
      vertex 104.622 -69.6587 29.6891
      vertex 104.59 -70.1208 32.8569
    endloop
  endfacet
  facet normal 0.662393 0.744186 0.0861576
    outer loop
      vertex 101.965 -70.8724 32.7697
      vertex 101.844 -70.3981 29.6032
      vertex 101.919 -70.832 32.7744
    endloop
  endfacet
  facet normal 0.65861 0.747462 0.0867928
    outer loop
      vertex 101.844 -70.3981 29.6032
      vertex 101.965 -70.8724 32.7697
      vertex 101.965 -70.5033 29.591
    endloop
  endfacet
  facet normal 0.65861 0.747459 0.086816
    outer loop
      vertex 101.919 -70.832 32.7744
      vertex 101.798 -70.3576 29.6079
      vertex 101.798 -70.7268 32.7866
    endloop
  endfacet
  facet normal 0.663299 0.743393 0.0860277
    outer loop
      vertex 101.798 -70.3576 29.6079
      vertex 101.919 -70.832 32.7744
      vertex 101.844 -70.3981 29.6032
    endloop
  endfacet
  facet normal -0.980956 0.192934 0.0224036
    outer loop
      vertex 104.673 -69.4442 29.714
      vertex 104.685 -69.7531 32.8996
      vertex 104.685 -69.384 29.721
    endloop
  endfacet
  facet normal -0.981185 0.191778 0.0222923
    outer loop
      vertex 104.685 -69.7531 32.8996
      vertex 104.673 -69.4442 29.714
      vertex 104.654 -69.9096 32.8815
    endloop
  endfacet
  facet normal -0.980895 0.193239 0.0224383
    outer loop
      vertex -101.327 69.6213 45.8635
      vertex -101.315 69.3123 49.0492
      vertex -101.315 69.6814 45.8705
    endloop
  endfacet
  facet normal -0.981188 0.191764 0.0222963
    outer loop
      vertex -101.315 69.3123 49.0492
      vertex -101.327 69.6213 45.8635
      vertex -101.346 69.1558 49.031
    endloop
  endfacet
  facet normal -0.997725 -0.0669694 -0.00777836
    outer loop
      vertex -101.3 69.9018 45.8961
      vertex -101.315 69.7531 49.1004
      vertex -101.315 70.1223 45.9217
    endloop
  endfacet
  facet normal -0.997723 -0.0669994 -0.00777975
    outer loop
      vertex -101.315 69.7531 49.1004
      vertex -101.3 69.9018 45.8961
      vertex -101.3 69.5327 49.0748
    endloop
  endfacet
  facet normal -0.194371 -0.974382 -0.11314
    outer loop
      vertex -102.621 71.5449 46.0869
      vertex -102.56 71.1638 49.2642
      vertex -102.718 71.1949 49.2678
    endloop
  endfacet
  facet normal -0.192744 -0.974697 -0.113209
    outer loop
      vertex -102.56 71.1638 49.2642
      vertex -102.621 71.5449 46.0869
      vertex -102.56 71.533 46.0855
    endloop
  endfacet
  facet normal -0.555314 -0.826087 -0.0959515
    outer loop
      vertex -102.15 71.3643 46.066
      vertex -101.965 70.8724 49.2303
      vertex -102.15 70.9951 49.2446
    endloop
  endfacet
  facet normal -0.555622 -0.825885 -0.0959021
    outer loop
      vertex -101.965 70.8724 49.2303
      vertex -102.15 71.3643 46.066
      vertex -101.965 71.2415 46.0517
    endloop
  endfacet
  facet normal 0.997653 0.0680071 0.00797062
    outer loop
      vertex -104.685 69.3123 49.0492
      vertex -104.689 69.7427 45.8776
      vertex -104.696 69.4715 49.0677
    endloop
  endfacet
  facet normal 0.997906 0.0642521 0.00746074
    outer loop
      vertex -104.689 69.7427 45.8776
      vertex -104.685 69.3123 49.0492
      vertex -104.685 69.6814 45.8705
    endloop
  endfacet
  facet normal 0.197395 -0.973781 -0.113076
    outer loop
      vertex -103.282 71.1949 49.2678
      vertex -103.222 71.576 46.0906
      vertex -103.222 71.2069 49.2692
    endloop
  endfacet
  facet normal 0.195631 -0.974128 -0.113151
    outer loop
      vertex -103.222 71.576 46.0906
      vertex -103.282 71.1949 49.2678
      vertex -103.379 71.5449 46.0869
    endloop
  endfacet
  facet normal 0.659657 -0.74655 -0.0866896
    outer loop
      vertex -104.202 70.7268 49.2134
      vertex -104.035 71.2415 46.0517
      vertex -104.035 70.8724 49.2303
    endloop
  endfacet
  facet normal 0.659657 -0.74655 -0.0866896
    outer loop
      vertex -104.035 71.2415 46.0517
      vertex -104.202 70.7268 49.2134
      vertex -104.202 71.0959 46.0348
    endloop
  endfacet
  facet normal -0.981185 0.191777 0.0222983
    outer loop
      vertex -101.358 69.4648 45.8454
      vertex -101.346 69.1558 49.031
      vertex -101.327 69.6213 45.8635
    endloop
  endfacet
  facet normal -0.980895 0.193239 0.022439
    outer loop
      vertex -101.346 69.1558 49.031
      vertex -101.358 69.4648 45.8454
      vertex -101.358 69.0957 49.024
    endloop
  endfacet
  facet normal -0.832034 -0.55103 -0.0639258
    outer loop
      vertex -101.528 70.7462 45.9942
      vertex -101.562 70.4281 49.1787
      vertex -101.617 70.8788 46.0096
    endloop
  endfacet
  facet normal -0.834237 -0.547724 -0.0636191
    outer loop
      vertex -101.562 70.4281 49.1787
      vertex -101.528 70.7462 45.9942
      vertex -101.528 70.377 49.1728
    endloop
  endfacet
  facet normal -0.892391 0.448251 0.0520511
    outer loop
      vertex -101.528 68.6884 48.9767
      vertex -101.5 69.1125 45.8045
      vertex -101.528 69.0575 45.7981
    endloop
  endfacet
  facet normal -0.896977 0.439149 0.0507937
    outer loop
      vertex -101.5 69.1125 45.8045
      vertex -101.528 68.6884 48.9767
      vertex -101.457 68.8315 48.9933
    endloop
  endfacet
  facet normal 0.554112 0.826874 0.0961179
    outer loop
      vertex -103.85 68.0703 48.9049
      vertex -103.901 68.4735 45.7303
      vertex -103.984 68.1589 48.9152
    endloop
  endfacet
  facet normal 0.558453 0.823999 0.0956831
    outer loop
      vertex -103.901 68.4735 45.7303
      vertex -103.85 68.0703 48.9049
      vertex -103.85 68.4394 45.7263
    endloop
  endfacet
  facet normal -0.946204 -0.321412 -0.0373224
    outer loop
      vertex -101.358 69.9698 49.1255
      vertex -101.378 70.397 45.9536
      vertex -101.358 70.3389 45.9469
    endloop
  endfacet
  facet normal -0.946178 -0.321485 -0.0373325
    outer loop
      vertex -101.378 70.397 45.9536
      vertex -101.358 69.9698 49.1255
      vertex -101.41 70.1208 49.1431
    endloop
  endfacet
  facet normal 0.997725 -0.0669694 -0.00777836
    outer loop
      vertex -104.685 69.7531 49.1004
      vertex -104.7 69.9018 45.8961
      vertex -104.685 70.1223 45.9217
    endloop
  endfacet
  facet normal 0.997723 -0.0669994 -0.00777975
    outer loop
      vertex -104.7 69.9018 45.8961
      vertex -104.685 69.7531 49.1004
      vertex -104.7 69.5327 49.0748
    endloop
  endfacet
  facet normal 0.0646939 0.991245 0.115104
    outer loop
      vertex -103.16 67.8545 48.8799
      vertex -103.222 68.2276 45.7017
      vertex -103.222 67.8585 48.8803
    endloop
  endfacet
  facet normal 0.0652916 0.991207 0.115088
    outer loop
      vertex -103.222 68.2276 45.7017
      vertex -103.16 67.8545 48.8799
      vertex -103.062 68.2172 45.7005
    endloop
  endfacet
  facet normal 0.443069 0.890504 0.103406
    outer loop
      vertex -103.651 67.9726 48.8936
      vertex -103.85 68.4394 45.7263
      vertex -103.85 68.0703 48.9049
    endloop
  endfacet
  facet normal 0.443069 0.890504 0.103406
    outer loop
      vertex -103.85 68.4394 45.7263
      vertex -103.651 67.9726 48.8936
      vertex -103.651 68.3417 45.715
    endloop
  endfacet
  facet normal -0.443069 0.890504 0.103406
    outer loop
      vertex -102.15 68.4394 45.7263
      vertex -102.349 67.9726 48.8936
      vertex -102.15 68.0703 48.9049
    endloop
  endfacet
  facet normal -0.443069 0.890504 0.103406
    outer loop
      vertex -102.349 67.9726 48.8936
      vertex -102.15 68.4394 45.7263
      vertex -102.349 68.3417 45.715
    endloop
  endfacet
  facet normal -0.0652916 0.991207 0.115088
    outer loop
      vertex -102.938 68.2172 45.7005
      vertex -103 67.8441 48.8787
      vertex -102.84 67.8545 48.8799
    endloop
  endfacet
  facet normal -0.0648787 0.991233 0.115099
    outer loop
      vertex -103 67.8441 48.8787
      vertex -102.938 68.2172 45.7005
      vertex -103 68.2132 45.7
    endloop
  endfacet
  facet normal 0.32087 0.940802 0.109246
    outer loop
      vertex -103.44 67.9016 48.8853
      vertex -103.651 68.3417 45.715
      vertex -103.651 67.9726 48.8936
    endloop
  endfacet
  facet normal 0.32087 0.940802 0.109246
    outer loop
      vertex -103.651 68.3417 45.715
      vertex -103.44 67.9016 48.8853
      vertex -103.44 68.2707 45.7067
    endloop
  endfacet
  facet normal 0.323566 -0.939887 -0.109166
    outer loop
      vertex -103.498 71.1441 49.2619
      vertex -103.44 71.533 46.0855
      vertex -103.44 71.1638 49.2642
    endloop
  endfacet
  facet normal 0.321669 -0.940525 -0.109279
    outer loop
      vertex -103.44 71.533 46.0855
      vertex -103.498 71.1441 49.2619
      vertex -103.592 71.4817 46.0796
    endloop
  endfacet
  facet normal 0.951071 -0.30691 -0.0356482
    outer loop
      vertex -104.59 70.1208 49.1431
      vertex -104.571 70.5481 45.9712
      vertex -104.571 70.1789 49.1498
    endloop
  endfacet
  facet normal 0.948134 -0.315726 -0.0368534
    outer loop
      vertex -104.571 70.5481 45.9712
      vertex -104.59 70.1208 49.1431
      vertex -104.622 70.397 45.9536
    endloop
  endfacet
  facet normal -0.99765 0.0680492 0.0079742
    outer loop
      vertex -101.304 69.4715 49.0677
      vertex -101.3 69.9018 45.8961
      vertex -101.311 69.7427 45.8776
    endloop
  endfacet
  facet normal -0.997899 0.0643552 0.00747271
    outer loop
      vertex -101.3 69.9018 45.8961
      vertex -101.304 69.4715 49.0677
      vertex -101.3 69.5327 49.0748
    endloop
  endfacet
  facet normal -0.895709 -0.441672 -0.051301
    outer loop
      vertex -101.429 70.5481 45.9712
      vertex -101.528 70.377 49.1728
      vertex -101.528 70.7462 45.9942
    endloop
  endfacet
  facet normal -0.895709 -0.441672 -0.051301
    outer loop
      vertex -101.528 70.377 49.1728
      vertex -101.429 70.5481 45.9712
      vertex -101.429 70.1789 49.1498
    endloop
  endfacet
  facet normal -0.997906 0.0642521 0.00746074
    outer loop
      vertex -101.315 69.3123 49.0492
      vertex -101.311 69.7427 45.8776
      vertex -101.315 69.6814 45.8705
    endloop
  endfacet
  facet normal -0.997653 0.0680071 0.00797062
    outer loop
      vertex -101.311 69.7427 45.8776
      vertex -101.315 69.3123 49.0492
      vertex -101.304 69.4715 49.0677
    endloop
  endfacet
  facet normal -0.663299 0.743396 0.0860073
    outer loop
      vertex -101.844 68.6673 45.7528
      vertex -101.965 68.193 48.9192
      vertex -101.919 68.2335 48.9239
    endloop
  endfacet
  facet normal -0.65861 0.747462 0.0867955
    outer loop
      vertex -101.965 68.193 48.9192
      vertex -101.844 68.6673 45.7528
      vertex -101.965 68.5621 45.7406
    endloop
  endfacet
  facet normal -0.833746 0.548463 0.0636877
    outer loop
      vertex -101.562 69.0065 45.7922
      vertex -101.528 68.6884 48.9767
      vertex -101.528 69.0575 45.7981
    endloop
  endfacet
  facet normal -0.832224 0.550745 0.0638994
    outer loop
      vertex -101.528 68.6884 48.9767
      vertex -101.562 69.0065 45.7922
      vertex -101.617 68.5557 48.9613
    endloop
  endfacet
  facet normal 0.0656209 -0.991185 -0.115093
    outer loop
      vertex -103.222 71.2069 49.2692
      vertex -103 71.5905 46.0922
      vertex -103 71.2214 49.2709
    endloop
  endfacet
  facet normal 0.0655693 -0.991188 -0.115097
    outer loop
      vertex -103 71.5905 46.0922
      vertex -103.222 71.2069 49.2692
      vertex -103.222 71.576 46.0906
    endloop
  endfacet
  facet normal -0.0656209 -0.991185 -0.115093
    outer loop
      vertex -103 71.5905 46.0922
      vertex -102.778 71.2069 49.2692
      vertex -103 71.2214 49.2709
    endloop
  endfacet
  facet normal -0.0655693 -0.991188 -0.115097
    outer loop
      vertex -102.778 71.2069 49.2692
      vertex -103 71.5905 46.0922
      vertex -102.778 71.576 46.0906
    endloop
  endfacet
  facet normal -0.197395 -0.973781 -0.113076
    outer loop
      vertex -102.778 71.576 46.0906
      vertex -102.718 71.1949 49.2678
      vertex -102.778 71.2069 49.2692
    endloop
  endfacet
  facet normal -0.195631 -0.974128 -0.113151
    outer loop
      vertex -102.718 71.1949 49.2678
      vertex -102.778 71.576 46.0906
      vertex -102.621 71.5449 46.0869
    endloop
  endfacet
  facet normal -0.194371 0.974381 0.113145
    outer loop
      vertex -102.56 68.2707 45.7067
      vertex -102.718 67.8705 48.8817
      vertex -102.56 67.9016 48.8853
    endloop
  endfacet
  facet normal -0.192744 0.97469 0.113265
    outer loop
      vertex -102.718 67.8705 48.8817
      vertex -102.56 68.2707 45.7067
      vertex -102.621 68.2588 45.7053
    endloop
  endfacet
  facet normal -0.554112 0.826874 0.0961179
    outer loop
      vertex -102.099 68.4735 45.7303
      vertex -102.15 68.0703 48.9049
      vertex -102.016 68.1589 48.9152
    endloop
  endfacet
  facet normal -0.558453 0.823999 0.0956831
    outer loop
      vertex -102.15 68.0703 48.9049
      vertex -102.099 68.4735 45.7303
      vertex -102.15 68.4394 45.7263
    endloop
  endfacet
  facet normal 0.892391 0.448251 0.0520511
    outer loop
      vertex -104.543 68.8315 48.9933
      vertex -104.571 69.2556 45.8211
      vertex -104.571 68.8865 48.9997
    endloop
  endfacet
  facet normal 0.896977 0.439149 0.0507937
    outer loop
      vertex -104.571 69.2556 45.8211
      vertex -104.543 68.8315 48.9933
      vertex -104.5 69.1125 45.8045
    endloop
  endfacet
  facet normal 0.980895 0.193239 0.0224383
    outer loop
      vertex -104.685 69.3123 49.0492
      vertex -104.673 69.6213 45.8635
      vertex -104.685 69.6814 45.8705
    endloop
  endfacet
  facet normal 0.981188 0.191764 0.0222963
    outer loop
      vertex -104.673 69.6213 45.8635
      vertex -104.685 69.3123 49.0492
      vertex -104.654 69.1558 49.031
    endloop
  endfacet
  facet normal 0.749474 0.657613 0.0763805
    outer loop
      vertex -104.308 68.4586 48.95
      vertex -104.349 68.8739 45.7767
      vertex -104.349 68.5047 48.9554
    endloop
  endfacet
  facet normal 0.751657 0.655157 0.0760309
    outer loop
      vertex -104.349 68.8739 45.7767
      vertex -104.308 68.4586 48.95
      vertex -104.243 68.7539 45.7628
    endloop
  endfacet
  facet normal 0.895709 -0.441672 -0.051301
    outer loop
      vertex -104.472 70.377 49.1728
      vertex -104.571 70.5481 45.9712
      vertex -104.472 70.7462 45.9942
    endloop
  endfacet
  facet normal 0.895709 -0.441672 -0.051301
    outer loop
      vertex -104.571 70.5481 45.9712
      vertex -104.472 70.377 49.1728
      vertex -104.571 70.1789 49.1498
    endloop
  endfacet
  facet normal 0.555314 -0.826087 -0.0959515
    outer loop
      vertex -104.035 70.8724 49.2303
      vertex -103.85 71.3643 46.066
      vertex -103.85 70.9951 49.2446
    endloop
  endfacet
  facet normal 0.555622 -0.825885 -0.0959021
    outer loop
      vertex -103.85 71.3643 46.066
      vertex -104.035 70.8724 49.2303
      vertex -104.035 71.2415 46.0517
    endloop
  endfacet
  facet normal 0.896977 0.439149 0.0507937
    outer loop
      vertex -104.472 68.6884 48.9767
      vertex -104.5 69.1125 45.8045
      vertex -104.543 68.8315 48.9933
    endloop
  endfacet
  facet normal 0.892391 0.448251 0.0520511
    outer loop
      vertex -104.5 69.1125 45.8045
      vertex -104.472 68.6884 48.9767
      vertex -104.472 69.0575 45.7981
    endloop
  endfacet
  facet normal 0.832034 -0.55103 -0.0639258
    outer loop
      vertex -104.438 70.4281 49.1787
      vertex -104.472 70.7462 45.9942
      vertex -104.383 70.8788 46.0096
    endloop
  endfacet
  facet normal 0.834237 -0.547724 -0.0636191
    outer loop
      vertex -104.472 70.7462 45.9942
      vertex -104.438 70.4281 49.1787
      vertex -104.472 70.377 49.1728
    endloop
  endfacet
  facet normal 0.751419 -0.655425 -0.0760714
    outer loop
      vertex -104.349 70.5607 49.1941
      vertex -104.308 70.976 46.0209
      vertex -104.243 70.6806 49.2081
    endloop
  endfacet
  facet normal 0.750175 -0.656825 -0.0762708
    outer loop
      vertex -104.308 70.976 46.0209
      vertex -104.349 70.5607 49.1941
      vertex -104.349 70.9298 46.0155
    endloop
  endfacet
  facet normal 0.981165 -0.19188 -0.0223075
    outer loop
      vertex -104.673 69.8133 49.1074
      vertex -104.685 70.1223 45.9217
      vertex -104.654 70.2787 45.9399
    endloop
  endfacet
  facet normal 0.980956 -0.192934 -0.0224089
    outer loop
      vertex -104.685 70.1223 45.9217
      vertex -104.673 69.8133 49.1074
      vertex -104.685 69.7531 49.1004
    endloop
  endfacet
  facet normal 0.833746 0.548463 0.0636877
    outer loop
      vertex -104.472 68.6884 48.9767
      vertex -104.438 69.0065 45.7922
      vertex -104.472 69.0575 45.7981
    endloop
  endfacet
  facet normal 0.832224 0.550745 0.0638994
    outer loop
      vertex -104.438 69.0065 45.7922
      vertex -104.472 68.6884 48.9767
      vertex -104.383 68.5557 48.9613
    endloop
  endfacet
  facet normal 0.997899 0.0643552 0.00747271
    outer loop
      vertex -104.696 69.4715 49.0677
      vertex -104.7 69.9018 45.8961
      vertex -104.7 69.5327 49.0748
    endloop
  endfacet
  facet normal 0.99765 0.0680492 0.0079742
    outer loop
      vertex -104.7 69.9018 45.8961
      vertex -104.696 69.4715 49.0677
      vertex -104.689 69.7427 45.8776
    endloop
  endfacet
  facet normal 0.663299 0.743396 0.0860073
    outer loop
      vertex -104.035 68.193 48.9192
      vertex -104.156 68.6673 45.7528
      vertex -104.081 68.2335 48.9239
    endloop
  endfacet
  facet normal 0.65861 0.747462 0.0867955
    outer loop
      vertex -104.156 68.6673 45.7528
      vertex -104.035 68.193 48.9192
      vertex -104.035 68.5621 45.7406
    endloop
  endfacet
  facet normal 0.194371 -0.974382 -0.11314
    outer loop
      vertex -103.44 71.1638 49.2642
      vertex -103.379 71.5449 46.0869
      vertex -103.282 71.1949 49.2678
    endloop
  endfacet
  facet normal 0.192744 -0.974697 -0.113209
    outer loop
      vertex -103.379 71.5449 46.0869
      vertex -103.44 71.1638 49.2642
      vertex -103.44 71.533 46.0855
    endloop
  endfacet
  facet normal 0.445599 -0.889277 -0.103094
    outer loop
      vertex -103.85 70.9951 49.2446
      vertex -103.706 71.4348 46.0742
      vertex -103.795 71.0223 49.2477
    endloop
  endfacet
  facet normal 0.4421 -0.890976 -0.103488
    outer loop
      vertex -103.706 71.4348 46.0742
      vertex -103.85 70.9951 49.2446
      vertex -103.85 71.3643 46.066
    endloop
  endfacet
  facet normal -0.751388 -0.655461 -0.0760741
    outer loop
      vertex -101.757 70.6806 49.2081
      vertex -101.798 71.0959 46.0348
      vertex -101.692 70.976 46.0209
    endloop
  endfacet
  facet normal -0.750094 -0.656917 -0.0762814
    outer loop
      vertex -101.798 71.0959 46.0348
      vertex -101.757 70.6806 49.2081
      vertex -101.798 70.7268 49.2134
    endloop
  endfacet
  facet normal -0.749392 0.657707 0.0763732
    outer loop
      vertex -101.798 68.3387 48.9361
      vertex -101.757 68.7539 45.7628
      vertex -101.798 68.7078 45.7575
    endloop
  endfacet
  facet normal -0.751388 0.655463 0.0760537
    outer loop
      vertex -101.757 68.7539 45.7628
      vertex -101.798 68.3387 48.9361
      vertex -101.692 68.4586 48.95
    endloop
  endfacet
  facet normal -0.445599 -0.889277 -0.103094
    outer loop
      vertex -102.294 71.4348 46.0742
      vertex -102.15 70.9951 49.2446
      vertex -102.205 71.0223 49.2477
    endloop
  endfacet
  facet normal -0.4421 -0.890976 -0.103488
    outer loop
      vertex -102.15 70.9951 49.2446
      vertex -102.294 71.4348 46.0742
      vertex -102.15 71.3643 46.066
    endloop
  endfacet
  facet normal 0.194371 0.974381 0.113145
    outer loop
      vertex -103.282 67.8705 48.8817
      vertex -103.44 68.2707 45.7067
      vertex -103.44 67.9016 48.8853
    endloop
  endfacet
  facet normal 0.192744 0.97469 0.113265
    outer loop
      vertex -103.44 68.2707 45.7067
      vertex -103.282 67.8705 48.8817
      vertex -103.379 68.2588 45.7053
    endloop
  endfacet
  facet normal -0.0646939 0.991245 0.115104
    outer loop
      vertex -102.778 68.2276 45.7017
      vertex -102.84 67.8545 48.8799
      vertex -102.778 67.8585 48.8803
    endloop
  endfacet
  facet normal -0.0652916 0.991207 0.115088
    outer loop
      vertex -102.84 67.8545 48.8799
      vertex -102.778 68.2276 45.7017
      vertex -102.938 68.2172 45.7005
    endloop
  endfacet
  facet normal -0.32087 0.940802 0.109246
    outer loop
      vertex -102.349 68.3417 45.715
      vertex -102.56 67.9016 48.8853
      vertex -102.349 67.9726 48.8936
    endloop
  endfacet
  facet normal -0.32087 0.940802 0.109246
    outer loop
      vertex -102.56 67.9016 48.8853
      vertex -102.349 68.3417 45.715
      vertex -102.56 68.2707 45.7067
    endloop
  endfacet
  facet normal -0.558453 0.823999 0.0956831
    outer loop
      vertex -101.965 68.5621 45.7406
      vertex -102.016 68.1589 48.9152
      vertex -101.965 68.193 48.9192
    endloop
  endfacet
  facet normal -0.554112 0.826874 0.0961179
    outer loop
      vertex -102.016 68.1589 48.9152
      vertex -101.965 68.5621 45.7406
      vertex -102.099 68.4735 45.7303
    endloop
  endfacet
  facet normal -0.197395 0.973788 0.113013
    outer loop
      vertex -102.621 68.2588 45.7053
      vertex -102.778 67.8585 48.8803
      vertex -102.718 67.8705 48.8817
    endloop
  endfacet
  facet normal -0.196158 0.974027 0.113104
    outer loop
      vertex -102.778 67.8585 48.8803
      vertex -102.621 68.2588 45.7053
      vertex -102.778 68.2276 45.7017
    endloop
  endfacet
  facet normal 0.832056 0.550995 0.0639378
    outer loop
      vertex -104.383 68.5557 48.9613
      vertex -104.349 68.8739 45.7767
      vertex -104.438 69.0065 45.7922
    endloop
  endfacet
  facet normal 0.833746 0.548461 0.0637027
    outer loop
      vertex -104.349 68.8739 45.7767
      vertex -104.383 68.5557 48.9613
      vertex -104.349 68.5047 48.9554
    endloop
  endfacet
  facet normal 0.751388 0.655463 0.0760537
    outer loop
      vertex -104.202 68.3387 48.9361
      vertex -104.243 68.7539 45.7628
      vertex -104.308 68.4586 48.95
    endloop
  endfacet
  facet normal 0.749392 0.657707 0.0763732
    outer loop
      vertex -104.243 68.7539 45.7628
      vertex -104.202 68.3387 48.9361
      vertex -104.202 68.7078 45.7575
    endloop
  endfacet
  facet normal 0.65861 0.747462 0.0867955
    outer loop
      vertex -104.081 68.2335 48.9239
      vertex -104.202 68.7078 45.7575
      vertex -104.202 68.3387 48.9361
    endloop
  endfacet
  facet normal 0.663299 0.743396 0.0860073
    outer loop
      vertex -104.202 68.7078 45.7575
      vertex -104.081 68.2335 48.9239
      vertex -104.156 68.6673 45.7528
    endloop
  endfacet
  facet normal 0.750094 -0.656917 -0.0762814
    outer loop
      vertex -104.243 70.6806 49.2081
      vertex -104.202 71.0959 46.0348
      vertex -104.202 70.7268 49.2134
    endloop
  endfacet
  facet normal 0.751388 -0.655461 -0.0760741
    outer loop
      vertex -104.202 71.0959 46.0348
      vertex -104.243 70.6806 49.2081
      vertex -104.308 70.976 46.0209
    endloop
  endfacet
  facet normal 0.981185 0.191777 0.0222983
    outer loop
      vertex -104.654 69.1558 49.031
      vertex -104.642 69.4648 45.8454
      vertex -104.673 69.6213 45.8635
    endloop
  endfacet
  facet normal 0.980895 0.193239 0.022439
    outer loop
      vertex -104.642 69.4648 45.8454
      vertex -104.654 69.1558 49.031
      vertex -104.642 69.0957 49.024
    endloop
  endfacet
  facet normal 0.197395 0.973788 0.113013
    outer loop
      vertex -103.222 67.8585 48.8803
      vertex -103.379 68.2588 45.7053
      vertex -103.282 67.8705 48.8817
    endloop
  endfacet
  facet normal 0.196158 0.974027 0.113104
    outer loop
      vertex -103.379 68.2588 45.7053
      vertex -103.222 67.8585 48.8803
      vertex -103.222 68.2276 45.7017
    endloop
  endfacet
  facet normal 0.558453 0.823999 0.0956831
    outer loop
      vertex -103.984 68.1589 48.9152
      vertex -104.035 68.5621 45.7406
      vertex -104.035 68.193 48.9192
    endloop
  endfacet
  facet normal 0.554112 0.826874 0.0961179
    outer loop
      vertex -104.035 68.5621 45.7406
      vertex -103.984 68.1589 48.9152
      vertex -103.901 68.4735 45.7303
    endloop
  endfacet
  facet normal 0.319846 -0.941145 -0.109291
    outer loop
      vertex -103.651 71.0928 49.2559
      vertex -103.592 71.4817 46.0796
      vertex -103.498 71.1441 49.2619
    endloop
  endfacet
  facet normal 0.318643 -0.941545 -0.109362
    outer loop
      vertex -103.592 71.4817 46.0796
      vertex -103.651 71.0928 49.2559
      vertex -103.651 71.462 46.0773
    endloop
  endfacet
  facet normal -0.980956 -0.192934 -0.0224036
    outer loop
      vertex -101.346 70.2787 45.9399
      vertex -101.358 69.9698 49.1255
      vertex -101.358 70.3389 45.9469
    endloop
  endfacet
  facet normal -0.981185 -0.191778 -0.0222923
    outer loop
      vertex -101.358 69.9698 49.1255
      vertex -101.346 70.2787 45.9399
      vertex -101.327 69.8133 49.1074
    endloop
  endfacet
  facet normal -0.981165 -0.19188 -0.0223075
    outer loop
      vertex -101.315 70.1223 45.9217
      vertex -101.327 69.8133 49.1074
      vertex -101.346 70.2787 45.9399
    endloop
  endfacet
  facet normal -0.980956 -0.192934 -0.0224089
    outer loop
      vertex -101.327 69.8133 49.1074
      vertex -101.315 70.1223 45.9217
      vertex -101.315 69.7531 49.1004
    endloop
  endfacet
  facet normal -0.659657 -0.74655 -0.0866896
    outer loop
      vertex -101.965 71.2415 46.0517
      vertex -101.798 70.7268 49.2134
      vertex -101.965 70.8724 49.2303
    endloop
  endfacet
  facet normal -0.659657 -0.74655 -0.0866896
    outer loop
      vertex -101.798 70.7268 49.2134
      vertex -101.965 71.2415 46.0517
      vertex -101.798 71.0959 46.0348
    endloop
  endfacet
  facet normal -0.750175 -0.656825 -0.0762708
    outer loop
      vertex -101.651 70.5607 49.1941
      vertex -101.692 70.976 46.0209
      vertex -101.651 70.9298 46.0155
    endloop
  endfacet
  facet normal -0.751419 -0.655425 -0.0760714
    outer loop
      vertex -101.692 70.976 46.0209
      vertex -101.651 70.5607 49.1941
      vertex -101.757 70.6806 49.2081
    endloop
  endfacet
  facet normal -0.832056 0.550995 0.0639378
    outer loop
      vertex -101.651 68.8739 45.7767
      vertex -101.617 68.5557 48.9613
      vertex -101.562 69.0065 45.7922
    endloop
  endfacet
  facet normal -0.833746 0.548461 0.0637027
    outer loop
      vertex -101.617 68.5557 48.9613
      vertex -101.651 68.8739 45.7767
      vertex -101.651 68.5047 48.9554
    endloop
  endfacet
  facet normal -0.751657 0.655157 0.0760309
    outer loop
      vertex -101.692 68.4586 48.95
      vertex -101.651 68.8739 45.7767
      vertex -101.757 68.7539 45.7628
    endloop
  endfacet
  facet normal -0.749474 0.657613 0.0763805
    outer loop
      vertex -101.651 68.8739 45.7767
      vertex -101.692 68.4586 48.95
      vertex -101.651 68.5047 48.9554
    endloop
  endfacet
  facet normal -0.65861 0.747462 0.0867955
    outer loop
      vertex -101.798 68.7078 45.7575
      vertex -101.919 68.2335 48.9239
      vertex -101.798 68.3387 48.9361
    endloop
  endfacet
  facet normal -0.663299 0.743396 0.0860073
    outer loop
      vertex -101.919 68.2335 48.9239
      vertex -101.798 68.7078 45.7575
      vertex -101.844 68.6673 45.7528
    endloop
  endfacet
  facet normal -0.896977 0.439149 0.0507937
    outer loop
      vertex -101.457 68.8315 48.9933
      vertex -101.429 69.2556 45.8211
      vertex -101.5 69.1125 45.8045
    endloop
  endfacet
  facet normal -0.892391 0.448251 0.0520511
    outer loop
      vertex -101.429 69.2556 45.8211
      vertex -101.457 68.8315 48.9933
      vertex -101.429 68.8865 48.9997
    endloop
  endfacet
  facet normal -0.947601 0.317324 0.0368478
    outer loop
      vertex -101.429 69.2556 45.8211
      vertex -101.358 69.0957 49.024
      vertex -101.358 69.4648 45.8454
    endloop
  endfacet
  facet normal -0.947601 0.317324 0.0368478
    outer loop
      vertex -101.358 69.0957 49.024
      vertex -101.429 69.2556 45.8211
      vertex -101.429 68.8865 48.9997
    endloop
  endfacet
  facet normal -0.4421 -0.890976 -0.103488
    outer loop
      vertex -102.349 71.462 46.0773
      vertex -102.205 71.0223 49.2477
      vertex -102.349 71.0928 49.2559
    endloop
  endfacet
  facet normal -0.445599 -0.889277 -0.103094
    outer loop
      vertex -102.205 71.0223 49.2477
      vertex -102.349 71.462 46.0773
      vertex -102.294 71.4348 46.0742
    endloop
  endfacet
  facet normal -0.323566 -0.939887 -0.109166
    outer loop
      vertex -102.56 71.533 46.0855
      vertex -102.502 71.1441 49.2619
      vertex -102.56 71.1638 49.2642
    endloop
  endfacet
  facet normal -0.321669 -0.940525 -0.109279
    outer loop
      vertex -102.502 71.1441 49.2619
      vertex -102.56 71.533 46.0855
      vertex -102.408 71.4817 46.0796
    endloop
  endfacet
  facet normal 0.833746 -0.548463 -0.0636877
    outer loop
      vertex -104.349 70.5607 49.1941
      vertex -104.383 70.8788 46.0096
      vertex -104.349 70.9298 46.0155
    endloop
  endfacet
  facet normal 0.832034 -0.55103 -0.0639258
    outer loop
      vertex -104.383 70.8788 46.0096
      vertex -104.349 70.5607 49.1941
      vertex -104.438 70.4281 49.1787
    endloop
  endfacet
  facet normal 0.0652916 0.991207 0.115088
    outer loop
      vertex -103 67.8441 48.8787
      vertex -103.062 68.2172 45.7005
      vertex -103.16 67.8545 48.8799
    endloop
  endfacet
  facet normal 0.0648787 0.991233 0.115099
    outer loop
      vertex -103.062 68.2172 45.7005
      vertex -103 67.8441 48.8787
      vertex -103 68.2132 45.7
    endloop
  endfacet
  facet normal 0.4421 -0.890976 -0.103488
    outer loop
      vertex -103.795 71.0223 49.2477
      vertex -103.651 71.462 46.0773
      vertex -103.651 71.0928 49.2559
    endloop
  endfacet
  facet normal 0.445599 -0.889277 -0.103094
    outer loop
      vertex -103.651 71.462 46.0773
      vertex -103.795 71.0223 49.2477
      vertex -103.706 71.4348 46.0742
    endloop
  endfacet
  facet normal -0.833746 -0.548463 -0.0636877
    outer loop
      vertex -101.617 70.8788 46.0096
      vertex -101.651 70.5607 49.1941
      vertex -101.651 70.9298 46.0155
    endloop
  endfacet
  facet normal -0.832034 -0.55103 -0.0639258
    outer loop
      vertex -101.651 70.5607 49.1941
      vertex -101.617 70.8788 46.0096
      vertex -101.562 70.4281 49.1787
    endloop
  endfacet
  facet normal -0.319846 -0.941145 -0.109291
    outer loop
      vertex -102.408 71.4817 46.0796
      vertex -102.349 71.0928 49.2559
      vertex -102.502 71.1441 49.2619
    endloop
  endfacet
  facet normal -0.318643 -0.941545 -0.109362
    outer loop
      vertex -102.349 71.0928 49.2559
      vertex -102.408 71.4817 46.0796
      vertex -102.349 71.462 46.0773
    endloop
  endfacet
  facet normal 0.946178 -0.321485 -0.0373325
    outer loop
      vertex -104.642 69.9698 49.1255
      vertex -104.622 70.397 45.9536
      vertex -104.59 70.1208 49.1431
    endloop
  endfacet
  facet normal 0.946204 -0.321412 -0.0373224
    outer loop
      vertex -104.622 70.397 45.9536
      vertex -104.642 69.9698 49.1255
      vertex -104.642 70.3389 45.9469
    endloop
  endfacet
  facet normal 0.980956 -0.192934 -0.0224036
    outer loop
      vertex -104.642 69.9698 49.1255
      vertex -104.654 70.2787 45.9399
      vertex -104.642 70.3389 45.9469
    endloop
  endfacet
  facet normal 0.981185 -0.191778 -0.0222923
    outer loop
      vertex -104.654 70.2787 45.9399
      vertex -104.642 69.9698 49.1255
      vertex -104.673 69.8133 49.1074
    endloop
  endfacet
  facet normal -0.948134 -0.315726 -0.0368534
    outer loop
      vertex -101.41 70.1208 49.1431
      vertex -101.429 70.5481 45.9712
      vertex -101.378 70.397 45.9536
    endloop
  endfacet
  facet normal -0.951071 -0.30691 -0.0356482
    outer loop
      vertex -101.429 70.5481 45.9712
      vertex -101.41 70.1208 49.1431
      vertex -101.429 70.1789 49.1498
    endloop
  endfacet
  facet normal 0.947601 0.317324 0.0368478
    outer loop
      vertex -104.642 69.0957 49.024
      vertex -104.571 69.2556 45.8211
      vertex -104.642 69.4648 45.8454
    endloop
  endfacet
  facet normal 0.947601 0.317324 0.0368478
    outer loop
      vertex -104.571 69.2556 45.8211
      vertex -104.642 69.0957 49.024
      vertex -104.571 68.8865 48.9997
    endloop
  endfacet
  facet normal -0.980895 0.193239 0.0224383
    outer loop
      vertex 104.673 69.6213 45.8635
      vertex 104.685 69.3123 49.0492
      vertex 104.685 69.6814 45.8705
    endloop
  endfacet
  facet normal -0.981188 0.191764 0.0222963
    outer loop
      vertex 104.685 69.3123 49.0492
      vertex 104.673 69.6213 45.8635
      vertex 104.654 69.1558 49.031
    endloop
  endfacet
  facet normal -0.997725 -0.0669694 -0.00777836
    outer loop
      vertex 104.7 69.9018 45.8961
      vertex 104.685 69.7531 49.1004
      vertex 104.685 70.1223 45.9217
    endloop
  endfacet
  facet normal -0.997723 -0.0669994 -0.00777975
    outer loop
      vertex 104.685 69.7531 49.1004
      vertex 104.7 69.9018 45.8961
      vertex 104.7 69.5327 49.0748
    endloop
  endfacet
  facet normal -0.194371 -0.974382 -0.11314
    outer loop
      vertex 103.379 71.5449 46.0869
      vertex 103.44 71.1638 49.2642
      vertex 103.282 71.1949 49.2678
    endloop
  endfacet
  facet normal -0.192744 -0.974697 -0.113209
    outer loop
      vertex 103.44 71.1638 49.2642
      vertex 103.379 71.5449 46.0869
      vertex 103.44 71.533 46.0855
    endloop
  endfacet
  facet normal -0.555314 -0.826087 -0.0959515
    outer loop
      vertex 103.85 71.3643 46.066
      vertex 104.035 70.8724 49.2303
      vertex 103.85 70.9951 49.2446
    endloop
  endfacet
  facet normal -0.555622 -0.825885 -0.0959021
    outer loop
      vertex 104.035 70.8724 49.2303
      vertex 103.85 71.3643 46.066
      vertex 104.035 71.2415 46.0517
    endloop
  endfacet
  facet normal 0.997653 0.0680071 0.00797062
    outer loop
      vertex 101.315 69.3123 49.0492
      vertex 101.311 69.7427 45.8776
      vertex 101.304 69.4715 49.0677
    endloop
  endfacet
  facet normal 0.997906 0.0642521 0.00746074
    outer loop
      vertex 101.311 69.7427 45.8776
      vertex 101.315 69.3123 49.0492
      vertex 101.315 69.6814 45.8705
    endloop
  endfacet
  facet normal 0.197395 -0.973781 -0.113076
    outer loop
      vertex 102.718 71.1949 49.2678
      vertex 102.778 71.576 46.0906
      vertex 102.778 71.2069 49.2692
    endloop
  endfacet
  facet normal 0.195631 -0.974128 -0.113151
    outer loop
      vertex 102.778 71.576 46.0906
      vertex 102.718 71.1949 49.2678
      vertex 102.621 71.5449 46.0869
    endloop
  endfacet
  facet normal 0.659657 -0.74655 -0.0866896
    outer loop
      vertex 101.798 70.7268 49.2134
      vertex 101.965 71.2415 46.0517
      vertex 101.965 70.8724 49.2303
    endloop
  endfacet
  facet normal 0.659657 -0.74655 -0.0866896
    outer loop
      vertex 101.965 71.2415 46.0517
      vertex 101.798 70.7268 49.2134
      vertex 101.798 71.0959 46.0348
    endloop
  endfacet
  facet normal -0.981185 0.191777 0.0222983
    outer loop
      vertex 104.642 69.4648 45.8454
      vertex 104.654 69.1558 49.031
      vertex 104.673 69.6213 45.8635
    endloop
  endfacet
  facet normal -0.980895 0.193239 0.022439
    outer loop
      vertex 104.654 69.1558 49.031
      vertex 104.642 69.4648 45.8454
      vertex 104.642 69.0957 49.024
    endloop
  endfacet
  facet normal -0.832034 -0.55103 -0.0639258
    outer loop
      vertex 104.472 70.7462 45.9942
      vertex 104.438 70.4281 49.1787
      vertex 104.383 70.8788 46.0096
    endloop
  endfacet
  facet normal -0.834237 -0.547724 -0.0636191
    outer loop
      vertex 104.438 70.4281 49.1787
      vertex 104.472 70.7462 45.9942
      vertex 104.472 70.377 49.1728
    endloop
  endfacet
  facet normal -0.892391 0.448251 0.0520511
    outer loop
      vertex 104.472 68.6884 48.9767
      vertex 104.5 69.1125 45.8045
      vertex 104.472 69.0575 45.7981
    endloop
  endfacet
  facet normal -0.896977 0.439149 0.0507937
    outer loop
      vertex 104.5 69.1125 45.8045
      vertex 104.472 68.6884 48.9767
      vertex 104.543 68.8315 48.9933
    endloop
  endfacet
  facet normal 0.554112 0.826874 0.0961179
    outer loop
      vertex 102.15 68.0703 48.9049
      vertex 102.099 68.4735 45.7303
      vertex 102.016 68.1589 48.9152
    endloop
  endfacet
  facet normal 0.558453 0.823999 0.0956831
    outer loop
      vertex 102.099 68.4735 45.7303
      vertex 102.15 68.0703 48.9049
      vertex 102.15 68.4394 45.7263
    endloop
  endfacet
  facet normal -0.946204 -0.321412 -0.0373224
    outer loop
      vertex 104.642 69.9698 49.1255
      vertex 104.622 70.397 45.9536
      vertex 104.642 70.3389 45.9469
    endloop
  endfacet
  facet normal -0.946178 -0.321485 -0.0373325
    outer loop
      vertex 104.622 70.397 45.9536
      vertex 104.642 69.9698 49.1255
      vertex 104.59 70.1208 49.1431
    endloop
  endfacet
  facet normal 0.997725 -0.0669694 -0.00777836
    outer loop
      vertex 101.315 69.7531 49.1004
      vertex 101.3 69.9018 45.8961
      vertex 101.315 70.1223 45.9217
    endloop
  endfacet
  facet normal 0.997723 -0.0669994 -0.00777975
    outer loop
      vertex 101.3 69.9018 45.8961
      vertex 101.315 69.7531 49.1004
      vertex 101.3 69.5327 49.0748
    endloop
  endfacet
  facet normal 0.0646939 0.991245 0.115104
    outer loop
      vertex 102.84 67.8545 48.8799
      vertex 102.778 68.2276 45.7017
      vertex 102.778 67.8585 48.8803
    endloop
  endfacet
  facet normal 0.0652916 0.991207 0.115088
    outer loop
      vertex 102.778 68.2276 45.7017
      vertex 102.84 67.8545 48.8799
      vertex 102.938 68.2172 45.7005
    endloop
  endfacet
  facet normal 0.443069 0.890504 0.103406
    outer loop
      vertex 102.349 67.9726 48.8936
      vertex 102.15 68.4394 45.7263
      vertex 102.15 68.0703 48.9049
    endloop
  endfacet
  facet normal 0.443069 0.890504 0.103406
    outer loop
      vertex 102.15 68.4394 45.7263
      vertex 102.349 67.9726 48.8936
      vertex 102.349 68.3417 45.715
    endloop
  endfacet
  facet normal -0.194371 0.974381 0.113145
    outer loop
      vertex 103.44 68.2707 45.7067
      vertex 103.282 67.8705 48.8817
      vertex 103.44 67.9016 48.8853
    endloop
  endfacet
  facet normal -0.192744 0.97469 0.113265
    outer loop
      vertex 103.282 67.8705 48.8817
      vertex 103.44 68.2707 45.7067
      vertex 103.379 68.2588 45.7053
    endloop
  endfacet
  facet normal -0.443069 0.890504 0.103406
    outer loop
      vertex 103.85 68.4394 45.7263
      vertex 103.651 67.9726 48.8936
      vertex 103.85 68.0703 48.9049
    endloop
  endfacet
  facet normal -0.443069 0.890504 0.103406
    outer loop
      vertex 103.651 67.9726 48.8936
      vertex 103.85 68.4394 45.7263
      vertex 103.651 68.3417 45.715
    endloop
  endfacet
  facet normal 0.32087 0.940802 0.109246
    outer loop
      vertex 102.56 67.9016 48.8853
      vertex 102.349 68.3417 45.715
      vertex 102.349 67.9726 48.8936
    endloop
  endfacet
  facet normal 0.32087 0.940802 0.109246
    outer loop
      vertex 102.349 68.3417 45.715
      vertex 102.56 67.9016 48.8853
      vertex 102.56 68.2707 45.7067
    endloop
  endfacet
  facet normal 0.323566 -0.939887 -0.109166
    outer loop
      vertex 102.502 71.1441 49.2619
      vertex 102.56 71.533 46.0855
      vertex 102.56 71.1638 49.2642
    endloop
  endfacet
  facet normal 0.321669 -0.940525 -0.109279
    outer loop
      vertex 102.56 71.533 46.0855
      vertex 102.502 71.1441 49.2619
      vertex 102.408 71.4817 46.0796
    endloop
  endfacet
  facet normal 0.951071 -0.30691 -0.0356482
    outer loop
      vertex 101.41 70.1208 49.1431
      vertex 101.429 70.5481 45.9712
      vertex 101.429 70.1789 49.1498
    endloop
  endfacet
  facet normal 0.948134 -0.315726 -0.0368534
    outer loop
      vertex 101.429 70.5481 45.9712
      vertex 101.41 70.1208 49.1431
      vertex 101.378 70.397 45.9536
    endloop
  endfacet
  facet normal -0.99765 0.0680492 0.0079742
    outer loop
      vertex 104.696 69.4715 49.0677
      vertex 104.7 69.9018 45.8961
      vertex 104.689 69.7427 45.8776
    endloop
  endfacet
  facet normal -0.997899 0.0643552 0.00747271
    outer loop
      vertex 104.7 69.9018 45.8961
      vertex 104.696 69.4715 49.0677
      vertex 104.7 69.5327 49.0748
    endloop
  endfacet
  facet normal -0.895709 -0.441672 -0.051301
    outer loop
      vertex 104.571 70.5481 45.9712
      vertex 104.472 70.377 49.1728
      vertex 104.472 70.7462 45.9942
    endloop
  endfacet
  facet normal -0.895709 -0.441672 -0.051301
    outer loop
      vertex 104.472 70.377 49.1728
      vertex 104.571 70.5481 45.9712
      vertex 104.571 70.1789 49.1498
    endloop
  endfacet
  facet normal -0.997906 0.0642521 0.00746074
    outer loop
      vertex 104.685 69.3123 49.0492
      vertex 104.689 69.7427 45.8776
      vertex 104.685 69.6814 45.8705
    endloop
  endfacet
  facet normal -0.997653 0.0680071 0.00797062
    outer loop
      vertex 104.689 69.7427 45.8776
      vertex 104.685 69.3123 49.0492
      vertex 104.696 69.4715 49.0677
    endloop
  endfacet
  facet normal -0.663299 0.743396 0.0860073
    outer loop
      vertex 104.156 68.6673 45.7528
      vertex 104.035 68.193 48.9192
      vertex 104.081 68.2335 48.9239
    endloop
  endfacet
  facet normal -0.65861 0.747462 0.0867955
    outer loop
      vertex 104.035 68.193 48.9192
      vertex 104.156 68.6673 45.7528
      vertex 104.035 68.5621 45.7406
    endloop
  endfacet
  facet normal -0.833746 0.548463 0.0636877
    outer loop
      vertex 104.438 69.0065 45.7922
      vertex 104.472 68.6884 48.9767
      vertex 104.472 69.0575 45.7981
    endloop
  endfacet
  facet normal -0.832224 0.550745 0.0638994
    outer loop
      vertex 104.472 68.6884 48.9767
      vertex 104.438 69.0065 45.7922
      vertex 104.383 68.5557 48.9613
    endloop
  endfacet
  facet normal 0.0656209 -0.991185 -0.115093
    outer loop
      vertex 102.778 71.2069 49.2692
      vertex 103 71.5905 46.0922
      vertex 103 71.2214 49.2709
    endloop
  endfacet
  facet normal 0.0655693 -0.991188 -0.115097
    outer loop
      vertex 103 71.5905 46.0922
      vertex 102.778 71.2069 49.2692
      vertex 102.778 71.576 46.0906
    endloop
  endfacet
  facet normal -0.0656209 -0.991185 -0.115093
    outer loop
      vertex 103 71.5905 46.0922
      vertex 103.222 71.2069 49.2692
      vertex 103 71.2214 49.2709
    endloop
  endfacet
  facet normal -0.0655693 -0.991188 -0.115097
    outer loop
      vertex 103.222 71.2069 49.2692
      vertex 103 71.5905 46.0922
      vertex 103.222 71.576 46.0906
    endloop
  endfacet
  facet normal -0.197395 -0.973781 -0.113076
    outer loop
      vertex 103.222 71.576 46.0906
      vertex 103.282 71.1949 49.2678
      vertex 103.222 71.2069 49.2692
    endloop
  endfacet
  facet normal -0.195631 -0.974128 -0.113151
    outer loop
      vertex 103.282 71.1949 49.2678
      vertex 103.222 71.576 46.0906
      vertex 103.379 71.5449 46.0869
    endloop
  endfacet
  facet normal -0.0652916 0.991207 0.115088
    outer loop
      vertex 103.062 68.2172 45.7005
      vertex 103 67.8441 48.8787
      vertex 103.16 67.8545 48.8799
    endloop
  endfacet
  facet normal -0.0648787 0.991233 0.115099
    outer loop
      vertex 103 67.8441 48.8787
      vertex 103.062 68.2172 45.7005
      vertex 103 68.2132 45.7
    endloop
  endfacet
  facet normal 0.194371 0.974381 0.113145
    outer loop
      vertex 102.718 67.8705 48.8817
      vertex 102.56 68.2707 45.7067
      vertex 102.56 67.9016 48.8853
    endloop
  endfacet
  facet normal 0.192744 0.97469 0.113265
    outer loop
      vertex 102.56 68.2707 45.7067
      vertex 102.718 67.8705 48.8817
      vertex 102.621 68.2588 45.7053
    endloop
  endfacet
  facet normal -0.554112 0.826874 0.0961179
    outer loop
      vertex 103.901 68.4735 45.7303
      vertex 103.85 68.0703 48.9049
      vertex 103.984 68.1589 48.9152
    endloop
  endfacet
  facet normal -0.558453 0.823999 0.0956831
    outer loop
      vertex 103.85 68.0703 48.9049
      vertex 103.901 68.4735 45.7303
      vertex 103.85 68.4394 45.7263
    endloop
  endfacet
  facet normal 0.892391 0.448251 0.0520511
    outer loop
      vertex 101.457 68.8315 48.9933
      vertex 101.429 69.2556 45.8211
      vertex 101.429 68.8865 48.9997
    endloop
  endfacet
  facet normal 0.896977 0.439149 0.0507937
    outer loop
      vertex 101.429 69.2556 45.8211
      vertex 101.457 68.8315 48.9933
      vertex 101.5 69.1125 45.8045
    endloop
  endfacet
  facet normal 0.980895 0.193239 0.0224383
    outer loop
      vertex 101.315 69.3123 49.0492
      vertex 101.327 69.6213 45.8635
      vertex 101.315 69.6814 45.8705
    endloop
  endfacet
  facet normal 0.981188 0.191764 0.0222963
    outer loop
      vertex 101.327 69.6213 45.8635
      vertex 101.315 69.3123 49.0492
      vertex 101.346 69.1558 49.031
    endloop
  endfacet
  facet normal 0.749474 0.657613 0.0763805
    outer loop
      vertex 101.692 68.4586 48.95
      vertex 101.651 68.8739 45.7767
      vertex 101.651 68.5047 48.9554
    endloop
  endfacet
  facet normal 0.751657 0.655157 0.0760309
    outer loop
      vertex 101.651 68.8739 45.7767
      vertex 101.692 68.4586 48.95
      vertex 101.757 68.7539 45.7628
    endloop
  endfacet
  facet normal 0.895709 -0.441672 -0.051301
    outer loop
      vertex 101.528 70.377 49.1728
      vertex 101.429 70.5481 45.9712
      vertex 101.528 70.7462 45.9942
    endloop
  endfacet
  facet normal 0.895709 -0.441672 -0.051301
    outer loop
      vertex 101.429 70.5481 45.9712
      vertex 101.528 70.377 49.1728
      vertex 101.429 70.1789 49.1498
    endloop
  endfacet
  facet normal 0.555314 -0.826087 -0.0959515
    outer loop
      vertex 101.965 70.8724 49.2303
      vertex 102.15 71.3643 46.066
      vertex 102.15 70.9951 49.2446
    endloop
  endfacet
  facet normal 0.555622 -0.825885 -0.0959021
    outer loop
      vertex 102.15 71.3643 46.066
      vertex 101.965 70.8724 49.2303
      vertex 101.965 71.2415 46.0517
    endloop
  endfacet
  facet normal 0.896977 0.439149 0.0507937
    outer loop
      vertex 101.528 68.6884 48.9767
      vertex 101.5 69.1125 45.8045
      vertex 101.457 68.8315 48.9933
    endloop
  endfacet
  facet normal 0.892391 0.448251 0.0520511
    outer loop
      vertex 101.5 69.1125 45.8045
      vertex 101.528 68.6884 48.9767
      vertex 101.528 69.0575 45.7981
    endloop
  endfacet
  facet normal 0.832034 -0.55103 -0.0639258
    outer loop
      vertex 101.562 70.4281 49.1787
      vertex 101.528 70.7462 45.9942
      vertex 101.617 70.8788 46.0096
    endloop
  endfacet
  facet normal 0.834237 -0.547724 -0.0636191
    outer loop
      vertex 101.528 70.7462 45.9942
      vertex 101.562 70.4281 49.1787
      vertex 101.528 70.377 49.1728
    endloop
  endfacet
  facet normal 0.751419 -0.655425 -0.0760714
    outer loop
      vertex 101.651 70.5607 49.1941
      vertex 101.692 70.976 46.0209
      vertex 101.757 70.6806 49.2081
    endloop
  endfacet
  facet normal 0.750175 -0.656825 -0.0762708
    outer loop
      vertex 101.692 70.976 46.0209
      vertex 101.651 70.5607 49.1941
      vertex 101.651 70.9298 46.0155
    endloop
  endfacet
  facet normal 0.981165 -0.19188 -0.0223075
    outer loop
      vertex 101.327 69.8133 49.1074
      vertex 101.315 70.1223 45.9217
      vertex 101.346 70.2787 45.9399
    endloop
  endfacet
  facet normal 0.980956 -0.192934 -0.0224089
    outer loop
      vertex 101.315 70.1223 45.9217
      vertex 101.327 69.8133 49.1074
      vertex 101.315 69.7531 49.1004
    endloop
  endfacet
  facet normal 0.833746 0.548463 0.0636877
    outer loop
      vertex 101.528 68.6884 48.9767
      vertex 101.562 69.0065 45.7922
      vertex 101.528 69.0575 45.7981
    endloop
  endfacet
  facet normal 0.832224 0.550745 0.0638994
    outer loop
      vertex 101.562 69.0065 45.7922
      vertex 101.528 68.6884 48.9767
      vertex 101.617 68.5557 48.9613
    endloop
  endfacet
  facet normal 0.997899 0.0643552 0.00747271
    outer loop
      vertex 101.304 69.4715 49.0677
      vertex 101.3 69.9018 45.8961
      vertex 101.3 69.5327 49.0748
    endloop
  endfacet
  facet normal 0.99765 0.0680492 0.0079742
    outer loop
      vertex 101.3 69.9018 45.8961
      vertex 101.304 69.4715 49.0677
      vertex 101.311 69.7427 45.8776
    endloop
  endfacet
  facet normal 0.663299 0.743396 0.0860073
    outer loop
      vertex 101.965 68.193 48.9192
      vertex 101.844 68.6673 45.7528
      vertex 101.919 68.2335 48.9239
    endloop
  endfacet
  facet normal 0.65861 0.747462 0.0867955
    outer loop
      vertex 101.844 68.6673 45.7528
      vertex 101.965 68.193 48.9192
      vertex 101.965 68.5621 45.7406
    endloop
  endfacet
  facet normal 0.194371 -0.974382 -0.11314
    outer loop
      vertex 102.56 71.1638 49.2642
      vertex 102.621 71.5449 46.0869
      vertex 102.718 71.1949 49.2678
    endloop
  endfacet
  facet normal 0.192744 -0.974697 -0.113209
    outer loop
      vertex 102.621 71.5449 46.0869
      vertex 102.56 71.1638 49.2642
      vertex 102.56 71.533 46.0855
    endloop
  endfacet
  facet normal 0.445599 -0.889277 -0.103094
    outer loop
      vertex 102.15 70.9951 49.2446
      vertex 102.294 71.4348 46.0742
      vertex 102.205 71.0223 49.2477
    endloop
  endfacet
  facet normal 0.4421 -0.890976 -0.103488
    outer loop
      vertex 102.294 71.4348 46.0742
      vertex 102.15 70.9951 49.2446
      vertex 102.15 71.3643 46.066
    endloop
  endfacet
  facet normal -0.751388 -0.655461 -0.0760741
    outer loop
      vertex 104.243 70.6806 49.2081
      vertex 104.202 71.0959 46.0348
      vertex 104.308 70.976 46.0209
    endloop
  endfacet
  facet normal -0.750094 -0.656917 -0.0762814
    outer loop
      vertex 104.202 71.0959 46.0348
      vertex 104.243 70.6806 49.2081
      vertex 104.202 70.7268 49.2134
    endloop
  endfacet
  facet normal -0.947601 0.317324 0.0368478
    outer loop
      vertex 104.571 69.2556 45.8211
      vertex 104.642 69.0957 49.024
      vertex 104.642 69.4648 45.8454
    endloop
  endfacet
  facet normal -0.947601 0.317324 0.0368478
    outer loop
      vertex 104.642 69.0957 49.024
      vertex 104.571 69.2556 45.8211
      vertex 104.571 68.8865 48.9997
    endloop
  endfacet
  facet normal -0.749392 0.657707 0.0763732
    outer loop
      vertex 104.202 68.3387 48.9361
      vertex 104.243 68.7539 45.7628
      vertex 104.202 68.7078 45.7575
    endloop
  endfacet
  facet normal -0.751388 0.655463 0.0760537
    outer loop
      vertex 104.243 68.7539 45.7628
      vertex 104.202 68.3387 48.9361
      vertex 104.308 68.4586 48.95
    endloop
  endfacet
  facet normal -0.445599 -0.889277 -0.103094
    outer loop
      vertex 103.706 71.4348 46.0742
      vertex 103.85 70.9951 49.2446
      vertex 103.795 71.0223 49.2477
    endloop
  endfacet
  facet normal -0.4421 -0.890976 -0.103488
    outer loop
      vertex 103.85 70.9951 49.2446
      vertex 103.706 71.4348 46.0742
      vertex 103.85 71.3643 46.066
    endloop
  endfacet
  facet normal -0.0646939 0.991245 0.115104
    outer loop
      vertex 103.222 68.2276 45.7017
      vertex 103.16 67.8545 48.8799
      vertex 103.222 67.8585 48.8803
    endloop
  endfacet
  facet normal -0.0652916 0.991207 0.115088
    outer loop
      vertex 103.16 67.8545 48.8799
      vertex 103.222 68.2276 45.7017
      vertex 103.062 68.2172 45.7005
    endloop
  endfacet
  facet normal -0.558453 0.823999 0.0956831
    outer loop
      vertex 104.035 68.5621 45.7406
      vertex 103.984 68.1589 48.9152
      vertex 104.035 68.193 48.9192
    endloop
  endfacet
  facet normal -0.554112 0.826874 0.0961179
    outer loop
      vertex 103.984 68.1589 48.9152
      vertex 104.035 68.5621 45.7406
      vertex 103.901 68.4735 45.7303
    endloop
  endfacet
  facet normal -0.197395 0.973788 0.113013
    outer loop
      vertex 103.379 68.2588 45.7053
      vertex 103.222 67.8585 48.8803
      vertex 103.282 67.8705 48.8817
    endloop
  endfacet
  facet normal -0.196158 0.974027 0.113104
    outer loop
      vertex 103.222 67.8585 48.8803
      vertex 103.379 68.2588 45.7053
      vertex 103.222 68.2276 45.7017
    endloop
  endfacet
  facet normal 0.832056 0.550995 0.0639378
    outer loop
      vertex 101.617 68.5557 48.9613
      vertex 101.651 68.8739 45.7767
      vertex 101.562 69.0065 45.7922
    endloop
  endfacet
  facet normal 0.833746 0.548461 0.0637027
    outer loop
      vertex 101.651 68.8739 45.7767
      vertex 101.617 68.5557 48.9613
      vertex 101.651 68.5047 48.9554
    endloop
  endfacet
  facet normal 0.751388 0.655463 0.0760537
    outer loop
      vertex 101.798 68.3387 48.9361
      vertex 101.757 68.7539 45.7628
      vertex 101.692 68.4586 48.95
    endloop
  endfacet
  facet normal 0.749392 0.657707 0.0763732
    outer loop
      vertex 101.757 68.7539 45.7628
      vertex 101.798 68.3387 48.9361
      vertex 101.798 68.7078 45.7575
    endloop
  endfacet
  facet normal 0.65861 0.747462 0.0867955
    outer loop
      vertex 101.919 68.2335 48.9239
      vertex 101.798 68.7078 45.7575
      vertex 101.798 68.3387 48.9361
    endloop
  endfacet
  facet normal 0.663299 0.743396 0.0860073
    outer loop
      vertex 101.798 68.7078 45.7575
      vertex 101.919 68.2335 48.9239
      vertex 101.844 68.6673 45.7528
    endloop
  endfacet
  facet normal 0.0652916 0.991207 0.115088
    outer loop
      vertex 103 67.8441 48.8787
      vertex 102.938 68.2172 45.7005
      vertex 102.84 67.8545 48.8799
    endloop
  endfacet
  facet normal 0.0648787 0.991233 0.115099
    outer loop
      vertex 102.938 68.2172 45.7005
      vertex 103 67.8441 48.8787
      vertex 103 68.2132 45.7
    endloop
  endfacet
  facet normal 0.750094 -0.656917 -0.0762814
    outer loop
      vertex 101.757 70.6806 49.2081
      vertex 101.798 71.0959 46.0348
      vertex 101.798 70.7268 49.2134
    endloop
  endfacet
  facet normal 0.751388 -0.655461 -0.0760741
    outer loop
      vertex 101.798 71.0959 46.0348
      vertex 101.757 70.6806 49.2081
      vertex 101.692 70.976 46.0209
    endloop
  endfacet
  facet normal 0.981185 0.191777 0.0222983
    outer loop
      vertex 101.346 69.1558 49.031
      vertex 101.358 69.4648 45.8454
      vertex 101.327 69.6213 45.8635
    endloop
  endfacet
  facet normal 0.980895 0.193239 0.022439
    outer loop
      vertex 101.358 69.4648 45.8454
      vertex 101.346 69.1558 49.031
      vertex 101.358 69.0957 49.024
    endloop
  endfacet
  facet normal 0.197395 0.973788 0.113013
    outer loop
      vertex 102.778 67.8585 48.8803
      vertex 102.621 68.2588 45.7053
      vertex 102.718 67.8705 48.8817
    endloop
  endfacet
  facet normal 0.196158 0.974027 0.113104
    outer loop
      vertex 102.621 68.2588 45.7053
      vertex 102.778 67.8585 48.8803
      vertex 102.778 68.2276 45.7017
    endloop
  endfacet
  facet normal 0.558453 0.823999 0.0956831
    outer loop
      vertex 102.016 68.1589 48.9152
      vertex 101.965 68.5621 45.7406
      vertex 101.965 68.193 48.9192
    endloop
  endfacet
  facet normal 0.554112 0.826874 0.0961179
    outer loop
      vertex 101.965 68.5621 45.7406
      vertex 102.016 68.1589 48.9152
      vertex 102.099 68.4735 45.7303
    endloop
  endfacet
  facet normal 0.319846 -0.941145 -0.109291
    outer loop
      vertex 102.349 71.0928 49.2559
      vertex 102.408 71.4817 46.0796
      vertex 102.502 71.1441 49.2619
    endloop
  endfacet
  facet normal 0.318643 -0.941545 -0.109362
    outer loop
      vertex 102.408 71.4817 46.0796
      vertex 102.349 71.0928 49.2559
      vertex 102.349 71.462 46.0773
    endloop
  endfacet
  facet normal -0.980956 -0.192934 -0.0224036
    outer loop
      vertex 104.654 70.2787 45.9399
      vertex 104.642 69.9698 49.1255
      vertex 104.642 70.3389 45.9469
    endloop
  endfacet
  facet normal -0.981185 -0.191778 -0.0222923
    outer loop
      vertex 104.642 69.9698 49.1255
      vertex 104.654 70.2787 45.9399
      vertex 104.673 69.8133 49.1074
    endloop
  endfacet
  facet normal -0.981165 -0.19188 -0.0223075
    outer loop
      vertex 104.685 70.1223 45.9217
      vertex 104.673 69.8133 49.1074
      vertex 104.654 70.2787 45.9399
    endloop
  endfacet
  facet normal -0.980956 -0.192934 -0.0224089
    outer loop
      vertex 104.673 69.8133 49.1074
      vertex 104.685 70.1223 45.9217
      vertex 104.685 69.7531 49.1004
    endloop
  endfacet
  facet normal -0.659657 -0.74655 -0.0866896
    outer loop
      vertex 104.035 71.2415 46.0517
      vertex 104.202 70.7268 49.2134
      vertex 104.035 70.8724 49.2303
    endloop
  endfacet
  facet normal -0.659657 -0.74655 -0.0866896
    outer loop
      vertex 104.202 70.7268 49.2134
      vertex 104.035 71.2415 46.0517
      vertex 104.202 71.0959 46.0348
    endloop
  endfacet
  facet normal -0.750175 -0.656825 -0.0762708
    outer loop
      vertex 104.349 70.5607 49.1941
      vertex 104.308 70.976 46.0209
      vertex 104.349 70.9298 46.0155
    endloop
  endfacet
  facet normal -0.751419 -0.655425 -0.0760714
    outer loop
      vertex 104.308 70.976 46.0209
      vertex 104.349 70.5607 49.1941
      vertex 104.243 70.6806 49.2081
    endloop
  endfacet
  facet normal -0.832056 0.550995 0.0639378
    outer loop
      vertex 104.349 68.8739 45.7767
      vertex 104.383 68.5557 48.9613
      vertex 104.438 69.0065 45.7922
    endloop
  endfacet
  facet normal -0.833746 0.548461 0.0637027
    outer loop
      vertex 104.383 68.5557 48.9613
      vertex 104.349 68.8739 45.7767
      vertex 104.349 68.5047 48.9554
    endloop
  endfacet
  facet normal -0.751657 0.655157 0.0760309
    outer loop
      vertex 104.308 68.4586 48.95
      vertex 104.349 68.8739 45.7767
      vertex 104.243 68.7539 45.7628
    endloop
  endfacet
  facet normal -0.749474 0.657613 0.0763805
    outer loop
      vertex 104.349 68.8739 45.7767
      vertex 104.308 68.4586 48.95
      vertex 104.349 68.5047 48.9554
    endloop
  endfacet
  facet normal -0.65861 0.747462 0.0867955
    outer loop
      vertex 104.202 68.7078 45.7575
      vertex 104.081 68.2335 48.9239
      vertex 104.202 68.3387 48.9361
    endloop
  endfacet
  facet normal -0.663299 0.743396 0.0860073
    outer loop
      vertex 104.081 68.2335 48.9239
      vertex 104.202 68.7078 45.7575
      vertex 104.156 68.6673 45.7528
    endloop
  endfacet
  facet normal -0.896977 0.439149 0.0507937
    outer loop
      vertex 104.543 68.8315 48.9933
      vertex 104.571 69.2556 45.8211
      vertex 104.5 69.1125 45.8045
    endloop
  endfacet
  facet normal -0.892391 0.448251 0.0520511
    outer loop
      vertex 104.571 69.2556 45.8211
      vertex 104.543 68.8315 48.9933
      vertex 104.571 68.8865 48.9997
    endloop
  endfacet
  facet normal -0.4421 -0.890976 -0.103488
    outer loop
      vertex 103.651 71.462 46.0773
      vertex 103.795 71.0223 49.2477
      vertex 103.651 71.0928 49.2559
    endloop
  endfacet
  facet normal -0.445599 -0.889277 -0.103094
    outer loop
      vertex 103.795 71.0223 49.2477
      vertex 103.651 71.462 46.0773
      vertex 103.706 71.4348 46.0742
    endloop
  endfacet
  facet normal -0.323566 -0.939887 -0.109166
    outer loop
      vertex 103.44 71.533 46.0855
      vertex 103.498 71.1441 49.2619
      vertex 103.44 71.1638 49.2642
    endloop
  endfacet
  facet normal -0.321669 -0.940525 -0.109279
    outer loop
      vertex 103.498 71.1441 49.2619
      vertex 103.44 71.533 46.0855
      vertex 103.592 71.4817 46.0796
    endloop
  endfacet
  facet normal -0.32087 0.940802 0.109246
    outer loop
      vertex 103.651 68.3417 45.715
      vertex 103.44 67.9016 48.8853
      vertex 103.651 67.9726 48.8936
    endloop
  endfacet
  facet normal -0.32087 0.940802 0.109246
    outer loop
      vertex 103.44 67.9016 48.8853
      vertex 103.651 68.3417 45.715
      vertex 103.44 68.2707 45.7067
    endloop
  endfacet
  facet normal 0.833746 -0.548463 -0.0636877
    outer loop
      vertex 101.651 70.5607 49.1941
      vertex 101.617 70.8788 46.0096
      vertex 101.651 70.9298 46.0155
    endloop
  endfacet
  facet normal 0.832034 -0.55103 -0.0639258
    outer loop
      vertex 101.617 70.8788 46.0096
      vertex 101.651 70.5607 49.1941
      vertex 101.562 70.4281 49.1787
    endloop
  endfacet
  facet normal 0.4421 -0.890976 -0.103488
    outer loop
      vertex 102.205 71.0223 49.2477
      vertex 102.349 71.462 46.0773
      vertex 102.349 71.0928 49.2559
    endloop
  endfacet
  facet normal 0.445599 -0.889277 -0.103094
    outer loop
      vertex 102.349 71.462 46.0773
      vertex 102.205 71.0223 49.2477
      vertex 102.294 71.4348 46.0742
    endloop
  endfacet
  facet normal -0.833746 -0.548463 -0.0636877
    outer loop
      vertex 104.383 70.8788 46.0096
      vertex 104.349 70.5607 49.1941
      vertex 104.349 70.9298 46.0155
    endloop
  endfacet
  facet normal -0.832034 -0.55103 -0.0639258
    outer loop
      vertex 104.349 70.5607 49.1941
      vertex 104.383 70.8788 46.0096
      vertex 104.438 70.4281 49.1787
    endloop
  endfacet
  facet normal -0.319846 -0.941145 -0.109291
    outer loop
      vertex 103.592 71.4817 46.0796
      vertex 103.651 71.0928 49.2559
      vertex 103.498 71.1441 49.2619
    endloop
  endfacet
  facet normal -0.318643 -0.941545 -0.109362
    outer loop
      vertex 103.651 71.0928 49.2559
      vertex 103.592 71.4817 46.0796
      vertex 103.651 71.462 46.0773
    endloop
  endfacet
  facet normal 0.946178 -0.321485 -0.0373325
    outer loop
      vertex 101.358 69.9698 49.1255
      vertex 101.378 70.397 45.9536
      vertex 101.41 70.1208 49.1431
    endloop
  endfacet
  facet normal 0.946204 -0.321412 -0.0373224
    outer loop
      vertex 101.378 70.397 45.9536
      vertex 101.358 69.9698 49.1255
      vertex 101.358 70.3389 45.9469
    endloop
  endfacet
  facet normal 0.980956 -0.192934 -0.0224036
    outer loop
      vertex 101.358 69.9698 49.1255
      vertex 101.346 70.2787 45.9399
      vertex 101.358 70.3389 45.9469
    endloop
  endfacet
  facet normal 0.981185 -0.191778 -0.0222923
    outer loop
      vertex 101.346 70.2787 45.9399
      vertex 101.358 69.9698 49.1255
      vertex 101.327 69.8133 49.1074
    endloop
  endfacet
  facet normal -0.948134 -0.315726 -0.0368534
    outer loop
      vertex 104.59 70.1208 49.1431
      vertex 104.571 70.5481 45.9712
      vertex 104.622 70.397 45.9536
    endloop
  endfacet
  facet normal -0.951071 -0.30691 -0.0356482
    outer loop
      vertex 104.571 70.5481 45.9712
      vertex 104.59 70.1208 49.1431
      vertex 104.571 70.1789 49.1498
    endloop
  endfacet
  facet normal 0.947601 0.317324 0.0368478
    outer loop
      vertex 101.358 69.0957 49.024
      vertex 101.429 69.2556 45.8211
      vertex 101.358 69.4648 45.8454
    endloop
  endfacet
  facet normal 0.947601 0.317324 0.0368478
    outer loop
      vertex 101.429 69.2556 45.8211
      vertex 101.358 69.0957 49.024
      vertex 101.429 68.8865 48.9997
    endloop
  endfacet
  facet normal -0.946945 0.31925 0.0370803
    outer loop
      vertex 1.62222 -69.6587 29.6891
      vertex 1.64207 -69.9698 32.8745
      vertex 1.64207 -69.6006 29.6958
    endloop
  endfacet
  facet normal -0.946901 0.319379 0.0370926
    outer loop
      vertex 1.64207 -69.9698 32.8745
      vertex 1.62222 -69.6587 29.6891
      vertex 1.59045 -70.1208 32.8569
    endloop
  endfacet
  facet normal 0.659757 -0.746463 -0.0866777
    outer loop
      vertex -1.20208 -68.3387 33.0639
      vertex -1.08133 -67.8643 29.8975
      vertex -1.15564 -68.2982 33.0686
    endloop
  endfacet
  facet normal 0.659382 -0.746788 -0.0867407
    outer loop
      vertex -1.08133 -67.8643 29.8975
      vertex -1.20208 -68.3387 33.0639
      vertex -1.20208 -67.9695 29.8853
    endloop
  endfacet
  facet normal -0.659382 -0.746791 -0.0867175
    outer loop
      vertex 1.03489 -67.8239 29.9022
      vertex 1.15564 -68.2982 33.0686
      vertex 1.03489 -68.193 33.0808
    endloop
  endfacet
  facet normal -0.658848 -0.747251 -0.0868068
    outer loop
      vertex 1.15564 -68.2982 33.0686
      vertex 1.03489 -67.8239 29.9022
      vertex 1.08133 -67.8643 29.8975
    endloop
  endfacet
  facet normal -0.99786 -0.0649537 -0.00754244
    outer loop
      vertex 1.7 -69.1636 29.7466
      vertex 1.68546 -69.3123 32.9508
      vertex 1.68546 -68.9432 29.7722
    endloop
  endfacet
  facet normal -0.99786 -0.0649537 -0.00754244
    outer loop
      vertex 1.68546 -69.3123 32.9508
      vertex 1.7 -69.1636 29.7466
      vertex 1.7 -69.5327 32.9252
    endloop
  endfacet
  facet normal -0.442286 0.890888 0.10345
    outer loop
      vertex 0.849999 -70.626 29.5768
      vertex 0.650561 -71.0928 32.7441
      vertex 0.849999 -70.9951 32.7554
    endloop
  endfacet
  facet normal -0.442328 0.890868 0.103445
    outer loop
      vertex 0.650561 -71.0928 32.7441
      vertex 0.849999 -70.626 29.5768
      vertex 0.650561 -70.7237 29.5654
    endloop
  endfacet
  facet normal 0.896782 0.439519 0.0510355
    outer loop
      vertex -1.47224 -70.377 32.8272
      vertex -1.49956 -69.9529 29.6549
      vertex -1.54327 -70.234 32.8438
    endloop
  endfacet
  facet normal 0.896783 0.439518 0.0510353
    outer loop
      vertex -1.49956 -69.9529 29.6549
      vertex -1.47224 -70.377 32.8272
      vertex -1.47224 -70.0079 29.6485
    endloop
  endfacet
  facet normal -0.321131 -0.940714 -0.109233
    outer loop
      vertex 0.439992 -67.5325 29.936
      vertex 0.498483 -67.9213 33.1124
      vertex 0.439992 -67.9016 33.1147
    endloop
  endfacet
  facet normal -0.320966 -0.940769 -0.109242
    outer loop
      vertex 0.498483 -67.9213 33.1124
      vertex 0.439992 -67.5325 29.936
      vertex 0.59207 -67.5837 29.9301
    endloop
  endfacet
  facet normal -0.442501 -0.890782 -0.103438
    outer loop
      vertex 0.650561 -67.6035 29.9278
      vertex 0.7946 -68.0432 33.0982
      vertex 0.650561 -67.9726 33.1064
    endloop
  endfacet
  facet normal -0.441871 -0.891087 -0.103509
    outer loop
      vertex 0.7946 -68.0432 33.0982
      vertex 0.650561 -67.6035 29.9278
      vertex 0.705961 -67.6306 29.9246
    endloop
  endfacet
  facet normal 0.831353 -0.552036 -0.0641026
    outer loop
      vertex -1.3487 -68.5047 33.0446
      vertex -1.38302 -68.1866 29.8601
      vertex -1.3487 -68.1356 29.866
    endloop
  endfacet
  facet normal 0.831563 -0.551723 -0.0640736
    outer loop
      vertex -1.38302 -68.1866 29.8601
      vertex -1.3487 -68.5047 33.0446
      vertex -1.43793 -68.6374 33.0292
    endloop
  endfacet
  facet normal 0.0658032 0.99117 0.115116
    outer loop
      vertex 0 -71.2214 32.7291
      vertex -0.0616373 -70.8482 29.551
      vertex -0.160257 -71.2109 32.7303
    endloop
  endfacet
  facet normal 0.0652589 0.991204 0.11513
    outer loop
      vertex -0.0616373 -70.8482 29.551
      vertex 0 -71.2214 32.7291
      vertex 0 -70.8522 29.5505
    endloop
  endfacet
  facet normal -0.441727 -0.891157 -0.103522
    outer loop
      vertex 0.705961 -67.6306 29.9246
      vertex 0.849999 -68.0703 33.0951
      vertex 0.7946 -68.0432 33.0982
    endloop
  endfacet
  facet normal -0.442504 -0.890782 -0.103435
    outer loop
      vertex 0.849999 -68.0703 33.0951
      vertex 0.705961 -67.6306 29.9246
      vertex 0.849999 -67.7012 29.9164
    endloop
  endfacet
  facet normal -0.751639 0.65517 0.0760968
    outer loop
      vertex 1.20208 -70.7268 32.7866
      vertex 1.24281 -70.3115 29.6133
      vertex 1.20208 -70.3576 29.6079
    endloop
  endfacet
  facet normal -0.751997 0.654766 0.0760394
    outer loop
      vertex 1.24281 -70.3115 29.6133
      vertex 1.20208 -70.7268 32.7866
      vertex 1.30797 -70.6068 32.8005
    endloop
  endfacet
  facet normal -0.751728 0.655072 0.0760622
    outer loop
      vertex 1.30797 -70.6068 32.8005
      vertex 1.3487 -70.1916 29.6272
      vertex 1.24281 -70.3115 29.6133
    endloop
  endfacet
  facet normal -0.751639 0.655172 0.0760764
    outer loop
      vertex 1.3487 -70.1916 29.6272
      vertex 1.30797 -70.6068 32.8005
      vertex 1.3487 -70.5607 32.8059
    endloop
  endfacet
  facet normal 0.321131 -0.940714 -0.109233
    outer loop
      vertex -0.498483 -67.9213 33.1124
      vertex -0.439992 -67.5325 29.936
      vertex -0.439992 -67.9016 33.1147
    endloop
  endfacet
  facet normal 0.320966 -0.940769 -0.109242
    outer loop
      vertex -0.439992 -67.5325 29.936
      vertex -0.498483 -67.9213 33.1124
      vertex -0.59207 -67.5837 29.9301
    endloop
  endfacet
  facet normal 0.555751 -0.825801 -0.0958892
    outer loop
      vertex -0.901359 -68.1044 33.0911
      vertex -0.849999 -67.7012 29.9164
      vertex -0.849999 -68.0703 33.0951
    endloop
  endfacet
  facet normal 0.555447 -0.826001 -0.0959196
    outer loop
      vertex -0.849999 -67.7012 29.9164
      vertex -0.901359 -68.1044 33.0911
      vertex -0.983534 -67.7898 29.9061
    endloop
  endfacet
  facet normal -0.555751 -0.825801 -0.0958892
    outer loop
      vertex 0.849999 -67.7012 29.9164
      vertex 0.901359 -68.1044 33.0911
      vertex 0.849999 -68.0703 33.0951
    endloop
  endfacet
  facet normal -0.555447 -0.826001 -0.0959196
    outer loop
      vertex 0.901359 -68.1044 33.0911
      vertex 0.849999 -67.7012 29.9164
      vertex 0.983534 -67.7898 29.9061
    endloop
  endfacet
  facet normal 0.194946 0.974267 0.113132
    outer loop
      vertex -0.282477 -71.1949 32.7322
      vertex -0.439992 -70.7947 29.5572
      vertex -0.439992 -71.1638 32.7358
    endloop
  endfacet
  facet normal 0.195568 0.974148 0.113086
    outer loop
      vertex -0.439992 -70.7947 29.5572
      vertex -0.282477 -71.1949 32.7322
      vertex -0.379409 -70.8067 29.5558
    endloop
  endfacet
  facet normal 0.831614 -0.551647 -0.064062
    outer loop
      vertex -1.43793 -68.6374 33.0292
      vertex -1.47224 -68.3193 29.8446
      vertex -1.38302 -68.1866 29.8601
    endloop
  endfacet
  facet normal 0.831428 -0.551925 -0.0640877
    outer loop
      vertex -1.47224 -68.3193 29.8446
      vertex -1.43793 -68.6374 33.0292
      vertex -1.47224 -68.6884 33.0233
    endloop
  endfacet
  facet normal 0.0651557 -0.991211 -0.115131
    outer loop
      vertex -0.221894 -67.8585 33.1197
      vertex 0 -67.4749 29.9427
      vertex 0 -67.8441 33.1213
    endloop
  endfacet
  facet normal 0.0656521 -0.991183 -0.115093
    outer loop
      vertex 0 -67.4749 29.9427
      vertex -0.221894 -67.8585 33.1197
      vertex -0.221894 -67.4894 29.941
    endloop
  endfacet
  facet normal -0.946899 -0.319384 -0.0370858
    outer loop
      vertex 1.64207 -68.7265 29.7973
      vertex 1.57059 -68.8865 33.0003
      vertex 1.57059 -68.5174 29.8216
    endloop
  endfacet
  facet normal -0.946946 -0.319248 -0.03708
    outer loop
      vertex 1.57059 -68.8865 33.0003
      vertex 1.64207 -68.7265 29.7973
      vertex 1.64207 -69.0957 32.976
    endloop
  endfacet
  facet normal -0.751558 -0.655264 -0.0760895
    outer loop
      vertex 1.3487 -68.5047 33.0446
      vertex 1.30797 -68.0895 29.8713
      vertex 1.3487 -68.1356 29.866
    endloop
  endfacet
  facet normal -0.751728 -0.655072 -0.0760622
    outer loop
      vertex 1.30797 -68.0895 29.8713
      vertex 1.3487 -68.5047 33.0446
      vertex 1.24281 -68.3848 33.0585
    endloop
  endfacet
  facet normal 0.441727 -0.891157 -0.103522
    outer loop
      vertex -0.849999 -68.0703 33.0951
      vertex -0.705961 -67.6306 29.9246
      vertex -0.7946 -68.0432 33.0982
    endloop
  endfacet
  facet normal 0.442504 -0.890782 -0.103435
    outer loop
      vertex -0.705961 -67.6306 29.9246
      vertex -0.849999 -68.0703 33.0951
      vertex -0.849999 -67.7012 29.9164
    endloop
  endfacet
  facet normal -0.831353 -0.552036 -0.0641026
    outer loop
      vertex 1.38302 -68.1866 29.8601
      vertex 1.3487 -68.5047 33.0446
      vertex 1.3487 -68.1356 29.866
    endloop
  endfacet
  facet normal -0.831563 -0.551723 -0.0640736
    outer loop
      vertex 1.3487 -68.5047 33.0446
      vertex 1.38302 -68.1866 29.8601
      vertex 1.43793 -68.6374 33.0292
    endloop
  endfacet
  facet normal 0.751639 0.655172 0.0760764
    outer loop
      vertex -1.30797 -70.6068 32.8005
      vertex -1.3487 -70.1916 29.6272
      vertex -1.3487 -70.5607 32.8059
    endloop
  endfacet
  facet normal 0.751728 0.655072 0.0760622
    outer loop
      vertex -1.3487 -70.1916 29.6272
      vertex -1.30797 -70.6068 32.8005
      vertex -1.24281 -70.3115 29.6133
    endloop
  endfacet
  facet normal 0.980773 0.193848 0.0225123
    outer loop
      vertex -1.65412 -69.9096 32.8815
      vertex -1.64207 -69.6006 29.6958
      vertex -1.6734 -69.4442 29.714
    endloop
  endfacet
  facet normal 0.980801 0.193707 0.0224987
    outer loop
      vertex -1.64207 -69.6006 29.6958
      vertex -1.65412 -69.9096 32.8815
      vertex -1.64207 -69.9698 32.8745
    endloop
  endfacet
  facet normal -0.555459 -0.825993 -0.0959191
    outer loop
      vertex 0.983534 -67.7898 29.9061
      vertex 1.03489 -68.193 33.0808
      vertex 0.901359 -68.1044 33.0911
    endloop
  endfacet
  facet normal -0.555652 -0.825866 -0.0958998
    outer loop
      vertex 1.03489 -68.193 33.0808
      vertex 0.983534 -67.7898 29.9061
      vertex 1.03489 -67.8239 29.9022
    endloop
  endfacet
  facet normal 0.946938 0.319269 0.0370762
    outer loop
      vertex -1.59045 -70.1208 32.8569
      vertex -1.57059 -69.8098 29.6716
      vertex -1.62222 -69.6587 29.6891
    endloop
  endfacet
  facet normal 0.946896 0.319395 0.0370883
    outer loop
      vertex -1.57059 -69.8098 29.6716
      vertex -1.59045 -70.1208 32.8569
      vertex -1.57059 -70.1789 32.8502
    endloop
  endfacet
  facet normal -0.0652592 0.991208 0.115099
    outer loop
      vertex 0.221894 -70.8378 29.5522
      vertex 0.160257 -71.2109 32.7303
      vertex 0.221894 -71.2069 32.7308
    endloop
  endfacet
  facet normal -0.0651875 0.991213 0.115101
    outer loop
      vertex 0.160257 -71.2109 32.7303
      vertex 0.221894 -70.8378 29.5522
      vertex 0.0616373 -70.8482 29.551
    endloop
  endfacet
  facet normal 0.98074 -0.194013 -0.0225342
    outer loop
      vertex -1.65412 -69.1558 32.969
      vertex -1.64207 -68.7265 29.7973
      vertex -1.64207 -69.0957 32.976
    endloop
  endfacet
  facet normal 0.980794 -0.193745 -0.0224977
    outer loop
      vertex -1.64207 -68.7265 29.7973
      vertex -1.65412 -69.1558 32.969
      vertex -1.6734 -68.883 29.7792
    endloop
  endfacet
  facet normal -0.194946 0.974267 0.113132
    outer loop
      vertex 0.439992 -70.7947 29.5572
      vertex 0.282477 -71.1949 32.7322
      vertex 0.439992 -71.1638 32.7358
    endloop
  endfacet
  facet normal -0.195568 0.974148 0.113086
    outer loop
      vertex 0.282477 -71.1949 32.7322
      vertex 0.439992 -70.7947 29.5572
      vertex 0.379409 -70.8067 29.5558
    endloop
  endfacet
  facet normal -0.195119 -0.974234 -0.113125
    outer loop
      vertex 0.221894 -67.4894 29.941
      vertex 0.439992 -67.9016 33.1147
      vertex 0.221894 -67.8585 33.1197
    endloop
  endfacet
  facet normal -0.195119 -0.974234 -0.113125
    outer loop
      vertex 0.439992 -67.9016 33.1147
      vertex 0.221894 -67.4894 29.941
      vertex 0.439992 -67.5325 29.936
    endloop
  endfacet
  facet normal -0.195568 0.974148 0.113086
    outer loop
      vertex 0.379409 -70.8067 29.5558
      vertex 0.221894 -71.2069 32.7308
      vertex 0.282477 -71.1949 32.7322
    endloop
  endfacet
  facet normal -0.194946 0.974267 0.113132
    outer loop
      vertex 0.221894 -71.2069 32.7308
      vertex 0.379409 -70.8067 29.5558
      vertex 0.221894 -70.8378 29.5522
    endloop
  endfacet
  facet normal -0.896917 0.439246 0.0510133
    outer loop
      vertex 1.54327 -70.234 32.8438
      vertex 1.57059 -69.8098 29.6716
      vertex 1.49956 -69.9529 29.6549
    endloop
  endfacet
  facet normal -0.897097 0.438884 0.0509634
    outer loop
      vertex 1.57059 -69.8098 29.6716
      vertex 1.54327 -70.234 32.8438
      vertex 1.57059 -70.1789 32.8502
    endloop
  endfacet
  facet normal -0.0651557 -0.991211 -0.115131
    outer loop
      vertex 0 -67.4749 29.9427
      vertex 0.221894 -67.8585 33.1197
      vertex 0 -67.8441 33.1213
    endloop
  endfacet
  facet normal -0.0656521 -0.991183 -0.115093
    outer loop
      vertex 0.221894 -67.8585 33.1197
      vertex 0 -67.4749 29.9427
      vertex 0.221894 -67.4894 29.941
    endloop
  endfacet
  facet normal -0.831401 0.551963 0.0641104
    outer loop
      vertex 1.43793 -70.4281 32.8213
      vertex 1.47224 -70.0079 29.6485
      vertex 1.38302 -70.1405 29.6331
    endloop
  endfacet
  facet normal -0.831923 0.551187 0.064002
    outer loop
      vertex 1.47224 -70.0079 29.6485
      vertex 1.43793 -70.4281 32.8213
      vertex 1.47224 -70.377 32.8272
    endloop
  endfacet
  facet normal -0.98077 -0.193862 -0.0225114
    outer loop
      vertex 1.68546 -69.3123 32.9508
      vertex 1.6734 -68.883 29.7792
      vertex 1.68546 -68.9432 29.7722
    endloop
  endfacet
  facet normal -0.980785 -0.193791 -0.0225016
    outer loop
      vertex 1.6734 -68.883 29.7792
      vertex 1.68546 -69.3123 32.9508
      vertex 1.65412 -69.1558 32.969
    endloop
  endfacet
  facet normal -0.997861 0.0649376 0.00753942
    outer loop
      vertex 1.69596 -69.5939 32.9181
      vertex 1.7 -69.1636 29.7466
      vertex 1.6895 -69.3228 29.7281
    endloop
  endfacet
  facet normal -0.997857 0.064996 0.00754736
    outer loop
      vertex 1.7 -69.1636 29.7466
      vertex 1.69596 -69.5939 32.9181
      vertex 1.7 -69.5327 32.9252
    endloop
  endfacet
  facet normal 0.321585 -0.940558 -0.109238
    outer loop
      vertex -0.650561 -67.9726 33.1064
      vertex -0.59207 -67.5837 29.9301
      vertex -0.498483 -67.9213 33.1124
    endloop
  endfacet
  facet normal 0.322573 -0.940227 -0.109179
    outer loop
      vertex -0.59207 -67.5837 29.9301
      vertex -0.650561 -67.9726 33.1064
      vertex -0.650561 -67.6035 29.9278
    endloop
  endfacet
  facet normal 0.195119 -0.974234 -0.113125
    outer loop
      vertex -0.439992 -67.9016 33.1147
      vertex -0.221894 -67.4894 29.941
      vertex -0.221894 -67.8585 33.1197
    endloop
  endfacet
  facet normal 0.195119 -0.974234 -0.113125
    outer loop
      vertex -0.221894 -67.4894 29.941
      vertex -0.439992 -67.9016 33.1147
      vertex -0.439992 -67.5325 29.936
    endloop
  endfacet
  facet normal 0.321459 0.940603 0.10922
    outer loop
      vertex -0.439992 -71.1638 32.7358
      vertex -0.650561 -70.7237 29.5654
      vertex -0.650561 -71.0928 32.7441
    endloop
  endfacet
  facet normal 0.321413 0.940619 0.109225
    outer loop
      vertex -0.650561 -70.7237 29.5654
      vertex -0.439992 -71.1638 32.7358
      vertex -0.439992 -70.7947 29.5572
    endloop
  endfacet
  facet normal 0.897097 0.438884 0.0509634
    outer loop
      vertex -1.54327 -70.234 32.8438
      vertex -1.57059 -69.8098 29.6716
      vertex -1.57059 -70.1789 32.8502
    endloop
  endfacet
  facet normal 0.896917 0.439246 0.0510133
    outer loop
      vertex -1.57059 -69.8098 29.6716
      vertex -1.54327 -70.234 32.8438
      vertex -1.49956 -69.9529 29.6549
    endloop
  endfacet
  facet normal 0.98077 0.193862 0.0225114
    outer loop
      vertex -1.68546 -69.7531 32.8996
      vertex -1.6734 -69.4442 29.714
      vertex -1.68546 -69.384 29.721
    endloop
  endfacet
  facet normal 0.980782 0.193804 0.0225058
    outer loop
      vertex -1.6734 -69.4442 29.714
      vertex -1.68546 -69.7531 32.8996
      vertex -1.65412 -69.9096 32.8815
    endloop
  endfacet
  facet normal 0.751997 0.654766 0.0760394
    outer loop
      vertex -1.20208 -70.7268 32.7866
      vertex -1.24281 -70.3115 29.6133
      vertex -1.30797 -70.6068 32.8005
    endloop
  endfacet
  facet normal 0.751639 0.65517 0.0760968
    outer loop
      vertex -1.24281 -70.3115 29.6133
      vertex -1.20208 -70.7268 32.7866
      vertex -1.20208 -70.3576 29.6079
    endloop
  endfacet
  facet normal 0.442286 0.890888 0.10345
    outer loop
      vertex -0.650561 -71.0928 32.7441
      vertex -0.849999 -70.626 29.5768
      vertex -0.849999 -70.9951 32.7554
    endloop
  endfacet
  facet normal 0.442328 0.890868 0.103445
    outer loop
      vertex -0.849999 -70.626 29.5768
      vertex -0.650561 -71.0928 32.7441
      vertex -0.650561 -70.7237 29.5654
    endloop
  endfacet
  facet normal -0.0658032 0.99117 0.115116
    outer loop
      vertex 0.0616373 -70.8482 29.551
      vertex 0 -71.2214 32.7291
      vertex 0.160257 -71.2109 32.7303
    endloop
  endfacet
  facet normal -0.0652589 0.991204 0.11513
    outer loop
      vertex 0 -71.2214 32.7291
      vertex 0.0616373 -70.8482 29.551
      vertex 0 -70.8522 29.5505
    endloop
  endfacet
  facet normal 0.751639 -0.65517 -0.0760991
    outer loop
      vertex -1.24281 -68.3848 33.0585
      vertex -1.20208 -67.9695 29.8853
      vertex -1.20208 -68.3387 33.0639
    endloop
  endfacet
  facet normal 0.752028 -0.654731 -0.0760367
    outer loop
      vertex -1.20208 -67.9695 29.8853
      vertex -1.24281 -68.3848 33.0585
      vertex -1.30797 -68.0895 29.8713
    endloop
  endfacet
  facet normal -0.980794 -0.193745 -0.0224977
    outer loop
      vertex 1.65412 -69.1558 32.969
      vertex 1.64207 -68.7265 29.7973
      vertex 1.6734 -68.883 29.7792
    endloop
  endfacet
  facet normal -0.98074 -0.194013 -0.0225342
    outer loop
      vertex 1.64207 -68.7265 29.7973
      vertex 1.65412 -69.1558 32.969
      vertex 1.64207 -69.0957 32.976
    endloop
  endfacet
  facet normal -0.555447 0.826001 0.0959196
    outer loop
      vertex 0.901359 -70.5919 29.5807
      vertex 0.849999 -70.9951 32.7554
      vertex 0.983534 -70.9065 32.7657
    endloop
  endfacet
  facet normal -0.555622 0.825886 0.0959021
    outer loop
      vertex 0.849999 -70.9951 32.7554
      vertex 0.901359 -70.5919 29.5807
      vertex 0.849999 -70.626 29.5768
    endloop
  endfacet
  facet normal -0.321459 0.940603 0.10922
    outer loop
      vertex 0.650561 -70.7237 29.5654
      vertex 0.439992 -71.1638 32.7358
      vertex 0.650561 -71.0928 32.7441
    endloop
  endfacet
  facet normal -0.321413 0.940619 0.109225
    outer loop
      vertex 0.439992 -71.1638 32.7358
      vertex 0.650561 -70.7237 29.5654
      vertex 0.439992 -70.7947 29.5572
    endloop
  endfacet
  facet normal -0.896783 0.439518 0.0510353
    outer loop
      vertex 1.47224 -70.377 32.8272
      vertex 1.49956 -69.9529 29.6549
      vertex 1.47224 -70.0079 29.6485
    endloop
  endfacet
  facet normal -0.896782 0.439519 0.0510355
    outer loop
      vertex 1.49956 -69.9529 29.6549
      vertex 1.47224 -70.377 32.8272
      vertex 1.54327 -70.234 32.8438
    endloop
  endfacet
  facet normal -0.555781 0.825781 0.0958869
    outer loop
      vertex 1.03489 -70.5033 29.591
      vertex 0.983534 -70.9065 32.7657
      vertex 1.03489 -70.8724 32.7697
    endloop
  endfacet
  facet normal -0.555459 0.825993 0.0959191
    outer loop
      vertex 0.983534 -70.9065 32.7657
      vertex 1.03489 -70.5033 29.591
      vertex 0.901359 -70.5919 29.5807
    endloop
  endfacet
  facet normal -0.658848 0.747251 0.0868041
    outer loop
      vertex 1.15564 -70.3981 29.6032
      vertex 1.03489 -70.8724 32.7697
      vertex 1.08133 -70.832 32.7744
    endloop
  endfacet
  facet normal -0.659382 0.746791 0.0867149
    outer loop
      vertex 1.03489 -70.8724 32.7697
      vertex 1.15564 -70.3981 29.6032
      vertex 1.03489 -70.5033 29.591
    endloop
  endfacet
  facet normal 0.831923 0.551187 0.064002
    outer loop
      vertex -1.43793 -70.4281 32.8213
      vertex -1.47224 -70.0079 29.6485
      vertex -1.47224 -70.377 32.8272
    endloop
  endfacet
  facet normal 0.831401 0.551963 0.0641104
    outer loop
      vertex -1.47224 -70.0079 29.6485
      vertex -1.43793 -70.4281 32.8213
      vertex -1.38302 -70.1405 29.6331
    endloop
  endfacet
  facet normal -0.997857 0.064996 0.00754736
    outer loop
      vertex 1.68546 -69.7531 32.8996
      vertex 1.6895 -69.3228 29.7281
      vertex 1.68546 -69.384 29.721
    endloop
  endfacet
  facet normal -0.997861 0.0649376 0.00753942
    outer loop
      vertex 1.6895 -69.3228 29.7281
      vertex 1.68546 -69.7531 32.8996
      vertex 1.69596 -69.5939 32.9181
    endloop
  endfacet
  facet normal 0.442501 -0.890782 -0.103438
    outer loop
      vertex -0.7946 -68.0432 33.0982
      vertex -0.650561 -67.6035 29.9278
      vertex -0.650561 -67.9726 33.1064
    endloop
  endfacet
  facet normal 0.441871 -0.891087 -0.103509
    outer loop
      vertex -0.650561 -67.6035 29.9278
      vertex -0.7946 -68.0432 33.0982
      vertex -0.705961 -67.6306 29.9246
    endloop
  endfacet
  facet normal 0.946899 -0.319384 -0.0370858
    outer loop
      vertex -1.57059 -68.8865 33.0003
      vertex -1.64207 -68.7265 29.7973
      vertex -1.57059 -68.5174 29.8216
    endloop
  endfacet
  facet normal 0.946946 -0.319248 -0.03708
    outer loop
      vertex -1.64207 -68.7265 29.7973
      vertex -1.57059 -68.8865 33.0003
      vertex -1.64207 -69.0957 32.976
    endloop
  endfacet
  facet normal 0.751728 -0.655072 -0.0760622
    outer loop
      vertex -1.3487 -68.5047 33.0446
      vertex -1.30797 -68.0895 29.8713
      vertex -1.24281 -68.3848 33.0585
    endloop
  endfacet
  facet normal 0.751558 -0.655264 -0.0760895
    outer loop
      vertex -1.30797 -68.0895 29.8713
      vertex -1.3487 -68.5047 33.0446
      vertex -1.3487 -68.1356 29.866
    endloop
  endfacet
  facet normal 0.555459 -0.825993 -0.0959191
    outer loop
      vertex -1.03489 -68.193 33.0808
      vertex -0.983534 -67.7898 29.9061
      vertex -0.901359 -68.1044 33.0911
    endloop
  endfacet
  facet normal 0.555652 -0.825866 -0.0958998
    outer loop
      vertex -0.983534 -67.7898 29.9061
      vertex -1.03489 -68.193 33.0808
      vertex -1.03489 -67.8239 29.9022
    endloop
  endfacet
  facet normal 0.659382 -0.746791 -0.0867175
    outer loop
      vertex -1.15564 -68.2982 33.0686
      vertex -1.03489 -67.8239 29.9022
      vertex -1.03489 -68.193 33.0808
    endloop
  endfacet
  facet normal 0.658848 -0.747251 -0.0868068
    outer loop
      vertex -1.03489 -67.8239 29.9022
      vertex -1.15564 -68.2982 33.0686
      vertex -1.08133 -67.8643 29.8975
    endloop
  endfacet
  facet normal -0.321585 -0.940558 -0.109238
    outer loop
      vertex 0.59207 -67.5837 29.9301
      vertex 0.650561 -67.9726 33.1064
      vertex 0.498483 -67.9213 33.1124
    endloop
  endfacet
  facet normal -0.322573 -0.940227 -0.109179
    outer loop
      vertex 0.650561 -67.9726 33.1064
      vertex 0.59207 -67.5837 29.9301
      vertex 0.650561 -67.6035 29.9278
    endloop
  endfacet
  facet normal 0.946945 0.31925 0.0370803
    outer loop
      vertex -1.64207 -69.9698 32.8745
      vertex -1.62222 -69.6587 29.6891
      vertex -1.64207 -69.6006 29.6958
    endloop
  endfacet
  facet normal 0.946901 0.319379 0.0370926
    outer loop
      vertex -1.62222 -69.6587 29.6891
      vertex -1.64207 -69.9698 32.8745
      vertex -1.59045 -70.1208 32.8569
    endloop
  endfacet
  facet normal 0.831372 0.552006 0.0641138
    outer loop
      vertex -1.3487 -70.5607 32.8059
      vertex -1.38302 -70.1405 29.6331
      vertex -1.43793 -70.4281 32.8213
    endloop
  endfacet
  facet normal 0.831849 0.551299 0.0640149
    outer loop
      vertex -1.38302 -70.1405 29.6331
      vertex -1.3487 -70.5607 32.8059
      vertex -1.3487 -70.1916 29.6272
    endloop
  endfacet
  facet normal -0.659382 0.746788 0.086738
    outer loop
      vertex 1.20208 -70.3576 29.6079
      vertex 1.08133 -70.832 32.7744
      vertex 1.20208 -70.7268 32.7866
    endloop
  endfacet
  facet normal -0.659757 0.746463 0.086675
    outer loop
      vertex 1.08133 -70.832 32.7744
      vertex 1.20208 -70.3576 29.6079
      vertex 1.15564 -70.3981 29.6032
    endloop
  endfacet
  facet normal -0.831849 0.551299 0.0640149
    outer loop
      vertex 1.3487 -70.5607 32.8059
      vertex 1.38302 -70.1405 29.6331
      vertex 1.3487 -70.1916 29.6272
    endloop
  endfacet
  facet normal -0.831372 0.552006 0.0641138
    outer loop
      vertex 1.38302 -70.1405 29.6331
      vertex 1.3487 -70.5607 32.8059
      vertex 1.43793 -70.4281 32.8213
    endloop
  endfacet
  facet normal 0.89687 -0.439343 -0.051015
    outer loop
      vertex -1.47224 -68.6884 33.0233
      vertex -1.57059 -68.5174 29.8216
      vertex -1.47224 -68.3193 29.8446
    endloop
  endfacet
  facet normal 0.89687 -0.439343 -0.051015
    outer loop
      vertex -1.57059 -68.5174 29.8216
      vertex -1.47224 -68.6884 33.0233
      vertex -1.57059 -68.8865 33.0003
    endloop
  endfacet
  facet normal 0.99786 -0.0649537 -0.00754244
    outer loop
      vertex -1.68546 -69.3123 32.9508
      vertex -1.7 -69.1636 29.7466
      vertex -1.68546 -68.9432 29.7722
    endloop
  endfacet
  facet normal 0.99786 -0.0649537 -0.00754244
    outer loop
      vertex -1.7 -69.1636 29.7466
      vertex -1.68546 -69.3123 32.9508
      vertex -1.7 -69.5327 32.9252
    endloop
  endfacet
  facet normal 0.980785 -0.193791 -0.0225016
    outer loop
      vertex -1.68546 -69.3123 32.9508
      vertex -1.6734 -68.883 29.7792
      vertex -1.65412 -69.1558 32.969
    endloop
  endfacet
  facet normal 0.98077 -0.193862 -0.0225114
    outer loop
      vertex -1.6734 -68.883 29.7792
      vertex -1.68546 -69.3123 32.9508
      vertex -1.68546 -68.9432 29.7722
    endloop
  endfacet
  facet normal 0.555447 0.826001 0.0959196
    outer loop
      vertex -0.849999 -70.9951 32.7554
      vertex -0.901359 -70.5919 29.5807
      vertex -0.983534 -70.9065 32.7657
    endloop
  endfacet
  facet normal 0.555622 0.825886 0.0959021
    outer loop
      vertex -0.901359 -70.5919 29.5807
      vertex -0.849999 -70.9951 32.7554
      vertex -0.849999 -70.626 29.5768
    endloop
  endfacet
  facet normal 0.555781 0.825781 0.0958869
    outer loop
      vertex -0.983534 -70.9065 32.7657
      vertex -1.03489 -70.5033 29.591
      vertex -1.03489 -70.8724 32.7697
    endloop
  endfacet
  facet normal 0.555459 0.825993 0.0959191
    outer loop
      vertex -1.03489 -70.5033 29.591
      vertex -0.983534 -70.9065 32.7657
      vertex -0.901359 -70.5919 29.5807
    endloop
  endfacet
  facet normal -0.659757 -0.746463 -0.0866777
    outer loop
      vertex 1.08133 -67.8643 29.8975
      vertex 1.20208 -68.3387 33.0639
      vertex 1.15564 -68.2982 33.0686
    endloop
  endfacet
  facet normal -0.659382 -0.746788 -0.0867407
    outer loop
      vertex 1.20208 -68.3387 33.0639
      vertex 1.08133 -67.8643 29.8975
      vertex 1.20208 -67.9695 29.8853
    endloop
  endfacet
  facet normal -0.752028 -0.654731 -0.0760367
    outer loop
      vertex 1.24281 -68.3848 33.0585
      vertex 1.20208 -67.9695 29.8853
      vertex 1.30797 -68.0895 29.8713
    endloop
  endfacet
  facet normal -0.751639 -0.65517 -0.0760991
    outer loop
      vertex 1.20208 -67.9695 29.8853
      vertex 1.24281 -68.3848 33.0585
      vertex 1.20208 -68.3387 33.0639
    endloop
  endfacet
  facet normal 0.0652592 0.991208 0.115099
    outer loop
      vertex -0.160257 -71.2109 32.7303
      vertex -0.221894 -70.8378 29.5522
      vertex -0.221894 -71.2069 32.7308
    endloop
  endfacet
  facet normal 0.0651875 0.991213 0.115101
    outer loop
      vertex -0.221894 -70.8378 29.5522
      vertex -0.160257 -71.2109 32.7303
      vertex -0.0616373 -70.8482 29.551
    endloop
  endfacet
  facet normal 0.195568 0.974148 0.113086
    outer loop
      vertex -0.221894 -71.2069 32.7308
      vertex -0.379409 -70.8067 29.5558
      vertex -0.282477 -71.1949 32.7322
    endloop
  endfacet
  facet normal 0.194946 0.974267 0.113132
    outer loop
      vertex -0.379409 -70.8067 29.5558
      vertex -0.221894 -71.2069 32.7308
      vertex -0.221894 -70.8378 29.5522
    endloop
  endfacet
  facet normal -0.89687 -0.439343 -0.051015
    outer loop
      vertex 1.57059 -68.5174 29.8216
      vertex 1.47224 -68.6884 33.0233
      vertex 1.47224 -68.3193 29.8446
    endloop
  endfacet
  facet normal -0.89687 -0.439343 -0.051015
    outer loop
      vertex 1.47224 -68.6884 33.0233
      vertex 1.57059 -68.5174 29.8216
      vertex 1.57059 -68.8865 33.0003
    endloop
  endfacet
  facet normal -0.831614 -0.551647 -0.064062
    outer loop
      vertex 1.47224 -68.3193 29.8446
      vertex 1.43793 -68.6374 33.0292
      vertex 1.38302 -68.1866 29.8601
    endloop
  endfacet
  facet normal -0.831428 -0.551925 -0.0640877
    outer loop
      vertex 1.43793 -68.6374 33.0292
      vertex 1.47224 -68.3193 29.8446
      vertex 1.47224 -68.6884 33.0233
    endloop
  endfacet
  facet normal 0.997861 0.0649376 0.00753942
    outer loop
      vertex -1.68546 -69.7531 32.8996
      vertex -1.6895 -69.3228 29.7281
      vertex -1.69596 -69.5939 32.9181
    endloop
  endfacet
  facet normal 0.997857 0.064996 0.00754736
    outer loop
      vertex -1.6895 -69.3228 29.7281
      vertex -1.68546 -69.7531 32.8996
      vertex -1.68546 -69.384 29.721
    endloop
  endfacet
  facet normal 0.997857 0.064996 0.00754736
    outer loop
      vertex -1.69596 -69.5939 32.9181
      vertex -1.7 -69.1636 29.7466
      vertex -1.7 -69.5327 32.9252
    endloop
  endfacet
  facet normal 0.997861 0.0649376 0.00753942
    outer loop
      vertex -1.7 -69.1636 29.7466
      vertex -1.69596 -69.5939 32.9181
      vertex -1.6895 -69.3228 29.7281
    endloop
  endfacet
  facet normal -0.946938 0.319269 0.0370762
    outer loop
      vertex 1.57059 -69.8098 29.6716
      vertex 1.59045 -70.1208 32.8569
      vertex 1.62222 -69.6587 29.6891
    endloop
  endfacet
  facet normal -0.946896 0.319395 0.0370883
    outer loop
      vertex 1.59045 -70.1208 32.8569
      vertex 1.57059 -69.8098 29.6716
      vertex 1.57059 -70.1789 32.8502
    endloop
  endfacet
  facet normal 0.658848 0.747251 0.0868041
    outer loop
      vertex -1.03489 -70.8724 32.7697
      vertex -1.15564 -70.3981 29.6032
      vertex -1.08133 -70.832 32.7744
    endloop
  endfacet
  facet normal 0.659382 0.746791 0.0867149
    outer loop
      vertex -1.15564 -70.3981 29.6032
      vertex -1.03489 -70.8724 32.7697
      vertex -1.03489 -70.5033 29.591
    endloop
  endfacet
  facet normal 0.659382 0.746788 0.086738
    outer loop
      vertex -1.08133 -70.832 32.7744
      vertex -1.20208 -70.3576 29.6079
      vertex -1.20208 -70.7268 32.7866
    endloop
  endfacet
  facet normal 0.659757 0.746463 0.086675
    outer loop
      vertex -1.20208 -70.3576 29.6079
      vertex -1.08133 -70.832 32.7744
      vertex -1.15564 -70.3981 29.6032
    endloop
  endfacet
  facet normal -0.980773 0.193848 0.0225123
    outer loop
      vertex 1.64207 -69.6006 29.6958
      vertex 1.65412 -69.9096 32.8815
      vertex 1.6734 -69.4442 29.714
    endloop
  endfacet
  facet normal -0.980801 0.193707 0.0224987
    outer loop
      vertex 1.65412 -69.9096 32.8815
      vertex 1.64207 -69.6006 29.6958
      vertex 1.64207 -69.9698 32.8745
    endloop
  endfacet
  facet normal -0.98077 0.193862 0.0225114
    outer loop
      vertex 1.6734 -69.4442 29.714
      vertex 1.68546 -69.7531 32.8996
      vertex 1.68546 -69.384 29.721
    endloop
  endfacet
  facet normal -0.980782 0.193804 0.0225058
    outer loop
      vertex 1.68546 -69.7531 32.8996
      vertex 1.6734 -69.4442 29.714
      vertex 1.65412 -69.9096 32.8815
    endloop
  endfacet
  facet normal -0.980709 0.194169 0.0225462
    outer loop
      vertex 1.6734 69.6213 45.8635
      vertex 1.68546 69.3123 49.0492
      vertex 1.68546 69.6814 45.8705
    endloop
  endfacet
  facet normal -0.980785 0.19379 0.0225098
    outer loop
      vertex 1.68546 69.3123 49.0492
      vertex 1.6734 69.6213 45.8635
      vertex 1.65412 69.1558 49.031
    endloop
  endfacet
  facet normal -0.997862 -0.0649245 -0.00754086
    outer loop
      vertex 1.7 69.9018 45.8961
      vertex 1.68546 69.7531 49.1004
      vertex 1.68546 70.1223 45.9217
    endloop
  endfacet
  facet normal -0.99786 -0.0649537 -0.00754221
    outer loop
      vertex 1.68546 69.7531 49.1004
      vertex 1.7 69.9018 45.8961
      vertex 1.7 69.5327 49.0748
    endloop
  endfacet
  facet normal -0.194946 -0.974266 -0.113141
    outer loop
      vertex 0.379409 71.5449 46.0869
      vertex 0.439992 71.1638 49.2642
      vertex 0.282477 71.1949 49.2678
    endloop
  endfacet
  facet normal -0.194021 -0.974447 -0.11318
    outer loop
      vertex 0.439992 71.1638 49.2642
      vertex 0.379409 71.5449 46.0869
      vertex 0.439992 71.533 46.0855
    endloop
  endfacet
  facet normal -0.55554 -0.825937 -0.095934
    outer loop
      vertex 0.849999 71.3643 46.066
      vertex 1.03489 70.8724 49.2303
      vertex 0.849999 70.9951 49.2446
    endloop
  endfacet
  facet normal -0.555849 -0.825735 -0.0958846
    outer loop
      vertex 1.03489 70.8724 49.2303
      vertex 0.849999 71.3643 46.066
      vertex 1.03489 71.2415 46.0517
    endloop
  endfacet
  facet normal 0.997861 0.0649374 0.0075412
    outer loop
      vertex -1.68546 69.3123 49.0492
      vertex -1.6895 69.7427 45.8776
      vertex -1.69596 69.4715 49.0677
    endloop
  endfacet
  facet normal 0.997864 0.0648919 0.00753503
    outer loop
      vertex -1.6895 69.7427 45.8776
      vertex -1.68546 69.3123 49.0492
      vertex -1.68546 69.6814 45.8705
    endloop
  endfacet
  facet normal 0.195568 -0.974144 -0.113118
    outer loop
      vertex -0.282477 71.1949 49.2678
      vertex -0.221894 71.576 46.0906
      vertex -0.221894 71.2069 49.2692
    endloop
  endfacet
  facet normal 0.195016 -0.974253 -0.113141
    outer loop
      vertex -0.221894 71.576 46.0906
      vertex -0.282477 71.1949 49.2678
      vertex -0.379409 71.5449 46.0869
    endloop
  endfacet
  facet normal 0.659234 -0.746919 -0.0867325
    outer loop
      vertex -1.20208 70.7268 49.2134
      vertex -1.03489 71.2415 46.0517
      vertex -1.03489 70.8724 49.2303
    endloop
  endfacet
  facet normal 0.659234 -0.746919 -0.0867325
    outer loop
      vertex -1.03489 71.2415 46.0517
      vertex -1.20208 70.7268 49.2134
      vertex -1.20208 71.0959 46.0348
    endloop
  endfacet
  facet normal -0.980794 0.193744 0.022503
    outer loop
      vertex 1.64207 69.4648 45.8454
      vertex 1.65412 69.1558 49.031
      vertex 1.6734 69.6213 45.8635
    endloop
  endfacet
  facet normal -0.98074 0.194014 0.0225289
    outer loop
      vertex 1.65412 69.1558 49.031
      vertex 1.64207 69.4648 45.8454
      vertex 1.64207 69.0957 49.024
    endloop
  endfacet
  facet normal -0.831401 -0.551965 -0.0640934
    outer loop
      vertex 1.47224 70.7462 45.9942
      vertex 1.43793 70.4281 49.1787
      vertex 1.38302 70.8788 46.0096
    endloop
  endfacet
  facet normal -0.831923 -0.551185 -0.0640211
    outer loop
      vertex 1.43793 70.4281 49.1787
      vertex 1.47224 70.7462 45.9942
      vertex 1.47224 70.377 49.1728
    endloop
  endfacet
  facet normal -0.896783 0.439518 0.0510369
    outer loop
      vertex 1.47224 68.6884 48.9767
      vertex 1.49956 69.1125 45.8045
      vertex 1.47224 69.0575 45.7981
    endloop
  endfacet
  facet normal -0.896903 0.439276 0.0510036
    outer loop
      vertex 1.49956 69.1125 45.8045
      vertex 1.47224 68.6884 48.9767
      vertex 1.54327 68.8315 48.9933
    endloop
  endfacet
  facet normal 0.555447 0.826001 0.0959225
    outer loop
      vertex -0.849999 68.0703 48.9049
      vertex -0.901359 68.4735 45.7303
      vertex -0.983534 68.1589 48.9152
    endloop
  endfacet
  facet normal 0.555751 0.8258 0.0958922
    outer loop
      vertex -0.901359 68.4735 45.7303
      vertex -0.849999 68.0703 48.9049
      vertex -0.849999 68.4394 45.7263
    endloop
  endfacet
  facet normal -0.946945 -0.319251 -0.0370715
    outer loop
      vertex 1.64207 69.9698 49.1255
      vertex 1.62222 70.397 45.9536
      vertex 1.64207 70.3389 45.9469
    endloop
  endfacet
  facet normal -0.946901 -0.319379 -0.0370891
    outer loop
      vertex 1.62222 70.397 45.9536
      vertex 1.64207 69.9698 49.1255
      vertex 1.59045 70.1208 49.1431
    endloop
  endfacet
  facet normal 0.997862 -0.0649245 -0.00754086
    outer loop
      vertex -1.68546 69.7531 49.1004
      vertex -1.7 69.9018 45.8961
      vertex -1.68546 70.1223 45.9217
    endloop
  endfacet
  facet normal 0.99786 -0.0649537 -0.00754221
    outer loop
      vertex -1.7 69.9018 45.8961
      vertex -1.68546 69.7531 49.1004
      vertex -1.7 69.5327 49.0748
    endloop
  endfacet
  facet normal 0.0650733 0.99122 0.115101
    outer loop
      vertex -0.160257 67.8545 48.8799
      vertex -0.221894 68.2276 45.7017
      vertex -0.221894 67.8585 48.8803
    endloop
  endfacet
  facet normal 0.0651875 0.991213 0.115098
    outer loop
      vertex -0.221894 68.2276 45.7017
      vertex -0.160257 67.8545 48.8799
      vertex -0.0616373 68.2172 45.7005
    endloop
  endfacet
  facet normal 0.442286 0.890888 0.10345
    outer loop
      vertex -0.650561 67.9726 48.8936
      vertex -0.849999 68.4394 45.7263
      vertex -0.849999 68.0703 48.9049
    endloop
  endfacet
  facet normal 0.442286 0.890888 0.10345
    outer loop
      vertex -0.849999 68.4394 45.7263
      vertex -0.650561 67.9726 48.8936
      vertex -0.650561 68.3417 45.715
    endloop
  endfacet
  facet normal -0.0656521 -0.991183 -0.115093
    outer loop
      vertex 0 71.5905 46.0922
      vertex 0.221894 71.2069 49.2692
      vertex 0 71.2214 49.2709
    endloop
  endfacet
  facet normal -0.0656005 -0.991186 -0.115097
    outer loop
      vertex 0.221894 71.2069 49.2692
      vertex 0 71.5905 46.0922
      vertex 0.221894 71.576 46.0906
    endloop
  endfacet
  facet normal -0.194946 0.974267 0.113132
    outer loop
      vertex 0.439992 68.2707 45.7067
      vertex 0.282477 67.8705 48.8817
      vertex 0.439992 67.9016 48.8853
    endloop
  endfacet
  facet normal -0.194021 0.974444 0.1132
    outer loop
      vertex 0.282477 67.8705 48.8817
      vertex 0.439992 68.2707 45.7067
      vertex 0.379409 68.2588 45.7053
    endloop
  endfacet
  facet normal -0.442286 0.890888 0.10345
    outer loop
      vertex 0.849999 68.4394 45.7263
      vertex 0.650561 67.9726 48.8936
      vertex 0.849999 68.0703 48.9049
    endloop
  endfacet
  facet normal -0.442286 0.890888 0.10345
    outer loop
      vertex 0.650561 67.9726 48.8936
      vertex 0.849999 68.4394 45.7263
      vertex 0.650561 68.3417 45.715
    endloop
  endfacet
  facet normal 0.321459 0.940603 0.109223
    outer loop
      vertex -0.439992 67.9016 48.8853
      vertex -0.650561 68.3417 45.715
      vertex -0.650561 67.9726 48.8936
    endloop
  endfacet
  facet normal 0.321459 0.940603 0.109223
    outer loop
      vertex -0.650561 68.3417 45.715
      vertex -0.439992 67.9016 48.8853
      vertex -0.439992 68.2707 45.7067
    endloop
  endfacet
  facet normal 0.321131 -0.940711 -0.109262
    outer loop
      vertex -0.498483 71.1441 49.2619
      vertex -0.439992 71.533 46.0855
      vertex -0.439992 71.1638 49.2642
    endloop
  endfacet
  facet normal 0.321521 -0.94058 -0.109239
    outer loop
      vertex -0.439992 71.533 46.0855
      vertex -0.498483 71.1441 49.2619
      vertex -0.59207 71.4817 46.0796
    endloop
  endfacet
  facet normal 0.946896 -0.319394 -0.0370982
    outer loop
      vertex -1.59045 70.1208 49.1431
      vertex -1.57059 70.5481 45.9712
      vertex -1.57059 70.1789 49.1498
    endloop
  endfacet
  facet normal 0.946946 -0.319247 -0.0370781
    outer loop
      vertex -1.57059 70.5481 45.9712
      vertex -1.59045 70.1208 49.1431
      vertex -1.62222 70.397 45.9536
    endloop
  endfacet
  facet normal -0.997858 0.0649776 0.00754462
    outer loop
      vertex 1.69596 69.4715 49.0677
      vertex 1.7 69.9018 45.8961
      vertex 1.6895 69.7427 45.8776
    endloop
  endfacet
  facet normal -0.997857 0.064996 0.00754712
    outer loop
      vertex 1.7 69.9018 45.8961
      vertex 1.69596 69.4715 49.0677
      vertex 1.7 69.5327 49.0748
    endloop
  endfacet
  facet normal -0.89687 -0.439341 -0.0510302
    outer loop
      vertex 1.57059 70.5481 45.9712
      vertex 1.47224 70.377 49.1728
      vertex 1.47224 70.7462 45.9942
    endloop
  endfacet
  facet normal -0.89687 -0.439341 -0.0510302
    outer loop
      vertex 1.47224 70.377 49.1728
      vertex 1.57059 70.5481 45.9712
      vertex 1.57059 70.1789 49.1498
    endloop
  endfacet
  facet normal -0.997864 0.0648919 0.00753503
    outer loop
      vertex 1.68546 69.3123 49.0492
      vertex 1.6895 69.7427 45.8776
      vertex 1.68546 69.6814 45.8705
    endloop
  endfacet
  facet normal -0.997861 0.0649374 0.0075412
    outer loop
      vertex 1.6895 69.7427 45.8776
      vertex 1.68546 69.3123 49.0492
      vertex 1.69596 69.4715 49.0677
    endloop
  endfacet
  facet normal -0.659757 0.746466 0.0866546
    outer loop
      vertex 1.15564 68.6673 45.7528
      vertex 1.03489 68.193 48.9192
      vertex 1.08133 68.2335 48.9239
    endloop
  endfacet
  facet normal -0.659382 0.746791 0.0867175
    outer loop
      vertex 1.03489 68.193 48.9192
      vertex 1.15564 68.6673 45.7528
      vertex 1.03489 68.5621 45.7406
    endloop
  endfacet
  facet normal -0.831428 0.551925 0.0640896
    outer loop
      vertex 1.43793 69.0065 45.7922
      vertex 1.47224 68.6884 48.9767
      vertex 1.47224 69.0575 45.7981
    endloop
  endfacet
  facet normal -0.831591 0.55168 0.064067
    outer loop
      vertex 1.47224 68.6884 48.9767
      vertex 1.43793 69.0065 45.7922
      vertex 1.38302 68.5557 48.9613
    endloop
  endfacet
  facet normal 0.0656521 -0.991183 -0.115093
    outer loop
      vertex -0.221894 71.2069 49.2692
      vertex 0 71.5905 46.0922
      vertex 0 71.2214 49.2709
    endloop
  endfacet
  facet normal 0.0656005 -0.991186 -0.115097
    outer loop
      vertex 0 71.5905 46.0922
      vertex -0.221894 71.2069 49.2692
      vertex -0.221894 71.576 46.0906
    endloop
  endfacet
  facet normal -0.195568 -0.974144 -0.113118
    outer loop
      vertex 0.221894 71.576 46.0906
      vertex 0.282477 71.1949 49.2678
      vertex 0.221894 71.2069 49.2692
    endloop
  endfacet
  facet normal -0.195016 -0.974253 -0.113141
    outer loop
      vertex 0.282477 71.1949 49.2678
      vertex 0.221894 71.576 46.0906
      vertex 0.379409 71.5449 46.0869
    endloop
  endfacet
  facet normal -0.0651874 0.991213 0.115098
    outer loop
      vertex 0.0616373 68.2172 45.7005
      vertex 0 67.8441 48.8787
      vertex 0.160257 67.8545 48.8799
    endloop
  endfacet
  facet normal -0.0652589 0.991208 0.115096
    outer loop
      vertex 0 67.8441 48.8787
      vertex 0.0616373 68.2172 45.7005
      vertex 0 68.2132 45.7
    endloop
  endfacet
  facet normal 0.194946 0.974267 0.113132
    outer loop
      vertex -0.282477 67.8705 48.8817
      vertex -0.439992 68.2707 45.7067
      vertex -0.439992 67.9016 48.8853
    endloop
  endfacet
  facet normal 0.194021 0.974444 0.1132
    outer loop
      vertex -0.439992 68.2707 45.7067
      vertex -0.282477 67.8705 48.8817
      vertex -0.379409 68.2588 45.7053
    endloop
  endfacet
  facet normal -0.555447 0.826001 0.0959225
    outer loop
      vertex 0.901359 68.4735 45.7303
      vertex 0.849999 68.0703 48.9049
      vertex 0.983534 68.1589 48.9152
    endloop
  endfacet
  facet normal -0.555751 0.8258 0.0958922
    outer loop
      vertex 0.849999 68.0703 48.9049
      vertex 0.901359 68.4735 45.7303
      vertex 0.849999 68.4394 45.7263
    endloop
  endfacet
  facet normal 0.896783 0.439518 0.0510369
    outer loop
      vertex -1.54327 68.8315 48.9933
      vertex -1.57059 69.2556 45.8211
      vertex -1.57059 68.8865 48.9997
    endloop
  endfacet
  facet normal 0.896903 0.439276 0.0510036
    outer loop
      vertex -1.57059 69.2556 45.8211
      vertex -1.54327 68.8315 48.9933
      vertex -1.49956 69.1125 45.8045
    endloop
  endfacet
  facet normal 0.980709 0.194169 0.0225462
    outer loop
      vertex -1.68546 69.3123 49.0492
      vertex -1.6734 69.6213 45.8635
      vertex -1.68546 69.6814 45.8705
    endloop
  endfacet
  facet normal 0.980785 0.19379 0.0225098
    outer loop
      vertex -1.6734 69.6213 45.8635
      vertex -1.68546 69.3123 49.0492
      vertex -1.65412 69.1558 49.031
    endloop
  endfacet
  facet normal 0.751639 0.65517 0.0760968
    outer loop
      vertex -1.30797 68.4586 48.95
      vertex -1.3487 68.8739 45.7767
      vertex -1.3487 68.5047 48.9554
    endloop
  endfacet
  facet normal 0.751997 0.654766 0.0760394
    outer loop
      vertex -1.3487 68.8739 45.7767
      vertex -1.30797 68.4586 48.95
      vertex -1.24281 68.7539 45.7628
    endloop
  endfacet
  facet normal 0.89687 -0.439341 -0.0510302
    outer loop
      vertex -1.47224 70.377 49.1728
      vertex -1.57059 70.5481 45.9712
      vertex -1.47224 70.7462 45.9942
    endloop
  endfacet
  facet normal 0.89687 -0.439341 -0.0510302
    outer loop
      vertex -1.57059 70.5481 45.9712
      vertex -1.47224 70.377 49.1728
      vertex -1.57059 70.1789 49.1498
    endloop
  endfacet
  facet normal 0.55554 -0.825937 -0.095934
    outer loop
      vertex -1.03489 70.8724 49.2303
      vertex -0.849999 71.3643 46.066
      vertex -0.849999 70.9951 49.2446
    endloop
  endfacet
  facet normal 0.555849 -0.825735 -0.0958846
    outer loop
      vertex -0.849999 71.3643 46.066
      vertex -1.03489 70.8724 49.2303
      vertex -1.03489 71.2415 46.0517
    endloop
  endfacet
  facet normal 0.896903 0.439276 0.0510036
    outer loop
      vertex -1.47224 68.6884 48.9767
      vertex -1.49956 69.1125 45.8045
      vertex -1.54327 68.8315 48.9933
    endloop
  endfacet
  facet normal 0.896783 0.439518 0.0510369
    outer loop
      vertex -1.49956 69.1125 45.8045
      vertex -1.47224 68.6884 48.9767
      vertex -1.47224 69.0575 45.7981
    endloop
  endfacet
  facet normal 0.831401 -0.551965 -0.0640934
    outer loop
      vertex -1.43793 70.4281 49.1787
      vertex -1.47224 70.7462 45.9942
      vertex -1.38302 70.8788 46.0096
    endloop
  endfacet
  facet normal 0.831923 -0.551185 -0.0640211
    outer loop
      vertex -1.47224 70.7462 45.9942
      vertex -1.43793 70.4281 49.1787
      vertex -1.47224 70.377 49.1728
    endloop
  endfacet
  facet normal 0.751759 -0.655035 -0.0760799
    outer loop
      vertex -1.3487 70.5607 49.1941
      vertex -1.30797 70.976 46.0209
      vertex -1.24281 70.6806 49.2081
    endloop
  endfacet
  facet normal 0.752338 -0.654381 -0.0759869
    outer loop
      vertex -1.30797 70.976 46.0209
      vertex -1.3487 70.5607 49.1941
      vertex -1.3487 70.9298 46.0155
    endloop
  endfacet
  facet normal 0.980761 -0.193908 -0.0225211
    outer loop
      vertex -1.6734 69.8133 49.1074
      vertex -1.68546 70.1223 45.9217
      vertex -1.65412 70.2787 45.9399
    endloop
  endfacet
  facet normal 0.98077 -0.193862 -0.0225167
    outer loop
      vertex -1.68546 70.1223 45.9217
      vertex -1.6734 69.8133 49.1074
      vertex -1.68546 69.7531 49.1004
    endloop
  endfacet
  facet normal 0.831428 0.551925 0.0640896
    outer loop
      vertex -1.47224 68.6884 48.9767
      vertex -1.43793 69.0065 45.7922
      vertex -1.47224 69.0575 45.7981
    endloop
  endfacet
  facet normal 0.831591 0.55168 0.064067
    outer loop
      vertex -1.43793 69.0065 45.7922
      vertex -1.47224 68.6884 48.9767
      vertex -1.38302 68.5557 48.9613
    endloop
  endfacet
  facet normal 0.997857 0.064996 0.00754712
    outer loop
      vertex -1.69596 69.4715 49.0677
      vertex -1.7 69.9018 45.8961
      vertex -1.7 69.5327 49.0748
    endloop
  endfacet
  facet normal 0.997858 0.0649776 0.00754462
    outer loop
      vertex -1.7 69.9018 45.8961
      vertex -1.69596 69.4715 49.0677
      vertex -1.6895 69.7427 45.8776
    endloop
  endfacet
  facet normal 0.659757 0.746466 0.0866546
    outer loop
      vertex -1.03489 68.193 48.9192
      vertex -1.15564 68.6673 45.7528
      vertex -1.08133 68.2335 48.9239
    endloop
  endfacet
  facet normal 0.659382 0.746791 0.0867175
    outer loop
      vertex -1.15564 68.6673 45.7528
      vertex -1.03489 68.193 48.9192
      vertex -1.03489 68.5621 45.7406
    endloop
  endfacet
  facet normal 0.194946 -0.974266 -0.113141
    outer loop
      vertex -0.439992 71.1638 49.2642
      vertex -0.379409 71.5449 46.0869
      vertex -0.282477 71.1949 49.2678
    endloop
  endfacet
  facet normal 0.194021 -0.974447 -0.11318
    outer loop
      vertex -0.379409 71.5449 46.0869
      vertex -0.439992 71.1638 49.2642
      vertex -0.439992 71.533 46.0855
    endloop
  endfacet
  facet normal 0.443021 -0.890531 -0.10338
    outer loop
      vertex -0.849999 70.9951 49.2446
      vertex -0.705961 71.4348 46.0742
      vertex -0.7946 71.0223 49.2477
    endloop
  endfacet
  facet normal 0.442006 -0.891022 -0.103494
    outer loop
      vertex -0.705961 71.4348 46.0742
      vertex -0.849999 70.9951 49.2446
      vertex -0.849999 71.3643 46.066
    endloop
  endfacet
  facet normal -0.751728 -0.65507 -0.0760825
    outer loop
      vertex 1.24281 70.6806 49.2081
      vertex 1.20208 71.0959 46.0348
      vertex 1.30797 70.976 46.0209
    endloop
  endfacet
  facet normal -0.752257 -0.654472 -0.0759975
    outer loop
      vertex 1.20208 71.0959 46.0348
      vertex 1.24281 70.6806 49.2081
      vertex 1.20208 70.7268 49.2134
    endloop
  endfacet
  facet normal -0.751558 0.655264 0.0760895
    outer loop
      vertex 1.20208 68.3387 48.9361
      vertex 1.24281 68.7539 45.7628
      vertex 1.20208 68.7078 45.7575
    endloop
  endfacet
  facet normal -0.751728 0.655072 0.0760622
    outer loop
      vertex 1.24281 68.7539 45.7628
      vertex 1.20208 68.3387 48.9361
      vertex 1.30797 68.4586 48.95
    endloop
  endfacet
  facet normal -0.443021 -0.890531 -0.10338
    outer loop
      vertex 0.705961 71.4348 46.0742
      vertex 0.849999 70.9951 49.2446
      vertex 0.7946 71.0223 49.2477
    endloop
  endfacet
  facet normal -0.442006 -0.891022 -0.103494
    outer loop
      vertex 0.849999 70.9951 49.2446
      vertex 0.705961 71.4348 46.0742
      vertex 0.849999 71.3643 46.066
    endloop
  endfacet
  facet normal -0.0650733 0.99122 0.115101
    outer loop
      vertex 0.221894 68.2276 45.7017
      vertex 0.160257 67.8545 48.8799
      vertex 0.221894 67.8585 48.8803
    endloop
  endfacet
  facet normal -0.0651875 0.991213 0.115098
    outer loop
      vertex 0.160257 67.8545 48.8799
      vertex 0.221894 68.2276 45.7017
      vertex 0.0616373 68.2172 45.7005
    endloop
  endfacet
  facet normal -0.555781 0.82578 0.0958899
    outer loop
      vertex 1.03489 68.5621 45.7406
      vertex 0.983534 68.1589 48.9152
      vertex 1.03489 68.193 48.9192
    endloop
  endfacet
  facet normal -0.555459 0.825993 0.0959221
    outer loop
      vertex 0.983534 68.1589 48.9152
      vertex 1.03489 68.5621 45.7406
      vertex 0.901359 68.4735 45.7303
    endloop
  endfacet
  facet normal -0.195568 0.974145 0.113117
    outer loop
      vertex 0.379409 68.2588 45.7053
      vertex 0.221894 67.8585 48.8803
      vertex 0.282477 67.8705 48.8817
    endloop
  endfacet
  facet normal -0.195541 0.97415 0.113119
    outer loop
      vertex 0.221894 67.8585 48.8803
      vertex 0.379409 68.2588 45.7053
      vertex 0.221894 68.2276 45.7017
    endloop
  endfacet
  facet normal 0.831394 0.551972 0.064112
    outer loop
      vertex -1.38302 68.5557 48.9613
      vertex -1.3487 68.8739 45.7767
      vertex -1.43793 69.0065 45.7922
    endloop
  endfacet
  facet normal 0.831353 0.552034 0.0641177
    outer loop
      vertex -1.3487 68.8739 45.7767
      vertex -1.38302 68.5557 48.9613
      vertex -1.3487 68.5047 48.9554
    endloop
  endfacet
  facet normal 0.751728 0.655072 0.0760622
    outer loop
      vertex -1.20208 68.3387 48.9361
      vertex -1.24281 68.7539 45.7628
      vertex -1.30797 68.4586 48.95
    endloop
  endfacet
  facet normal 0.751558 0.655264 0.0760895
    outer loop
      vertex -1.24281 68.7539 45.7628
      vertex -1.20208 68.3387 48.9361
      vertex -1.20208 68.7078 45.7575
    endloop
  endfacet
  facet normal 0.659382 0.746791 0.0867175
    outer loop
      vertex -1.08133 68.2335 48.9239
      vertex -1.20208 68.7078 45.7575
      vertex -1.20208 68.3387 48.9361
    endloop
  endfacet
  facet normal 0.659757 0.746466 0.0866546
    outer loop
      vertex -1.20208 68.7078 45.7575
      vertex -1.08133 68.2335 48.9239
      vertex -1.15564 68.6673 45.7528
    endloop
  endfacet
  facet normal 0.0651874 0.991213 0.115098
    outer loop
      vertex 0 67.8441 48.8787
      vertex -0.0616373 68.2172 45.7005
      vertex -0.160257 67.8545 48.8799
    endloop
  endfacet
  facet normal 0.0652589 0.991208 0.115096
    outer loop
      vertex -0.0616373 68.2172 45.7005
      vertex 0 67.8441 48.8787
      vertex 0 68.2132 45.7
    endloop
  endfacet
  facet normal 0.752257 -0.654472 -0.0759975
    outer loop
      vertex -1.24281 70.6806 49.2081
      vertex -1.20208 71.0959 46.0348
      vertex -1.20208 70.7268 49.2134
    endloop
  endfacet
  facet normal 0.751728 -0.65507 -0.0760825
    outer loop
      vertex -1.20208 71.0959 46.0348
      vertex -1.24281 70.6806 49.2081
      vertex -1.30797 70.976 46.0209
    endloop
  endfacet
  facet normal 0.980794 0.193744 0.022503
    outer loop
      vertex -1.65412 69.1558 49.031
      vertex -1.64207 69.4648 45.8454
      vertex -1.6734 69.6213 45.8635
    endloop
  endfacet
  facet normal 0.98074 0.194014 0.0225289
    outer loop
      vertex -1.64207 69.4648 45.8454
      vertex -1.65412 69.1558 49.031
      vertex -1.64207 69.0957 49.024
    endloop
  endfacet
  facet normal 0.195568 0.974145 0.113117
    outer loop
      vertex -0.221894 67.8585 48.8803
      vertex -0.379409 68.2588 45.7053
      vertex -0.282477 67.8705 48.8817
    endloop
  endfacet
  facet normal 0.195541 0.97415 0.113119
    outer loop
      vertex -0.379409 68.2588 45.7053
      vertex -0.221894 67.8585 48.8803
      vertex -0.221894 68.2276 45.7017
    endloop
  endfacet
  facet normal 0.555781 0.82578 0.0958899
    outer loop
      vertex -0.983534 68.1589 48.9152
      vertex -1.03489 68.5621 45.7406
      vertex -1.03489 68.193 48.9192
    endloop
  endfacet
  facet normal 0.555459 0.825993 0.0959221
    outer loop
      vertex -1.03489 68.5621 45.7406
      vertex -0.983534 68.1589 48.9152
      vertex -0.901359 68.4735 45.7303
    endloop
  endfacet
  facet normal 0.321585 -0.940558 -0.109238
    outer loop
      vertex -0.650561 71.0928 49.2559
      vertex -0.59207 71.4817 46.0796
      vertex -0.498483 71.1441 49.2619
    endloop
  endfacet
  facet normal 0.321131 -0.94071 -0.109265
    outer loop
      vertex -0.59207 71.4817 46.0796
      vertex -0.650561 71.0928 49.2559
      vertex -0.650561 71.462 46.0773
    endloop
  endfacet
  facet normal -0.980801 -0.193708 -0.0224934
    outer loop
      vertex 1.65412 70.2787 45.9399
      vertex 1.64207 69.9698 49.1255
      vertex 1.64207 70.3389 45.9469
    endloop
  endfacet
  facet normal -0.980794 -0.193745 -0.022497
    outer loop
      vertex 1.64207 69.9698 49.1255
      vertex 1.65412 70.2787 45.9399
      vertex 1.6734 69.8133 49.1074
    endloop
  endfacet
  facet normal -0.980761 -0.193908 -0.0225211
    outer loop
      vertex 1.68546 70.1223 45.9217
      vertex 1.6734 69.8133 49.1074
      vertex 1.65412 70.2787 45.9399
    endloop
  endfacet
  facet normal -0.98077 -0.193862 -0.0225167
    outer loop
      vertex 1.6734 69.8133 49.1074
      vertex 1.68546 70.1223 45.9217
      vertex 1.68546 69.7531 49.1004
    endloop
  endfacet
  facet normal -0.659234 -0.746919 -0.0867325
    outer loop
      vertex 1.03489 71.2415 46.0517
      vertex 1.20208 70.7268 49.2134
      vertex 1.03489 70.8724 49.2303
    endloop
  endfacet
  facet normal -0.659234 -0.746919 -0.0867325
    outer loop
      vertex 1.20208 70.7268 49.2134
      vertex 1.03489 71.2415 46.0517
      vertex 1.20208 71.0959 46.0348
    endloop
  endfacet
  facet normal -0.752338 -0.654381 -0.0759869
    outer loop
      vertex 1.3487 70.5607 49.1941
      vertex 1.30797 70.976 46.0209
      vertex 1.3487 70.9298 46.0155
    endloop
  endfacet
  facet normal -0.751759 -0.655035 -0.0760799
    outer loop
      vertex 1.30797 70.976 46.0209
      vertex 1.3487 70.5607 49.1941
      vertex 1.24281 70.6806 49.2081
    endloop
  endfacet
  facet normal -0.831394 0.551972 0.064112
    outer loop
      vertex 1.3487 68.8739 45.7767
      vertex 1.38302 68.5557 48.9613
      vertex 1.43793 69.0065 45.7922
    endloop
  endfacet
  facet normal -0.831353 0.552034 0.0641177
    outer loop
      vertex 1.38302 68.5557 48.9613
      vertex 1.3487 68.8739 45.7767
      vertex 1.3487 68.5047 48.9554
    endloop
  endfacet
  facet normal -0.751997 0.654766 0.0760394
    outer loop
      vertex 1.30797 68.4586 48.95
      vertex 1.3487 68.8739 45.7767
      vertex 1.24281 68.7539 45.7628
    endloop
  endfacet
  facet normal -0.751639 0.65517 0.0760968
    outer loop
      vertex 1.3487 68.8739 45.7767
      vertex 1.30797 68.4586 48.95
      vertex 1.3487 68.5047 48.9554
    endloop
  endfacet
  facet normal -0.659382 0.746791 0.0867175
    outer loop
      vertex 1.20208 68.7078 45.7575
      vertex 1.08133 68.2335 48.9239
      vertex 1.20208 68.3387 48.9361
    endloop
  endfacet
  facet normal -0.659757 0.746466 0.0866546
    outer loop
      vertex 1.08133 68.2335 48.9239
      vertex 1.20208 68.7078 45.7575
      vertex 1.15564 68.6673 45.7528
    endloop
  endfacet
  facet normal -0.896903 0.439276 0.0510036
    outer loop
      vertex 1.54327 68.8315 48.9933
      vertex 1.57059 69.2556 45.8211
      vertex 1.49956 69.1125 45.8045
    endloop
  endfacet
  facet normal -0.896783 0.439518 0.0510369
    outer loop
      vertex 1.57059 69.2556 45.8211
      vertex 1.54327 68.8315 48.9933
      vertex 1.57059 68.8865 48.9997
    endloop
  endfacet
  facet normal -0.946946 0.319249 0.0370713
    outer loop
      vertex 1.57059 69.2556 45.8211
      vertex 1.64207 69.0957 49.024
      vertex 1.64207 69.4648 45.8454
    endloop
  endfacet
  facet normal -0.946946 0.319249 0.0370713
    outer loop
      vertex 1.64207 69.0957 49.024
      vertex 1.57059 69.2556 45.8211
      vertex 1.57059 68.8865 48.9997
    endloop
  endfacet
  facet normal -0.442004 -0.891023 -0.103494
    outer loop
      vertex 0.650561 71.462 46.0773
      vertex 0.7946 71.0223 49.2477
      vertex 0.650561 71.0928 49.2559
    endloop
  endfacet
  facet normal -0.443014 -0.890534 -0.10338
    outer loop
      vertex 0.7946 71.0223 49.2477
      vertex 0.650561 71.462 46.0773
      vertex 0.705961 71.4348 46.0742
    endloop
  endfacet
  facet normal -0.321131 -0.940711 -0.109262
    outer loop
      vertex 0.439992 71.533 46.0855
      vertex 0.498483 71.1441 49.2619
      vertex 0.439992 71.1638 49.2642
    endloop
  endfacet
  facet normal -0.321521 -0.94058 -0.109239
    outer loop
      vertex 0.498483 71.1441 49.2619
      vertex 0.439992 71.533 46.0855
      vertex 0.59207 71.4817 46.0796
    endloop
  endfacet
  facet normal -0.321459 0.940603 0.109223
    outer loop
      vertex 0.650561 68.3417 45.715
      vertex 0.439992 67.9016 48.8853
      vertex 0.650561 67.9726 48.8936
    endloop
  endfacet
  facet normal -0.321459 0.940603 0.109223
    outer loop
      vertex 0.439992 67.9016 48.8853
      vertex 0.650561 68.3417 45.715
      vertex 0.439992 68.2707 45.7067
    endloop
  endfacet
  facet normal 0.831353 -0.552036 -0.0641026
    outer loop
      vertex -1.3487 70.5607 49.1941
      vertex -1.38302 70.8788 46.0096
      vertex -1.3487 70.9298 46.0155
    endloop
  endfacet
  facet normal 0.831372 -0.552007 -0.0640999
    outer loop
      vertex -1.38302 70.8788 46.0096
      vertex -1.3487 70.5607 49.1941
      vertex -1.43793 70.4281 49.1787
    endloop
  endfacet
  facet normal 0.442004 -0.891023 -0.103494
    outer loop
      vertex -0.7946 71.0223 49.2477
      vertex -0.650561 71.462 46.0773
      vertex -0.650561 71.0928 49.2559
    endloop
  endfacet
  facet normal 0.443014 -0.890534 -0.10338
    outer loop
      vertex -0.650561 71.462 46.0773
      vertex -0.7946 71.0223 49.2477
      vertex -0.705961 71.4348 46.0742
    endloop
  endfacet
  facet normal -0.831353 -0.552036 -0.0641026
    outer loop
      vertex 1.38302 70.8788 46.0096
      vertex 1.3487 70.5607 49.1941
      vertex 1.3487 70.9298 46.0155
    endloop
  endfacet
  facet normal -0.831372 -0.552007 -0.0640999
    outer loop
      vertex 1.3487 70.5607 49.1941
      vertex 1.38302 70.8788 46.0096
      vertex 1.43793 70.4281 49.1787
    endloop
  endfacet
  facet normal -0.321585 -0.940558 -0.109238
    outer loop
      vertex 0.59207 71.4817 46.0796
      vertex 0.650561 71.0928 49.2559
      vertex 0.498483 71.1441 49.2619
    endloop
  endfacet
  facet normal -0.321131 -0.94071 -0.109265
    outer loop
      vertex 0.650561 71.0928 49.2559
      vertex 0.59207 71.4817 46.0796
      vertex 0.650561 71.462 46.0773
    endloop
  endfacet
  facet normal 0.946901 -0.319379 -0.0370891
    outer loop
      vertex -1.64207 69.9698 49.1255
      vertex -1.62222 70.397 45.9536
      vertex -1.59045 70.1208 49.1431
    endloop
  endfacet
  facet normal 0.946945 -0.319251 -0.0370715
    outer loop
      vertex -1.62222 70.397 45.9536
      vertex -1.64207 69.9698 49.1255
      vertex -1.64207 70.3389 45.9469
    endloop
  endfacet
  facet normal 0.980801 -0.193708 -0.0224934
    outer loop
      vertex -1.64207 69.9698 49.1255
      vertex -1.65412 70.2787 45.9399
      vertex -1.64207 70.3389 45.9469
    endloop
  endfacet
  facet normal 0.980794 -0.193745 -0.022497
    outer loop
      vertex -1.65412 70.2787 45.9399
      vertex -1.64207 69.9698 49.1255
      vertex -1.6734 69.8133 49.1074
    endloop
  endfacet
  facet normal -0.946946 -0.319247 -0.0370781
    outer loop
      vertex 1.59045 70.1208 49.1431
      vertex 1.57059 70.5481 45.9712
      vertex 1.62222 70.397 45.9536
    endloop
  endfacet
  facet normal -0.946896 -0.319394 -0.0370982
    outer loop
      vertex 1.57059 70.5481 45.9712
      vertex 1.59045 70.1208 49.1431
      vertex 1.57059 70.1789 49.1498
    endloop
  endfacet
  facet normal 0.946946 0.319249 0.0370713
    outer loop
      vertex -1.64207 69.0957 49.024
      vertex -1.57059 69.2556 45.8211
      vertex -1.64207 69.4648 45.8454
    endloop
  endfacet
  facet normal 0.946946 0.319249 0.0370713
    outer loop
      vertex -1.57059 69.2556 45.8211
      vertex -1.64207 69.0957 49.024
      vertex -1.57059 68.8865 48.9997
    endloop
  endfacet
  facet normal 0.000174265 0.115489 -0.993309
    outer loop
      vertex -88.63 53.7603 44.0216
      vertex -101.311 69.7427 45.8776
      vertex -101.3 69.9018 45.8961
    endloop
  endfacet
  facet normal 0.000115356 0.115234 -0.993338
    outer loop
      vertex -83.2828 -50.3401 31.9326
      vertex -102.15 -67.7012 29.9164
      vertex -83.3808 -50.1426 31.9555
    endloop
  endfacet
  facet normal -0.00132248 0.11514 -0.993348
    outer loop
      vertex -88.63 -7.82579 36.8697
      vertex -101.315 69.6814 45.8705
      vertex -101.311 69.7427 45.8776
    endloop
  endfacet
  facet normal 2.68453e-05 0.115328 -0.993328
    outer loop
      vertex -83.3808 -50.1426 31.9555
      vertex -102.15 -67.7012 29.9164
      vertex -83.6357 -49.6292 32.0151
    endloop
  endfacet
  facet normal 0.000940365 0.115505 -0.993306
    outer loop
      vertex -88.63 -7.82579 36.8697
      vertex -101.327 69.6213 45.8635
      vertex -101.315 69.6814 45.8705
    endloop
  endfacet
  facet normal -5.63552e-06 0.11536 -0.993324
    outer loop
      vertex -102.294 -67.6306 29.9246
      vertex -83.6357 -49.6292 32.0151
      vertex -102.15 -67.7012 29.9164
    endloop
  endfacet
  facet normal -0.00129883 0.115143 -0.993348
    outer loop
      vertex -88.63 -7.82579 36.8697
      vertex -101.358 69.4648 45.8454
      vertex -101.327 69.6213 45.8635
    endloop
  endfacet
  facet normal -0.000632141 0.116001 -0.993249
    outer loop
      vertex -102.349 -67.6035 29.9278
      vertex -83.6357 -49.6292 32.0151
      vertex -102.294 -67.6306 29.9246
    endloop
  endfacet
  facet normal 5.42219e-05 0.115363 -0.993323
    outer loop
      vertex -88.63 -7.82579 36.8697
      vertex -101.429 69.2556 45.8211
      vertex -101.358 69.4648 45.8454
    endloop
  endfacet
  facet normal -0.000189609 0.115323 -0.993328
    outer loop
      vertex -88.63 -7.82579 36.8697
      vertex -101.5 69.1125 45.8045
      vertex -101.429 69.2556 45.8211
    endloop
  endfacet
  facet normal 5.40581e-05 0.115296 -0.993331
    outer loop
      vertex -83.6357 -49.6292 32.0151
      vertex -102.349 -67.6035 29.9278
      vertex -83.8209 -49.0872 32.078
    endloop
  endfacet
  facet normal 0.000343952 0.115411 -0.993318
    outer loop
      vertex -88.63 -7.82579 36.8697
      vertex -101.528 69.0575 45.7981
      vertex -101.5 69.1125 45.8045
    endloop
  endfacet
  facet normal -0.000527354 0.115267 -0.993334
    outer loop
      vertex -88.63 -7.82579 36.8697
      vertex -101.562 69.0065 45.7922
      vertex -101.528 69.0575 45.7981
    endloop
  endfacet
  facet normal -0.000312243 0.115658 -0.993289
    outer loop
      vertex -83.8209 -49.0872 32.078
      vertex -102.349 -67.6035 29.9278
      vertex -83.8922 -48.8787 32.1023
    endloop
  endfacet
  facet normal -8.06708e-06 0.115362 -0.993324
    outer loop
      vertex -102.408 -67.5837 29.9301
      vertex -83.8922 -48.8787 32.1023
      vertex -102.349 -67.6035 29.9278
    endloop
  endfacet
  facet normal 0.0009032 0.115504 -0.993307
    outer loop
      vertex -88.63 -7.82579 36.8697
      vertex -101.651 68.8739 45.7767
      vertex -101.562 69.0065 45.7922
    endloop
  endfacet
  facet normal 0.000224585 0.115135 -0.99335
    outer loop
      vertex -102.56 -67.5325 29.936
      vertex -83.8922 -48.8787 32.1023
      vertex -102.408 -67.5837 29.9301
    endloop
  endfacet
  facet normal -0.000278169 0.115306 -0.99333
    outer loop
      vertex -88.63 -7.82579 36.8697
      vertex -101.757 68.7539 45.7628
      vertex -101.651 68.8739 45.7767
    endloop
  endfacet
  facet normal 0.000279172 0.115081 -0.993356
    outer loop
      vertex -83.8922 -48.8787 32.1023
      vertex -102.56 -67.5325 29.936
      vertex -83.9354 -48.6628 32.1273
    endloop
  endfacet
  facet normal -0.00108741 0.115169 -0.993345
    outer loop
      vertex -88.63 -7.82579 36.8697
      vertex -101.798 68.7078 45.7575
      vertex -101.757 68.7539 45.7628
    endloop
  endfacet
  facet normal -6.07747e-05 0.115344 -0.993326
    outer loop
      vertex -88.63 -7.82579 36.8697
      vertex -101.844 68.6673 45.7528
      vertex -101.798 68.7078 45.7575
    endloop
  endfacet
  facet normal 1.95036e-05 0.115334 -0.993327
    outer loop
      vertex -102.778 -67.4894 29.941
      vertex -83.9354 -48.6628 32.1273
      vertex -102.56 -67.5325 29.936
    endloop
  endfacet
  facet normal 8.85105e-06 0.115344 -0.993326
    outer loop
      vertex -83.9354 -48.6628 32.1273
      vertex -102.778 -67.4894 29.941
      vertex -84.0478 -48.1013 32.1925
    endloop
  endfacet
  facet normal -0.000120032 0.115334 -0.993327
    outer loop
      vertex -88.63 -7.82579 36.8697
      vertex -101.965 68.5621 45.7406
      vertex -101.844 68.6673 45.7528
    endloop
  endfacet
  facet normal -6.79513e-05 0.115418 -0.993317
    outer loop
      vertex -103 -67.4749 29.9427
      vertex -84.0478 -48.1013 32.1925
      vertex -102.778 -67.4894 29.941
    endloop
  endfacet
  facet normal 7.25171e-05 0.115367 -0.993323
    outer loop
      vertex -88.63 -7.82579 36.8697
      vertex -102.099 68.4735 45.7303
      vertex -101.965 68.5621 45.7406
    endloop
  endfacet
  facet normal -0.000113574 0.115462 -0.993312
    outer loop
      vertex -84.0478 -48.1013 32.1925
      vertex -103 -67.4749 29.9427
      vertex -84.0855 -47.5301 32.2589
    endloop
  endfacet
  facet normal 0.000696529 0.115476 -0.99331
    outer loop
      vertex -88.63 -7.82579 36.8697
      vertex -102.15 68.4394 45.7263
      vertex -102.099 68.4735 45.7303
    endloop
  endfacet
  facet normal 6.18475e-05 0.115297 -0.993331
    outer loop
      vertex -84.0855 -47.5301 32.2589
      vertex -103 -67.4749 29.9427
      vertex -84.1 -47.3104 32.2844
    endloop
  endfacet
  facet normal 7.68199e-05 0.115284 -0.993333
    outer loop
      vertex -103.222 -67.4894 29.941
      vertex -84.1 -47.3104 32.2844
      vertex -103 -67.4749 29.9427
    endloop
  endfacet
  facet normal -0.000210325 0.115317 -0.993329
    outer loop
      vertex -88.63 -7.82579 36.8697
      vertex -102.349 68.3417 45.715
      vertex -102.15 68.4394 45.7263
    endloop
  endfacet
  facet normal 6.7976e-05 0.115292 -0.993332
    outer loop
      vertex -84.1 -47.3104 32.2844
      vertex -103.222 -67.4894 29.941
      vertex -84.0478 -46.5195 32.3762
    endloop
  endfacet
  facet normal -2.85448e-05 0.115379 -0.993322
    outer loop
      vertex -103.44 -67.5325 29.936
      vertex -84.0478 -46.5195 32.3762
      vertex -103.222 -67.4894 29.941
    endloop
  endfacet
  facet normal 0.000243232 0.115398 -0.993319
    outer loop
      vertex -88.63 -7.82579 36.8697
      vertex -102.56 68.2707 45.7067
      vertex -102.349 68.3417 45.715
    endloop
  endfacet
  facet normal 0.000284047 0.115405 -0.993318
    outer loop
      vertex -88.63 -7.82579 36.8697
      vertex -102.621 68.2588 45.7053
      vertex -102.56 68.2707 45.7067
    endloop
  endfacet
  facet normal -1.39032e-05 0.115366 -0.993323
    outer loop
      vertex -84.0478 -46.5195 32.3762
      vertex -103.44 -67.5325 29.936
      vertex -83.9354 -45.9581 32.4414
    endloop
  endfacet
  facet normal -0.000141693 0.115328 -0.993327
    outer loop
      vertex -88.63 -7.82579 36.8697
      vertex -102.778 68.2276 45.7017
      vertex -102.621 68.2588 45.7053
    endloop
  endfacet
  facet normal -4.74844e-05 0.115345 -0.993325
    outer loop
      vertex -88.63 -7.82579 36.8697
      vertex -102.938 68.2172 45.7005
      vertex -102.778 68.2276 45.7017
    endloop
  endfacet
  facet normal -0.000430085 0.115737 -0.99328
    outer loop
      vertex -103.592 -67.5837 29.9301
      vertex -83.9354 -45.9581 32.4414
      vertex -103.44 -67.5325 29.936
    endloop
  endfacet
  facet normal 0.000561674 0.115458 -0.993312
    outer loop
      vertex -88.63 -7.82579 36.8697
      vertex -103 68.2132 45.7
      vertex -102.938 68.2172 45.7005
    endloop
  endfacet
  facet normal -0.000575553 0.115246 -0.993337
    outer loop
      vertex -88.63 -7.82579 36.8697
      vertex -103.062 68.2172 45.7005
      vertex -103 68.2132 45.7
    endloop
  endfacet
  facet normal -2.93269e-06 0.115354 -0.993324
    outer loop
      vertex -83.9354 -45.9581 32.4414
      vertex -103.592 -67.5837 29.9301
      vertex -88.63 -21.2357 35.3124
    endloop
  endfacet
  facet normal 4.86654e-05 0.115363 -0.993323
    outer loop
      vertex -88.63 -7.82579 36.8697
      vertex -103.222 68.2276 45.7017
      vertex -103.062 68.2172 45.7005
    endloop
  endfacet
  facet normal 0.000152754 0.115383 -0.993321
    outer loop
      vertex -88.63 -7.82579 36.8697
      vertex -103.379 68.2588 45.7053
      vertex -103.222 68.2276 45.7017
    endloop
  endfacet
  facet normal 1.2572e-05 0.115349 -0.993325
    outer loop
      vertex -103.651 -67.6035 29.9278
      vertex -88.63 -21.2357 35.3124
      vertex -103.592 -67.5837 29.9301
    endloop
  endfacet
  facet normal -0.000305805 0.115295 -0.993331
    outer loop
      vertex -88.63 -7.82579 36.8697
      vertex -103.44 68.2707 45.7067
      vertex -103.379 68.2588 45.7053
    endloop
  endfacet
  facet normal 0.00113758 0.114989 -0.993366
    outer loop
      vertex -103.706 -67.6306 29.9246
      vertex -88.63 -21.2357 35.3124
      vertex -103.651 -67.6035 29.9278
    endloop
  endfacet
  facet normal 1.05231e-05 0.115351 -0.993325
    outer loop
      vertex -103.85 -67.7012 29.9164
      vertex -88.63 -21.2357 35.3124
      vertex -103.706 -67.6306 29.9246
    endloop
  endfacet
  facet normal -0.000276313 0.115301 -0.993331
    outer loop
      vertex -88.63 -7.82579 36.8697
      vertex -103.651 68.3417 45.715
      vertex -103.44 68.2707 45.7067
    endloop
  endfacet
  facet normal 0.000103663 0.11532 -0.993328
    outer loop
      vertex -103.984 -67.7898 29.9061
      vertex -88.63 -21.2357 35.3124
      vertex -103.85 -67.7012 29.9164
    endloop
  endfacet
  facet normal -0.00149946 0.115842 -0.993267
    outer loop
      vertex -104.035 -67.8239 29.9022
      vertex -88.63 -21.2357 35.3124
      vertex -103.984 -67.7898 29.9061
    endloop
  endfacet
  facet normal 0.000253462 0.115404 -0.993319
    outer loop
      vertex -88.63 -7.82579 36.8697
      vertex -103.85 68.4394 45.7263
      vertex -103.651 68.3417 45.715
    endloop
  endfacet
  facet normal -0.000899088 0.115177 -0.993345
    outer loop
      vertex -88.63 -7.82579 36.8697
      vertex -103.901 68.4735 45.7303
      vertex -103.85 68.4394 45.7263
    endloop
  endfacet
  facet normal 0.000256359 0.115269 -0.993334
    outer loop
      vertex -104.081 -67.8643 29.8975
      vertex -88.63 -21.2357 35.3124
      vertex -104.035 -67.8239 29.9022
    endloop
  endfacet
  facet normal -0.000192539 0.115416 -0.993317
    outer loop
      vertex -104.202 -67.9695 29.8853
      vertex -88.63 -21.2357 35.3124
      vertex -104.081 -67.8643 29.8975
    endloop
  endfacet
  facet normal -9.33328e-05 0.115336 -0.993327
    outer loop
      vertex -88.63 -7.82579 36.8697
      vertex -104.035 68.5621 45.7406
      vertex -103.901 68.4735 45.7303
    endloop
  endfacet
  facet normal 0.000972773 0.115033 -0.993361
    outer loop
      vertex -104.308 -68.0895 29.8713
      vertex -88.63 -21.2357 35.3124
      vertex -104.202 -67.9695 29.8853
    endloop
  endfacet
  facet normal 0.000167643 0.115388 -0.993321
    outer loop
      vertex -88.63 -7.82579 36.8697
      vertex -104.156 68.6673 45.7528
      vertex -104.035 68.5621 45.7406
    endloop
  endfacet
  facet normal -0.00208021 0.116041 -0.993242
    outer loop
      vertex -104.349 -68.1356 29.866
      vertex -88.63 -21.2357 35.3124
      vertex -104.308 -68.0895 29.8713
    endloop
  endfacet
  facet normal 8.5253e-05 0.115371 -0.993322
    outer loop
      vertex -88.63 -7.82579 36.8697
      vertex -104.202 68.7078 45.7575
      vertex -104.156 68.6673 45.7528
    endloop
  endfacet
  facet normal 0.00168265 0.115692 -0.993284
    outer loop
      vertex -88.63 -7.82579 36.8697
      vertex -104.243 68.7539 45.7628
      vertex -104.202 68.7078 45.7575
    endloop
  endfacet
  facet normal -0.00132405 0.115791 -0.993273
    outer loop
      vertex -104.383 -68.1866 29.8601
      vertex -88.63 -21.2357 35.3124
      vertex -104.349 -68.1356 29.866
    endloop
  endfacet
  facet normal 0.00200693 0.114688 -0.9934
    outer loop
      vertex -104.472 -68.3193 29.8446
      vertex -88.63 -21.2357 35.3124
      vertex -104.383 -68.1866 29.8601
    endloop
  endfacet
  facet normal 0.000431808 0.11544 -0.993314
    outer loop
      vertex -88.63 -7.82579 36.8697
      vertex -104.349 68.8739 45.7767
      vertex -104.243 68.7539 45.7628
    endloop
  endfacet
  facet normal -2.73245e-06 0.115355 -0.993324
    outer loop
      vertex -88.63 -21.2357 35.3124
      vertex -104.472 -68.3193 29.8446
      vertex -88.63 -7.82579 36.8697
    endloop
  endfacet
  facet normal -0.00162916 0.115023 -0.993361
    outer loop
      vertex -88.63 -7.82579 36.8697
      vertex -104.438 69.0065 45.7922
      vertex -104.349 68.8739 45.7767
    endloop
  endfacet
  facet normal -2.75934e-05 0.115362 -0.993324
    outer loop
      vertex -110 -77.1309 28.8214
      vertex -88.63 -7.82579 36.8697
      vertex -104.472 -68.3193 29.8446
    endloop
  endfacet
  facet normal 0.000955298 0.115548 -0.993301
    outer loop
      vertex -88.63 -7.82579 36.8697
      vertex -104.472 69.0575 45.7981
      vertex -104.438 69.0065 45.7922
    endloop
  endfacet
  facet normal -1.64337e-06 0.115354 -0.993324
    outer loop
      vertex -110 77.8691 46.8214
      vertex -88.63 -7.82579 36.8697
      vertex -110 -77.1309 28.8214
    endloop
  endfacet
  facet normal 0.000129859 0.115264 -0.993335
    outer loop
      vertex -110 -77.1309 28.8214
      vertex -104.472 -68.3193 29.8446
      vertex -104.571 -68.5174 29.8216
    endloop
  endfacet
  facet normal -4.11093e-06 0.115353 -0.993325
    outer loop
      vertex -88.63 -7.82579 36.8697
      vertex -110 77.8691 46.8214
      vertex -104.472 69.0575 45.7981
    endloop
  endfacet
  facet normal -0.000315322 0.115541 -0.993303
    outer loop
      vertex -110 -77.1309 28.8214
      vertex -104.571 -68.5174 29.8216
      vertex -104.642 -68.7265 29.7973
    endloop
  endfacet
  facet normal 0.0019536 0.116565 -0.993181
    outer loop
      vertex -104.472 69.0575 45.7981
      vertex -110 77.8691 46.8214
      vertex -104.5 69.1125 45.8045
    endloop
  endfacet
  facet normal 0.0010462 0.114685 -0.993401
    outer loop
      vertex -110 -77.1309 28.8214
      vertex -104.642 -68.7265 29.7973
      vertex -104.673 -68.883 29.7792
    endloop
  endfacet
  facet normal -0.000954329 0.114763 -0.993392
    outer loop
      vertex -104.5 69.1125 45.8045
      vertex -110 77.8691 46.8214
      vertex -104.571 69.2556 45.8211
    endloop
  endfacet
  facet normal -0.000339328 0.115568 -0.9933
    outer loop
      vertex -110 -77.1309 28.8214
      vertex -104.673 -68.883 29.7792
      vertex -104.685 -68.9432 29.7722
    endloop
  endfacet
  facet normal 8.58229e-05 0.11541 -0.993318
    outer loop
      vertex -104.571 69.2556 45.8211
      vertex -110 77.8691 46.8214
      vertex -104.642 69.4648 45.8454
    endloop
  endfacet
  facet normal -0.0010762 0.114679 -0.993402
    outer loop
      vertex -104.642 69.4648 45.8454
      vertex -110 77.8691 46.8214
      vertex -104.673 69.6213 45.8635
    endloop
  endfacet
  facet normal -4.6227e-05 0.11538 -0.993321
    outer loop
      vertex -110 -77.1309 28.8214
      vertex -104.685 -68.9432 29.7722
      vertex -104.7 -69.1636 29.7466
    endloop
  endfacet
  facet normal 0.000740126 0.115836 -0.993268
    outer loop
      vertex -104.673 69.6213 45.8635
      vertex -110 77.8691 46.8214
      vertex -104.685 69.6814 45.8705
    endloop
  endfacet
  facet normal 0 0.115269 -0.993334
    outer loop
      vertex -72.1078 15.8439 39.6184
      vertex -45.8921 15.8439 39.6184
      vertex -71.9522 15.0666 39.5282
    endloop
  endfacet
  facet normal -5.77451e-06 0.115298 -0.993331
    outer loop
      vertex -45.6357 11.9569 39.167
      vertex -71.9377 13.7045 39.37
      vertex -71.9 14.2757 39.4363
    endloop
  endfacet
  facet normal -6.04157e-06 0.115294 -0.993331
    outer loop
      vertex -45.6357 11.9569 39.167
      vertex -71.9522 13.4848 39.3445
      vertex -71.9377 13.7045 39.37
    endloop
  endfacet
  facet normal 1.77749e-06 0.115427 -0.993316
    outer loop
      vertex -45.6357 11.9569 39.167
      vertex -71.9954 13.2688 39.3194
      vertex -71.9522 13.4848 39.3445
    endloop
  endfacet
  facet normal -1.4276e-06 0.115363 -0.993323
    outer loop
      vertex -45.6357 11.9569 39.167
      vertex -72.1078 12.7074 39.2542
      vertex -71.9954 13.2688 39.3194
    endloop
  endfacet
  facet normal 0 0.115413 -0.993318
    outer loop
      vertex -45.6357 11.9569 39.167
      vertex -72.3643 11.9569 39.167
      vertex -72.1078 12.7074 39.2542
    endloop
  endfacet
  facet normal -4.24838e-05 0.115335 -0.993327
    outer loop
      vertex -64.63 -7.82579 36.8697
      vertex -72.6192 11.4435 39.1074
      vertex -72.3643 11.9569 39.167
    endloop
  endfacet
  facet normal -0.000194585 0.115273 -0.993334
    outer loop
      vertex -64.63 -7.82579 36.8697
      vertex -72.7172 11.246 39.0845
      vertex -72.6192 11.4435 39.1074
    endloop
  endfacet
  facet normal 0.000238816 0.115454 -0.993313
    outer loop
      vertex -64.63 -7.82579 36.8697
      vertex -72.8404 11.063 39.0632
      vertex -72.7172 11.246 39.0845
    endloop
  endfacet
  facet normal -0.000144172 0.11529 -0.993332
    outer loop
      vertex -64.63 -7.82579 36.8697
      vertex -73.1605 10.587 39.008
      vertex -72.8404 11.063 39.0632
    endloop
  endfacet
  facet normal -3.45408e-07 0.115356 -0.993324
    outer loop
      vertex -64.63 -7.82579 36.8697
      vertex -73.6866 9.99112 38.9388
      vertex -73.1605 10.587 39.008
    endloop
  endfacet
  facet normal 0.000108973 0.115411 -0.993318
    outer loop
      vertex -64.63 -7.82579 36.8697
      vertex -74.1199 9.61369 38.8949
      vertex -73.6866 9.99112 38.9388
    endloop
  endfacet
  facet normal -0.00023531 0.115226 -0.993339
    outer loop
      vertex -64.63 -7.82579 36.8697
      vertex -74.2866 9.46852 38.8781
      vertex -74.1199 9.61369 38.8949
    endloop
  endfacet
  facet normal 6.88407e-05 0.115393 -0.99332
    outer loop
      vertex -64.63 -7.82579 36.8697
      vertex -74.95 9.02818 38.8269
      vertex -74.2866 9.46852 38.8781
    endloop
  endfacet
  facet normal -8.86235e-06 0.115346 -0.993325
    outer loop
      vertex -64.63 -7.82579 36.8697
      vertex -75.6656 8.67763 38.7862
      vertex -74.95 9.02818 38.8269
    endloop
  endfacet
  facet normal -7.08217e-05 0.115306 -0.99333
    outer loop
      vertex -64.63 -7.82579 36.8697
      vertex -75.8755 8.60686 38.778
      vertex -75.6656 8.67763 38.7862
    endloop
  endfacet
  facet normal 4.78378e-05 0.115386 -0.993321
    outer loop
      vertex -64.63 -7.82579 36.8697
      vertex -76.4212 8.42286 38.7566
      vertex -75.8755 8.60686 38.778
    endloop
  endfacet
  facet normal -6.2889e-05 0.115306 -0.99333
    outer loop
      vertex -64.63 -7.82579 36.8697
      vertex -77.2038 8.26823 38.7387
      vertex -76.4212 8.42286 38.7566
    endloop
  endfacet
  facet normal 8.56288e-05 0.115421 -0.993317
    outer loop
      vertex -64.63 -7.82579 36.8697
      vertex -77.7788 8.23079 38.7343
      vertex -77.2038 8.26823 38.7387
    endloop
  endfacet
  facet normal 0 0.115352 -0.993325
    outer loop
      vertex -88.63 -7.82579 36.8697
      vertex -77.7788 8.23079 38.7343
      vertex -64.63 -7.82579 36.8697
    endloop
  endfacet
  facet normal -0.000339259 0.115578 -0.993298
    outer loop
      vertex -77.7788 8.23079 38.7343
      vertex -88.63 -7.82579 36.8697
      vertex -78 8.21639 38.7327
    endloop
  endfacet
  facet normal 0.000311216 0.115153 -0.993348
    outer loop
      vertex -78 8.21639 38.7327
      vertex -88.63 -7.82579 36.8697
      vertex -78.2212 8.23079 38.7343
    endloop
  endfacet
  facet normal -8.65419e-05 0.115407 -0.993318
    outer loop
      vertex -78.2212 8.23079 38.7343
      vertex -88.63 -7.82579 36.8697
      vertex -78.7962 8.26823 38.7387
    endloop
  endfacet
  facet normal 6.47765e-05 0.115316 -0.993329
    outer loop
      vertex -78.7962 8.26823 38.7387
      vertex -88.63 -7.82579 36.8697
      vertex -79.5788 8.42286 38.7566
    endloop
  endfacet
  facet normal -5.01277e-05 0.115379 -0.993322
    outer loop
      vertex -79.5788 8.42286 38.7566
      vertex -88.63 -7.82579 36.8697
      vertex -80.1245 8.60686 38.778
    endloop
  endfacet
  facet normal 7.42115e-05 0.115315 -0.993329
    outer loop
      vertex -80.1245 8.60686 38.778
      vertex -88.63 -7.82579 36.8697
      vertex -80.3344 8.67763 38.7862
    endloop
  endfacet
  facet normal 9.44072e-06 0.115348 -0.993325
    outer loop
      vertex -80.3344 8.67763 38.7862
      vertex -88.63 -7.82579 36.8697
      vertex -81.05 9.02818 38.8269
    endloop
  endfacet
  facet normal -7.45616e-05 0.115385 -0.993321
    outer loop
      vertex -81.05 9.02818 38.8269
      vertex -88.63 -7.82579 36.8697
      vertex -81.7134 9.46852 38.8781
    endloop
  endfacet
  facet normal 0.000259389 0.115253 -0.993336
    outer loop
      vertex -81.7134 9.46852 38.8781
      vertex -88.63 -7.82579 36.8697
      vertex -81.8801 9.61369 38.8949
    endloop
  endfacet
  facet normal 0.000230583 0.115291 -0.993332
    outer loop
      vertex -88.63 -7.82579 36.8697
      vertex -83.3808 11.4435 39.1074
      vertex -83.2828 11.246 39.0845
    endloop
  endfacet
  facet normal -2.11329e-05 0.115359 -0.993324
    outer loop
      vertex -88.63 -7.82579 36.8697
      vertex -84.0046 13.2688 39.3194
      vertex -83.8922 12.7074 39.2542
    endloop
  endfacet
  facet normal 0.000207081 0.115311 -0.993329
    outer loop
      vertex -84.0623 13.7045 39.37
      vertex -88.63 -7.82579 36.8697
      vertex -84.1 14.2757 39.4363
    endloop
  endfacet
  facet normal 0.000221596 0.115308 -0.99333
    outer loop
      vertex -84.0478 13.4848 39.3445
      vertex -88.63 -7.82579 36.8697
      vertex -84.0623 13.7045 39.37
    endloop
  endfacet
  facet normal -0.000176272 0.115392 -0.99332
    outer loop
      vertex -84.0046 13.2688 39.3194
      vertex -88.63 -7.82579 36.8697
      vertex -84.0478 13.4848 39.3445
    endloop
  endfacet
  facet normal -0.000104362 0.115378 -0.993322
    outer loop
      vertex -83.6357 11.9569 39.167
      vertex -88.63 -7.82579 36.8697
      vertex -83.8922 12.7074 39.2542
    endloop
  endfacet
  facet normal 5.03404e-05 0.115339 -0.993326
    outer loop
      vertex -83.3808 11.4435 39.1074
      vertex -88.63 -7.82579 36.8697
      vertex -83.6357 11.9569 39.167
    endloop
  endfacet
  facet normal -0.000274796 0.11543 -0.993316
    outer loop
      vertex -83.1596 11.063 39.0632
      vertex -88.63 -7.82579 36.8697
      vertex -83.2828 11.246 39.0845
    endloop
  endfacet
  facet normal 0.00016591 0.115304 -0.99333
    outer loop
      vertex -82.8395 10.587 39.008
      vertex -88.63 -7.82579 36.8697
      vertex -83.1596 11.063 39.0632
    endloop
  endfacet
  facet normal 3.88335e-07 0.115356 -0.993324
    outer loop
      vertex -82.3134 9.99112 38.9388
      vertex -88.63 -7.82579 36.8697
      vertex -82.8395 10.587 39.008
    endloop
  endfacet
  facet normal -0.000120126 0.115398 -0.993319
    outer loop
      vertex -81.8801 9.61369 38.8949
      vertex -88.63 -7.82579 36.8697
      vertex -82.3134 9.99112 38.9388
    endloop
  endfacet
  facet normal 0 0.115413 -0.993318
    outer loop
      vertex -45.8921 -45.7422 32.4665
      vertex -72.1078 -45.7422 32.4665
      vertex -45.6357 -44.9917 32.5537
    endloop
  endfacet
  facet normal 0 0.115413 -0.993318
    outer loop
      vertex -72.3643 -44.9917 32.5537
      vertex -45.6357 -44.9917 32.5537
      vertex -72.1078 -45.7422 32.4665
    endloop
  endfacet
  facet normal 0 0.115276 -0.993333
    outer loop
      vertex -45.6357 -44.9917 32.5537
      vertex -72.3643 -44.9917 32.5537
      vertex -45.2828 -44.2808 32.6362
    endloop
  endfacet
  facet normal 0 0.115276 -0.993333
    outer loop
      vertex -72.7172 -44.2808 32.6362
      vertex -45.2828 -44.2808 32.6362
      vertex -72.3643 -44.9917 32.5537
    endloop
  endfacet
  facet normal 0 0.115354 -0.993324
    outer loop
      vertex -45.2828 -44.2808 32.6362
      vertex -72.7172 -44.2808 32.6362
      vertex -64.63 -21.2357 35.3124
    endloop
  endfacet
  facet normal -0.000195082 0.115421 -0.993317
    outer loop
      vertex -72.8404 -44.0977 32.6575
      vertex -64.63 -21.2357 35.3124
      vertex -72.7172 -44.2808 32.6362
    endloop
  endfacet
  facet normal 0.000131363 0.115305 -0.99333
    outer loop
      vertex -73.1605 -43.6218 32.7127
      vertex -64.63 -21.2357 35.3124
      vertex -72.8404 -44.0977 32.6575
    endloop
  endfacet
  facet normal 2.53977e-06 0.115354 -0.993324
    outer loop
      vertex -73.6866 -43.0259 32.7819
      vertex -64.63 -21.2357 35.3124
      vertex -73.1605 -43.6218 32.7127
    endloop
  endfacet
  facet normal -1.25979e-05 0.11536 -0.993324
    outer loop
      vertex -74.2866 -42.5033 32.8426
      vertex -64.63 -21.2357 35.3124
      vertex -73.6866 -43.0259 32.7819
    endloop
  endfacet
  facet normal -7.83469e-05 0.11539 -0.99332
    outer loop
      vertex -74.95 -42.063 32.8938
      vertex -64.63 -21.2357 35.3124
      vertex -74.2866 -42.5033 32.8426
    endloop
  endfacet
  facet normal 1.55551e-05 0.115344 -0.993326
    outer loop
      vertex -75.6656 -41.7124 32.9345
      vertex -64.63 -21.2357 35.3124
      vertex -74.95 -42.063 32.8938
    endloop
  endfacet
  facet normal 0.000103803 0.115297 -0.993331
    outer loop
      vertex -76.2113 -41.5284 32.9558
      vertex -64.63 -21.2357 35.3124
      vertex -75.6656 -41.7124 32.9345
    endloop
  endfacet
  facet normal -0.000309394 0.115529 -0.993304
    outer loop
      vertex -76.4212 -41.4576 32.9641
      vertex -64.63 -21.2357 35.3124
      vertex -76.2113 -41.5284 32.9558
    endloop
  endfacet
  facet normal 6.05146e-05 0.115317 -0.993329
    outer loop
      vertex -77.2038 -41.303 32.982
      vertex -64.63 -21.2357 35.3124
      vertex -76.4212 -41.4576 32.9641
    endloop
  endfacet
  facet normal -0.000119683 0.115428 -0.993316
    outer loop
      vertex -77.425 -41.2886 32.9837
      vertex -64.63 -21.2357 35.3124
      vertex -77.2038 -41.303 32.982
    endloop
  endfacet
  facet normal 7.74096e-05 0.115395 -0.99332
    outer loop
      vertex -88.63 -21.2357 35.3124
      vertex -77.425 -41.2886 32.9837
      vertex -78 -41.2512 32.988
    endloop
  endfacet
  facet normal -7.22408e-05 0.115317 -0.993329
    outer loop
      vertex -88.63 -21.2357 35.3124
      vertex -78 -41.2512 32.988
      vertex -78.575 -41.2886 32.9837
    endloop
  endfacet
  facet normal 0.000120714 0.115412 -0.993318
    outer loop
      vertex -88.63 -21.2357 35.3124
      vertex -78.575 -41.2886 32.9837
      vertex -78.7962 -41.303 32.982
    endloop
  endfacet
  facet normal -6.20028e-05 0.115324 -0.993328
    outer loop
      vertex -88.63 -21.2357 35.3124
      vertex -78.7962 -41.303 32.982
      vertex -79.5788 -41.4576 32.9641
    endloop
  endfacet
  facet normal 0.000321681 0.115493 -0.993308
    outer loop
      vertex -88.63 -21.2357 35.3124
      vertex -79.5788 -41.4576 32.9641
      vertex -79.7887 -41.5284 32.9558
    endloop
  endfacet
  facet normal -0.000107924 0.115309 -0.99333
    outer loop
      vertex -88.63 -21.2357 35.3124
      vertex -79.7887 -41.5284 32.9558
      vertex -80.3344 -41.7124 32.9345
    endloop
  endfacet
  facet normal -1.64059e-05 0.115345 -0.993325
    outer loop
      vertex -88.63 -21.2357 35.3124
      vertex -80.3344 -41.7124 32.9345
      vertex -81.05 -42.063 32.8938
    endloop
  endfacet
  facet normal 8.3857e-05 0.115381 -0.993321
    outer loop
      vertex -88.63 -21.2357 35.3124
      vertex -81.05 -42.063 32.8938
      vertex -81.7134 -42.5033 32.8426
    endloop
  endfacet
  facet normal 1.36995e-05 0.115359 -0.993324
    outer loop
      vertex -88.63 -21.2357 35.3124
      vertex -81.7134 -42.5033 32.8426
      vertex -82.3134 -43.0259 32.7819
    endloop
  endfacet
  facet normal -2.81209e-06 0.115354 -0.993324
    outer loop
      vertex -88.63 -21.2357 35.3124
      vertex -82.3134 -43.0259 32.7819
      vertex -82.8395 -43.6218 32.7127
    endloop
  endfacet
  facet normal 0.000220715 0.115404 -0.993319
    outer loop
      vertex -88.63 -21.2357 35.3124
      vertex -83.1596 -44.0977 32.6575
      vertex -83.2828 -44.2808 32.6362
    endloop
  endfacet
  facet normal -6.0676e-05 0.115419 -0.993317
    outer loop
      vertex -82.8395 -50.9991 31.856
      vertex -101.965 -67.8239 29.9022
      vertex -83.2828 -50.3401 31.9326
    endloop
  endfacet
  facet normal 0 0.115353 -0.993325
    outer loop
      vertex -77.425 -41.2886 32.9837
      vertex -88.63 -21.2357 35.3124
      vertex -64.63 -21.2357 35.3124
    endloop
  endfacet
  facet normal -0.000148628 0.115317 -0.993329
    outer loop
      vertex -83.1596 -44.0977 32.6575
      vertex -88.63 -21.2357 35.3124
      vertex -82.8395 -43.6218 32.7127
    endloop
  endfacet
  facet normal -0.00010736 0.115329 -0.993327
    outer loop
      vertex -83.6357 -44.9917 32.5537
      vertex -88.63 -21.2357 35.3124
      vertex -83.2828 -44.2808 32.6362
    endloop
  endfacet
  facet normal 0.000112926 0.115375 -0.993322
    outer loop
      vertex -83.8922 -45.7422 32.4665
      vertex -88.63 -21.2357 35.3124
      vertex -83.6357 -44.9917 32.5537
    endloop
  endfacet
  facet normal 0.000326087 0.115415 -0.993317
    outer loop
      vertex -83.9354 -45.9581 32.4414
      vertex -88.63 -21.2357 35.3124
      vertex -83.8922 -45.7422 32.4665
    endloop
  endfacet
  facet normal 6.84071e-05 0.115275 -0.993334
    outer loop
      vertex -101.919 -67.8643 29.8975
      vertex -82.8395 -50.9991 31.856
      vertex -101.798 -67.9695 29.8853
    endloop
  endfacet
  facet normal 0 0.115398 -0.993319
    outer loop
      vertex -45.8921 15.8439 39.6184
      vertex -72.1078 15.8439 39.6184
      vertex -45.6357 16.5945 39.7056
    endloop
  endfacet
  facet normal 0 0.115398 -0.993319
    outer loop
      vertex -72.3643 16.5945 39.7056
      vertex -45.6357 16.5945 39.7056
      vertex -72.1078 15.8439 39.6184
    endloop
  endfacet
  facet normal 0 0.115292 -0.993332
    outer loop
      vertex -45.6357 16.5945 39.7056
      vertex -72.3643 16.5945 39.7056
      vertex -45.2828 17.3053 39.7881
    endloop
  endfacet
  facet normal 0 0.115292 -0.993332
    outer loop
      vertex -72.7172 17.3053 39.7881
      vertex -45.2828 17.3053 39.7881
      vertex -72.3643 16.5945 39.7056
    endloop
  endfacet
  facet normal 0 0.115358 -0.993324
    outer loop
      vertex -45.2828 17.3053 39.7881
      vertex -72.7172 17.3053 39.7881
      vertex -64.63 40.3504 42.4644
    endloop
  endfacet
  facet normal -4.20407e-05 0.115372 -0.993322
    outer loop
      vertex -73.0374 17.7813 39.8434
      vertex -64.63 40.3504 42.4644
      vertex -72.7172 17.3053 39.7881
    endloop
  endfacet
  facet normal -0.000248243 0.115448 -0.993313
    outer loop
      vertex -73.1605 17.9643 39.8647
      vertex -64.63 40.3504 42.4644
      vertex -73.0374 17.7813 39.8434
    endloop
  endfacet
  facet normal 0.000147807 0.115299 -0.993331
    outer loop
      vertex -73.3067 18.1299 39.8839
      vertex -64.63 40.3504 42.4644
      vertex -73.1605 17.9643 39.8647
    endloop
  endfacet
  facet normal -5.18765e-05 0.115376 -0.993322
    outer loop
      vertex -73.6866 18.5602 39.9339
      vertex -64.63 40.3504 42.4644
      vertex -73.3067 18.1299 39.8839
    endloop
  endfacet
  facet normal -1.25979e-05 0.11536 -0.993324
    outer loop
      vertex -74.2866 19.0828 39.9946
      vertex -64.63 40.3504 42.4644
      vertex -73.6866 18.5602 39.9339
    endloop
  endfacet
  facet normal 1.10311e-05 0.11535 -0.993325
    outer loop
      vertex -74.4708 19.2051 40.0088
      vertex -64.63 40.3504 42.4644
      vertex -74.2866 19.0828 39.9946
    endloop
  endfacet
  facet normal 6.47672e-05 0.115325 -0.993328
    outer loop
      vertex -74.95 19.5232 40.0457
      vertex -64.63 40.3504 42.4644
      vertex -74.4708 19.2051 40.0088
    endloop
  endfacet
  facet normal -1.08953e-05 0.115362 -0.993324
    outer loop
      vertex -75.4668 19.7763 40.0751
      vertex -64.63 40.3504 42.4644
      vertex -74.95 19.5232 40.0457
    endloop
  endfacet
  facet normal 4.44944e-05 0.115333 -0.993327
    outer loop
      vertex -75.6656 19.8737 40.0864
      vertex -64.63 40.3504 42.4644
      vertex -75.4668 19.7763 40.0751
    endloop
  endfacet
  facet normal -1.06438e-05 0.115362 -0.993323
    outer loop
      vertex -76.4212 20.1285 40.116
      vertex -64.63 40.3504 42.4644
      vertex -75.6656 19.8737 40.0864
    endloop
  endfacet
  facet normal -7.35838e-05 0.115399 -0.993319
    outer loop
      vertex -76.6386 20.1714 40.121
      vertex -64.63 40.3504 42.4644
      vertex -76.4212 20.1285 40.116
    endloop
  endfacet
  facet normal -4.43586e-05 0.115381 -0.993321
    outer loop
      vertex -77.2038 20.2831 40.134
      vertex -64.63 40.3504 42.4644
      vertex -76.6386 20.1714 40.121
    endloop
  endfacet
  facet normal 9.10283e-05 0.115298 -0.993331
    outer loop
      vertex -77.7788 20.3206 40.1383
      vertex -64.63 40.3504 42.4644
      vertex -77.2038 20.2831 40.134
    endloop
  endfacet
  facet normal -0.000128937 0.115288 -0.993332
    outer loop
      vertex -88.63 40.3504 42.4644
      vertex -77.7788 20.3206 40.1383
      vertex -78 20.335 40.14
    endloop
  endfacet
  facet normal 0.000120318 0.115418 -0.993317
    outer loop
      vertex -88.63 40.3504 42.4644
      vertex -78 20.335 40.14
      vertex -78.2212 20.3206 40.1383
    endloop
  endfacet
  facet normal -9.18137e-05 0.11531 -0.99333
    outer loop
      vertex -88.63 40.3504 42.4644
      vertex -78.2212 20.3206 40.1383
      vertex -78.7962 20.2831 40.134
    endloop
  endfacet
  facet normal 4.54499e-05 0.115376 -0.993322
    outer loop
      vertex -88.63 40.3504 42.4644
      vertex -78.7962 20.2831 40.134
      vertex -79.3614 20.1714 40.121
    endloop
  endfacet
  facet normal 7.53917e-05 0.11539 -0.99332
    outer loop
      vertex -88.63 40.3504 42.4644
      vertex -79.3614 20.1714 40.121
      vertex -79.5788 20.1285 40.116
    endloop
  endfacet
  facet normal 1.10664e-05 0.115361 -0.993324
    outer loop
      vertex -88.63 40.3504 42.4644
      vertex -79.5788 20.1285 40.116
      vertex -80.3344 19.8737 40.0864
    endloop
  endfacet
  facet normal -4.69283e-05 0.115338 -0.993326
    outer loop
      vertex -88.63 40.3504 42.4644
      vertex -80.3344 19.8737 40.0864
      vertex -80.5332 19.7763 40.0751
    endloop
  endfacet
  facet normal 1.14911e-05 0.115361 -0.993324
    outer loop
      vertex -88.63 40.3504 42.4644
      vertex -80.5332 19.7763 40.0751
      vertex -81.05 19.5232 40.0457
    endloop
  endfacet
  facet normal -6.93228e-05 0.115332 -0.993327
    outer loop
      vertex -88.63 40.3504 42.4644
      vertex -81.05 19.5232 40.0457
      vertex -81.5292 19.2051 40.0088
    endloop
  endfacet
  facet normal -1.18071e-05 0.115351 -0.993325
    outer loop
      vertex -88.63 40.3504 42.4644
      vertex -81.5292 19.2051 40.0088
      vertex -81.7134 19.0828 39.9946
    endloop
  endfacet
  facet normal 1.36995e-05 0.115359 -0.993324
    outer loop
      vertex -88.63 40.3504 42.4644
      vertex -81.7134 19.0828 39.9946
      vertex -82.3134 18.5602 39.9339
    endloop
  endfacet
  facet normal 5.74388e-05 0.115371 -0.993322
    outer loop
      vertex -88.63 40.3504 42.4644
      vertex -82.3134 18.5602 39.9339
      vertex -82.6933 18.1299 39.8839
    endloop
  endfacet
  facet normal -0.000163655 0.115313 -0.993329
    outer loop
      vertex -88.63 40.3504 42.4644
      vertex -82.6933 18.1299 39.8839
      vertex -82.8395 17.9643 39.8647
    endloop
  endfacet
  facet normal -0.997844 0.0643627 0.0128725
    outer loop
      vertex -84.1 14.2757 39.4363
      vertex -84.0478 15.0666 39.5282
      vertex -84.0855 14.4954 39.4618
    endloop
  endfacet
  facet normal -9.99909e-06 0.115355 -0.993324
    outer loop
      vertex -88.63 40.3504 42.4644
      vertex -84.1 14.2757 39.4363
      vertex -88.63 -7.82579 36.8697
    endloop
  endfacet
  facet normal 0 0.115357 -0.993324
    outer loop
      vertex -77.7788 20.3206 40.1383
      vertex -88.63 40.3504 42.4644
      vertex -64.63 40.3504 42.4644
    endloop
  endfacet
  facet normal 0.000280867 0.115427 -0.993316
    outer loop
      vertex -82.9626 17.7813 39.8434
      vertex -88.63 40.3504 42.4644
      vertex -82.8395 17.9643 39.8647
    endloop
  endfacet
  facet normal 4.75657e-05 0.115369 -0.993323
    outer loop
      vertex -83.2828 17.3053 39.7881
      vertex -88.63 40.3504 42.4644
      vertex -82.9626 17.7813 39.8434
    endloop
  endfacet
  facet normal -9.10045e-05 0.115337 -0.993326
    outer loop
      vertex -83.6357 16.5945 39.7056
      vertex -88.63 40.3504 42.4644
      vertex -83.2828 17.3053 39.7881
    endloop
  endfacet
  facet normal 7.66228e-05 0.115372 -0.993322
    outer loop
      vertex -83.8922 15.8439 39.6184
      vertex -88.63 40.3504 42.4644
      vertex -83.6357 16.5945 39.7056
    endloop
  endfacet
  facet normal -0.000226537 0.115314 -0.993329
    outer loop
      vertex -84.0478 15.0666 39.5282
      vertex -88.63 40.3504 42.4644
      vertex -83.8922 15.8439 39.6184
    endloop
  endfacet
  facet normal 0.00026936 0.115403 -0.993319
    outer loop
      vertex -84.1 14.2757 39.4363
      vertex -88.63 40.3504 42.4644
      vertex -84.0478 15.0666 39.5282
    endloop
  endfacet
  facet normal 0 0.115358 -0.993324
    outer loop
      vertex -7.28275 17.3053 39.7881
      vertex -26.63 40.3504 42.4644
      vertex -12.63 40.3504 42.4644
    endloop
  endfacet
  facet normal -5.45633e-05 0.115301 -0.993331
    outer loop
      vertex -12.63 -7.82579 36.8697
      vertex -33.9377 13.7045 39.37
      vertex -33.9 14.2757 39.4363
    endloop
  endfacet
  facet normal -5.83875e-05 0.115297 -0.993331
    outer loop
      vertex -12.63 -7.82579 36.8697
      vertex -33.9522 13.4848 39.3445
      vertex -33.9377 13.7045 39.37
    endloop
  endfacet
  facet normal 6.09357e-05 0.115415 -0.993317
    outer loop
      vertex -12.63 -7.82579 36.8697
      vertex -33.9954 13.2688 39.3194
      vertex -33.9522 13.4848 39.3445
    endloop
  endfacet
  facet normal 7.30684e-06 0.115361 -0.993324
    outer loop
      vertex -12.63 -7.82579 36.8697
      vertex -34.1079 12.7074 39.2542
      vertex -33.9954 13.2688 39.3194
    endloop
  endfacet
  facet normal 4.3057e-05 0.115398 -0.993319
    outer loop
      vertex -12.63 -7.82579 36.8697
      vertex -34.3643 11.9569 39.167
      vertex -34.1079 12.7074 39.2542
    endloop
  endfacet
  facet normal -4.24838e-05 0.115335 -0.993327
    outer loop
      vertex -26.63 -7.82579 36.8697
      vertex -34.6192 11.4435 39.1074
      vertex -34.3643 11.9569 39.167
    endloop
  endfacet
  facet normal -0.000194585 0.115273 -0.993334
    outer loop
      vertex -26.63 -7.82579 36.8697
      vertex -34.7172 11.246 39.0845
      vertex -34.6192 11.4435 39.1074
    endloop
  endfacet
  facet normal 0.000238816 0.115454 -0.993313
    outer loop
      vertex -26.63 -7.82579 36.8697
      vertex -34.8404 11.063 39.0632
      vertex -34.7172 11.246 39.0845
    endloop
  endfacet
  facet normal -0.000144172 0.11529 -0.993332
    outer loop
      vertex -26.63 -7.82579 36.8697
      vertex -35.1605 10.587 39.008
      vertex -34.8404 11.063 39.0632
    endloop
  endfacet
  facet normal -3.45408e-07 0.115356 -0.993324
    outer loop
      vertex -26.63 -7.82579 36.8697
      vertex -35.6866 9.99112 38.9388
      vertex -35.1605 10.587 39.008
    endloop
  endfacet
  facet normal 0.000108973 0.115411 -0.993318
    outer loop
      vertex -26.63 -7.82579 36.8697
      vertex -36.1199 9.61369 38.8949
      vertex -35.6866 9.99112 38.9388
    endloop
  endfacet
  facet normal -0.00023531 0.115226 -0.993339
    outer loop
      vertex -26.63 -7.82579 36.8697
      vertex -36.2866 9.46852 38.8781
      vertex -36.1199 9.61369 38.8949
    endloop
  endfacet
  facet normal 6.88407e-05 0.115393 -0.99332
    outer loop
      vertex -26.63 -7.82579 36.8697
      vertex -36.95 9.02818 38.8269
      vertex -36.2866 9.46852 38.8781
    endloop
  endfacet
  facet normal -8.86235e-06 0.115346 -0.993325
    outer loop
      vertex -26.63 -7.82579 36.8697
      vertex -37.6656 8.67763 38.7862
      vertex -36.95 9.02818 38.8269
    endloop
  endfacet
  facet normal -7.08217e-05 0.115306 -0.99333
    outer loop
      vertex -26.63 -7.82579 36.8697
      vertex -37.8755 8.60686 38.778
      vertex -37.6656 8.67763 38.7862
    endloop
  endfacet
  facet normal 4.78378e-05 0.115386 -0.993321
    outer loop
      vertex -26.63 -7.82579 36.8697
      vertex -38.4212 8.42286 38.7566
      vertex -37.8755 8.60686 38.778
    endloop
  endfacet
  facet normal -6.2889e-05 0.115306 -0.99333
    outer loop
      vertex -26.63 -7.82579 36.8697
      vertex -39.2038 8.26823 38.7387
      vertex -38.4212 8.42286 38.7566
    endloop
  endfacet
  facet normal 8.56288e-05 0.115421 -0.993317
    outer loop
      vertex -26.63 -7.82579 36.8697
      vertex -39.7788 8.23079 38.7343
      vertex -39.2038 8.26823 38.7387
    endloop
  endfacet
  facet normal 0 0.115352 -0.993325
    outer loop
      vertex -50.63 -7.82579 36.8697
      vertex -39.7788 8.23079 38.7343
      vertex -26.63 -7.82579 36.8697
    endloop
  endfacet
  facet normal -0.000339259 0.115578 -0.993298
    outer loop
      vertex -39.7788 8.23079 38.7343
      vertex -50.63 -7.82579 36.8697
      vertex -40 8.21639 38.7327
    endloop
  endfacet
  facet normal 0.000311216 0.115153 -0.993348
    outer loop
      vertex -40 8.21639 38.7327
      vertex -50.63 -7.82579 36.8697
      vertex -40.2212 8.23079 38.7343
    endloop
  endfacet
  facet normal -8.65419e-05 0.115407 -0.993318
    outer loop
      vertex -40.2212 8.23079 38.7343
      vertex -50.63 -7.82579 36.8697
      vertex -40.7962 8.26823 38.7387
    endloop
  endfacet
  facet normal 6.47765e-05 0.115316 -0.993329
    outer loop
      vertex -40.7962 8.26823 38.7387
      vertex -50.63 -7.82579 36.8697
      vertex -41.5788 8.42286 38.7566
    endloop
  endfacet
  facet normal -5.01277e-05 0.115379 -0.993322
    outer loop
      vertex -41.5788 8.42286 38.7566
      vertex -50.63 -7.82579 36.8697
      vertex -42.1245 8.60686 38.778
    endloop
  endfacet
  facet normal 7.42115e-05 0.115315 -0.993329
    outer loop
      vertex -42.1245 8.60686 38.778
      vertex -50.63 -7.82579 36.8697
      vertex -42.3344 8.67763 38.7862
    endloop
  endfacet
  facet normal 9.44072e-06 0.115348 -0.993325
    outer loop
      vertex -42.3344 8.67763 38.7862
      vertex -50.63 -7.82579 36.8697
      vertex -43.05 9.02818 38.8269
    endloop
  endfacet
  facet normal -7.45616e-05 0.115385 -0.993321
    outer loop
      vertex -43.05 9.02818 38.8269
      vertex -50.63 -7.82579 36.8697
      vertex -43.7134 9.46852 38.8781
    endloop
  endfacet
  facet normal 0.000259389 0.115253 -0.993336
    outer loop
      vertex -43.7134 9.46852 38.8781
      vertex -50.63 -7.82579 36.8697
      vertex -43.8801 9.61369 38.8949
    endloop
  endfacet
  facet normal 4.07893e-06 0.115428 -0.993316
    outer loop
      vertex -46.0046 13.2688 39.3194
      vertex -71.9 14.2757 39.4363
      vertex -46.0478 13.4848 39.3445
    endloop
  endfacet
  facet normal 1.53016e-06 0.115363 -0.993323
    outer loop
      vertex -45.8921 12.7074 39.2542
      vertex -71.9 14.2757 39.4363
      vertex -46.0046 13.2688 39.3194
    endloop
  endfacet
  facet normal 4.66137e-06 0.115414 -0.993317
    outer loop
      vertex -45.6357 11.9569 39.167
      vertex -71.9 14.2757 39.4363
      vertex -45.8921 12.7074 39.2542
    endloop
  endfacet
  facet normal 0 0.115352 -0.993325
    outer loop
      vertex -72.3643 11.9569 39.167
      vertex -45.6357 11.9569 39.167
      vertex -64.63 -7.82579 36.8697
    endloop
  endfacet
  facet normal 2.58832e-05 0.115327 -0.993328
    outer loop
      vertex -45.3808 11.4435 39.1074
      vertex -64.63 -7.82579 36.8697
      vertex -45.6357 11.9569 39.167
    endloop
  endfacet
  facet normal 0.000118537 0.115236 -0.993338
    outer loop
      vertex -45.2828 11.246 39.0845
      vertex -64.63 -7.82579 36.8697
      vertex -45.3808 11.4435 39.1074
    endloop
  endfacet
  facet normal 0 0.115354 -0.993324
    outer loop
      vertex -64.63 -7.82579 36.8697
      vertex -45.2828 11.246 39.0845
      vertex -50.63 -7.82579 36.8697
    endloop
  endfacet
  facet normal -0.000274796 0.11543 -0.993316
    outer loop
      vertex -45.1596 11.063 39.0632
      vertex -50.63 -7.82579 36.8697
      vertex -45.2828 11.246 39.0845
    endloop
  endfacet
  facet normal 0.00016591 0.115304 -0.99333
    outer loop
      vertex -44.8395 10.587 39.008
      vertex -50.63 -7.82579 36.8697
      vertex -45.1596 11.063 39.0632
    endloop
  endfacet
  facet normal 3.88335e-07 0.115356 -0.993324
    outer loop
      vertex -44.3134 9.99112 38.9388
      vertex -50.63 -7.82579 36.8697
      vertex -44.8395 10.587 39.008
    endloop
  endfacet
  facet normal -0.000120126 0.115398 -0.993319
    outer loop
      vertex -43.8801 9.61369 38.8949
      vertex -50.63 -7.82579 36.8697
      vertex -44.3134 9.99112 38.9388
    endloop
  endfacet
  facet normal 2.07692e-06 0.115363 -0.993323
    outer loop
      vertex -34.0646 -45.9581 32.4414
      vertex -8.1 -47.3104 32.2844
      vertex -33.9522 -46.5195 32.3762
    endloop
  endfacet
  facet normal 8.31399e-06 0.115481 -0.99331
    outer loop
      vertex -34.1079 -45.7422 32.4665
      vertex -8.1 -47.3104 32.2844
      vertex -34.0646 -45.9581 32.4414
    endloop
  endfacet
  facet normal 4.20827e-06 0.115414 -0.993317
    outer loop
      vertex -34.3643 -44.9917 32.5537
      vertex -8.1 -47.3104 32.2844
      vertex -34.1079 -45.7422 32.4665
    endloop
  endfacet
  facet normal -8.49171e-06 0.115272 -0.993334
    outer loop
      vertex -34.7172 -44.2808 32.6362
      vertex -8.1 -47.3104 32.2844
      vertex -34.3643 -44.9917 32.5537
    endloop
  endfacet
  facet normal 8.55425e-07 0.115353 -0.993325
    outer loop
      vertex -8.1 -47.3104 32.2844
      vertex -34.7172 -44.2808 32.6362
      vertex -26.63 -21.2357 35.3124
    endloop
  endfacet
  facet normal -0.000195082 0.115421 -0.993317
    outer loop
      vertex -34.8404 -44.0977 32.6575
      vertex -26.63 -21.2357 35.3124
      vertex -34.7172 -44.2808 32.6362
    endloop
  endfacet
  facet normal 0.000131363 0.115305 -0.99333
    outer loop
      vertex -35.1605 -43.6218 32.7127
      vertex -26.63 -21.2357 35.3124
      vertex -34.8404 -44.0977 32.6575
    endloop
  endfacet
  facet normal 2.53977e-06 0.115354 -0.993324
    outer loop
      vertex -35.6866 -43.0259 32.7819
      vertex -26.63 -21.2357 35.3124
      vertex -35.1605 -43.6218 32.7127
    endloop
  endfacet
  facet normal -1.25979e-05 0.11536 -0.993324
    outer loop
      vertex -36.2866 -42.5033 32.8426
      vertex -26.63 -21.2357 35.3124
      vertex -35.6866 -43.0259 32.7819
    endloop
  endfacet
  facet normal -7.83469e-05 0.11539 -0.99332
    outer loop
      vertex -36.95 -42.063 32.8938
      vertex -26.63 -21.2357 35.3124
      vertex -36.2866 -42.5033 32.8426
    endloop
  endfacet
  facet normal 1.55551e-05 0.115344 -0.993326
    outer loop
      vertex -37.6656 -41.7124 32.9345
      vertex -26.63 -21.2357 35.3124
      vertex -36.95 -42.063 32.8938
    endloop
  endfacet
  facet normal 0.000103803 0.115297 -0.993331
    outer loop
      vertex -38.2113 -41.5284 32.9558
      vertex -26.63 -21.2357 35.3124
      vertex -37.6656 -41.7124 32.9345
    endloop
  endfacet
  facet normal -0.000309394 0.115529 -0.993304
    outer loop
      vertex -38.4212 -41.4576 32.9641
      vertex -26.63 -21.2357 35.3124
      vertex -38.2113 -41.5284 32.9558
    endloop
  endfacet
  facet normal 6.05146e-05 0.115317 -0.993329
    outer loop
      vertex -39.2038 -41.303 32.982
      vertex -26.63 -21.2357 35.3124
      vertex -38.4212 -41.4576 32.9641
    endloop
  endfacet
  facet normal -0.000119683 0.115428 -0.993316
    outer loop
      vertex -39.425 -41.2886 32.9837
      vertex -26.63 -21.2357 35.3124
      vertex -39.2038 -41.303 32.982
    endloop
  endfacet
  facet normal 7.74096e-05 0.115395 -0.99332
    outer loop
      vertex -50.63 -21.2357 35.3124
      vertex -39.425 -41.2886 32.9837
      vertex -40 -41.2512 32.988
    endloop
  endfacet
  facet normal -7.22408e-05 0.115317 -0.993329
    outer loop
      vertex -50.63 -21.2357 35.3124
      vertex -40 -41.2512 32.988
      vertex -40.575 -41.2886 32.9837
    endloop
  endfacet
  facet normal 0.000120714 0.115412 -0.993318
    outer loop
      vertex -50.63 -21.2357 35.3124
      vertex -40.575 -41.2886 32.9837
      vertex -40.7962 -41.303 32.982
    endloop
  endfacet
  facet normal -6.20028e-05 0.115324 -0.993328
    outer loop
      vertex -50.63 -21.2357 35.3124
      vertex -40.7962 -41.303 32.982
      vertex -41.5788 -41.4576 32.9641
    endloop
  endfacet
  facet normal 0.000321681 0.115493 -0.993308
    outer loop
      vertex -50.63 -21.2357 35.3124
      vertex -41.5788 -41.4576 32.9641
      vertex -41.7887 -41.5284 32.9558
    endloop
  endfacet
  facet normal -0.000107924 0.115309 -0.99333
    outer loop
      vertex -50.63 -21.2357 35.3124
      vertex -41.7887 -41.5284 32.9558
      vertex -42.3344 -41.7124 32.9345
    endloop
  endfacet
  facet normal -1.64059e-05 0.115345 -0.993325
    outer loop
      vertex -50.63 -21.2357 35.3124
      vertex -42.3344 -41.7124 32.9345
      vertex -43.05 -42.063 32.8938
    endloop
  endfacet
  facet normal 8.3857e-05 0.115381 -0.993321
    outer loop
      vertex -50.63 -21.2357 35.3124
      vertex -43.05 -42.063 32.8938
      vertex -43.7134 -42.5033 32.8426
    endloop
  endfacet
  facet normal 1.36995e-05 0.115359 -0.993324
    outer loop
      vertex -50.63 -21.2357 35.3124
      vertex -43.7134 -42.5033 32.8426
      vertex -44.3134 -43.0259 32.7819
    endloop
  endfacet
  facet normal -2.81209e-06 0.115354 -0.993324
    outer loop
      vertex -50.63 -21.2357 35.3124
      vertex -44.3134 -43.0259 32.7819
      vertex -44.8395 -43.6218 32.7127
    endloop
  endfacet
  facet normal 0.000132057 0.115463 -0.993312
    outer loop
      vertex -64.63 -21.2357 35.3124
      vertex -45.1596 -44.0977 32.6575
      vertex -45.2828 -44.2808 32.6362
    endloop
  endfacet
  facet normal 0 0.115296 -0.993331
    outer loop
      vertex -71.9522 -46.5195 32.3762
      vertex -46.0478 -46.5195 32.3762
      vertex -71.9 -47.3104 32.2844
    endloop
  endfacet
  facet normal 0 0.115353 -0.993325
    outer loop
      vertex -39.425 -41.2886 32.9837
      vertex -50.63 -21.2357 35.3124
      vertex -26.63 -21.2357 35.3124
    endloop
  endfacet
  facet normal -8.89173e-05 0.115277 -0.993333
    outer loop
      vertex -45.1596 -44.0977 32.6575
      vertex -64.63 -21.2357 35.3124
      vertex -44.8395 -43.6218 32.7127
    endloop
  endfacet
  facet normal 0 0.11548 -0.99331
    outer loop
      vertex -45.9354 -45.9581 32.4414
      vertex -72.0646 -45.9581 32.4414
      vertex -45.8921 -45.7422 32.4665
    endloop
  endfacet
  facet normal 0 0.115363 -0.993323
    outer loop
      vertex -72.0646 -45.9581 32.4414
      vertex -45.9354 -45.9581 32.4414
      vertex -71.9522 -46.5195 32.3762
    endloop
  endfacet
  facet normal 0 0.115363 -0.993323
    outer loop
      vertex -46.0478 -46.5195 32.3762
      vertex -71.9522 -46.5195 32.3762
      vertex -45.9354 -45.9581 32.4414
    endloop
  endfacet
  facet normal 0 0.115296 -0.993331
    outer loop
      vertex -71.9 -47.3104 32.2844
      vertex -46.0478 -46.5195 32.3762
      vertex -46.1 -47.3104 32.2844
    endloop
  endfacet
  facet normal 0 0.115398 -0.993319
    outer loop
      vertex -7.89215 15.8439 39.6184
      vertex -34.1079 15.8439 39.6184
      vertex -7.63566 16.5945 39.7056
    endloop
  endfacet
  facet normal 0 0.115398 -0.993319
    outer loop
      vertex -34.3643 16.5945 39.7056
      vertex -7.63566 16.5945 39.7056
      vertex -34.1079 15.8439 39.6184
    endloop
  endfacet
  facet normal 0 0.115292 -0.993332
    outer loop
      vertex -7.63566 16.5945 39.7056
      vertex -34.3643 16.5945 39.7056
      vertex -7.28275 17.3053 39.7881
    endloop
  endfacet
  facet normal 0 0.115292 -0.993332
    outer loop
      vertex -34.7172 17.3053 39.7881
      vertex -7.28275 17.3053 39.7881
      vertex -34.3643 16.5945 39.7056
    endloop
  endfacet
  facet normal 0 0.115358 -0.993324
    outer loop
      vertex -7.28275 17.3053 39.7881
      vertex -34.7172 17.3053 39.7881
      vertex -26.63 40.3504 42.4644
    endloop
  endfacet
  facet normal -4.20407e-05 0.115372 -0.993322
    outer loop
      vertex -35.0374 17.7813 39.8434
      vertex -26.63 40.3504 42.4644
      vertex -34.7172 17.3053 39.7881
    endloop
  endfacet
  facet normal -0.000248243 0.115448 -0.993313
    outer loop
      vertex -35.1605 17.9643 39.8647
      vertex -26.63 40.3504 42.4644
      vertex -35.0374 17.7813 39.8434
    endloop
  endfacet
  facet normal 0.000147807 0.115299 -0.993331
    outer loop
      vertex -35.3067 18.1299 39.8839
      vertex -26.63 40.3504 42.4644
      vertex -35.1605 17.9643 39.8647
    endloop
  endfacet
  facet normal -5.18765e-05 0.115376 -0.993322
    outer loop
      vertex -35.6866 18.5602 39.9339
      vertex -26.63 40.3504 42.4644
      vertex -35.3067 18.1299 39.8839
    endloop
  endfacet
  facet normal -1.25979e-05 0.11536 -0.993324
    outer loop
      vertex -36.2866 19.0828 39.9946
      vertex -26.63 40.3504 42.4644
      vertex -35.6866 18.5602 39.9339
    endloop
  endfacet
  facet normal 1.10311e-05 0.11535 -0.993325
    outer loop
      vertex -36.4708 19.2051 40.0088
      vertex -26.63 40.3504 42.4644
      vertex -36.2866 19.0828 39.9946
    endloop
  endfacet
  facet normal 6.47672e-05 0.115325 -0.993328
    outer loop
      vertex -36.95 19.5232 40.0457
      vertex -26.63 40.3504 42.4644
      vertex -36.4708 19.2051 40.0088
    endloop
  endfacet
  facet normal -1.08953e-05 0.115362 -0.993324
    outer loop
      vertex -37.4668 19.7763 40.0751
      vertex -26.63 40.3504 42.4644
      vertex -36.95 19.5232 40.0457
    endloop
  endfacet
  facet normal 4.44944e-05 0.115333 -0.993327
    outer loop
      vertex -37.6656 19.8737 40.0864
      vertex -26.63 40.3504 42.4644
      vertex -37.4668 19.7763 40.0751
    endloop
  endfacet
  facet normal -1.06438e-05 0.115362 -0.993323
    outer loop
      vertex -38.4212 20.1285 40.116
      vertex -26.63 40.3504 42.4644
      vertex -37.6656 19.8737 40.0864
    endloop
  endfacet
  facet normal -7.35838e-05 0.115399 -0.993319
    outer loop
      vertex -38.6386 20.1714 40.121
      vertex -26.63 40.3504 42.4644
      vertex -38.4212 20.1285 40.116
    endloop
  endfacet
  facet normal -4.43586e-05 0.115381 -0.993321
    outer loop
      vertex -39.2038 20.2831 40.134
      vertex -26.63 40.3504 42.4644
      vertex -38.6386 20.1714 40.121
    endloop
  endfacet
  facet normal 9.10283e-05 0.115298 -0.993331
    outer loop
      vertex -39.7788 20.3206 40.1383
      vertex -26.63 40.3504 42.4644
      vertex -39.2038 20.2831 40.134
    endloop
  endfacet
  facet normal -0.000128937 0.115288 -0.993332
    outer loop
      vertex -50.63 40.3504 42.4644
      vertex -39.7788 20.3206 40.1383
      vertex -40 20.335 40.14
    endloop
  endfacet
  facet normal 0.000120318 0.115418 -0.993317
    outer loop
      vertex -50.63 40.3504 42.4644
      vertex -40 20.335 40.14
      vertex -40.2212 20.3206 40.1383
    endloop
  endfacet
  facet normal -9.18137e-05 0.11531 -0.99333
    outer loop
      vertex -50.63 40.3504 42.4644
      vertex -40.2212 20.3206 40.1383
      vertex -40.7962 20.2831 40.134
    endloop
  endfacet
  facet normal 4.54499e-05 0.115376 -0.993322
    outer loop
      vertex -50.63 40.3504 42.4644
      vertex -40.7962 20.2831 40.134
      vertex -41.3614 20.1714 40.121
    endloop
  endfacet
  facet normal 7.53917e-05 0.11539 -0.99332
    outer loop
      vertex -50.63 40.3504 42.4644
      vertex -41.3614 20.1714 40.121
      vertex -41.5788 20.1285 40.116
    endloop
  endfacet
  facet normal 1.10664e-05 0.115361 -0.993324
    outer loop
      vertex -50.63 40.3504 42.4644
      vertex -41.5788 20.1285 40.116
      vertex -42.3344 19.8737 40.0864
    endloop
  endfacet
  facet normal -4.69283e-05 0.115338 -0.993326
    outer loop
      vertex -50.63 40.3504 42.4644
      vertex -42.3344 19.8737 40.0864
      vertex -42.5332 19.7763 40.0751
    endloop
  endfacet
  facet normal 1.14911e-05 0.115361 -0.993324
    outer loop
      vertex -50.63 40.3504 42.4644
      vertex -42.5332 19.7763 40.0751
      vertex -43.05 19.5232 40.0457
    endloop
  endfacet
  facet normal -6.93228e-05 0.115332 -0.993327
    outer loop
      vertex -50.63 40.3504 42.4644
      vertex -43.05 19.5232 40.0457
      vertex -43.5292 19.2051 40.0088
    endloop
  endfacet
  facet normal -1.18071e-05 0.115351 -0.993325
    outer loop
      vertex -50.63 40.3504 42.4644
      vertex -43.5292 19.2051 40.0088
      vertex -43.7134 19.0828 39.9946
    endloop
  endfacet
  facet normal 1.36995e-05 0.115359 -0.993324
    outer loop
      vertex -50.63 40.3504 42.4644
      vertex -43.7134 19.0828 39.9946
      vertex -44.3134 18.5602 39.9339
    endloop
  endfacet
  facet normal 5.74388e-05 0.115371 -0.993322
    outer loop
      vertex -50.63 40.3504 42.4644
      vertex -44.3134 18.5602 39.9339
      vertex -44.6933 18.1299 39.8839
    endloop
  endfacet
  facet normal -0.000163655 0.115313 -0.993329
    outer loop
      vertex -50.63 40.3504 42.4644
      vertex -44.6933 18.1299 39.8839
      vertex -44.8395 17.9643 39.8647
    endloop
  endfacet
  facet normal 0 0.115297 -0.993331
    outer loop
      vertex -46.0623 13.7045 39.37
      vertex -71.9 14.2757 39.4363
      vertex -46.1 14.2757 39.4363
    endloop
  endfacet
  facet normal -8.93747e-08 0.115293 -0.993331
    outer loop
      vertex -46.0478 13.4848 39.3445
      vertex -71.9 14.2757 39.4363
      vertex -46.0623 13.7045 39.37
    endloop
  endfacet
  facet normal 0 0.115357 -0.993324
    outer loop
      vertex -39.7788 20.3206 40.1383
      vertex -50.63 40.3504 42.4644
      vertex -26.63 40.3504 42.4644
    endloop
  endfacet
  facet normal 0.000280867 0.115427 -0.993316
    outer loop
      vertex -44.9626 17.7813 39.8434
      vertex -50.63 40.3504 42.4644
      vertex -44.8395 17.9643 39.8647
    endloop
  endfacet
  facet normal 2.84572e-05 0.115381 -0.993321
    outer loop
      vertex -64.63 40.3504 42.4644
      vertex -44.9626 17.7813 39.8434
      vertex -45.2828 17.3053 39.7881
    endloop
  endfacet
  facet normal 0 0.115269 -0.993334
    outer loop
      vertex -46.0478 15.0666 39.5282
      vertex -71.9522 15.0666 39.5282
      vertex -45.8921 15.8439 39.6184
    endloop
  endfacet
  facet normal 0 0.115469 -0.993311
    outer loop
      vertex -71.9522 15.0666 39.5282
      vertex -46.0478 15.0666 39.5282
      vertex -71.9145 14.4954 39.4618
    endloop
  endfacet
  facet normal 0 0.115469 -0.993311
    outer loop
      vertex -46.0855 14.4954 39.4618
      vertex -71.9145 14.4954 39.4618
      vertex -46.0478 15.0666 39.5282
    endloop
  endfacet
  facet normal 0 0.115293 -0.993331
    outer loop
      vertex -46.1 14.2757 39.4363
      vertex -71.9 14.2757 39.4363
      vertex -46.0855 14.4954 39.4618
    endloop
  endfacet
  facet normal 5.72865e-05 0.115497 -0.993308
    outer loop
      vertex 29.125 58.9753 44.6272
      vertex 1.6895 69.7427 45.8776
      vertex 1.7 69.9018 45.8961
    endloop
  endfacet
  facet normal -0.000115716 0.115062 -0.993358
    outer loop
      vertex 29.125 58.9753 44.6272
      vertex 1.68546 69.6814 45.8705
      vertex 1.6895 69.7427 45.8776
    endloop
  endfacet
  facet normal 0.000421944 0.115607 -0.993295
    outer loop
      vertex 11.37 53.7603 44.0216
      vertex 1.6734 69.6213 45.8635
      vertex 1.68546 69.6814 45.8705
    endloop
  endfacet
  facet normal -0.000578555 0.115003 -0.993365
    outer loop
      vertex 11.37 53.7603 44.0216
      vertex 1.64207 69.4648 45.8454
      vertex 1.6734 69.6213 45.8635
    endloop
  endfacet
  facet normal 2.52889e-05 0.115372 -0.993322
    outer loop
      vertex 11.37 53.7603 44.0216
      vertex 1.57059 69.2556 45.8211
      vertex 1.64207 69.4648 45.8454
    endloop
  endfacet
  facet normal -0.000113691 0.115286 -0.993332
    outer loop
      vertex 11.37 53.7603 44.0216
      vertex 1.49956 69.1125 45.8045
      vertex 1.57059 69.2556 45.8211
    endloop
  endfacet
  facet normal 0.000200851 0.115485 -0.993309
    outer loop
      vertex 11.37 53.7603 44.0216
      vertex 1.47224 69.0575 45.7981
      vertex 1.49956 69.1125 45.8045
    endloop
  endfacet
  facet normal -0.000335756 0.115143 -0.993349
    outer loop
      vertex 11.37 53.7603 44.0216
      vertex 1.43793 69.0065 45.7922
      vertex 1.47224 69.0575 45.7981
    endloop
  endfacet
  facet normal 0.000569292 0.115724 -0.993281
    outer loop
      vertex 11.37 53.7603 44.0216
      vertex 1.3487 68.8739 45.7767
      vertex 1.43793 69.0065 45.7922
    endloop
  endfacet
  facet normal -0.000188877 0.115228 -0.993339
    outer loop
      vertex 11.37 53.7603 44.0216
      vertex 1.24281 68.7539 45.7628
      vertex 1.3487 68.8739 45.7767
    endloop
  endfacet
  facet normal -0.000740496 0.114861 -0.993381
    outer loop
      vertex 11.37 53.7603 44.0216
      vertex 1.20208 68.7078 45.7575
      vertex 1.24281 68.7539 45.7628
    endloop
  endfacet
  facet normal -4.55365e-05 0.115327 -0.993328
    outer loop
      vertex 11.37 53.7603 44.0216
      vertex 1.15564 68.6673 45.7528
      vertex 1.20208 68.7078 45.7575
    endloop
  endfacet
  facet normal -8.87531e-05 0.115298 -0.993331
    outer loop
      vertex 11.37 53.7603 44.0216
      vertex 1.03489 68.5621 45.7406
      vertex 1.15564 68.6673 45.7528
    endloop
  endfacet
  facet normal 5.32827e-05 0.115396 -0.99332
    outer loop
      vertex 11.37 53.7603 44.0216
      vertex 0.901359 68.4735 45.7303
      vertex 1.03489 68.5621 45.7406
    endloop
  endfacet
  facet normal 0.000523248 0.115726 -0.993281
    outer loop
      vertex 11.37 53.7603 44.0216
      vertex 0.849999 68.4394 45.7263
      vertex 0.901359 68.4735 45.7303
    endloop
  endfacet
  facet normal -0.000169607 0.115236 -0.993338
    outer loop
      vertex 11.37 53.7603 44.0216
      vertex 0.650561 68.3417 45.715
      vertex 0.849999 68.4394 45.7263
    endloop
  endfacet
  facet normal 0.000205901 0.115508 -0.993306
    outer loop
      vertex 11.37 53.7603 44.0216
      vertex 0.439992 68.2707 45.7067
      vertex 0.650561 68.3417 45.715
    endloop
  endfacet
  facet normal 0.000257757 0.115547 -0.993302
    outer loop
      vertex 11.37 53.7603 44.0216
      vertex 0.379409 68.2588 45.7053
      vertex 0.439992 68.2707 45.7067
    endloop
  endfacet
  facet normal -0.000127385 0.115259 -0.993335
    outer loop
      vertex 11.37 53.7603 44.0216
      vertex 0.221894 68.2276 45.7017
      vertex 0.379409 68.2588 45.7053
    endloop
  endfacet
  facet normal -4.58141e-05 0.115321 -0.993328
    outer loop
      vertex 11.37 53.7603 44.0216
      vertex 0.0616373 68.2172 45.7005
      vertex 0.221894 68.2276 45.7017
    endloop
  endfacet
  facet normal 0.000544047 0.115776 -0.993275
    outer loop
      vertex 11.37 53.7603 44.0216
      vertex 0 68.2132 45.7
      vertex 0.0616373 68.2172 45.7005
    endloop
  endfacet
  facet normal 0 0.115354 -0.993324
    outer loop
      vertex -12.63 53.7603 44.0216
      vertex 0 68.2132 45.7
      vertex 11.37 53.7603 44.0216
    endloop
  endfacet
  facet normal -0.000541132 0.11582 -0.99327
    outer loop
      vertex 0 68.2132 45.7
      vertex -12.63 53.7603 44.0216
      vertex -0.0616373 68.2172 45.7005
    endloop
  endfacet
  facet normal 4.55689e-05 0.115317 -0.993329
    outer loop
      vertex -0.0616373 68.2172 45.7005
      vertex -12.63 53.7603 44.0216
      vertex -0.221894 68.2276 45.7017
    endloop
  endfacet
  facet normal 0.000125507 0.115249 -0.993337
    outer loop
      vertex -0.221894 68.2276 45.7017
      vertex -12.63 53.7603 44.0216
      vertex -0.379409 68.2588 45.7053
    endloop
  endfacet
  facet normal -0.000253983 0.115566 -0.9933
    outer loop
      vertex -0.379409 68.2588 45.7053
      vertex -12.63 53.7603 44.0216
      vertex -0.439992 68.2707 45.7067
    endloop
  endfacet
  facet normal -0.000201203 0.115522 -0.993305
    outer loop
      vertex -0.439992 68.2707 45.7067
      vertex -12.63 53.7603 44.0216
      vertex -0.650561 68.3417 45.715
    endloop
  endfacet
  facet normal 0.000164488 0.115226 -0.993339
    outer loop
      vertex -0.650561 68.3417 45.715
      vertex -12.63 53.7603 44.0216
      vertex -0.849999 68.4394 45.7263
    endloop
  endfacet
  facet normal -0.000503792 0.115755 -0.993278
    outer loop
      vertex -0.849999 68.4394 45.7263
      vertex -12.63 53.7603 44.0216
      vertex -0.901359 68.4735 45.7303
    endloop
  endfacet
  facet normal -5.13024e-05 0.115399 -0.993319
    outer loop
      vertex -0.901359 68.4735 45.7303
      vertex -12.63 53.7603 44.0216
      vertex -1.03489 68.5621 45.7406
    endloop
  endfacet
  facet normal 8.4841e-05 0.115294 -0.993331
    outer loop
      vertex -1.03489 68.5621 45.7406
      vertex -12.63 53.7603 44.0216
      vertex -1.15564 68.6673 45.7528
    endloop
  endfacet
  facet normal 4.35281e-05 0.115325 -0.993328
    outer loop
      vertex -1.15564 68.6673 45.7528
      vertex -12.63 53.7603 44.0216
      vertex -1.20208 68.7078 45.7575
    endloop
  endfacet
  facet normal 0.000702624 0.114828 -0.993385
    outer loop
      vertex -1.20208 68.7078 45.7575
      vertex -12.63 53.7603 44.0216
      vertex -1.24281 68.7539 45.7628
    endloop
  endfacet
  facet normal -0.000187358 0.115492 -0.993308
    outer loop
      vertex -12.63 53.7603 44.0216
      vertex -1.49956 69.1125 45.8045
      vertex -1.47224 69.0575 45.7981
    endloop
  endfacet
  facet normal -0.979803 -0.0419285 -0.195519
    outer loop
      vertex -1.68546 69.6814 45.8705
      vertex -1.7 69.9018 45.8961
      vertex -1.6895 69.7427 45.8776
    endloop
  endfacet
  facet normal -3.10358e-05 0.115375 -0.993322
    outer loop
      vertex -1.68546 69.6814 45.8705
      vertex -12.63 53.7603 44.0216
      vertex -1.7 69.9018 45.8961
    endloop
  endfacet
  facet normal -0.000384343 0.115614 -0.993294
    outer loop
      vertex -1.6734 69.6213 45.8635
      vertex -12.63 53.7603 44.0216
      vertex -1.68546 69.6814 45.8705
    endloop
  endfacet
  facet normal 0.000526971 0.114993 -0.993366
    outer loop
      vertex -1.64207 69.4648 45.8454
      vertex -12.63 53.7603 44.0216
      vertex -1.6734 69.6213 45.8635
    endloop
  endfacet
  facet normal -2.33405e-05 0.115373 -0.993322
    outer loop
      vertex -1.57059 69.2556 45.8211
      vertex -12.63 53.7603 44.0216
      vertex -1.64207 69.4648 45.8454
    endloop
  endfacet
  facet normal 0.000106051 0.115282 -0.993333
    outer loop
      vertex -1.49956 69.1125 45.8045
      vertex -12.63 53.7603 44.0216
      vertex -1.57059 69.2556 45.8211
    endloop
  endfacet
  facet normal 0.000316033 0.11513 -0.99335
    outer loop
      vertex -1.43793 69.0065 45.7922
      vertex -12.63 53.7603 44.0216
      vertex -1.47224 69.0575 45.7981
    endloop
  endfacet
  facet normal -0.000535853 0.115747 -0.993279
    outer loop
      vertex -1.3487 68.8739 45.7767
      vertex -12.63 53.7603 44.0216
      vertex -1.43793 69.0065 45.7922
    endloop
  endfacet
  facet normal 0.00017921 0.11522 -0.99334
    outer loop
      vertex -1.24281 68.7539 45.7628
      vertex -12.63 53.7603 44.0216
      vertex -1.3487 68.8739 45.7767
    endloop
  endfacet
  facet normal -4.7711e-06 0.115293 -0.993332
    outer loop
      vertex 4.0855 14.4954 39.4618
      vertex 29.125 11.2957 39.0903
      vertex 4.1 14.2757 39.4363
    endloop
  endfacet
  facet normal -4.21972e-06 0.115298 -0.993331
    outer loop
      vertex 29.125 11.2957 39.0903
      vertex 4.06231 13.7045 39.37
      vertex 4.1 14.2757 39.4363
    endloop
  endfacet
  facet normal -4.60526e-06 0.115294 -0.993331
    outer loop
      vertex 29.125 11.2957 39.0903
      vertex 4.04781 13.4848 39.3445
      vertex 4.06231 13.7045 39.37
    endloop
  endfacet
  facet normal 7.06688e-06 0.115426 -0.993316
    outer loop
      vertex 29.125 11.2957 39.0903
      vertex 4.00457 13.2688 39.3194
      vertex 4.04781 13.4848 39.3445
    endloop
  endfacet
  facet normal 2.03735e-06 0.115362 -0.993323
    outer loop
      vertex 29.125 11.2957 39.0903
      vertex 3.89215 12.7074 39.2542
      vertex 4.00457 13.2688 39.3194
    endloop
  endfacet
  facet normal 4.80154e-06 0.115411 -0.993318
    outer loop
      vertex 29.125 11.2957 39.0903
      vertex 3.63566 11.9569 39.167
      vertex 3.89215 12.7074 39.2542
    endloop
  endfacet
  facet normal -4.24865e-05 0.115335 -0.993327
    outer loop
      vertex 11.37 -7.82579 36.8697
      vertex 3.38079 11.4435 39.1074
      vertex 3.63566 11.9569 39.167
    endloop
  endfacet
  facet normal -0.000194542 0.115273 -0.993334
    outer loop
      vertex 11.37 -7.82579 36.8697
      vertex 3.28275 11.246 39.0845
      vertex 3.38079 11.4435 39.1074
    endloop
  endfacet
  facet normal 0.000238899 0.115454 -0.993313
    outer loop
      vertex 11.37 -7.82579 36.8697
      vertex 3.15962 11.063 39.0632
      vertex 3.28275 11.246 39.0845
    endloop
  endfacet
  facet normal -0.000144153 0.11529 -0.993332
    outer loop
      vertex 11.37 -7.82579 36.8697
      vertex 2.83945 10.587 39.008
      vertex 3.15962 11.063 39.0632
    endloop
  endfacet
  facet normal -3.45407e-07 0.115356 -0.993324
    outer loop
      vertex 11.37 -7.82579 36.8697
      vertex 2.31335 9.99112 38.9388
      vertex 2.83945 10.587 39.008
    endloop
  endfacet
  facet normal 0.00010898 0.115411 -0.993318
    outer loop
      vertex 11.37 -7.82579 36.8697
      vertex 1.88009 9.61369 38.8949
      vertex 2.31335 9.99112 38.9388
    endloop
  endfacet
  facet normal -0.000235358 0.115226 -0.993339
    outer loop
      vertex 11.37 -7.82579 36.8697
      vertex 1.71344 9.46852 38.8781
      vertex 1.88009 9.61369 38.8949
    endloop
  endfacet
  facet normal 6.88377e-05 0.115393 -0.99332
    outer loop
      vertex 11.37 -7.82579 36.8697
      vertex 1.05 9.02818 38.8269
      vertex 1.71344 9.46852 38.8781
    endloop
  endfacet
  facet normal -8.86206e-06 0.115346 -0.993325
    outer loop
      vertex 11.37 -7.82579 36.8697
      vertex 0.334369 8.67763 38.7862
      vertex 1.05 9.02818 38.8269
    endloop
  endfacet
  facet normal -7.08266e-05 0.115306 -0.99333
    outer loop
      vertex 11.37 -7.82579 36.8697
      vertex 0.124487 8.60686 38.778
      vertex 0.334369 8.67763 38.7862
    endloop
  endfacet
  facet normal 4.78384e-05 0.115386 -0.993321
    outer loop
      vertex 11.37 -7.82579 36.8697
      vertex -0.421204 8.42286 38.7566
      vertex 0.124487 8.60686 38.778
    endloop
  endfacet
  facet normal -6.289e-05 0.115306 -0.99333
    outer loop
      vertex 11.37 -7.82579 36.8697
      vertex -1.20379 8.26823 38.7387
      vertex -0.421204 8.42286 38.7566
    endloop
  endfacet
  facet normal 8.56231e-05 0.115421 -0.993317
    outer loop
      vertex 11.37 -7.82579 36.8697
      vertex -1.77883 8.23079 38.7343
      vertex -1.20379 8.26823 38.7387
    endloop
  endfacet
  facet normal 0 0.115352 -0.993325
    outer loop
      vertex -12.63 -7.82579 36.8697
      vertex -1.77883 8.23079 38.7343
      vertex 11.37 -7.82579 36.8697
    endloop
  endfacet
  facet normal -0.000339307 0.115578 -0.993298
    outer loop
      vertex -1.77883 8.23079 38.7343
      vertex -12.63 -7.82579 36.8697
      vertex -2 8.21639 38.7327
    endloop
  endfacet
  facet normal 0.000311256 0.115153 -0.993348
    outer loop
      vertex -2 8.21639 38.7327
      vertex -12.63 -7.82579 36.8697
      vertex -2.22117 8.23079 38.7343
    endloop
  endfacet
  facet normal -8.65361e-05 0.115407 -0.993318
    outer loop
      vertex -2.22117 8.23079 38.7343
      vertex -12.63 -7.82579 36.8697
      vertex -2.79621 8.26823 38.7387
    endloop
  endfacet
  facet normal 6.47773e-05 0.115316 -0.993329
    outer loop
      vertex -2.79621 8.26823 38.7387
      vertex -12.63 -7.82579 36.8697
      vertex -3.5788 8.42286 38.7566
    endloop
  endfacet
  facet normal -5.01285e-05 0.115379 -0.993322
    outer loop
      vertex -3.5788 8.42286 38.7566
      vertex -12.63 -7.82579 36.8697
      vertex -4.12449 8.60686 38.778
    endloop
  endfacet
  facet normal 7.42176e-05 0.115315 -0.993329
    outer loop
      vertex -4.12449 8.60686 38.778
      vertex -12.63 -7.82579 36.8697
      vertex -4.33437 8.67763 38.7862
    endloop
  endfacet
  facet normal 9.4404e-06 0.115348 -0.993325
    outer loop
      vertex -4.33437 8.67763 38.7862
      vertex -12.63 -7.82579 36.8697
      vertex -5.05 9.02818 38.8269
    endloop
  endfacet
  facet normal -7.45581e-05 0.115385 -0.993321
    outer loop
      vertex -5.05 9.02818 38.8269
      vertex -12.63 -7.82579 36.8697
      vertex -5.71344 9.46852 38.8781
    endloop
  endfacet
  facet normal 0.000259447 0.115253 -0.993336
    outer loop
      vertex -5.71344 9.46852 38.8781
      vertex -12.63 -7.82579 36.8697
      vertex -5.88009 9.61369 38.8949
    endloop
  endfacet
  facet normal -8.93747e-08 0.115293 -0.993331
    outer loop
      vertex -33.9 14.2757 39.4363
      vertex -8.06231 13.7045 39.37
      vertex -8.04781 13.4848 39.3445
    endloop
  endfacet
  facet normal 4.07895e-06 0.115428 -0.993316
    outer loop
      vertex -8.00457 13.2688 39.3194
      vertex -33.9 14.2757 39.4363
      vertex -8.04781 13.4848 39.3445
    endloop
  endfacet
  facet normal 1.53015e-06 0.115363 -0.993323
    outer loop
      vertex -7.89215 12.7074 39.2542
      vertex -33.9 14.2757 39.4363
      vertex -8.00457 13.2688 39.3194
    endloop
  endfacet
  facet normal 4.66141e-06 0.115414 -0.993317
    outer loop
      vertex -7.63566 11.9569 39.167
      vertex -33.9 14.2757 39.4363
      vertex -7.89215 12.7074 39.2542
    endloop
  endfacet
  facet normal -9.33513e-07 0.115352 -0.993325
    outer loop
      vertex -33.9 14.2757 39.4363
      vertex -7.63566 11.9569 39.167
      vertex -12.63 -7.82579 36.8697
    endloop
  endfacet
  facet normal 5.03442e-05 0.115339 -0.993326
    outer loop
      vertex -7.38079 11.4435 39.1074
      vertex -12.63 -7.82579 36.8697
      vertex -7.63566 11.9569 39.167
    endloop
  endfacet
  facet normal 0.000230523 0.115291 -0.993332
    outer loop
      vertex -7.28275 11.246 39.0845
      vertex -12.63 -7.82579 36.8697
      vertex -7.38079 11.4435 39.1074
    endloop
  endfacet
  facet normal -0.000274906 0.11543 -0.993316
    outer loop
      vertex -7.15962 11.063 39.0632
      vertex -12.63 -7.82579 36.8697
      vertex -7.28275 11.246 39.0845
    endloop
  endfacet
  facet normal 0.000165885 0.115304 -0.99333
    outer loop
      vertex -6.83945 10.587 39.008
      vertex -12.63 -7.82579 36.8697
      vertex -7.15962 11.063 39.0632
    endloop
  endfacet
  facet normal 3.88334e-07 0.115356 -0.993324
    outer loop
      vertex -6.31335 9.99112 38.9388
      vertex -12.63 -7.82579 36.8697
      vertex -6.83945 10.587 39.008
    endloop
  endfacet
  facet normal -0.000120135 0.115398 -0.993319
    outer loop
      vertex -5.88009 9.61369 38.8949
      vertex -12.63 -7.82579 36.8697
      vertex -6.31335 9.99112 38.9388
    endloop
  endfacet
  facet normal -0.000236393 0.115517 -0.993305
    outer loop
      vertex 110 77.8691 46.8214
      vertex 104.689 69.7427 45.8776
      vertex 104.7 69.9018 45.8961
    endloop
  endfacet
  facet normal -0.0010462 0.114685 -0.993401
    outer loop
      vertex 104.642 -68.7265 29.7973
      vertex 110 -77.1309 28.8214
      vertex 104.673 -68.883 29.7792
    endloop
  endfacet
  facet normal 0.000533868 0.11502 -0.993363
    outer loop
      vertex 110 77.8691 46.8214
      vertex 104.685 69.6814 45.8705
      vertex 104.689 69.7427 45.8776
    endloop
  endfacet
  facet normal 0.000315322 0.115541 -0.993303
    outer loop
      vertex 104.571 -68.5174 29.8216
      vertex 110 -77.1309 28.8214
      vertex 104.642 -68.7265 29.7973
    endloop
  endfacet
  facet normal -0.000740126 0.115836 -0.993268
    outer loop
      vertex 110 77.8691 46.8214
      vertex 104.673 69.6213 45.8635
      vertex 104.685 69.6814 45.8705
    endloop
  endfacet
  facet normal -3.354e-07 0.115354 -0.993324
    outer loop
      vertex 110 -77.1309 28.8214
      vertex 96.625 11.2957 39.0903
      vertex 110 77.8691 46.8214
    endloop
  endfacet
  facet normal 0.0010762 0.114679 -0.993402
    outer loop
      vertex 110 77.8691 46.8214
      vertex 104.642 69.4648 45.8454
      vertex 104.673 69.6213 45.8635
    endloop
  endfacet
  facet normal -0.000129859 0.115264 -0.993335
    outer loop
      vertex 104.472 -68.3193 29.8446
      vertex 110 -77.1309 28.8214
      vertex 104.571 -68.5174 29.8216
    endloop
  endfacet
  facet normal 4.76271e-06 0.115353 -0.993325
    outer loop
      vertex 104.472 69.0575 45.7981
      vertex 110 77.8691 46.8214
      vertex 96.625 11.2957 39.0903
    endloop
  endfacet
  facet normal -8.58229e-05 0.11541 -0.993318
    outer loop
      vertex 110 77.8691 46.8214
      vertex 104.571 69.2556 45.8211
      vertex 104.642 69.4648 45.8454
    endloop
  endfacet
  facet normal 4.53277e-05 0.115373 -0.993322
    outer loop
      vertex 95.8922 -45.7422 32.4665
      vertex 110 -77.1309 28.8214
      vertex 104.472 -68.3193 29.8446
    endloop
  endfacet
  facet normal 0.000954329 0.114763 -0.993392
    outer loop
      vertex 110 77.8691 46.8214
      vertex 104.5 69.1125 45.8045
      vertex 104.571 69.2556 45.8211
    endloop
  endfacet
  facet normal -0.0019536 0.116565 -0.993181
    outer loop
      vertex 110 77.8691 46.8214
      vertex 104.472 69.0575 45.7981
      vertex 104.5 69.1125 45.8045
    endloop
  endfacet
  facet normal -0.00236016 0.114454 -0.993426
    outer loop
      vertex 96.0478 -46.5195 32.3762
      vertex 104.472 -68.3193 29.8446
      vertex 104.383 -68.1866 29.8601
    endloop
  endfacet
  facet normal 0.00154672 0.115937 -0.993255
    outer loop
      vertex 96.0478 -46.5195 32.3762
      vertex 104.383 -68.1866 29.8601
      vertex 104.349 -68.1356 29.866
    endloop
  endfacet
  facet normal -0.000827819 0.115464 -0.993311
    outer loop
      vertex 104.472 69.0575 45.7981
      vertex 96.625 11.2957 39.0903
      vertex 104.438 69.0065 45.7922
    endloop
  endfacet
  facet normal 0.00233789 0.116267 -0.993215
    outer loop
      vertex 96.1 -47.3104 32.2844
      vertex 104.349 -68.1356 29.866
      vertex 104.308 -68.0895 29.8713
    endloop
  endfacet
  facet normal 0.00141615 0.115165 -0.993345
    outer loop
      vertex 104.438 69.0065 45.7922
      vertex 96.625 11.2957 39.0903
      vertex 104.349 68.8739 45.7767
    endloop
  endfacet
  facet normal -0.00108946 0.114931 -0.993373
    outer loop
      vertex 96.1 -47.3104 32.2844
      vertex 104.308 -68.0895 29.8713
      vertex 104.202 -67.9695 29.8853
    endloop
  endfacet
  facet normal -0.000389739 0.115404 -0.993319
    outer loop
      vertex 104.349 68.8739 45.7767
      vertex 96.625 11.2957 39.0903
      vertex 104.243 68.7539 45.7628
    endloop
  endfacet
  facet normal -0.0015231 0.115552 -0.9933
    outer loop
      vertex 104.243 68.7539 45.7628
      vertex 96.625 11.2957 39.0903
      vertex 104.202 68.7078 45.7575
    endloop
  endfacet
  facet normal 0.00020904 0.115435 -0.993315
    outer loop
      vertex 96.0478 -48.1013 32.1925
      vertex 104.202 -67.9695 29.8853
      vertex 104.081 -67.8643 29.8975
    endloop
  endfacet
  facet normal -0.000285653 0.115236 -0.993338
    outer loop
      vertex 96.0478 -48.1013 32.1925
      vertex 104.081 -67.8643 29.8975
      vertex 104.035 -67.8239 29.9022
    endloop
  endfacet
  facet normal 1.20228e-05 0.115352 -0.993325
    outer loop
      vertex 96.625 58.9753 44.6272
      vertex 104.202 68.7078 45.7575
      vertex 96.625 11.2957 39.0903
    endloop
  endfacet
  facet normal 0.00159936 0.115989 -0.993249
    outer loop
      vertex 96.0478 -48.1013 32.1925
      vertex 104.035 -67.8239 29.9022
      vertex 103.984 -67.7898 29.9061
    endloop
  endfacet
  facet normal -0.000242636 0.115548 -0.993302
    outer loop
      vertex 104.202 68.7078 45.7575
      vertex 96.625 58.9753 44.6272
      vertex 104.156 68.6673 45.7528
    endloop
  endfacet
  facet normal -0.000112644 0.115307 -0.99333
    outer loop
      vertex 95.9354 -48.6628 32.1273
      vertex 103.984 -67.7898 29.9061
      vertex 103.85 -67.7012 29.9164
    endloop
  endfacet
  facet normal -0.000445694 0.115703 -0.993284
    outer loop
      vertex 104.156 68.6673 45.7528
      vertex 96.625 58.9753 44.6272
      vertex 104.035 68.5621 45.7406
    endloop
  endfacet
  facet normal -9.22767e-06 0.115353 -0.993325
    outer loop
      vertex 95.8922 -48.8787 32.1023
      vertex 103.85 -67.7012 29.9164
      vertex 103.706 -67.6306 29.9246
    endloop
  endfacet
  facet normal -0.00120041 0.114863 -0.993381
    outer loop
      vertex 95.8922 -48.8787 32.1023
      vertex 103.706 -67.6306 29.9246
      vertex 103.651 -67.6035 29.9278
    endloop
  endfacet
  facet normal 0.000153087 0.115247 -0.993337
    outer loop
      vertex 104.035 68.5621 45.7406
      vertex 96.625 58.9753 44.6272
      vertex 103.901 68.4735 45.7303
    endloop
  endfacet
  facet normal -1.36037e-05 0.115346 -0.993325
    outer loop
      vertex 95.6357 -49.6292 32.0151
      vertex 103.651 -67.6035 29.9278
      vertex 103.592 -67.5837 29.9301
    endloop
  endfacet
  facet normal 0.000351015 0.115505 -0.993307
    outer loop
      vertex 95.6357 -49.6292 32.0151
      vertex 103.592 -67.5837 29.9301
      vertex 103.44 -67.5325 29.936
    endloop
  endfacet
  facet normal 0.0015854 0.114164 -0.993461
    outer loop
      vertex 103.901 68.4735 45.7303
      vertex 96.625 58.9753 44.6272
      vertex 103.85 68.4394 45.7263
    endloop
  endfacet
  facet normal -0.000369268 0.115636 -0.993292
    outer loop
      vertex 103.85 68.4394 45.7263
      vertex 96.625 58.9753 44.6272
      vertex 103.651 68.3417 45.715
    endloop
  endfacet
  facet normal 2.6749e-05 0.11537 -0.993323
    outer loop
      vertex 95.2828 -50.3401 31.9326
      vertex 103.44 -67.5325 29.936
      vertex 103.222 -67.4894 29.941
    endloop
  endfacet
  facet normal 0.00034109 0.115111 -0.993353
    outer loop
      vertex 103.651 68.3417 45.715
      vertex 96.625 58.9753 44.6272
      vertex 103.44 68.2707 45.7067
    endloop
  endfacet
  facet normal 0.000342435 0.11511 -0.993353
    outer loop
      vertex 103.44 68.2707 45.7067
      vertex 96.625 58.9753 44.6272
      vertex 103.379 68.2588 45.7053
    endloop
  endfacet
  facet normal -7.46575e-05 0.115316 -0.993329
    outer loop
      vertex 94.8395 -50.9991 31.856
      vertex 103.222 -67.4894 29.941
      vertex 103 -67.4749 29.9427
    endloop
  endfacet
  facet normal -0.000172182 0.115479 -0.99331
    outer loop
      vertex 103.379 68.2588 45.7053
      vertex 96.625 58.9753 44.6272
      vertex 103.222 68.2276 45.7017
    endloop
  endfacet
  facet normal -5.06877e-05 0.115394 -0.99332
    outer loop
      vertex 103.222 68.2276 45.7017
      vertex 96.625 58.9753 44.6272
      vertex 103.062 68.2172 45.7005
    endloop
  endfacet
  facet normal 6.99779e-05 0.115387 -0.993321
    outer loop
      vertex 94.8395 -50.9991 31.856
      vertex 103 -67.4749 29.9427
      vertex 102.778 -67.4894 29.941
    endloop
  endfacet
  facet normal 0.000594934 0.11495 -0.993371
    outer loop
      vertex 103.062 68.2172 45.7005
      vertex 96.625 58.9753 44.6272
      vertex 103 68.2132 45.7
    endloop
  endfacet
  facet normal -0.000544167 0.115726 -0.993281
    outer loop
      vertex 103 68.2132 45.7
      vertex 96.625 58.9753 44.6272
      vertex 102.938 68.2172 45.7005
    endloop
  endfacet
  facet normal -2.12629e-05 0.115343 -0.993326
    outer loop
      vertex 94.3134 -51.595 31.7868
      vertex 102.778 -67.4894 29.941
      vertex 102.56 -67.5325 29.936
    endloop
  endfacet
  facet normal 4.63359e-05 0.115328 -0.993328
    outer loop
      vertex 102.938 68.2172 45.7005
      vertex 96.625 58.9753 44.6272
      vertex 102.778 68.2276 45.7017
    endloop
  endfacet
  facet normal -0.000250541 0.115211 -0.993341
    outer loop
      vertex 93.7134 -52.1176 31.7261
      vertex 102.56 -67.5325 29.936
      vertex 102.408 -67.5837 29.9301
    endloop
  endfacet
  facet normal 1.02844e-05 0.115356 -0.993324
    outer loop
      vertex 93.7134 -52.1176 31.7261
      vertex 102.408 -67.5837 29.9301
      vertex 102.349 -67.6035 29.9278
    endloop
  endfacet
  facet normal 0.000130537 0.115272 -0.993334
    outer loop
      vertex 102.778 68.2276 45.7017
      vertex 96.625 58.9753 44.6272
      vertex 102.621 68.2588 45.7053
    endloop
  endfacet
  facet normal 0.00075103 0.115763 -0.993277
    outer loop
      vertex 93.7134 -52.1176 31.7261
      vertex 102.349 -67.6035 29.9278
      vertex 102.294 -67.6306 29.9246
    endloop
  endfacet
  facet normal 7.24093e-06 0.115357 -0.993324
    outer loop
      vertex 93.7134 -52.1176 31.7261
      vertex 102.294 -67.6306 29.9246
      vertex 102.15 -67.7012 29.9164
    endloop
  endfacet
  facet normal -0.000260942 0.115522 -0.993305
    outer loop
      vertex 102.621 68.2588 45.7053
      vertex 96.625 58.9753 44.6272
      vertex 102.56 68.2707 45.7067
    endloop
  endfacet
  facet normal -0.000211492 0.115491 -0.993309
    outer loop
      vertex 102.56 68.2707 45.7067
      vertex 96.625 58.9753 44.6272
      vertex 102.349 68.3417 45.715
    endloop
  endfacet
  facet normal 5.74631e-05 0.115389 -0.99332
    outer loop
      vertex 93.05 -52.5579 31.675
      vertex 102.15 -67.7012 29.9164
      vertex 102.016 -67.7898 29.9061
    endloop
  endfacet
  facet normal -0.000839691 0.114868 -0.99338
    outer loop
      vertex 93.05 -52.5579 31.675
      vertex 102.016 -67.7898 29.9061
      vertex 101.965 -67.8239 29.9022
    endloop
  endfacet
  facet normal 0.000179445 0.115255 -0.993336
    outer loop
      vertex 102.349 68.3417 45.715
      vertex 96.625 58.9753 44.6272
      vertex 102.15 68.4394 45.7263
    endloop
  endfacet
  facet normal 0.000115981 0.115427 -0.993316
    outer loop
      vertex 92.3344 -52.9085 31.6343
      vertex 101.965 -67.8239 29.9022
      vertex 101.919 -67.8643 29.8975
    endloop
  endfacet
  facet normal -0.00055815 0.11568 -0.993286
    outer loop
      vertex 102.15 68.4394 45.7263
      vertex 96.625 58.9753 44.6272
      vertex 102.099 68.4735 45.7303
    endloop
  endfacet
  facet normal -8.83368e-05 0.115298 -0.993331
    outer loop
      vertex 92.3344 -52.9085 31.6343
      vertex 101.919 -67.8643 29.8975
      vertex 101.798 -67.9695 29.8853
    endloop
  endfacet
  facet normal -5.47024e-05 0.115394 -0.99332
    outer loop
      vertex 102.099 68.4735 45.7303
      vertex 96.625 58.9753 44.6272
      vertex 101.965 68.5621 45.7406
    endloop
  endfacet
  facet normal 9.84923e-05 0.115309 -0.99333
    outer loop
      vertex 101.965 68.5621 45.7406
      vertex 96.625 58.9753 44.6272
      vertex 101.844 68.6673 45.7528
    endloop
  endfacet
  facet normal 0.000340649 0.115584 -0.993298
    outer loop
      vertex 91.5788 -53.1633 31.6047
      vertex 101.798 -67.9695 29.8853
      vertex 101.692 -68.0895 29.8713
    endloop
  endfacet
  facet normal -0.000737882 0.114863 -0.993381
    outer loop
      vertex 91.5788 -53.1633 31.6047
      vertex 101.692 -68.0895 29.8713
      vertex 101.651 -68.1356 29.866
    endloop
  endfacet
  facet normal 5.19939e-05 0.115334 -0.993327
    outer loop
      vertex 101.844 68.6673 45.7528
      vertex 96.625 58.9753 44.6272
      vertex 101.798 68.7078 45.7575
    endloop
  endfacet
  facet normal -0.000327442 0.115135 -0.99335
    outer loop
      vertex 91.5788 -53.1633 31.6047
      vertex 101.651 -68.1356 29.866
      vertex 101.617 -68.1866 29.8601
    endloop
  endfacet
  facet normal 0.000817407 0.114933 -0.993373
    outer loop
      vertex 101.798 68.7078 45.7575
      vertex 96.625 58.9753 44.6272
      vertex 101.757 68.7539 45.7628
    endloop
  endfacet
  facet normal 0.000503401 0.115683 -0.993286
    outer loop
      vertex 91.5788 -53.1633 31.6047
      vertex 101.617 -68.1866 29.8601
      vertex 101.528 -68.3193 29.8446
    endloop
  endfacet
  facet normal 0.000210081 0.115247 -0.993337
    outer loop
      vertex 101.757 68.7539 45.7628
      vertex 96.625 58.9753 44.6272
      vertex 101.651 68.8739 45.7767
    endloop
  endfacet
  facet normal -0.00064485 0.115675 -0.993287
    outer loop
      vertex 101.651 68.8739 45.7767
      vertex 96.625 58.9753 44.6272
      vertex 101.562 69.0065 45.7922
    endloop
  endfacet
  facet normal -2.14036e-05 0.115339 -0.993326
    outer loop
      vertex 90.7962 -53.3179 31.5867
      vertex 101.528 -68.3193 29.8446
      vertex 101.429 -68.5174 29.8216
    endloop
  endfacet
  facet normal 0.000386918 0.115174 -0.993345
    outer loop
      vertex 101.562 69.0065 45.7922
      vertex 96.625 58.9753 44.6272
      vertex 101.528 69.0575 45.7981
    endloop
  endfacet
  facet normal 7.49011e-05 0.11541 -0.993318
    outer loop
      vertex 90 -53.3697 31.5807
      vertex 101.429 -68.5174 29.8216
      vertex 101.358 -68.7265 29.7973
    endloop
  endfacet
  facet normal -0.000227792 0.115469 -0.993311
    outer loop
      vertex 101.528 69.0575 45.7981
      vertex 96.625 58.9753 44.6272
      vertex 101.5 69.1125 45.8045
    endloop
  endfacet
  facet normal -0.000489614 0.114985 -0.993367
    outer loop
      vertex 89.425 -53.3323 31.5851
      vertex 101.358 -68.7265 29.7973
      vertex 101.327 -68.883 29.7792
    endloop
  endfacet
  facet normal 0.000136039 0.115297 -0.993331
    outer loop
      vertex 101.5 69.1125 45.8045
      vertex 96.625 58.9753 44.6272
      vertex 101.429 69.2556 45.8211
    endloop
  endfacet
  facet normal 0.000153675 0.115471 -0.993311
    outer loop
      vertex 89.425 -53.3323 31.5851
      vertex 101.327 -68.883 29.7792
      vertex 101.315 -68.9432 29.7722
    endloop
  endfacet
  facet normal -2.71448e-05 0.115372 -0.993322
    outer loop
      vertex 101.429 69.2556 45.8211
      vertex 96.625 58.9753 44.6272
      vertex 101.358 69.4648 45.8454
    endloop
  endfacet
  facet normal 0.000734707 0.115033 -0.993361
    outer loop
      vertex 101.358 69.4648 45.8454
      vertex 96.625 58.9753 44.6272
      vertex 101.327 69.6213 45.8635
    endloop
  endfacet
  facet normal 3.14312e-05 0.115375 -0.993322
    outer loop
      vertex 89.2038 -53.3179 31.5867
      vertex 101.315 -68.9432 29.7722
      vertex 101.3 -69.1636 29.7466
    endloop
  endfacet
  facet normal -0.00053344 0.115585 -0.993297
    outer loop
      vertex 101.327 69.6213 45.8635
      vertex 96.625 58.9753 44.6272
      vertex 101.315 69.6814 45.8705
    endloop
  endfacet
  facet normal 4.6227e-05 0.11538 -0.993321
    outer loop
      vertex 104.685 -68.9432 29.7722
      vertex 110 -77.1309 28.8214
      vertex 104.7 -69.1636 29.7466
    endloop
  endfacet
  facet normal 0.000110071 0.115422 -0.993317
    outer loop
      vertex 110 -77.1309 28.8214
      vertex 104.689 -69.3228 29.7281
      vertex 104.7 -69.1636 29.7466
    endloop
  endfacet
  facet normal -0.000146464 0.11525 -0.993337
    outer loop
      vertex 110 -77.1309 28.8214
      vertex 104.685 -69.384 29.721
      vertex 104.689 -69.3228 29.7281
    endloop
  endfacet
  facet normal 0.000174113 0.115467 -0.993311
    outer loop
      vertex 110 -77.1309 28.8214
      vertex 104.673 -69.4442 29.714
      vertex 104.685 -69.384 29.721
    endloop
  endfacet
  facet normal 0.000273767 0.115535 -0.993303
    outer loop
      vertex 110 -77.1309 28.8214
      vertex 104.642 -69.6006 29.6958
      vertex 104.673 -69.4442 29.714
    endloop
  endfacet
  facet normal -0.000751923 0.114815 -0.993387
    outer loop
      vertex 110 -77.1309 28.8214
      vertex 104.622 -69.6587 29.6891
      vertex 104.642 -69.6006 29.6958
    endloop
  endfacet
  facet normal -0.000287903 0.115144 -0.993349
    outer loop
      vertex 110 -77.1309 28.8214
      vertex 104.571 -69.8098 29.6716
      vertex 104.622 -69.6587 29.6891
    endloop
  endfacet
  facet normal 0.000458653 0.11569 -0.993285
    outer loop
      vertex 110 -77.1309 28.8214
      vertex 104.5 -69.9529 29.6549
      vertex 104.571 -69.8098 29.6716
    endloop
  endfacet
  facet normal 0.000190777 0.115488 -0.993309
    outer loop
      vertex 110 -77.1309 28.8214
      vertex 104.472 -70.0079 29.6485
      vertex 104.5 -69.9529 29.6549
    endloop
  endfacet
  facet normal 1.50711e-05 0.115353 -0.993325
    outer loop
      vertex 110 -77.1309 28.8214
      vertex 104.383 -70.1405 29.6331
      vertex 104.472 -70.0079 29.6485
    endloop
  endfacet
  facet normal -0.000443974 0.114989 -0.993367
    outer loop
      vertex 110 -77.1309 28.8214
      vertex 104.349 -70.1916 29.6272
      vertex 104.383 -70.1405 29.6331
    endloop
  endfacet
  facet normal -0.000111873 0.115256 -0.993336
    outer loop
      vertex 110 -77.1309 28.8214
      vertex 104.243 -70.3115 29.6133
      vertex 104.349 -70.1916 29.6272
    endloop
  endfacet
  facet normal 0.000579876 0.115832 -0.993269
    outer loop
      vertex 110 -77.1309 28.8214
      vertex 104.202 -70.3576 29.6079
      vertex 104.243 -70.3115 29.6133
    endloop
  endfacet
  facet normal -3.4069e-05 0.115314 -0.993329
    outer loop
      vertex 110 -77.1309 28.8214
      vertex 104.156 -70.3981 29.6032
      vertex 104.202 -70.3576 29.6079
    endloop
  endfacet
  facet normal -7.31037e-05 0.11528 -0.993333
    outer loop
      vertex 110 -77.1309 28.8214
      vertex 104.035 -70.5033 29.591
      vertex 104.156 -70.3981 29.6032
    endloop
  endfacet
  facet normal 5.44974e-05 0.115394 -0.99332
    outer loop
      vertex 110 -77.1309 28.8214
      vertex 103.901 -70.5919 29.5807
      vertex 104.035 -70.5033 29.591
    endloop
  endfacet
  facet normal -0.000715571 0.114685 -0.993402
    outer loop
      vertex 110 -77.1309 28.8214
      vertex 103.85 -70.626 29.5768
      vertex 103.901 -70.5919 29.5807
    endloop
  endfacet
  facet normal 0.000185147 0.115525 -0.993305
    outer loop
      vertex 110 -77.1309 28.8214
      vertex 103.651 -70.7237 29.5654
      vertex 103.85 -70.626 29.5768
    endloop
  endfacet
  facet normal -0.000157022 0.115191 -0.993343
    outer loop
      vertex 110 -77.1309 28.8214
      vertex 103.44 -70.7947 29.5572
      vertex 103.651 -70.7237 29.5654
    endloop
  endfacet
  facet normal 8.77104e-05 0.115441 -0.993314
    outer loop
      vertex 110 -77.1309 28.8214
      vertex 103.379 -70.8067 29.5558
      vertex 103.44 -70.7947 29.5572
    endloop
  endfacet
  facet normal -6.02556e-05 0.115288 -0.993332
    outer loop
      vertex 110 -77.1309 28.8214
      vertex 103.222 -70.8378 29.5522
      vertex 103.379 -70.8067 29.5558
    endloop
  endfacet
  facet normal -4.48083e-05 0.115304 -0.99333
    outer loop
      vertex 110 -77.1309 28.8214
      vertex 103.062 -70.8482 29.551
      vertex 103.222 -70.8378 29.5522
    endloop
  endfacet
  facet normal 0.000530692 0.115931 -0.993257
    outer loop
      vertex 110 -77.1309 28.8214
      vertex 103 -70.8522 29.5505
      vertex 103.062 -70.8482 29.551
    endloop
  endfacet
  facet normal -0.000613041 0.114673 -0.993403
    outer loop
      vertex 110 -77.1309 28.8214
      vertex 102.938 -70.8482 29.551
      vertex 103 -70.8522 29.5505
    endloop
  endfacet
  facet normal 5.18093e-05 0.115411 -0.993318
    outer loop
      vertex 110 -77.1309 28.8214
      vertex 102.778 -70.8378 29.5522
      vertex 102.938 -70.8482 29.551
    endloop
  endfacet
  facet normal 9.46194e-05 0.115459 -0.993312
    outer loop
      vertex 110 -77.1309 28.8214
      vertex 102.621 -70.8067 29.5558
      vertex 102.778 -70.8378 29.5522
    endloop
  endfacet
  facet normal -0.00013729 0.115192 -0.993343
    outer loop
      vertex 110 -77.1309 28.8214
      vertex 102.56 -70.7947 29.5572
      vertex 102.621 -70.8067 29.5558
    endloop
  endfacet
  facet normal 0.00035 0.115757 -0.993278
    outer loop
      vertex 110 -77.1309 28.8214
      vertex 102.349 -70.7237 29.5654
      vertex 102.56 -70.7947 29.5572
    endloop
  endfacet
  facet normal -0.000665278 0.11456 -0.993416
    outer loop
      vertex 110 -77.1309 28.8214
      vertex 102.15 -70.626 29.5768
      vertex 102.349 -70.7237 29.5654
    endloop
  endfacet
  facet normal 0.00604205 0.122542 -0.992445
    outer loop
      vertex 110 -77.1309 28.8214
      vertex 102.099 -70.5919 29.5807
      vertex 102.15 -70.626 29.5768
    endloop
  endfacet
  facet normal -0.000438179 0.114821 -0.993386
    outer loop
      vertex 110 -77.1309 28.8214
      vertex 101.965 -70.5033 29.591
      vertex 102.099 -70.5919 29.5807
    endloop
  endfacet
  facet normal -0.115592 0.037693 -0.992581
    outer loop
      vertex 101.651 -70.1916 29.6272
      vertex 101.528 -70.0079 29.6485
      vertex 101.617 -70.1405 29.6331
    endloop
  endfacet
  facet normal 0.000604394 0.115094 -0.993354
    outer loop
      vertex 101.315 69.6814 45.8705
      vertex 96.625 58.9753 44.6272
      vertex 101.311 69.7427 45.8776
    endloop
  endfacet
  facet normal -0.000175243 0.115285 -0.993332
    outer loop
      vertex 104.349 -68.1356 29.866
      vertex 96.1 -47.3104 32.2844
      vertex 96.0478 -46.5195 32.3762
    endloop
  endfacet
  facet normal 0.000103889 0.115436 -0.993315
    outer loop
      vertex 88.4212 -53.1633 31.6047
      vertex 101.3 -69.1636 29.7466
      vertex 101.311 -69.3228 29.7281
    endloop
  endfacet
  facet normal -0.000158379 0.11523 -0.993339
    outer loop
      vertex 88.4212 -53.1633 31.6047
      vertex 101.311 -69.3228 29.7281
      vertex 101.315 -69.384 29.721
    endloop
  endfacet
  facet normal 0.000235341 0.115547 -0.993302
    outer loop
      vertex 87.6656 -52.9085 31.6343
      vertex 101.315 -69.384 29.721
      vertex 101.327 -69.4442 29.714
    endloop
  endfacet
  facet normal 0.000376035 0.115662 -0.993289
    outer loop
      vertex 87.6656 -52.9085 31.6343
      vertex 101.327 -69.4442 29.714
      vertex 101.358 -69.6006 29.6958
    endloop
  endfacet
  facet normal -0.000131462 0.115302 -0.99333
    outer loop
      vertex 104.202 -67.9695 29.8853
      vertex 96.0855 -47.5301 32.2589
      vertex 96.1 -47.3104 32.2844
    endloop
  endfacet
  facet normal 0.000252767 0.115452 -0.993313
    outer loop
      vertex 104.202 -67.9695 29.8853
      vertex 96.0478 -48.1013 32.1925
      vertex 96.0855 -47.5301 32.2589
    endloop
  endfacet
  facet normal -1.83796e-05 0.115346 -0.993325
    outer loop
      vertex 103.984 -67.7898 29.9061
      vertex 95.9354 -48.6628 32.1273
      vertex 96.0478 -48.1013 32.1925
    endloop
  endfacet
  facet normal -0.000538941 0.115132 -0.99335
    outer loop
      vertex 103.85 -67.7012 29.9164
      vertex 95.8922 -48.8787 32.1023
      vertex 95.9354 -48.6628 32.1273
    endloop
  endfacet
  facet normal 0.000548116 0.115578 -0.993298
    outer loop
      vertex 103.651 -67.6035 29.9278
      vertex 95.8209 -49.0872 32.078
      vertex 95.8922 -48.8787 32.1023
    endloop
  endfacet
  facet normal -9.49077e-05 0.11531 -0.99333
    outer loop
      vertex 103.651 -67.6035 29.9278
      vertex 95.6357 -49.6292 32.0151
      vertex 95.8209 -49.0872 32.078
    endloop
  endfacet
  facet normal -4.32622e-05 0.115336 -0.993327
    outer loop
      vertex 103.44 -67.5325 29.936
      vertex 95.3808 -50.1426 31.9555
      vertex 95.6357 -49.6292 32.0151
    endloop
  endfacet
  facet normal -0.000187624 0.11527 -0.993334
    outer loop
      vertex 103.44 -67.5325 29.936
      vertex 95.2828 -50.3401 31.9326
      vertex 95.3808 -50.1426 31.9555
    endloop
  endfacet
  facet normal 9.07068e-05 0.115399 -0.993319
    outer loop
      vertex 103.222 -67.4894 29.941
      vertex 94.8395 -50.9991 31.856
      vertex 95.2828 -50.3401 31.9326
    endloop
  endfacet
  facet normal -0.00161244 0.114011 -0.993478
    outer loop
      vertex 86.95 -52.5579 31.675
      vertex 101.358 -69.6006 29.6958
      vertex 101.378 -69.6587 29.6891
    endloop
  endfacet
  facet normal -0.000611776 0.114845 -0.993383
    outer loop
      vertex 86.95 -52.5579 31.675
      vertex 101.378 -69.6587 29.6891
      vertex 101.429 -69.8098 29.6716
    endloop
  endfacet
  facet normal -8.50037e-05 0.115313 -0.993329
    outer loop
      vertex 102.778 -67.4894 29.941
      vertex 94.6933 -51.1646 31.8368
      vertex 94.8395 -50.9991 31.856
    endloop
  endfacet
  facet normal 2.95162e-05 0.115369 -0.993323
    outer loop
      vertex 102.778 -67.4894 29.941
      vertex 94.3134 -51.595 31.7868
      vertex 94.6933 -51.1646 31.8368
    endloop
  endfacet
  facet normal -4.25789e-05 0.115332 -0.993327
    outer loop
      vertex 102.56 -67.5325 29.936
      vertex 93.8801 -51.9724 31.743
      vertex 94.3134 -51.595 31.7868
    endloop
  endfacet
  facet normal 0.000151874 0.115439 -0.993315
    outer loop
      vertex 102.56 -67.5325 29.936
      vertex 93.7134 -52.1176 31.7261
      vertex 93.8801 -51.9724 31.743
    endloop
  endfacet
  facet normal -3.45616e-05 0.115335 -0.993327
    outer loop
      vertex 102.15 -67.7012 29.9164
      vertex 93.05 -52.5579 31.675
      vertex 93.7134 -52.1176 31.7261
    endloop
  endfacet
  facet normal -5.14541e-06 0.115349 -0.993325
    outer loop
      vertex 101.965 -67.8239 29.9022
      vertex 92.5332 -52.8111 31.6456
      vertex 93.05 -52.5579 31.675
    endloop
  endfacet
  facet normal 0.00023021 0.116028 -0.993246
    outer loop
      vertex 50.05 -52.5579 31.675
      vertex 101.429 -69.8098 29.6716
      vertex 101.5 -69.9529 29.6549
    endloop
  endfacet
  facet normal 9.43392e-05 0.115631 -0.993292
    outer loop
      vertex 50.05 -52.5579 31.675
      vertex 101.5 -69.9529 29.6549
      vertex 101.528 -70.0079 29.6485
    endloop
  endfacet
  facet normal -4.13598e-05 0.115327 -0.993328
    outer loop
      vertex 101.965 -67.8239 29.9022
      vertex 92.3344 -52.9085 31.6343
      vertex 92.5332 -52.8111 31.6456
    endloop
  endfacet
  facet normal 1.15528e-05 0.11536 -0.993324
    outer loop
      vertex 101.798 -67.9695 29.8853
      vertex 91.5788 -53.1633 31.6047
      vertex 92.3344 -52.9085 31.6343
    endloop
  endfacet
  facet normal 5.16363e-05 0.11539 -0.99332
    outer loop
      vertex 101.528 -68.3193 29.8446
      vertex 90.7962 -53.3179 31.5867
      vertex 91.5788 -53.1633 31.6047
    endloop
  endfacet
  facet normal -0.000310344 0.115139 -0.993349
    outer loop
      vertex 101.429 -68.5174 29.8216
      vertex 90.575 -53.3323 31.5851
      vertex 90.7962 -53.3179 31.5867
    endloop
  endfacet
  facet normal 9.34399e-05 0.115424 -0.993316
    outer loop
      vertex 101.429 -68.5174 29.8216
      vertex 90 -53.3697 31.5807
      vertex 90.575 -53.3323 31.5851
    endloop
  endfacet
  facet normal -7.62113e-05 0.115128 -0.993351
    outer loop
      vertex 49.3344 -52.9085 31.6343
      vertex 101.528 -70.0079 29.6485
      vertex 101.651 -70.1916 29.6272
    endloop
  endfacet
  facet normal -0.000102905 0.115281 -0.993333
    outer loop
      vertex 101.358 -68.7265 29.7973
      vertex 89.425 -53.3323 31.5851
      vertex 90 -53.3697 31.5807
    endloop
  endfacet
  facet normal 0.000341494 0.115612 -0.993294
    outer loop
      vertex 101.315 -68.9432 29.7722
      vertex 89.2038 -53.3179 31.5867
      vertex 89.425 -53.3323 31.5851
    endloop
  endfacet
  facet normal -7.00978e-05 0.115298 -0.993331
    outer loop
      vertex 101.3 -69.1636 29.7466
      vertex 88.4212 -53.1633 31.6047
      vertex 89.2038 -53.3179 31.5867
    endloop
  endfacet
  facet normal -1.83761e-05 0.11534 -0.993326
    outer loop
      vertex 101.315 -69.384 29.721
      vertex 87.6656 -52.9085 31.6343
      vertex 88.4212 -53.1633 31.6047
    endloop
  endfacet
  facet normal 9.46746e-05 0.115434 -0.993315
    outer loop
      vertex 101.358 -69.6006 29.6958
      vertex 87.4668 -52.8111 31.6456
      vertex 87.6656 -52.9085 31.6343
    endloop
  endfacet
  facet normal 1.50282e-05 0.115369 -0.993323
    outer loop
      vertex 101.358 -69.6006 29.6958
      vertex 86.95 -52.5579 31.675
      vertex 87.4668 -52.8111 31.6456
    endloop
  endfacet
  facet normal 0 0.115351 -0.993325
    outer loop
      vertex 101.429 -69.8098 29.6716
      vertex 50.05 -52.5579 31.675
      vertex 86.95 -52.5579 31.675
    endloop
  endfacet
  facet normal 0 0.115283 -0.993333
    outer loop
      vertex 86.95 -52.5579 31.675
      vertex 50.05 -52.5579 31.675
      vertex 86.2866 -52.1176 31.7261
    endloop
  endfacet
  facet normal 0 0.115283 -0.993333
    outer loop
      vertex 50.7134 -52.1176 31.7261
      vertex 86.2866 -52.1176 31.7261
      vertex 50.05 -52.5579 31.675
    endloop
  endfacet
  facet normal 0 0.115611 -0.993295
    outer loop
      vertex 86.2866 -52.1176 31.7261
      vertex 50.7134 -52.1176 31.7261
      vertex 86.1199 -51.9724 31.743
    endloop
  endfacet
  facet normal 0 0.115611 -0.993295
    outer loop
      vertex 50.8801 -51.9724 31.743
      vertex 86.1199 -51.9724 31.743
      vertex 50.7134 -52.1176 31.7261
    endloop
  endfacet
  facet normal 0 0.115278 -0.993333
    outer loop
      vertex 52.8209 -49.0872 32.078
      vertex 84.1791 -49.0872 32.078
      vertex 84.3643 -49.6292 32.0151
    endloop
  endfacet
  facet normal 0 0.115026 -0.993363
    outer loop
      vertex 52.9354 -48.6628 32.1273
      vertex 84.0646 -48.6628 32.1273
      vertex 84.1078 -48.8787 32.1023
    endloop
  endfacet
  facet normal 0 0.115293 -0.993331
    outer loop
      vertex 83.9145 -47.5301 32.2589
      vertex 53.1 -47.3104 32.2844
      vertex 83.9 -47.3104 32.2844
    endloop
  endfacet
  facet normal 0 0.115469 -0.993311
    outer loop
      vertex 53.0855 -47.5301 32.2589
      vertex 83.9145 -47.5301 32.2589
      vertex 83.9522 -48.1013 32.1925
    endloop
  endfacet
  facet normal 0 0.115343 -0.993326
    outer loop
      vertex 84.0646 -48.6628 32.1273
      vertex 53.0478 -48.1013 32.1925
      vertex 83.9522 -48.1013 32.1925
    endloop
  endfacet
  facet normal 0 0.115763 -0.993277
    outer loop
      vertex 84.1791 -49.0872 32.078
      vertex 52.8209 -49.0872 32.078
      vertex 84.1078 -48.8787 32.1023
    endloop
  endfacet
  facet normal 0 0.115314 -0.993329
    outer loop
      vertex 52.6357 -49.6292 32.0151
      vertex 84.3643 -49.6292 32.0151
      vertex 84.6192 -50.1426 31.9555
    endloop
  endfacet
  facet normal 0 0.115178 -0.993345
    outer loop
      vertex 52.3808 -50.1426 31.9555
      vertex 84.6192 -50.1426 31.9555
      vertex 84.7172 -50.3401 31.9326
    endloop
  endfacet
  facet normal 0 0.115459 -0.993312
    outer loop
      vertex 52.2828 -50.3401 31.9326
      vertex 84.7172 -50.3401 31.9326
      vertex 85.1605 -50.9991 31.856
    endloop
  endfacet
  facet normal 0 0.115283 -0.993333
    outer loop
      vertex 86.1199 -51.9724 31.743
      vertex 50.8801 -51.9724 31.743
      vertex 85.6866 -51.595 31.7868
    endloop
  endfacet
  facet normal -8.9103e-05 0.115081 -0.993356
    outer loop
      vertex 48.5788 -53.1633 31.6047
      vertex 101.651 -70.1916 29.6272
      vertex 101.757 -70.3115 29.6133
    endloop
  endfacet
  facet normal 0.000452571 0.116738 -0.993163
    outer loop
      vertex 48.5788 -53.1633 31.6047
      vertex 101.757 -70.3115 29.6133
      vertex 101.798 -70.3576 29.6079
    endloop
  endfacet
  facet normal -3.87992e-05 0.115232 -0.993339
    outer loop
      vertex 47.7962 -53.3179 31.5867
      vertex 101.798 -70.3576 29.6079
      vertex 101.844 -70.3981 29.6032
    endloop
  endfacet
  facet normal -7.84335e-05 0.115109 -0.993353
    outer loop
      vertex 47.7962 -53.3179 31.5867
      vertex 101.844 -70.3981 29.6032
      vertex 101.965 -70.5033 29.591
    endloop
  endfacet
  facet normal 0 0.115345 -0.993325
    outer loop
      vertex 1.03489 -70.5033 29.591
      vertex 101.965 -70.5033 29.591
      vertex 110 -77.1309 28.8214
    endloop
  endfacet
  facet normal 0 0.115293 -0.993331
    outer loop
      vertex 83.9145 -47.5301 32.2589
      vertex 53.0855 -47.5301 32.2589
      vertex 53.1 -47.3104 32.2844
    endloop
  endfacet
  facet normal 0 0.115469 -0.993311
    outer loop
      vertex 83.9522 -48.1013 32.1925
      vertex 53.0478 -48.1013 32.1925
      vertex 53.0855 -47.5301 32.2589
    endloop
  endfacet
  facet normal 0 0.115343 -0.993326
    outer loop
      vertex 84.0646 -48.6628 32.1273
      vertex 52.9354 -48.6628 32.1273
      vertex 53.0478 -48.1013 32.1925
    endloop
  endfacet
  facet normal 0 0.115026 -0.993363
    outer loop
      vertex 84.1078 -48.8787 32.1023
      vertex 52.8921 -48.8787 32.1023
      vertex 52.9354 -48.6628 32.1273
    endloop
  endfacet
  facet normal 0 0.115763 -0.993277
    outer loop
      vertex 84.1078 -48.8787 32.1023
      vertex 52.8209 -49.0872 32.078
      vertex 52.8921 -48.8787 32.1023
    endloop
  endfacet
  facet normal 0 0.115278 -0.993333
    outer loop
      vertex 84.3643 -49.6292 32.0151
      vertex 52.6357 -49.6292 32.0151
      vertex 52.8209 -49.0872 32.078
    endloop
  endfacet
  facet normal 0 0.115314 -0.993329
    outer loop
      vertex 84.6192 -50.1426 31.9555
      vertex 52.3808 -50.1426 31.9555
      vertex 52.6357 -49.6292 32.0151
    endloop
  endfacet
  facet normal 0 0.115178 -0.993345
    outer loop
      vertex 84.7172 -50.3401 31.9326
      vertex 52.2828 -50.3401 31.9326
      vertex 52.3808 -50.1426 31.9555
    endloop
  endfacet
  facet normal 0 0.115459 -0.993312
    outer loop
      vertex 85.1605 -50.9991 31.856
      vertex 51.8395 -50.9991 31.856
      vertex 52.2828 -50.3401 31.9326
    endloop
  endfacet
  facet normal 0 0.115239 -0.993338
    outer loop
      vertex 85.1605 -50.9991 31.856
      vertex 51.6933 -51.1646 31.8368
      vertex 51.8395 -50.9991 31.856
    endloop
  endfacet
  facet normal 0 0.115239 -0.993338
    outer loop
      vertex 85.3067 -51.1646 31.8368
      vertex 51.6933 -51.1646 31.8368
      vertex 85.1605 -50.9991 31.856
    endloop
  endfacet
  facet normal 0 0.115395 -0.99332
    outer loop
      vertex 51.6933 -51.1646 31.8368
      vertex 85.3067 -51.1646 31.8368
      vertex 51.3134 -51.595 31.7868
    endloop
  endfacet
  facet normal 0 0.115395 -0.99332
    outer loop
      vertex 85.6866 -51.595 31.7868
      vertex 51.3134 -51.595 31.7868
      vertex 85.3067 -51.1646 31.8368
    endloop
  endfacet
  facet normal 0 0.115283 -0.993333
    outer loop
      vertex 51.3134 -51.595 31.7868
      vertex 85.6866 -51.595 31.7868
      vertex 50.8801 -51.9724 31.743
    endloop
  endfacet
  facet normal -3.5945e-06 0.115346 -0.993325
    outer loop
      vertex 101.528 -70.0079 29.6485
      vertex 49.5332 -52.8111 31.6456
      vertex 50.05 -52.5579 31.675
    endloop
  endfacet
  facet normal -2.26816e-05 0.115289 -0.993332
    outer loop
      vertex 101.528 -70.0079 29.6485
      vertex 49.3344 -52.9085 31.6343
      vertex 49.5332 -52.8111 31.6456
    endloop
  endfacet
  facet normal 6.42456e-06 0.115375 -0.993322
    outer loop
      vertex 101.651 -70.1916 29.6272
      vertex 48.5788 -53.1633 31.6047
      vertex 49.3344 -52.9085 31.6343
    endloop
  endfacet
  facet normal 3.62859e-05 0.115467 -0.993311
    outer loop
      vertex 101.798 -70.3576 29.6079
      vertex 47.7962 -53.3179 31.5867
      vertex 48.5788 -53.1633 31.6047
    endloop
  endfacet
  facet normal -0.000269189 0.114515 -0.993421
    outer loop
      vertex 101.965 -70.5033 29.591
      vertex 47.575 -53.3323 31.5851
      vertex 47.7962 -53.3179 31.5867
    endloop
  endfacet
  facet normal 8.11702e-05 0.11561 -0.993295
    outer loop
      vertex 101.965 -70.5033 29.591
      vertex 47 -53.3697 31.5807
      vertex 47.575 -53.3323 31.5851
    endloop
  endfacet
  facet normal 0 0.115353 -0.993325
    outer loop
      vertex 101.965 -70.5033 29.591
      vertex 1.03489 -70.5033 29.591
      vertex 47 -53.3697 31.5807
    endloop
  endfacet
  facet normal 0.000102874 0.115081 -0.993356
    outer loop
      vertex 1.15564 -70.3981 29.6032
      vertex 47 -53.3697 31.5807
      vertex 1.03489 -70.5033 29.591
    endloop
  endfacet
  facet normal 5.15077e-05 0.115217 -0.99334
    outer loop
      vertex 1.20208 -70.3576 29.6079
      vertex 47 -53.3697 31.5807
      vertex 1.15564 -70.3981 29.6032
    endloop
  endfacet
  facet normal -8.34064e-05 0.115576 -0.993299
    outer loop
      vertex 47 -53.3697 31.5807
      vertex 1.20208 -70.3576 29.6079
      vertex 46.425 -53.3323 31.5851
    endloop
  endfacet
  facet normal -7.3156e-05 0.115528 -0.993304
    outer loop
      vertex 1.7 -69.1636 29.7466
      vertex 43.1199 -51.9724 31.743
      vertex 43.2866 -52.1176 31.7261
    endloop
  endfacet
  facet normal 0 0.115293 -0.993331
    outer loop
      vertex 4.1 -47.3104 32.2844
      vertex 40.9 -47.3104 32.2844
      vertex 40.9145 -47.5301 32.2589
    endloop
  endfacet
  facet normal 0 0.115469 -0.993311
    outer loop
      vertex 4.0855 -47.5301 32.2589
      vertex 40.9145 -47.5301 32.2589
      vertex 40.9522 -48.1013 32.1925
    endloop
  endfacet
  facet normal 6.24837e-07 0.115355 -0.993324
    outer loop
      vertex 11.37 -7.82579 36.8697
      vertex 29.125 11.2957 39.0903
      vertex 11.37 -21.2357 35.3124
    endloop
  endfacet
  facet normal 1.76526e-06 0.115355 -0.993324
    outer loop
      vertex 40.9 -47.3104 32.2844
      vertex 11.37 -21.2357 35.3124
      vertex 29.125 11.2957 39.0903
    endloop
  endfacet
  facet normal 0 0.115343 -0.993326
    outer loop
      vertex 4.04781 -48.1013 32.1925
      vertex 40.9522 -48.1013 32.1925
      vertex 41.0646 -48.6628 32.1273
    endloop
  endfacet
  facet normal 0 0.115026 -0.993363
    outer loop
      vertex 3.93539 -48.6628 32.1273
      vertex 41.0646 -48.6628 32.1273
      vertex 41.1079 -48.8787 32.1023
    endloop
  endfacet
  facet normal 0 0.115763 -0.993277
    outer loop
      vertex 3.89215 -48.8787 32.1023
      vertex 41.1079 -48.8787 32.1023
      vertex 41.1791 -49.0872 32.078
    endloop
  endfacet
  facet normal 0 0.115278 -0.993333
    outer loop
      vertex 3.8209 -49.0872 32.078
      vertex 41.1791 -49.0872 32.078
      vertex 41.3643 -49.6292 32.0151
    endloop
  endfacet
  facet normal 0 0.115314 -0.993329
    outer loop
      vertex 3.63566 -49.6292 32.0151
      vertex 41.3643 -49.6292 32.0151
      vertex 41.6192 -50.1426 31.9555
    endloop
  endfacet
  facet normal 0 0.115178 -0.993345
    outer loop
      vertex 3.38079 -50.1426 31.9555
      vertex 41.6192 -50.1426 31.9555
      vertex 41.7172 -50.3401 31.9326
    endloop
  endfacet
  facet normal -3.55114e-05 0.115436 -0.993315
    outer loop
      vertex 1.64207 -68.7265 29.7973
      vertex 41.7172 -50.3401 31.9326
      vertex 42.1605 -50.9991 31.856
    endloop
  endfacet
  facet normal 3.64618e-05 0.115271 -0.993334
    outer loop
      vertex 1.68546 -68.9432 29.7722
      vertex 42.1605 -50.9991 31.856
      vertex 42.3067 -51.1646 31.8368
    endloop
  endfacet
  facet normal -1.3367e-05 0.115383 -0.993321
    outer loop
      vertex 1.68546 -68.9432 29.7722
      vertex 42.3067 -51.1646 31.8368
      vertex 42.6866 -51.595 31.7868
    endloop
  endfacet
  facet normal 0 0.115296 -0.993331
    outer loop
      vertex 40.9 -47.3104 32.2844
      vertex 4.1 -47.3104 32.2844
      vertex 4.04781 -46.5195 32.3762
    endloop
  endfacet
  facet normal 2.00897e-05 0.115306 -0.99333
    outer loop
      vertex 43.1199 -51.9724 31.743
      vertex 1.7 -69.1636 29.7466
      vertex 42.6866 -51.595 31.7868
    endloop
  endfacet
  facet normal 1.79355e-05 0.11531 -0.99333
    outer loop
      vertex 1.6734 -69.4442 29.714
      vertex 43.2866 -52.1176 31.7261
      vertex 43.95 -52.5579 31.675
    endloop
  endfacet
  facet normal 2.78184e-06 0.115344 -0.993326
    outer loop
      vertex 1.57059 -69.8098 29.6716
      vertex 43.95 -52.5579 31.675
      vertex 44.4668 -52.8111 31.6456
    endloop
  endfacet
  facet normal 2.39598e-05 0.115292 -0.993332
    outer loop
      vertex 1.57059 -69.8098 29.6716
      vertex 44.4668 -52.8111 31.6456
      vertex 44.6656 -52.9085 31.6343
    endloop
  endfacet
  facet normal 0.000276891 0.114632 -0.993408
    outer loop
      vertex 46.425 -53.3323 31.5851
      vertex 1.20208 -70.3576 29.6079
      vertex 46.2038 -53.3179 31.5867
    endloop
  endfacet
  facet normal 0 0.115293 -0.993331
    outer loop
      vertex 40.9145 -47.5301 32.2589
      vertex 4.0855 -47.5301 32.2589
      vertex 4.1 -47.3104 32.2844
    endloop
  endfacet
  facet normal 0 0.115469 -0.993311
    outer loop
      vertex 40.9522 -48.1013 32.1925
      vertex 4.04781 -48.1013 32.1925
      vertex 4.0855 -47.5301 32.2589
    endloop
  endfacet
  facet normal 0 0.115343 -0.993326
    outer loop
      vertex 41.0646 -48.6628 32.1273
      vertex 3.93539 -48.6628 32.1273
      vertex 4.04781 -48.1013 32.1925
    endloop
  endfacet
  facet normal 0 0.115026 -0.993363
    outer loop
      vertex 41.1079 -48.8787 32.1023
      vertex 3.89215 -48.8787 32.1023
      vertex 3.93539 -48.6628 32.1273
    endloop
  endfacet
  facet normal -6.13806e-05 0.115489 -0.993309
    outer loop
      vertex 42.1605 -50.9991 31.856
      vertex 1.68546 -68.9432 29.7722
      vertex 1.6734 -68.883 29.7792
    endloop
  endfacet
  facet normal 0 0.115763 -0.993277
    outer loop
      vertex 41.1791 -49.0872 32.078
      vertex 3.8209 -49.0872 32.078
      vertex 3.89215 -48.8787 32.1023
    endloop
  endfacet
  facet normal 0 0.115278 -0.993333
    outer loop
      vertex 41.3643 -49.6292 32.0151
      vertex 3.63566 -49.6292 32.0151
      vertex 3.8209 -49.0872 32.078
    endloop
  endfacet
  facet normal 0.00019022 0.114927 -0.993374
    outer loop
      vertex 42.1605 -50.9991 31.856
      vertex 1.6734 -68.883 29.7792
      vertex 1.64207 -68.7265 29.7973
    endloop
  endfacet
  facet normal 0 0.115359 -0.993324
    outer loop
      vertex 41.7172 -50.3401 31.9326
      vertex 1.64207 -68.7265 29.7973
      vertex 3.28275 -50.3401 31.9326
    endloop
  endfacet
  facet normal 0 0.115314 -0.993329
    outer loop
      vertex 41.6192 -50.1426 31.9555
      vertex 3.38079 -50.1426 31.9555
      vertex 3.63566 -49.6292 32.0151
    endloop
  endfacet
  facet normal 0 0.115178 -0.993345
    outer loop
      vertex 41.7172 -50.3401 31.9326
      vertex 3.28275 -50.3401 31.9326
      vertex 3.38079 -50.1426 31.9555
    endloop
  endfacet
  facet normal -0.000178781 0.115375 -0.993322
    outer loop
      vertex 1.57059 -68.5174 29.8216
      vertex 3.28275 -50.3401 31.9326
      vertex 1.64207 -68.7265 29.7973
    endloop
  endfacet
  facet normal 0.000176625 0.115342 -0.993326
    outer loop
      vertex 3.28275 -50.3401 31.9326
      vertex 1.57059 -68.5174 29.8216
      vertex 2.83945 -50.9991 31.856
    endloop
  endfacet
  facet normal -1.02745e-05 0.115376 -0.993322
    outer loop
      vertex 42.6866 -51.595 31.7868
      vertex 1.7 -69.1636 29.7466
      vertex 1.68546 -68.9432 29.7722
    endloop
  endfacet
  facet normal -3.3092e-05 0.115431 -0.993315
    outer loop
      vertex 43.2866 -52.1176 31.7261
      vertex 1.6895 -69.3228 29.7281
      vertex 1.7 -69.1636 29.7466
    endloop
  endfacet
  facet normal 4.84106e-05 0.115237 -0.993338
    outer loop
      vertex 43.2866 -52.1176 31.7261
      vertex 1.68546 -69.384 29.721
      vertex 1.6895 -69.3228 29.7281
    endloop
  endfacet
  facet normal -6.82549e-05 0.115514 -0.993306
    outer loop
      vertex 43.2866 -52.1176 31.7261
      vertex 1.6734 -69.4442 29.714
      vertex 1.68546 -69.384 29.721
    endloop
  endfacet
  facet normal -0.000102915 0.115609 -0.993295
    outer loop
      vertex 43.95 -52.5579 31.675
      vertex 1.64207 -69.6006 29.6958
      vertex 1.6734 -69.4442 29.714
    endloop
  endfacet
  facet normal 0.000377461 0.114432 -0.993431
    outer loop
      vertex 43.95 -52.5579 31.675
      vertex 1.62222 -69.6587 29.6891
      vertex 1.64207 -69.6006 29.6958
    endloop
  endfacet
  facet normal 0.000145143 0.114999 -0.993366
    outer loop
      vertex 43.95 -52.5579 31.675
      vertex 1.57059 -69.8098 29.6716
      vertex 1.62222 -69.6587 29.6891
    endloop
  endfacet
  facet normal -0.000277858 0.116051 -0.993243
    outer loop
      vertex 44.6656 -52.9085 31.6343
      vertex 1.49956 -69.9529 29.6549
      vertex 1.57059 -69.8098 29.6716
    endloop
  endfacet
  facet normal -0.000113024 0.115639 -0.993291
    outer loop
      vertex 44.6656 -52.9085 31.6343
      vertex 1.47224 -70.0079 29.6485
      vertex 1.49956 -69.9529 29.6549
    endloop
  endfacet
  facet normal -6.65924e-06 0.115374 -0.993322
    outer loop
      vertex 45.4212 -53.1633 31.6047
      vertex 1.47224 -70.0079 29.6485
      vertex 44.6656 -52.9085 31.6343
    endloop
  endfacet
  facet normal -3.38093e-06 0.115366 -0.993323
    outer loop
      vertex 1.47224 -70.0079 29.6485
      vertex 45.4212 -53.1633 31.6047
      vertex 1.38302 -70.1405 29.6331
    endloop
  endfacet
  facet normal 0.000347454 0.114468 -0.993427
    outer loop
      vertex 1.38302 -70.1405 29.6331
      vertex 45.4212 -53.1633 31.6047
      vertex 1.3487 -70.1916 29.6272
    endloop
  endfacet
  facet normal -3.88596e-05 0.115454 -0.993313
    outer loop
      vertex 46.2038 -53.3179 31.5867
      vertex 1.3487 -70.1916 29.6272
      vertex 45.4212 -53.1633 31.6047
    endloop
  endfacet
  facet normal 0.000110533 0.115062 -0.993358
    outer loop
      vertex 1.3487 -70.1916 29.6272
      vertex 46.2038 -53.3179 31.5867
      vertex 1.24281 -70.3115 29.6133
    endloop
  endfacet
  facet normal -0.000569538 0.116838 -0.993151
    outer loop
      vertex 1.24281 -70.3115 29.6133
      vertex 46.2038 -53.3179 31.5867
      vertex 1.20208 -70.3576 29.6079
    endloop
  endfacet
  facet normal 7.32498e-06 0.115464 -0.993312
    outer loop
      vertex 110 -77.1309 28.8214
      vertex 0.901359 -70.5919 29.5807
      vertex 1.03489 -70.5033 29.591
    endloop
  endfacet
  facet normal -9.55344e-05 0.113771 -0.993507
    outer loop
      vertex 110 -77.1309 28.8214
      vertex 0.849999 -70.626 29.5768
      vertex 0.901359 -70.5919 29.5807
    endloop
  endfacet
  facet normal 2.93365e-05 0.115838 -0.993268
    outer loop
      vertex 110 -77.1309 28.8214
      vertex 0.650561 -70.7237 29.5654
      vertex 0.849999 -70.626 29.5768
    endloop
  endfacet
  facet normal -3.10629e-05 0.114821 -0.993386
    outer loop
      vertex 110 -77.1309 28.8214
      vertex 0.439992 -70.7947 29.5572
      vertex 0.650561 -70.7237 29.5654
    endloop
  endfacet
  facet normal 2.40222e-05 0.115761 -0.993277
    outer loop
      vertex 110 -77.1309 28.8214
      vertex 0.379409 -70.8067 29.5558
      vertex 0.439992 -70.7947 29.5572
    endloop
  endfacet
  facet normal -1.63975e-05 0.11507 -0.993357
    outer loop
      vertex 110 -77.1309 28.8214
      vertex 0.221894 -70.8378 29.5522
      vertex 0.379409 -70.8067 29.5558
    endloop
  endfacet
  facet normal -2.24526e-05 0.114966 -0.993369
    outer loop
      vertex 110 -77.1309 28.8214
      vertex 0.0616373 -70.8482 29.551
      vertex 0.221894 -70.8378 29.5522
    endloop
  endfacet
  facet normal 0.000267641 0.119973 -0.992777
    outer loop
      vertex 110 -77.1309 28.8214
      vertex 0 -70.8522 29.5505
      vertex 0.0616373 -70.8482 29.551
    endloop
  endfacet
  facet normal -0.545754 -0.790058 -0.279217
    outer loop
      vertex -0.849999 -70.626 29.5768
      vertex -1.03489 -70.5033 29.591
      vertex -0.901359 -70.5919 29.5807
    endloop
  endfacet
  facet normal -0.472565 -0.218818 -0.853699
    outer loop
      vertex -1.3487 -70.1916 29.6272
      vertex -1.47224 -70.0079 29.6485
      vertex -1.38302 -70.1405 29.6331
    endloop
  endfacet
  facet normal -0.629039 -0.390666 0.672079
    outer loop
      vertex -1.47224 -70.0079 29.6485
      vertex -1.57059 -69.8098 29.6716
      vertex -1.49956 -69.9529 29.6549
    endloop
  endfacet
  facet normal 0.968241 0.209785 -0.136015
    outer loop
      vertex -1.64207 -69.6006 29.6958
      vertex -1.68546 -69.384 29.721
      vertex -1.6734 -69.4442 29.714
    endloop
  endfacet
  facet normal -0.952815 -0.0962952 0.287872
    outer loop
      vertex -1.68546 -69.384 29.721
      vertex -1.7 -69.1636 29.7466
      vertex -1.6895 -69.3228 29.7281
    endloop
  endfacet
  facet normal -9.88359e-05 0.115342 -0.993326
    outer loop
      vertex -0.439992 -67.5325 29.936
      vertex -2.57504 -53.3323 31.5851
      vertex -2 -53.3697 31.5807
    endloop
  endfacet
  facet normal 0.000325824 0.115373 -0.993322
    outer loop
      vertex -1.68546 -68.9432 29.7722
      vertex -2.79621 -53.3179 31.5867
      vertex -2.57504 -53.3323 31.5851
    endloop
  endfacet
  facet normal 1.2903e-05 0.115378 -0.993322
    outer loop
      vertex -36.2866 -52.1176 31.7261
      vertex -1.7 -69.1636 29.7466
      vertex -1.68546 -69.384 29.721
    endloop
  endfacet
  facet normal -6.0449e-05 0.115346 -0.993325
    outer loop
      vertex -1.68546 -68.9432 29.7722
      vertex -3.5788 -53.1633 31.6047
      vertex -2.79621 -53.3179 31.5867
    endloop
  endfacet
  facet normal -1.42429e-05 0.115352 -0.993325
    outer loop
      vertex -1.68546 -68.9432 29.7722
      vertex -4.33437 -52.9085 31.6343
      vertex -3.5788 -53.1633 31.6047
    endloop
  endfacet
  facet normal 5.98258e-05 0.115364 -0.993323
    outer loop
      vertex -1.68546 -68.9432 29.7722
      vertex -4.53315 -52.8111 31.6456
      vertex -4.33437 -52.9085 31.6343
    endloop
  endfacet
  facet normal 7.97336e-06 0.115355 -0.993324
    outer loop
      vertex -1.68546 -68.9432 29.7722
      vertex -5.05 -52.5579 31.675
      vertex -4.53315 -52.8111 31.6456
    endloop
  endfacet
  facet normal 5.4379e-05 0.115364 -0.993323
    outer loop
      vertex -1.68546 -68.9432 29.7722
      vertex -5.71344 -52.1176 31.7261
      vertex -5.05 -52.5579 31.675
    endloop
  endfacet
  facet normal 0.000112342 0.115586 -0.993297
    outer loop
      vertex -36.95 -52.5579 31.675
      vertex -1.68546 -69.384 29.721
      vertex -1.64207 -69.6006 29.6958
    endloop
  endfacet
  facet normal -0.000289326 0.115283 -0.993333
    outer loop
      vertex -1.68546 -68.9432 29.7722
      vertex -5.88009 -51.9724 31.743
      vertex -5.71344 -52.1176 31.7261
    endloop
  endfacet
  facet normal 7.90014e-05 0.115373 -0.993322
    outer loop
      vertex -1.68546 -68.9432 29.7722
      vertex -6.31335 -51.595 31.7868
      vertex -5.88009 -51.9724 31.743
    endloop
  endfacet
  facet normal 0 0.115352 -0.993325
    outer loop
      vertex -1.68546 -68.9432 29.7722
      vertex -35.6866 -51.595 31.7868
      vertex -6.31335 -51.595 31.7868
    endloop
  endfacet
  facet normal 0 0.115395 -0.99332
    outer loop
      vertex -6.31335 -51.595 31.7868
      vertex -35.6866 -51.595 31.7868
      vertex -6.69331 -51.1646 31.8368
    endloop
  endfacet
  facet normal 0 0.115395 -0.99332
    outer loop
      vertex -35.3067 -51.1646 31.8368
      vertex -6.69331 -51.1646 31.8368
      vertex -35.6866 -51.595 31.7868
    endloop
  endfacet
  facet normal 0 0.115239 -0.993338
    outer loop
      vertex -6.69331 -51.1646 31.8368
      vertex -35.3067 -51.1646 31.8368
      vertex -6.83945 -50.9991 31.856
    endloop
  endfacet
  facet normal 0 0.115239 -0.993338
    outer loop
      vertex -35.1605 -50.9991 31.856
      vertex -6.83945 -50.9991 31.856
      vertex -35.3067 -51.1646 31.8368
    endloop
  endfacet
  facet normal 0 0.115459 -0.993312
    outer loop
      vertex -34.7172 -50.3401 31.9326
      vertex -7.28275 -50.3401 31.9326
      vertex -35.1605 -50.9991 31.856
    endloop
  endfacet
  facet normal 0 0.115178 -0.993345
    outer loop
      vertex -34.6192 -50.1426 31.9555
      vertex -7.38079 -50.1426 31.9555
      vertex -34.7172 -50.3401 31.9326
    endloop
  endfacet
  facet normal 0 0.115026 -0.993363
    outer loop
      vertex -34.0646 -48.6628 32.1273
      vertex -7.93539 -48.6628 32.1273
      vertex -7.89215 -48.8787 32.1023
    endloop
  endfacet
  facet normal 0 0.115293 -0.993331
    outer loop
      vertex -33.9 -47.3104 32.2844
      vertex -8.1 -47.3104 32.2844
      vertex -8.0855 -47.5301 32.2589
    endloop
  endfacet
  facet normal 0 0.115469 -0.993311
    outer loop
      vertex -33.9145 -47.5301 32.2589
      vertex -8.0855 -47.5301 32.2589
      vertex -8.04781 -48.1013 32.1925
    endloop
  endfacet
  facet normal 0 0.115355 -0.993324
    outer loop
      vertex -26.63 -7.82579 36.8697
      vertex -12.63 -7.82579 36.8697
      vertex -12.63 -21.2357 35.3124
    endloop
  endfacet
  facet normal 0 0.115352 -0.993325
    outer loop
      vertex -34.3643 11.9569 39.167
      vertex -12.63 -7.82579 36.8697
      vertex -26.63 -7.82579 36.8697
    endloop
  endfacet
  facet normal 0 0.115355 -0.993324
    outer loop
      vertex -26.63 -7.82579 36.8697
      vertex -12.63 -21.2357 35.3124
      vertex -26.63 -21.2357 35.3124
    endloop
  endfacet
  facet normal 0 0.115353 -0.993325
    outer loop
      vertex -8.1 -47.3104 32.2844
      vertex -26.63 -21.2357 35.3124
      vertex -12.63 -21.2357 35.3124
    endloop
  endfacet
  facet normal 0 0.115343 -0.993326
    outer loop
      vertex -7.93539 -48.6628 32.1273
      vertex -33.9522 -48.1013 32.1925
      vertex -8.04781 -48.1013 32.1925
    endloop
  endfacet
  facet normal 0 0.115314 -0.993329
    outer loop
      vertex -7.38079 -50.1426 31.9555
      vertex -34.6192 -50.1426 31.9555
      vertex -7.63566 -49.6292 32.0151
    endloop
  endfacet
  facet normal -0.00044538 0.114409 -0.993434
    outer loop
      vertex -37.6656 -52.9085 31.6343
      vertex -1.64207 -69.6006 29.6958
      vertex -1.62222 -69.6587 29.6891
    endloop
  endfacet
  facet normal -0.000171559 0.11499 -0.993367
    outer loop
      vertex -37.6656 -52.9085 31.6343
      vertex -1.62222 -69.6587 29.6891
      vertex -1.57059 -69.8098 29.6716
    endloop
  endfacet
  facet normal 0.00027836 0.115959 -0.993254
    outer loop
      vertex -38.4212 -53.1633 31.6047
      vertex -1.57059 -69.8098 29.6716
      vertex -1.47224 -70.0079 29.6485
    endloop
  endfacet
  facet normal 0 0.115296 -0.993331
    outer loop
      vertex -33.9522 -46.5195 32.3762
      vertex -8.1 -47.3104 32.2844
      vertex -33.9 -47.3104 32.2844
    endloop
  endfacet
  facet normal -0.000112269 0.115104 -0.993353
    outer loop
      vertex -39.2038 -53.3179 31.5867
      vertex -1.47224 -70.0079 29.6485
      vertex -1.3487 -70.1916 29.6272
    endloop
  endfacet
  facet normal -0.000139355 0.115037 -0.993361
    outer loop
      vertex -40 -53.3697 31.5807
      vertex -1.3487 -70.1916 29.6272
      vertex -1.24281 -70.3115 29.6133
    endloop
  endfacet
  facet normal 0.000714134 0.116964 -0.993136
    outer loop
      vertex -40 -53.3697 31.5807
      vertex -1.24281 -70.3115 29.6133
      vertex -1.20208 -70.3576 29.6079
    endloop
  endfacet
  facet normal -6.70309e-05 0.1152 -0.993342
    outer loop
      vertex -40.7962 -53.3179 31.5867
      vertex -1.20208 -70.3576 29.6079
      vertex -1.15564 -70.3981 29.6032
    endloop
  endfacet
  facet normal -0.000134675 0.115045 -0.99336
    outer loop
      vertex -40.7962 -53.3179 31.5867
      vertex -1.15564 -70.3981 29.6032
      vertex -1.03489 -70.5033 29.591
    endloop
  endfacet
  facet normal 0 0.115293 -0.993331
    outer loop
      vertex -8.0855 -47.5301 32.2589
      vertex -33.9145 -47.5301 32.2589
      vertex -33.9 -47.3104 32.2844
    endloop
  endfacet
  facet normal 0 0.115469 -0.993311
    outer loop
      vertex -8.04781 -48.1013 32.1925
      vertex -33.9522 -48.1013 32.1925
      vertex -33.9145 -47.5301 32.2589
    endloop
  endfacet
  facet normal 0 0.115343 -0.993326
    outer loop
      vertex -7.93539 -48.6628 32.1273
      vertex -34.0646 -48.6628 32.1273
      vertex -33.9522 -48.1013 32.1925
    endloop
  endfacet
  facet normal 2.16431e-05 0.114994 -0.993366
    outer loop
      vertex -110 -77.1309 28.8214
      vertex -1.03489 -70.5033 29.591
      vertex -0.849999 -70.626 29.5768
    endloop
  endfacet
  facet normal 0 0.115026 -0.993363
    outer loop
      vertex -7.89215 -48.8787 32.1023
      vertex -34.1079 -48.8787 32.1023
      vertex -34.0646 -48.6628 32.1273
    endloop
  endfacet
  facet normal 0 0.115763 -0.993277
    outer loop
      vertex -7.89215 -48.8787 32.1023
      vertex -34.1791 -49.0872 32.078
      vertex -34.1079 -48.8787 32.1023
    endloop
  endfacet
  facet normal 0 0.115763 -0.993277
    outer loop
      vertex -7.8209 -49.0872 32.078
      vertex -34.1791 -49.0872 32.078
      vertex -7.89215 -48.8787 32.1023
    endloop
  endfacet
  facet normal 0 0.115278 -0.993333
    outer loop
      vertex -34.1791 -49.0872 32.078
      vertex -7.8209 -49.0872 32.078
      vertex -34.3643 -49.6292 32.0151
    endloop
  endfacet
  facet normal 0 0.115278 -0.993333
    outer loop
      vertex -7.63566 -49.6292 32.0151
      vertex -34.3643 -49.6292 32.0151
      vertex -7.8209 -49.0872 32.078
    endloop
  endfacet
  facet normal 0 0.115314 -0.993329
    outer loop
      vertex -34.3643 -49.6292 32.0151
      vertex -7.63566 -49.6292 32.0151
      vertex -34.6192 -50.1426 31.9555
    endloop
  endfacet
  facet normal 0 0.115178 -0.993345
    outer loop
      vertex -7.28275 -50.3401 31.9326
      vertex -34.7172 -50.3401 31.9326
      vertex -7.38079 -50.1426 31.9555
    endloop
  endfacet
  facet normal 0 0.115459 -0.993312
    outer loop
      vertex -6.83945 -50.9991 31.856
      vertex -35.1605 -50.9991 31.856
      vertex -7.28275 -50.3401 31.9326
    endloop
  endfacet
  facet normal -2.24001e-05 0.115309 -0.99333
    outer loop
      vertex -1.68546 -68.9432 29.7722
      vertex -36.1199 -51.9724 31.743
      vertex -35.6866 -51.595 31.7868
    endloop
  endfacet
  facet normal 8.26118e-05 0.115517 -0.993305
    outer loop
      vertex -1.7 -69.1636 29.7466
      vertex -36.2866 -52.1176 31.7261
      vertex -36.1199 -51.9724 31.743
    endloop
  endfacet
  facet normal -1.98183e-05 0.115313 -0.993329
    outer loop
      vertex -1.68546 -69.384 29.721
      vertex -36.95 -52.5579 31.675
      vertex -36.2866 -52.1176 31.7261
    endloop
  endfacet
  facet normal -4.36897e-06 0.115348 -0.993325
    outer loop
      vertex -1.64207 -69.6006 29.6958
      vertex -37.4668 -52.8111 31.6456
      vertex -36.95 -52.5579 31.675
    endloop
  endfacet
  facet normal -2.93365e-05 0.115838 -0.993268
    outer loop
      vertex -110 -77.1309 28.8214
      vertex -0.849999 -70.626 29.5768
      vertex -0.650561 -70.7237 29.5654
    endloop
  endfacet
  facet normal -2.7524e-05 0.115299 -0.993331
    outer loop
      vertex -1.64207 -69.6006 29.6958
      vertex -37.6656 -52.9085 31.6343
      vertex -37.4668 -52.8111 31.6456
    endloop
  endfacet
  facet normal 8.25311e-06 0.115369 -0.993323
    outer loop
      vertex -1.57059 -69.8098 29.6716
      vertex -38.4212 -53.1633 31.6047
      vertex -37.6656 -52.9085 31.6343
    endloop
  endfacet
  facet normal 4.07043e-05 0.115445 -0.993314
    outer loop
      vertex -1.47224 -70.0079 29.6485
      vertex -39.2038 -53.3179 31.5867
      vertex -38.4212 -53.1633 31.6047
    endloop
  endfacet
  facet normal -0.000283065 0.114726 -0.993397
    outer loop
      vertex -1.3487 -70.1916 29.6272
      vertex -39.425 -53.3323 31.5851
      vertex -39.2038 -53.3179 31.5867
    endloop
  endfacet
  facet normal 8.53613e-05 0.115547 -0.993302
    outer loop
      vertex -1.3487 -70.1916 29.6272
      vertex -40 -53.3697 31.5807
      vertex -39.425 -53.3323 31.5851
    endloop
  endfacet
  facet normal -0.000115142 0.115095 -0.993354
    outer loop
      vertex -1.20208 -70.3576 29.6079
      vertex -40.575 -53.3323 31.5851
      vertex -40 -53.3697 31.5807
    endloop
  endfacet
  facet normal 0.000382259 0.11623 -0.993222
    outer loop
      vertex -1.20208 -70.3576 29.6079
      vertex -40.7962 -53.3179 31.5867
      vertex -40.575 -53.3323 31.5851
    endloop
  endfacet
  facet normal 0 0.115352 -0.993325
    outer loop
      vertex -1.03489 -70.5033 29.591
      vertex -101.965 -70.5033 29.591
      vertex -40.7962 -53.3179 31.5867
    endloop
  endfacet
  facet normal 6.51724e-05 0.115124 -0.993351
    outer loop
      vertex -101.844 -70.3981 29.6032
      vertex -40.7962 -53.3179 31.5867
      vertex -101.965 -70.5033 29.591
    endloop
  endfacet
  facet normal 0 0.115026 -0.993363
    outer loop
      vertex -72.0646 -48.6628 32.1273
      vertex -45.9354 -48.6628 32.1273
      vertex -45.8921 -48.8787 32.1023
    endloop
  endfacet
  facet normal 0 0.115293 -0.993331
    outer loop
      vertex -71.9 -47.3104 32.2844
      vertex -46.1 -47.3104 32.2844
      vertex -46.0855 -47.5301 32.2589
    endloop
  endfacet
  facet normal 0 0.115469 -0.993311
    outer loop
      vertex -71.9145 -47.5301 32.2589
      vertex -46.0855 -47.5301 32.2589
      vertex -46.0478 -48.1013 32.1925
    endloop
  endfacet
  facet normal 0 0.115355 -0.993324
    outer loop
      vertex -64.63 -7.82579 36.8697
      vertex -50.63 -7.82579 36.8697
      vertex -50.63 -21.2357 35.3124
    endloop
  endfacet
  facet normal 0 0.115293 -0.993331
    outer loop
      vertex -71.9145 14.4954 39.4618
      vertex -46.0855 14.4954 39.4618
      vertex -71.9 14.2757 39.4363
    endloop
  endfacet
  facet normal 0 0.115355 -0.993324
    outer loop
      vertex -64.63 -7.82579 36.8697
      vertex -50.63 -21.2357 35.3124
      vertex -64.63 -21.2357 35.3124
    endloop
  endfacet
  facet normal 0 0.115355 -0.993324
    outer loop
      vertex -44.8395 -43.6218 32.7127
      vertex -64.63 -21.2357 35.3124
      vertex -50.63 -21.2357 35.3124
    endloop
  endfacet
  facet normal 0 0.115343 -0.993326
    outer loop
      vertex -45.9354 -48.6628 32.1273
      vertex -71.9522 -48.1013 32.1925
      vertex -46.0478 -48.1013 32.1925
    endloop
  endfacet
  facet normal 0 0.115763 -0.993277
    outer loop
      vertex -72.1078 -48.8787 32.1023
      vertex -45.8921 -48.8787 32.1023
      vertex -45.8209 -49.0872 32.078
    endloop
  endfacet
  facet normal 0 0.115278 -0.993333
    outer loop
      vertex -72.1791 -49.0872 32.078
      vertex -45.8209 -49.0872 32.078
      vertex -45.6357 -49.6292 32.0151
    endloop
  endfacet
  facet normal 0 0.115314 -0.993329
    outer loop
      vertex -72.3643 -49.6292 32.0151
      vertex -45.6357 -49.6292 32.0151
      vertex -45.3808 -50.1426 31.9555
    endloop
  endfacet
  facet normal 0 0.115178 -0.993345
    outer loop
      vertex -72.6192 -50.1426 31.9555
      vertex -45.3808 -50.1426 31.9555
      vertex -45.2828 -50.3401 31.9326
    endloop
  endfacet
  facet normal 0 0.11548 -0.99331
    outer loop
      vertex -72.1078 -45.7422 32.4665
      vertex -45.8921 -45.7422 32.4665
      vertex -72.0646 -45.9581 32.4414
    endloop
  endfacet
  facet normal 0 0.115459 -0.993312
    outer loop
      vertex -72.7172 -50.3401 31.9326
      vertex -45.2828 -50.3401 31.9326
      vertex -44.8395 -50.9991 31.856
    endloop
  endfacet
  facet normal 0 0.115239 -0.993338
    outer loop
      vertex -73.1605 -50.9991 31.856
      vertex -44.8395 -50.9991 31.856
      vertex -44.6933 -51.1646 31.8368
    endloop
  endfacet
  facet normal 0 0.115395 -0.99332
    outer loop
      vertex -73.3067 -51.1646 31.8368
      vertex -44.6933 -51.1646 31.8368
      vertex -44.3134 -51.595 31.7868
    endloop
  endfacet
  facet normal 0 0.115283 -0.993333
    outer loop
      vertex -73.6866 -51.595 31.7868
      vertex -44.3134 -51.595 31.7868
      vertex -43.8801 -51.9724 31.743
    endloop
  endfacet
  facet normal 0 0.115611 -0.993295
    outer loop
      vertex -74.1199 -51.9724 31.743
      vertex -43.8801 -51.9724 31.743
      vertex -43.7134 -52.1176 31.7261
    endloop
  endfacet
  facet normal 0 0.115283 -0.993333
    outer loop
      vertex -74.2866 -52.1176 31.7261
      vertex -43.7134 -52.1176 31.7261
      vertex -43.05 -52.5579 31.675
    endloop
  endfacet
  facet normal 0 0.115339 -0.993326
    outer loop
      vertex -74.95 -52.5579 31.675
      vertex -43.05 -52.5579 31.675
      vertex -42.5332 -52.8111 31.6456
    endloop
  endfacet
  facet normal 0 0.115243 -0.993337
    outer loop
      vertex -75.4668 -52.8111 31.6456
      vertex -42.5332 -52.8111 31.6456
      vertex -42.3344 -52.9085 31.6343
    endloop
  endfacet
  facet normal 3.2278e-05 0.11524 -0.993338
    outer loop
      vertex -101.798 -70.3576 29.6079
      vertex -40.7962 -53.3179 31.5867
      vertex -101.844 -70.3981 29.6032
    endloop
  endfacet
  facet normal 3.10629e-05 0.114821 -0.993386
    outer loop
      vertex -110 -77.1309 28.8214
      vertex -0.650561 -70.7237 29.5654
      vertex -0.439992 -70.7947 29.5572
    endloop
  endfacet
  facet normal 0 0.115293 -0.993331
    outer loop
      vertex -46.0855 -47.5301 32.2589
      vertex -71.9145 -47.5301 32.2589
      vertex -71.9 -47.3104 32.2844
    endloop
  endfacet
  facet normal 0 0.115469 -0.993311
    outer loop
      vertex -46.0478 -48.1013 32.1925
      vertex -71.9522 -48.1013 32.1925
      vertex -71.9145 -47.5301 32.2589
    endloop
  endfacet
  facet normal 0 0.115343 -0.993326
    outer loop
      vertex -45.9354 -48.6628 32.1273
      vertex -72.0646 -48.6628 32.1273
      vertex -71.9522 -48.1013 32.1925
    endloop
  endfacet
  facet normal 0 0.115026 -0.993363
    outer loop
      vertex -45.8921 -48.8787 32.1023
      vertex -72.1078 -48.8787 32.1023
      vertex -72.0646 -48.6628 32.1273
    endloop
  endfacet
  facet normal 0 0.115763 -0.993277
    outer loop
      vertex -45.8209 -49.0872 32.078
      vertex -72.1791 -49.0872 32.078
      vertex -72.1078 -48.8787 32.1023
    endloop
  endfacet
  facet normal 0 0.115278 -0.993333
    outer loop
      vertex -45.6357 -49.6292 32.0151
      vertex -72.3643 -49.6292 32.0151
      vertex -72.1791 -49.0872 32.078
    endloop
  endfacet
  facet normal 0 0.115314 -0.993329
    outer loop
      vertex -45.3808 -50.1426 31.9555
      vertex -72.6192 -50.1426 31.9555
      vertex -72.3643 -49.6292 32.0151
    endloop
  endfacet
  facet normal 0 0.115178 -0.993345
    outer loop
      vertex -45.2828 -50.3401 31.9326
      vertex -72.7172 -50.3401 31.9326
      vertex -72.6192 -50.1426 31.9555
    endloop
  endfacet
  facet normal 0 0.115459 -0.993312
    outer loop
      vertex -44.8395 -50.9991 31.856
      vertex -73.1605 -50.9991 31.856
      vertex -72.7172 -50.3401 31.9326
    endloop
  endfacet
  facet normal 0 0.115239 -0.993338
    outer loop
      vertex -44.6933 -51.1646 31.8368
      vertex -73.3067 -51.1646 31.8368
      vertex -73.1605 -50.9991 31.856
    endloop
  endfacet
  facet normal 0 0.115395 -0.99332
    outer loop
      vertex -44.3134 -51.595 31.7868
      vertex -73.6866 -51.595 31.7868
      vertex -73.3067 -51.1646 31.8368
    endloop
  endfacet
  facet normal 0 0.115283 -0.993333
    outer loop
      vertex -43.8801 -51.9724 31.743
      vertex -74.1199 -51.9724 31.743
      vertex -73.6866 -51.595 31.7868
    endloop
  endfacet
  facet normal 0 0.115611 -0.993295
    outer loop
      vertex -43.7134 -52.1176 31.7261
      vertex -74.2866 -52.1176 31.7261
      vertex -74.1199 -51.9724 31.743
    endloop
  endfacet
  facet normal 0 0.115283 -0.993333
    outer loop
      vertex -43.05 -52.5579 31.675
      vertex -74.95 -52.5579 31.675
      vertex -74.2866 -52.1176 31.7261
    endloop
  endfacet
  facet normal 0 0.115339 -0.993326
    outer loop
      vertex -42.5332 -52.8111 31.6456
      vertex -75.4668 -52.8111 31.6456
      vertex -74.95 -52.5579 31.675
    endloop
  endfacet
  facet normal 0 0.115243 -0.993337
    outer loop
      vertex -42.3344 -52.9085 31.6343
      vertex -75.6656 -52.9085 31.6343
      vertex -75.4668 -52.8111 31.6456
    endloop
  endfacet
  facet normal 7.5248e-05 0.115093 -0.993355
    outer loop
      vertex -101.651 -70.1916 29.6272
      vertex -41.5788 -53.1633 31.6047
      vertex -101.757 -70.3115 29.6133
    endloop
  endfacet
  facet normal 0 0.115355 -0.993324
    outer loop
      vertex -76.4212 -53.1633 31.6047
      vertex -41.5788 -53.1633 31.6047
      vertex -101.651 -70.1916 29.6272
    endloop
  endfacet
  facet normal 0 0.115394 -0.99332
    outer loop
      vertex -42.3344 -52.9085 31.6343
      vertex -76.4212 -53.1633 31.6047
      vertex -75.6656 -52.9085 31.6343
    endloop
  endfacet
  facet normal 0 0.115394 -0.99332
    outer loop
      vertex -41.5788 -53.1633 31.6047
      vertex -76.4212 -53.1633 31.6047
      vertex -42.3344 -52.9085 31.6343
    endloop
  endfacet
  facet normal 0.000815827 0.114162 -0.993462
    outer loop
      vertex -101.617 -70.1405 29.6331
      vertex -76.4212 -53.1633 31.6047
      vertex -101.651 -70.1916 29.6272
    endloop
  endfacet
  facet normal -0.000245322 0.115707 -0.993283
    outer loop
      vertex -101.5 -69.9529 29.6549
      vertex -77.2038 -53.3179 31.5867
      vertex -101.528 -70.0079 29.6485
    endloop
  endfacet
  facet normal -0.000590094 0.116204 -0.993225
    outer loop
      vertex -101.429 -69.8098 29.6716
      vertex -77.2038 -53.3179 31.5867
      vertex -101.5 -69.9529 29.6549
    endloop
  endfacet
  facet normal -0.000368142 0.115772 -0.993276
    outer loop
      vertex -101.617 -68.1866 29.8601
      vertex -82.3134 -51.595 31.7868
      vertex -101.528 -68.3193 29.8446
    endloop
  endfacet
  facet normal -2.16037e-05 0.115376 -0.993322
    outer loop
      vertex -82.3134 -51.595 31.7868
      vertex -101.651 -68.1356 29.866
      vertex -82.6933 -51.1646 31.8368
    endloop
  endfacet
  facet normal 5.64261e-05 0.115288 -0.993332
    outer loop
      vertex -82.6933 -51.1646 31.8368
      vertex -101.798 -67.9695 29.8853
      vertex -82.8395 -50.9991 31.856
    endloop
  endfacet
  facet normal -0.000265421 0.115649 -0.99329
    outer loop
      vertex -101.798 -67.9695 29.8853
      vertex -82.6933 -51.1646 31.8368
      vertex -101.692 -68.0895 29.8713
    endloop
  endfacet
  facet normal 0.000682196 0.114636 -0.993407
    outer loop
      vertex -102.016 -67.7898 29.9061
      vertex -83.2828 -50.3401 31.9326
      vertex -101.965 -67.8239 29.9022
    endloop
  endfacet
  facet normal 9.96557e-06 0.115355 -0.993324
    outer loop
      vertex -101.311 69.7427 45.8776
      vertex -88.63 40.3504 42.4644
      vertex -88.63 -7.82579 36.8697
    endloop
  endfacet
  facet normal -4.57177e-05 0.115407 -0.993318
    outer loop
      vertex -102.15 -67.7012 29.9164
      vertex -83.2828 -50.3401 31.9326
      vertex -102.016 -67.7898 29.9061
    endloop
  endfacet
  facet normal -9.18676e-05 0.115454 -0.993313
    outer loop
      vertex -101.965 -67.8239 29.9022
      vertex -82.8395 -50.9991 31.856
      vertex -101.919 -67.8643 29.8975
    endloop
  endfacet
  facet normal 0.000574347 0.114719 -0.993398
    outer loop
      vertex -101.692 -68.0895 29.8713
      vertex -82.6933 -51.1646 31.8368
      vertex -101.651 -68.1356 29.866
    endloop
  endfacet
  facet normal 0.000238147 0.115076 -0.993357
    outer loop
      vertex -101.651 -68.1356 29.866
      vertex -82.3134 -51.595 31.7868
      vertex -101.617 -68.1866 29.8601
    endloop
  endfacet
  facet normal 3.16493e-05 0.115319 -0.993328
    outer loop
      vertex -81.8801 -51.9724 31.743
      vertex -101.528 -68.3193 29.8446
      vertex -82.3134 -51.595 31.7868
    endloop
  endfacet
  facet normal -0.000109506 0.115487 -0.993309
    outer loop
      vertex -81.7134 -52.1176 31.7261
      vertex -101.528 -68.3193 29.8446
      vertex -81.8801 -51.9724 31.743
    endloop
  endfacet
  facet normal 1.54589e-05 0.115336 -0.993327
    outer loop
      vertex -101.528 -68.3193 29.8446
      vertex -81.7134 -52.1176 31.7261
      vertex -101.429 -68.5174 29.8216
    endloop
  endfacet
  facet normal 2.64867e-05 0.115323 -0.993328
    outer loop
      vertex -81.05 -52.5579 31.675
      vertex -101.429 -68.5174 29.8216
      vertex -81.7134 -52.1176 31.7261
    endloop
  endfacet
  facet normal -4.97011e-05 0.115419 -0.993317
    outer loop
      vertex -101.429 -68.5174 29.8216
      vertex -81.05 -52.5579 31.675
      vertex -101.358 -68.7265 29.7973
    endloop
  endfacet
  facet normal 5.65179e-06 0.11535 -0.993325
    outer loop
      vertex -80.5332 -52.8111 31.6456
      vertex -101.358 -68.7265 29.7973
      vertex -81.05 -52.5579 31.675
    endloop
  endfacet
  facet normal 0.000315079 0.114951 -0.993371
    outer loop
      vertex -101.358 -68.7265 29.7973
      vertex -80.5332 -52.8111 31.6456
      vertex -101.327 -68.883 29.7792
    endloop
  endfacet
  facet normal -0.0001004 0.115481 -0.99331
    outer loop
      vertex -101.327 -68.883 29.7792
      vertex -80.5332 -52.8111 31.6456
      vertex -101.315 -68.9432 29.7722
    endloop
  endfacet
  facet normal 3.35015e-05 0.115311 -0.993329
    outer loop
      vertex -80.3344 -52.9085 31.6343
      vertex -101.315 -68.9432 29.7722
      vertex -80.5332 -52.8111 31.6456
    endloop
  endfacet
  facet normal -1.66376e-05 0.115376 -0.993322
    outer loop
      vertex -101.315 -68.9432 29.7722
      vertex -80.3344 -52.9085 31.6343
      vertex -101.3 -69.1636 29.7466
    endloop
  endfacet
  facet normal -9.29952e-06 0.115366 -0.993323
    outer loop
      vertex -79.5788 -53.1633 31.6047
      vertex -101.3 -69.1636 29.7466
      vertex -80.3344 -52.9085 31.6343
    endloop
  endfacet
  facet normal -0.000358388 0.115868 -0.993265
    outer loop
      vertex -77.2038 -53.3179 31.5867
      vertex -101.429 -69.8098 29.6716
      vertex -77.425 -53.3323 31.5851
    endloop
  endfacet
  facet normal -2.40222e-05 0.115761 -0.993277
    outer loop
      vertex -110 -77.1309 28.8214
      vertex -0.439992 -70.7947 29.5572
      vertex -0.379409 -70.8067 29.5558
    endloop
  endfacet
  facet normal 1.63975e-05 0.11507 -0.993357
    outer loop
      vertex -110 -77.1309 28.8214
      vertex -0.379409 -70.8067 29.5558
      vertex -0.221894 -70.8378 29.5522
    endloop
  endfacet
  facet normal 2.24526e-05 0.114966 -0.993369
    outer loop
      vertex -110 -77.1309 28.8214
      vertex -0.221894 -70.8378 29.5522
      vertex -0.0616373 -70.8482 29.551
    endloop
  endfacet
  facet normal -0.000267641 0.119973 -0.992777
    outer loop
      vertex -110 -77.1309 28.8214
      vertex -0.0616373 -70.8482 29.551
      vertex 0 -70.8522 29.5505
    endloop
  endfacet
  facet normal 0 0.115348 -0.993325
    outer loop
      vertex -110 -77.1309 28.8214
      vertex 0 -70.8522 29.5505
      vertex 110 -77.1309 28.8214
    endloop
  endfacet
  facet normal -5.93293e-05 0.115433 -0.993315
    outer loop
      vertex -79.5788 -53.1633 31.6047
      vertex -101.311 -69.3228 29.7281
      vertex -101.3 -69.1636 29.7466
    endloop
  endfacet
  facet normal 9.06458e-05 0.115234 -0.993338
    outer loop
      vertex -79.5788 -53.1633 31.6047
      vertex -101.315 -69.384 29.721
      vertex -101.311 -69.3228 29.7281
    endloop
  endfacet
  facet normal -4.65626e-05 0.115416 -0.993317
    outer loop
      vertex -78.7962 -53.3179 31.5867
      vertex -101.315 -69.384 29.721
      vertex -79.5788 -53.1633 31.6047
    endloop
  endfacet
  facet normal -0.000126047 0.115526 -0.993304
    outer loop
      vertex -101.315 -69.384 29.721
      vertex -78.7962 -53.3179 31.5867
      vertex -101.327 -69.4442 29.714
    endloop
  endfacet
  facet normal -0.000199841 0.115627 -0.993293
    outer loop
      vertex -101.327 -69.4442 29.714
      vertex -78.7962 -53.3179 31.5867
      vertex -101.358 -69.6006 29.6958
    endloop
  endfacet
  facet normal 0.000297671 0.114947 -0.993372
    outer loop
      vertex -78.575 -53.3323 31.5851
      vertex -101.358 -69.6006 29.6958
      vertex -78.7962 -53.3179 31.5867
    endloop
  endfacet
  facet normal -8.9605e-05 0.115482 -0.99331
    outer loop
      vertex -78 -53.3697 31.5807
      vertex -101.358 -69.6006 29.6958
      vertex -78.575 -53.3323 31.5851
    endloop
  endfacet
  facet normal 0.000736711 0.114309 -0.993445
    outer loop
      vertex -101.358 -69.6006 29.6958
      vertex -78 -53.3697 31.5807
      vertex -101.378 -69.6587 29.6891
    endloop
  endfacet
  facet normal 0.000280641 0.114955 -0.993371
    outer loop
      vertex -101.378 -69.6587 29.6891
      vertex -78 -53.3697 31.5807
      vertex -101.429 -69.8098 29.6716
    endloop
  endfacet
  facet normal 0.000108417 0.115197 -0.993343
    outer loop
      vertex -77.425 -53.3323 31.5851
      vertex -101.429 -69.8098 29.6716
      vertex -78 -53.3697 31.5807
    endloop
  endfacet
  facet normal 8.26917e-05 0.115235 -0.993338
    outer loop
      vertex -76.4212 -53.1633 31.6047
      vertex -101.528 -70.0079 29.6485
      vertex -77.2038 -53.3179 31.5867
    endloop
  endfacet
  facet normal -7.99004e-06 0.115369 -0.993323
    outer loop
      vertex -101.528 -70.0079 29.6485
      vertex -76.4212 -53.1633 31.6047
      vertex -101.617 -70.1405 29.6331
    endloop
  endfacet
  facet normal -0.000382059 0.116676 -0.99317
    outer loop
      vertex -101.757 -70.3115 29.6133
      vertex -41.5788 -53.1633 31.6047
      vertex -101.798 -70.3576 29.6079
    endloop
  endfacet
  facet normal -3.4561e-05 0.115476 -0.99331
    outer loop
      vertex -40.7962 -53.3179 31.5867
      vertex -101.798 -70.3576 29.6079
      vertex -41.5788 -53.1633 31.6047
    endloop
  endfacet
  facet normal 0 0.115345 -0.993325
    outer loop
      vertex -1.03489 -70.5033 29.591
      vertex -110 -77.1309 28.8214
      vertex -101.965 -70.5033 29.591
    endloop
  endfacet
  facet normal 0.000438179 0.114821 -0.993386
    outer loop
      vertex -101.965 -70.5033 29.591
      vertex -110 -77.1309 28.8214
      vertex -102.099 -70.5919 29.5807
    endloop
  endfacet
  facet normal -0.00604205 0.122542 -0.992445
    outer loop
      vertex -102.099 -70.5919 29.5807
      vertex -110 -77.1309 28.8214
      vertex -102.15 -70.626 29.5768
    endloop
  endfacet
  facet normal 0.000665278 0.11456 -0.993416
    outer loop
      vertex -102.15 -70.626 29.5768
      vertex -110 -77.1309 28.8214
      vertex -102.349 -70.7237 29.5654
    endloop
  endfacet
  facet normal -0.00035 0.115757 -0.993278
    outer loop
      vertex -102.349 -70.7237 29.5654
      vertex -110 -77.1309 28.8214
      vertex -102.56 -70.7947 29.5572
    endloop
  endfacet
  facet normal 0.00013729 0.115192 -0.993343
    outer loop
      vertex -102.56 -70.7947 29.5572
      vertex -110 -77.1309 28.8214
      vertex -102.621 -70.8067 29.5558
    endloop
  endfacet
  facet normal -9.46194e-05 0.115459 -0.993312
    outer loop
      vertex -102.621 -70.8067 29.5558
      vertex -110 -77.1309 28.8214
      vertex -102.778 -70.8378 29.5522
    endloop
  endfacet
  facet normal -5.18093e-05 0.115411 -0.993318
    outer loop
      vertex -102.778 -70.8378 29.5522
      vertex -110 -77.1309 28.8214
      vertex -102.938 -70.8482 29.551
    endloop
  endfacet
  facet normal 0.000715571 0.114685 -0.993402
    outer loop
      vertex -110 -77.1309 28.8214
      vertex -103.901 -70.5919 29.5807
      vertex -103.85 -70.626 29.5768
    endloop
  endfacet
  facet normal 0.000443974 0.114989 -0.993367
    outer loop
      vertex -110 -77.1309 28.8214
      vertex -104.383 -70.1405 29.6331
      vertex -104.349 -70.1916 29.6272
    endloop
  endfacet
  facet normal 0.000287903 0.115144 -0.993349
    outer loop
      vertex -110 -77.1309 28.8214
      vertex -104.622 -69.6587 29.6891
      vertex -104.571 -69.8098 29.6716
    endloop
  endfacet
  facet normal -0.000533868 0.11502 -0.993363
    outer loop
      vertex -104.685 69.6814 45.8705
      vertex -110 77.8691 46.8214
      vertex -104.689 69.7427 45.8776
    endloop
  endfacet
  facet normal -0.000110071 0.115422 -0.993317
    outer loop
      vertex -104.689 -69.3228 29.7281
      vertex -110 -77.1309 28.8214
      vertex -104.7 -69.1636 29.7466
    endloop
  endfacet
  facet normal 0.000146464 0.11525 -0.993337
    outer loop
      vertex -104.685 -69.384 29.721
      vertex -110 -77.1309 28.8214
      vertex -104.689 -69.3228 29.7281
    endloop
  endfacet
  facet normal -0.000174113 0.115467 -0.993311
    outer loop
      vertex -104.673 -69.4442 29.714
      vertex -110 -77.1309 28.8214
      vertex -104.685 -69.384 29.721
    endloop
  endfacet
  facet normal -0.000273767 0.115535 -0.993303
    outer loop
      vertex -104.642 -69.6006 29.6958
      vertex -110 -77.1309 28.8214
      vertex -104.673 -69.4442 29.714
    endloop
  endfacet
  facet normal 0.000751923 0.114815 -0.993387
    outer loop
      vertex -104.622 -69.6587 29.6891
      vertex -110 -77.1309 28.8214
      vertex -104.642 -69.6006 29.6958
    endloop
  endfacet
  facet normal -0.000458653 0.11569 -0.993285
    outer loop
      vertex -104.5 -69.9529 29.6549
      vertex -110 -77.1309 28.8214
      vertex -104.571 -69.8098 29.6716
    endloop
  endfacet
  facet normal -0.000190777 0.115488 -0.993309
    outer loop
      vertex -104.472 -70.0079 29.6485
      vertex -110 -77.1309 28.8214
      vertex -104.5 -69.9529 29.6549
    endloop
  endfacet
  facet normal -1.50711e-05 0.115353 -0.993325
    outer loop
      vertex -104.383 -70.1405 29.6331
      vertex -110 -77.1309 28.8214
      vertex -104.472 -70.0079 29.6485
    endloop
  endfacet
  facet normal 0.000111873 0.115256 -0.993336
    outer loop
      vertex -104.243 -70.3115 29.6133
      vertex -110 -77.1309 28.8214
      vertex -104.349 -70.1916 29.6272
    endloop
  endfacet
  facet normal -0.000579876 0.115832 -0.993269
    outer loop
      vertex -104.202 -70.3576 29.6079
      vertex -110 -77.1309 28.8214
      vertex -104.243 -70.3115 29.6133
    endloop
  endfacet
  facet normal 3.4069e-05 0.115314 -0.993329
    outer loop
      vertex -104.156 -70.3981 29.6032
      vertex -110 -77.1309 28.8214
      vertex -104.202 -70.3576 29.6079
    endloop
  endfacet
  facet normal 7.31037e-05 0.11528 -0.993333
    outer loop
      vertex -104.035 -70.5033 29.591
      vertex -110 -77.1309 28.8214
      vertex -104.156 -70.3981 29.6032
    endloop
  endfacet
  facet normal -5.44974e-05 0.115394 -0.99332
    outer loop
      vertex -103.901 -70.5919 29.5807
      vertex -110 -77.1309 28.8214
      vertex -104.035 -70.5033 29.591
    endloop
  endfacet
  facet normal -0.000185147 0.115525 -0.993305
    outer loop
      vertex -103.651 -70.7237 29.5654
      vertex -110 -77.1309 28.8214
      vertex -103.85 -70.626 29.5768
    endloop
  endfacet
  facet normal 0.000157022 0.115191 -0.993343
    outer loop
      vertex -103.44 -70.7947 29.5572
      vertex -110 -77.1309 28.8214
      vertex -103.651 -70.7237 29.5654
    endloop
  endfacet
  facet normal -8.77104e-05 0.115441 -0.993314
    outer loop
      vertex -103.379 -70.8067 29.5558
      vertex -110 -77.1309 28.8214
      vertex -103.44 -70.7947 29.5572
    endloop
  endfacet
  facet normal 6.02556e-05 0.115288 -0.993332
    outer loop
      vertex -103.222 -70.8378 29.5522
      vertex -110 -77.1309 28.8214
      vertex -103.379 -70.8067 29.5558
    endloop
  endfacet
  facet normal 4.48083e-05 0.115304 -0.99333
    outer loop
      vertex -103.062 -70.8482 29.551
      vertex -110 -77.1309 28.8214
      vertex -103.222 -70.8378 29.5522
    endloop
  endfacet
  facet normal -0.000530692 0.115931 -0.993257
    outer loop
      vertex -103 -70.8522 29.5505
      vertex -110 -77.1309 28.8214
      vertex -103.062 -70.8482 29.551
    endloop
  endfacet
  facet normal 0.000613041 0.114673 -0.993403
    outer loop
      vertex -102.938 -70.8482 29.551
      vertex -110 -77.1309 28.8214
      vertex -103 -70.8522 29.5505
    endloop
  endfacet
  facet normal 0.000339328 0.115568 -0.9933
    outer loop
      vertex 104.673 -68.883 29.7792
      vertex 110 -77.1309 28.8214
      vertex 104.685 -68.9432 29.7722
    endloop
  endfacet
  facet normal 5.07167e-05 0.115329 -0.993327
    outer loop
      vertex 104.685 70.1223 45.9217
      vertex 110 77.8691 46.8214
      vertex 104.7 69.9018 45.8961
    endloop
  endfacet
  facet normal -0.000258362 0.115538 -0.993303
    outer loop
      vertex 104.654 70.2787 45.9399
      vertex 110 77.8691 46.8214
      vertex 104.685 70.1223 45.9217
    endloop
  endfacet
  facet normal -0.000159973 0.115469 -0.993311
    outer loop
      vertex 104.642 70.3389 45.9469
      vertex 110 77.8691 46.8214
      vertex 104.654 70.2787 45.9399
    endloop
  endfacet
  facet normal 0.000765862 0.114819 -0.993386
    outer loop
      vertex 104.622 70.397 45.9536
      vertex 110 77.8691 46.8214
      vertex 104.642 70.3389 45.9469
    endloop
  endfacet
  facet normal -0.000319851 0.11559 -0.993297
    outer loop
      vertex 104.571 70.5481 45.9712
      vertex 110 77.8691 46.8214
      vertex 104.622 70.397 45.9536
    endloop
  endfacet
  facet normal 2.29645e-05 0.11534 -0.993326
    outer loop
      vertex 104.472 70.7462 45.9942
      vertex 110 77.8691 46.8214
      vertex 104.571 70.5481 45.9712
    endloop
  endfacet
  facet normal -4.31643e-06 0.11536 -0.993324
    outer loop
      vertex 104.383 70.8788 46.0096
      vertex 110 77.8691 46.8214
      vertex 104.472 70.7462 45.9942
    endloop
  endfacet
  facet normal 0.000301396 0.115118 -0.993352
    outer loop
      vertex 104.349 70.9298 46.0155
      vertex 110 77.8691 46.8214
      vertex 104.383 70.8788 46.0096
    endloop
  endfacet
  facet normal -0.000436283 0.115711 -0.993283
    outer loop
      vertex 104.308 70.976 46.0209
      vertex 110 77.8691 46.8214
      vertex 104.349 70.9298 46.0155
    endloop
  endfacet
  facet normal 0.000116588 0.11526 -0.993335
    outer loop
      vertex 104.202 71.0959 46.0348
      vertex 110 77.8691 46.8214
      vertex 104.308 70.976 46.0209
    endloop
  endfacet
  facet normal 3.11176e-05 0.115333 -0.993327
    outer loop
      vertex 104.035 71.2415 46.0517
      vertex 110 77.8691 46.8214
      vertex 104.202 71.0959 46.0348
    endloop
  endfacet
  facet normal -0.000129587 0.115475 -0.99331
    outer loop
      vertex 103.85 71.3643 46.066
      vertex 110 77.8691 46.8214
      vertex 104.035 71.2415 46.0517
    endloop
  endfacet
  facet normal -6.06459e-05 0.115411 -0.993318
    outer loop
      vertex 103.706 71.4348 46.0742
      vertex 110 77.8691 46.8214
      vertex 103.85 71.3643 46.066
    endloop
  endfacet
  facet normal 0.000714211 0.114663 -0.993404
    outer loop
      vertex 103.651 71.462 46.0773
      vertex 110 77.8691 46.8214
      vertex 103.706 71.4348 46.0742
    endloop
  endfacet
  facet normal -0.000153134 0.115511 -0.993306
    outer loop
      vertex 103.592 71.4817 46.0796
      vertex 110 77.8691 46.8214
      vertex 103.651 71.462 46.0773
    endloop
  endfacet
  facet normal 0.000281799 0.115081 -0.993356
    outer loop
      vertex 103.44 71.533 46.0855
      vertex 110 77.8691 46.8214
      vertex 103.592 71.4817 46.0796
    endloop
  endfacet
  facet normal -0.000242312 0.115616 -0.993294
    outer loop
      vertex 103.379 71.5449 46.0869
      vertex 110 77.8691 46.8214
      vertex 103.44 71.533 46.0855
    endloop
  endfacet
  facet normal -0.000461159 0.115842 -0.993268
    outer loop
      vertex 103.222 71.576 46.0906
      vertex 110 77.8691 46.8214
      vertex 103.379 71.5449 46.0869
    endloop
  endfacet
  facet normal 0.000350514 0.114979 -0.993368
    outer loop
      vertex 103 71.5905 46.0922
      vertex 110 77.8691 46.8214
      vertex 103.222 71.576 46.0906
    endloop
  endfacet
  facet normal -0.000405532 0.115811 -0.993271
    outer loop
      vertex 102.778 71.576 46.0906
      vertex 110 77.8691 46.8214
      vertex 103 71.5905 46.0922
    endloop
  endfacet
  facet normal 0.000724284 0.114532 -0.993419
    outer loop
      vertex 102.621 71.5449 46.0869
      vertex 110 77.8691 46.8214
      vertex 102.778 71.576 46.0906
    endloop
  endfacet
  facet normal 0.000377825 0.114931 -0.993373
    outer loop
      vertex 102.56 71.533 46.0855
      vertex 110 77.8691 46.8214
      vertex 102.621 71.5449 46.0869
    endloop
  endfacet
  facet normal -0.00062982 0.116098 -0.993238
    outer loop
      vertex 102.408 71.4817 46.0796
      vertex 110 77.8691 46.8214
      vertex 102.56 71.533 46.0855
    endloop
  endfacet
  facet normal 0.000338969 0.114962 -0.99337
    outer loop
      vertex 102.349 71.462 46.0773
      vertex 110 77.8691 46.8214
      vertex 102.408 71.4817 46.0796
    endloop
  endfacet
  facet normal -0.00259803 0.118422 -0.99296
    outer loop
      vertex 102.294 71.4348 46.0742
      vertex 110 77.8691 46.8214
      vertex 102.349 71.462 46.0773
    endloop
  endfacet
  facet normal 0.000216831 0.115096 -0.993354
    outer loop
      vertex 102.15 71.3643 46.066
      vertex 110 77.8691 46.8214
      vertex 102.294 71.4348 46.0742
    endloop
  endfacet
  facet normal 0.00106033 0.114092 -0.99347
    outer loop
      vertex 101.965 71.2415 46.0517
      vertex 110 77.8691 46.8214
      vertex 102.15 71.3643 46.066
    endloop
  endfacet
  facet normal 0.269508 -0.127608 -0.954506
    outer loop
      vertex 101.651 70.9298 46.0155
      vertex 101.798 71.0959 46.0348
      vertex 101.692 70.976 46.0209
    endloop
  endfacet
  facet normal 0.0993856 0.0487184 -0.993856
    outer loop
      vertex 101.528 70.7462 45.9942
      vertex 101.651 70.9298 46.0155
      vertex 101.617 70.8788 46.0096
    endloop
  endfacet
  facet normal 0.0783217 -0.130536 0.988345
    outer loop
      vertex 101.315 70.1223 45.9217
      vertex 101.358 70.3389 45.9469
      vertex 101.346 70.2787 45.9399
    endloop
  endfacet
  facet normal -0.000296918 0.115481 -0.99331
    outer loop
      vertex 101.311 69.7427 45.8776
      vertex 96.625 58.9753 44.6272
      vertex 101.3 69.9018 45.8961
    endloop
  endfacet
  facet normal 8.48455e-05 0.115319 -0.993328
    outer loop
      vertex 101.3 69.9018 45.8961
      vertex 96.625 58.9753 44.6272
      vertex 101.315 70.1223 45.9217
    endloop
  endfacet
  facet normal -0.00095471 0.115751 -0.993278
    outer loop
      vertex 96.625 58.9753 44.6272
      vertex 101.358 70.3389 45.9469
      vertex 101.315 70.1223 45.9217
    endloop
  endfacet
  facet normal 0 0.115359 -0.993324
    outer loop
      vertex 29.125 58.9753 44.6272
      vertex 101.358 70.3389 45.9469
      vertex 96.625 58.9753 44.6272
    endloop
  endfacet
  facet normal 0.000134756 0.114513 -0.993422
    outer loop
      vertex 101.358 70.3389 45.9469
      vertex 29.125 58.9753 44.6272
      vertex 101.378 70.397 45.9536
    endloop
  endfacet
  facet normal -5.79424e-05 0.115716 -0.993282
    outer loop
      vertex 101.378 70.397 45.9536
      vertex 29.125 58.9753 44.6272
      vertex 101.429 70.5481 45.9712
    endloop
  endfacet
  facet normal 5.42731e-06 0.115326 -0.993328
    outer loop
      vertex 29.125 58.9753 44.6272
      vertex 101.528 70.7462 45.9942
      vertex 101.429 70.5481 45.9712
    endloop
  endfacet
  facet normal 2.18897e-05 0.115226 -0.993339
    outer loop
      vertex 29.125 58.9753 44.6272
      vertex 101.651 70.9298 46.0155
      vertex 101.528 70.7462 45.9942
    endloop
  endfacet
  facet normal -1.20886e-05 0.115429 -0.993316
    outer loop
      vertex 29.125 58.9753 44.6272
      vertex 101.798 71.0959 46.0348
      vertex 101.651 70.9298 46.0155
    endloop
  endfacet
  facet normal 1.25858e-05 0.115283 -0.993333
    outer loop
      vertex 29.125 58.9753 44.6272
      vertex 101.965 71.2415 46.0517
      vertex 101.798 71.0959 46.0348
    endloop
  endfacet
  facet normal -7.18604e-07 0.115361 -0.993324
    outer loop
      vertex 29.125 58.9753 44.6272
      vertex 110 77.8691 46.8214
      vertex 101.965 71.2415 46.0517
    endloop
  endfacet
  facet normal 3.26861e-06 0.115353 -0.993325
    outer loop
      vertex 3.63566 11.9569 39.167
      vertex 29.125 11.2957 39.0903
      vertex 11.37 -7.82579 36.8697
    endloop
  endfacet
  facet normal -3.25017e-06 0.115352 -0.993325
    outer loop
      vertex 29.125 11.2957 39.0903
      vertex 11.37 40.3504 42.4644
      vertex 29.125 58.9753 44.6272
    endloop
  endfacet
  facet normal 9.90602e-07 0.115348 -0.993325
    outer loop
      vertex 11.37 53.7603 44.0216
      vertex 29.125 58.9753 44.6272
      vertex 11.37 40.3504 42.4644
    endloop
  endfacet
  facet normal -5.82369e-07 0.115353 -0.993325
    outer loop
      vertex 1.68546 69.6814 45.8705
      vertex 29.125 58.9753 44.6272
      vertex 11.37 53.7603 44.0216
    endloop
  endfacet
  facet normal -1.24918e-05 0.115324 -0.993328
    outer loop
      vertex 1.68546 70.1223 45.9217
      vertex 29.125 58.9753 44.6272
      vertex 1.7 69.9018 45.8961
    endloop
  endfacet
  facet normal 0.000104717 0.115609 -0.993295
    outer loop
      vertex 1.65412 70.2787 45.9399
      vertex 29.125 58.9753 44.6272
      vertex 1.68546 70.1223 45.9217
    endloop
  endfacet
  facet normal 6.49706e-05 0.115514 -0.993306
    outer loop
      vertex 1.64207 70.3389 45.9469
      vertex 29.125 58.9753 44.6272
      vertex 1.65412 70.2787 45.9399
    endloop
  endfacet
  facet normal -0.000390109 0.114428 -0.993432
    outer loop
      vertex 1.62222 70.397 45.9536
      vertex 29.125 58.9753 44.6272
      vertex 1.64207 70.3389 45.9469
    endloop
  endfacet
  facet normal 0.000167928 0.115754 -0.993278
    outer loop
      vertex 1.57059 70.5481 45.9712
      vertex 29.125 58.9753 44.6272
      vertex 1.62222 70.397 45.9536
    endloop
  endfacet
  facet normal -1.65542e-05 0.11532 -0.993328
    outer loop
      vertex 1.47224 70.7462 45.9942
      vertex 29.125 58.9753 44.6272
      vertex 1.57059 70.5481 45.9712
    endloop
  endfacet
  facet normal 2.90797e-06 0.115365 -0.993323
    outer loop
      vertex 1.38302 70.8788 46.0096
      vertex 29.125 58.9753 44.6272
      vertex 1.47224 70.7462 45.9942
    endloop
  endfacet
  facet normal -0.000268262 0.114742 -0.993395
    outer loop
      vertex 1.3487 70.9298 46.0155
      vertex 29.125 58.9753 44.6272
      vertex 1.38302 70.8788 46.0096
    endloop
  endfacet
  facet normal 0.000517372 0.116543 -0.993186
    outer loop
      vertex 1.30797 70.976 46.0209
      vertex 29.125 58.9753 44.6272
      vertex 1.3487 70.9298 46.0155
    endloop
  endfacet
  facet normal -0.000141894 0.115035 -0.993361
    outer loop
      vertex 1.20208 71.0959 46.0348
      vertex 29.125 58.9753 44.6272
      vertex 1.30797 70.976 46.0209
    endloop
  endfacet
  facet normal -5.28154e-05 0.115238 -0.993338
    outer loop
      vertex 1.03489 71.2415 46.0517
      vertex 29.125 58.9753 44.6272
      vertex 1.20208 71.0959 46.0348
    endloop
  endfacet
  facet normal 1.81306e-07 0.115357 -0.993324
    outer loop
      vertex 29.125 58.9753 44.6272
      vertex 1.03489 71.2415 46.0517
      vertex 110 77.8691 46.8214
    endloop
  endfacet
  facet normal -1.73765e-05 0.115642 -0.993291
    outer loop
      vertex 0.849999 71.3643 46.066
      vertex 110 77.8691 46.8214
      vertex 1.03489 71.2415 46.0517
    endloop
  endfacet
  facet normal -9.62695e-06 0.115514 -0.993306
    outer loop
      vertex 0.705961 71.4348 46.0742
      vertex 110 77.8691 46.8214
      vertex 0.849999 71.3643 46.066
    endloop
  endfacet
  facet normal 0.000112659 0.113464 -0.993542
    outer loop
      vertex 0.650561 71.462 46.0773
      vertex 110 77.8691 46.8214
      vertex 0.705961 71.4348 46.0742
    endloop
  endfacet
  facet normal -3.04624e-05 0.115874 -0.993264
    outer loop
      vertex 0.59207 71.4817 46.0796
      vertex 110 77.8691 46.8214
      vertex 0.650561 71.462 46.0773
    endloop
  endfacet
  facet normal 5.56285e-05 0.114419 -0.993433
    outer loop
      vertex 0.439992 71.533 46.0855
      vertex 110 77.8691 46.8214
      vertex 0.59207 71.4817 46.0796
    endloop
  endfacet
  facet normal -6.66963e-05 0.116506 -0.99319
    outer loop
      vertex 0.379409 71.5449 46.0869
      vertex 110 77.8691 46.8214
      vertex 0.439992 71.533 46.0855
    endloop
  endfacet
  facet normal -0.000125469 0.117511 -0.993072
    outer loop
      vertex 0.221894 71.576 46.0906
      vertex 110 77.8691 46.8214
      vertex 0.379409 71.5449 46.0869
    endloop
  endfacet
  facet normal 0.000175458 0.112331 -0.993671
    outer loop
      vertex 0 71.5905 46.0922
      vertex 110 77.8691 46.8214
      vertex 0.221894 71.576 46.0906
    endloop
  endfacet
  facet normal 0.297595 -0.514475 -0.804209
    outer loop
      vertex -0.849999 71.3643 46.066
      vertex -0.650561 71.462 46.0773
      vertex -0.705961 71.4348 46.0742
    endloop
  endfacet
  facet normal 0.45662 -0.489397 0.742959
    outer loop
      vertex -1.3487 70.9298 46.0155
      vertex -1.20208 71.0959 46.0348
      vertex -1.30797 70.976 46.0209
    endloop
  endfacet
  facet normal 0.809902 -0.563756 0.16198
    outer loop
      vertex -1.47224 70.7462 45.9942
      vertex -1.3487 70.9298 46.0155
      vertex -1.38302 70.8788 46.0096
    endloop
  endfacet
  facet normal 0 0.115354 -0.993324
    outer loop
      vertex -26.63 53.7603 44.0216
      vertex -1.7 69.9018 45.8961
      vertex -12.63 53.7603 44.0216
    endloop
  endfacet
  facet normal 1.97916e-05 0.115324 -0.993328
    outer loop
      vertex -1.7 69.9018 45.8961
      vertex -26.63 53.7603 44.0216
      vertex -1.68546 70.1223 45.9217
    endloop
  endfacet
  facet normal -0.00017962 0.115624 -0.993293
    outer loop
      vertex -1.68546 70.1223 45.9217
      vertex -26.63 53.7603 44.0216
      vertex -1.65412 70.2787 45.9399
    endloop
  endfacet
  facet normal -0.000112039 0.115523 -0.993305
    outer loop
      vertex -1.65412 70.2787 45.9399
      vertex -26.63 53.7603 44.0216
      vertex -1.64207 70.3389 45.9469
    endloop
  endfacet
  facet normal 0.000693119 0.114325 -0.993443
    outer loop
      vertex -1.64207 70.3389 45.9469
      vertex -26.63 53.7603 44.0216
      vertex -1.62222 70.397 45.9536
    endloop
  endfacet
  facet normal -0.000299616 0.115798 -0.993273
    outer loop
      vertex -1.62222 70.397 45.9536
      vertex -26.63 53.7603 44.0216
      vertex -1.57059 70.5481 45.9712
    endloop
  endfacet
  facet normal 0 0.115269 -0.993334
    outer loop
      vertex -34.1079 15.8439 39.6184
      vertex -7.89215 15.8439 39.6184
      vertex -33.9522 15.0666 39.5282
    endloop
  endfacet
  facet normal 0 0.115348 -0.993325
    outer loop
      vertex -12.63 40.3504 42.4644
      vertex -26.63 40.3504 42.4644
      vertex -12.63 53.7603 44.0216
    endloop
  endfacet
  facet normal 0 0.115348 -0.993325
    outer loop
      vertex -26.63 53.7603 44.0216
      vertex -12.63 53.7603 44.0216
      vertex -26.63 40.3504 42.4644
    endloop
  endfacet
  facet normal 2.88897e-05 0.115314 -0.993329
    outer loop
      vertex -1.57059 70.5481 45.9712
      vertex -26.63 53.7603 44.0216
      vertex -1.47224 70.7462 45.9942
    endloop
  endfacet
  facet normal 0.000145696 0.115143 -0.993349
    outer loop
      vertex -1.47224 70.7462 45.9942
      vertex -26.63 53.7603 44.0216
      vertex -1.3487 70.9298 46.0155
    endloop
  endfacet
  facet normal 0 0.115355 -0.993324
    outer loop
      vertex -50.63 53.7603 44.0216
      vertex -1.3487 70.9298 46.0155
      vertex -26.63 53.7603 44.0216
    endloop
  endfacet
  facet normal -3.23427e-05 0.115447 -0.993314
    outer loop
      vertex -1.3487 70.9298 46.0155
      vertex -50.63 53.7603 44.0216
      vertex -1.20208 71.0959 46.0348
    endloop
  endfacet
  facet normal 3.47291e-05 0.115258 -0.993336
    outer loop
      vertex -1.20208 71.0959 46.0348
      vertex -50.63 53.7603 44.0216
      vertex -1.03489 71.2415 46.0517
    endloop
  endfacet
  facet normal 0 0.115355 -0.993324
    outer loop
      vertex -101.965 71.2415 46.0517
      vertex -1.03489 71.2415 46.0517
      vertex -50.63 53.7603 44.0216
    endloop
  endfacet
  facet normal 0 0.11536 -0.993324
    outer loop
      vertex -110 77.8691 46.8214
      vertex -1.03489 71.2415 46.0517
      vertex -101.965 71.2415 46.0517
    endloop
  endfacet
  facet normal 0 0.115357 -0.993324
    outer loop
      vertex -44.9626 17.7813 39.8434
      vertex -64.63 40.3504 42.4644
      vertex -50.63 40.3504 42.4644
    endloop
  endfacet
  facet normal 0 0.115348 -0.993325
    outer loop
      vertex -50.63 40.3504 42.4644
      vertex -64.63 40.3504 42.4644
      vertex -50.63 53.7603 44.0216
    endloop
  endfacet
  facet normal 0 0.115348 -0.993325
    outer loop
      vertex -64.63 53.7603 44.0216
      vertex -50.63 53.7603 44.0216
      vertex -64.63 40.3504 42.4644
    endloop
  endfacet
  facet normal 0 0.115356 -0.993324
    outer loop
      vertex -101.798 71.0959 46.0348
      vertex -50.63 53.7603 44.0216
      vertex -64.63 53.7603 44.0216
    endloop
  endfacet
  facet normal 1.73765e-05 0.115642 -0.993291
    outer loop
      vertex -1.03489 71.2415 46.0517
      vertex -110 77.8691 46.8214
      vertex -0.849999 71.3643 46.066
    endloop
  endfacet
  facet normal -2.47769e-05 0.114944 -0.993372
    outer loop
      vertex -0.849999 71.3643 46.066
      vertex -110 77.8691 46.8214
      vertex -0.650561 71.462 46.0773
    endloop
  endfacet
  facet normal 0 0.115356 -0.993324
    outer loop
      vertex -101.358 70.3389 45.9469
      vertex -64.63 53.7603 44.0216
      vertex -88.63 53.7603 44.0216
    endloop
  endfacet
  facet normal -5.73105e-06 0.115348 -0.993325
    outer loop
      vertex -101.311 69.7427 45.8776
      vertex -88.63 53.7603 44.0216
      vertex -88.63 40.3504 42.4644
    endloop
  endfacet
  facet normal -4.08175e-05 0.115322 -0.993328
    outer loop
      vertex -101.315 70.1223 45.9217
      vertex -88.63 53.7603 44.0216
      vertex -101.3 69.9018 45.8961
    endloop
  endfacet
  facet normal 0.000412164 0.115669 -0.993288
    outer loop
      vertex -101.346 70.2787 45.9399
      vertex -88.63 53.7603 44.0216
      vertex -101.315 70.1223 45.9217
    endloop
  endfacet
  facet normal 0.00025764 0.115552 -0.993301
    outer loop
      vertex -101.358 70.3389 45.9469
      vertex -88.63 53.7603 44.0216
      vertex -101.346 70.2787 45.9399
    endloop
  endfacet
  facet normal -0.000431757 0.114413 -0.993433
    outer loop
      vertex -64.63 53.7603 44.0216
      vertex -101.358 70.3389 45.9469
      vertex -101.378 70.397 45.9536
    endloop
  endfacet
  facet normal 0.000185963 0.115759 -0.993277
    outer loop
      vertex -64.63 53.7603 44.0216
      vertex -101.378 70.397 45.9536
      vertex -101.429 70.5481 45.9712
    endloop
  endfacet
  facet normal -1.70076e-05 0.11532 -0.993328
    outer loop
      vertex -101.528 70.7462 45.9942
      vertex -64.63 53.7603 44.0216
      vertex -101.429 70.5481 45.9712
    endloop
  endfacet
  facet normal 4.73021e-06 0.115366 -0.993323
    outer loop
      vertex -101.617 70.8788 46.0096
      vertex -64.63 53.7603 44.0216
      vertex -101.528 70.7462 45.9942
    endloop
  endfacet
  facet normal -0.000296159 0.114725 -0.993397
    outer loop
      vertex -101.651 70.9298 46.0155
      vertex -64.63 53.7603 44.0216
      vertex -101.617 70.8788 46.0096
    endloop
  endfacet
  facet normal 0.000589263 0.116609 -0.993178
    outer loop
      vertex -101.692 70.976 46.0209
      vertex -64.63 53.7603 44.0216
      vertex -101.651 70.9298 46.0155
    endloop
  endfacet
  facet normal -0.000158491 0.11502 -0.993363
    outer loop
      vertex -101.798 71.0959 46.0348
      vertex -64.63 53.7603 44.0216
      vertex -101.692 70.976 46.0209
    endloop
  endfacet
  facet normal -3.27723e-05 0.11526 -0.993335
    outer loop
      vertex -50.63 53.7603 44.0216
      vertex -101.798 71.0959 46.0348
      vertex -101.965 71.2415 46.0517
    endloop
  endfacet
  facet normal 3.04624e-05 0.115874 -0.993264
    outer loop
      vertex -0.650561 71.462 46.0773
      vertex -110 77.8691 46.8214
      vertex -0.59207 71.4817 46.0796
    endloop
  endfacet
  facet normal -5.56285e-05 0.114419 -0.993433
    outer loop
      vertex -0.59207 71.4817 46.0796
      vertex -110 77.8691 46.8214
      vertex -0.439992 71.533 46.0855
    endloop
  endfacet
  facet normal 6.66963e-05 0.116506 -0.99319
    outer loop
      vertex -0.439992 71.533 46.0855
      vertex -110 77.8691 46.8214
      vertex -0.379409 71.5449 46.0869
    endloop
  endfacet
  facet normal 0.000125469 0.117511 -0.993072
    outer loop
      vertex -0.379409 71.5449 46.0869
      vertex -110 77.8691 46.8214
      vertex -0.221894 71.576 46.0906
    endloop
  endfacet
  facet normal -0.000175458 0.112331 -0.993671
    outer loop
      vertex -0.221894 71.576 46.0906
      vertex -110 77.8691 46.8214
      vertex 0 71.5905 46.0922
    endloop
  endfacet
  facet normal -0.00106033 0.114092 -0.99347
    outer loop
      vertex -110 77.8691 46.8214
      vertex -101.965 71.2415 46.0517
      vertex -102.15 71.3643 46.066
    endloop
  endfacet
  facet normal -0.000216831 0.115096 -0.993354
    outer loop
      vertex -110 77.8691 46.8214
      vertex -102.15 71.3643 46.066
      vertex -102.294 71.4348 46.0742
    endloop
  endfacet
  facet normal 0.00259803 0.118422 -0.99296
    outer loop
      vertex -110 77.8691 46.8214
      vertex -102.294 71.4348 46.0742
      vertex -102.349 71.462 46.0773
    endloop
  endfacet
  facet normal -0.000338969 0.114962 -0.99337
    outer loop
      vertex -110 77.8691 46.8214
      vertex -102.349 71.462 46.0773
      vertex -102.408 71.4817 46.0796
    endloop
  endfacet
  facet normal 0.00062982 0.116098 -0.993238
    outer loop
      vertex -110 77.8691 46.8214
      vertex -102.408 71.4817 46.0796
      vertex -102.56 71.533 46.0855
    endloop
  endfacet
  facet normal -0.000377825 0.114931 -0.993373
    outer loop
      vertex -110 77.8691 46.8214
      vertex -102.56 71.533 46.0855
      vertex -102.621 71.5449 46.0869
    endloop
  endfacet
  facet normal -0.000724284 0.114532 -0.993419
    outer loop
      vertex -110 77.8691 46.8214
      vertex -102.621 71.5449 46.0869
      vertex -102.778 71.576 46.0906
    endloop
  endfacet
  facet normal 0.000405532 0.115811 -0.993271
    outer loop
      vertex -110 77.8691 46.8214
      vertex -102.778 71.576 46.0906
      vertex -103 71.5905 46.0922
    endloop
  endfacet
  facet normal 0.000436283 0.115711 -0.993283
    outer loop
      vertex -110 77.8691 46.8214
      vertex -104.308 70.976 46.0209
      vertex -104.349 70.9298 46.0155
    endloop
  endfacet
  facet normal 4.31643e-06 0.11536 -0.993324
    outer loop
      vertex -110 77.8691 46.8214
      vertex -104.383 70.8788 46.0096
      vertex -104.472 70.7462 45.9942
    endloop
  endfacet
  facet normal -0.000765862 0.114819 -0.993386
    outer loop
      vertex -110 77.8691 46.8214
      vertex -104.622 70.397 45.9536
      vertex -104.642 70.3389 45.9469
    endloop
  endfacet
  facet normal 0.000258362 0.115538 -0.993303
    outer loop
      vertex -110 77.8691 46.8214
      vertex -104.654 70.2787 45.9399
      vertex -104.685 70.1223 45.9217
    endloop
  endfacet
  facet normal 0 0.115365 -0.993323
    outer loop
      vertex 0 71.5905 46.0922
      vertex -110 77.8691 46.8214
      vertex 110 77.8691 46.8214
    endloop
  endfacet
  facet normal -0.000350514 0.114979 -0.993368
    outer loop
      vertex -103.222 71.576 46.0906
      vertex -110 77.8691 46.8214
      vertex -103 71.5905 46.0922
    endloop
  endfacet
  facet normal 0.000461159 0.115842 -0.993268
    outer loop
      vertex -103.379 71.5449 46.0869
      vertex -110 77.8691 46.8214
      vertex -103.222 71.576 46.0906
    endloop
  endfacet
  facet normal 0.000242312 0.115616 -0.993294
    outer loop
      vertex -103.44 71.533 46.0855
      vertex -110 77.8691 46.8214
      vertex -103.379 71.5449 46.0869
    endloop
  endfacet
  facet normal -0.000281799 0.115081 -0.993356
    outer loop
      vertex -103.592 71.4817 46.0796
      vertex -110 77.8691 46.8214
      vertex -103.44 71.533 46.0855
    endloop
  endfacet
  facet normal 0.000153134 0.115511 -0.993306
    outer loop
      vertex -103.651 71.462 46.0773
      vertex -110 77.8691 46.8214
      vertex -103.592 71.4817 46.0796
    endloop
  endfacet
  facet normal -0.000714211 0.114663 -0.993404
    outer loop
      vertex -103.706 71.4348 46.0742
      vertex -110 77.8691 46.8214
      vertex -103.651 71.462 46.0773
    endloop
  endfacet
  facet normal 6.06459e-05 0.115411 -0.993318
    outer loop
      vertex -103.85 71.3643 46.066
      vertex -110 77.8691 46.8214
      vertex -103.706 71.4348 46.0742
    endloop
  endfacet
  facet normal 0.000129587 0.115475 -0.99331
    outer loop
      vertex -104.035 71.2415 46.0517
      vertex -110 77.8691 46.8214
      vertex -103.85 71.3643 46.066
    endloop
  endfacet
  facet normal -3.11176e-05 0.115333 -0.993327
    outer loop
      vertex -104.202 71.0959 46.0348
      vertex -110 77.8691 46.8214
      vertex -104.035 71.2415 46.0517
    endloop
  endfacet
  facet normal -0.000116588 0.11526 -0.993335
    outer loop
      vertex -104.308 70.976 46.0209
      vertex -110 77.8691 46.8214
      vertex -104.202 71.0959 46.0348
    endloop
  endfacet
  facet normal -0.000301396 0.115118 -0.993352
    outer loop
      vertex -104.383 70.8788 46.0096
      vertex -110 77.8691 46.8214
      vertex -104.349 70.9298 46.0155
    endloop
  endfacet
  facet normal -2.29645e-05 0.11534 -0.993326
    outer loop
      vertex -104.571 70.5481 45.9712
      vertex -110 77.8691 46.8214
      vertex -104.472 70.7462 45.9942
    endloop
  endfacet
  facet normal 0.000319851 0.11559 -0.993297
    outer loop
      vertex -104.622 70.397 45.9536
      vertex -110 77.8691 46.8214
      vertex -104.571 70.5481 45.9712
    endloop
  endfacet
  facet normal 0.000159973 0.115469 -0.993311
    outer loop
      vertex -104.654 70.2787 45.9399
      vertex -110 77.8691 46.8214
      vertex -104.642 70.3389 45.9469
    endloop
  endfacet
  facet normal -5.07167e-05 0.115329 -0.993327
    outer loop
      vertex -104.7 69.9018 45.8961
      vertex -110 77.8691 46.8214
      vertex -104.685 70.1223 45.9217
    endloop
  endfacet
  facet normal 0.000236393 0.115517 -0.993305
    outer loop
      vertex -104.689 69.7427 45.8776
      vertex -110 77.8691 46.8214
      vertex -104.7 69.9018 45.8961
    endloop
  endfacet
  facet normal 4.65139e-05 0.115372 -0.993322
    outer loop
      vertex 104.472 -68.3193 29.8446
      vertex 96.0478 -46.5195 32.3762
      vertex 95.9354 -45.9581 32.4414
    endloop
  endfacet
  facet normal 0.000698778 0.115618 -0.993294
    outer loop
      vertex 104.472 -68.3193 29.8446
      vertex 95.9354 -45.9581 32.4414
      vertex 95.8922 -45.7422 32.4665
    endloop
  endfacet
  facet normal 4.34659e-06 0.115355 -0.993324
    outer loop
      vertex 110 -77.1309 28.8214
      vertex 95.8922 -45.7422 32.4665
      vertex 96.625 11.2957 39.0903
    endloop
  endfacet
  facet normal -0.000166401 0.115357 -0.993324
    outer loop
      vertex 95.6357 -44.9917 32.5537
      vertex 96.625 11.2957 39.0903
      vertex 95.8922 -45.7422 32.4665
    endloop
  endfacet
  facet normal 0.000152542 0.115351 -0.993325
    outer loop
      vertex 95.2828 -44.2808 32.6362
      vertex 96.625 11.2957 39.0903
      vertex 95.6357 -44.9917 32.5537
    endloop
  endfacet
  facet normal -0.000284819 0.115362 -0.993324
    outer loop
      vertex 95.1596 -44.0977 32.6575
      vertex 96.625 11.2957 39.0903
      vertex 95.2828 -44.2808 32.6362
    endloop
  endfacet
  facet normal 0.000196944 0.115349 -0.993325
    outer loop
      vertex 94.8395 -43.6218 32.7127
      vertex 96.625 11.2957 39.0903
      vertex 95.1596 -44.0977 32.6575
    endloop
  endfacet
  facet normal 4.00698e-06 0.115355 -0.993324
    outer loop
      vertex 94.3134 -43.0259 32.7819
      vertex 96.625 11.2957 39.0903
      vertex 94.8395 -43.6218 32.7127
    endloop
  endfacet
  facet normal -1.62007e-05 0.115356 -0.993324
    outer loop
      vertex 93.7134 -42.5033 32.8426
      vertex 96.625 11.2957 39.0903
      vertex 94.3134 -43.0259 32.7819
    endloop
  endfacet
  facet normal -9.79693e-05 0.11536 -0.993324
    outer loop
      vertex 93.05 -42.063 32.8938
      vertex 96.625 11.2957 39.0903
      vertex 93.7134 -42.5033 32.8426
    endloop
  endfacet
  facet normal 1.99943e-05 0.115353 -0.993325
    outer loop
      vertex 92.3344 -41.7124 32.9345
      vertex 96.625 11.2957 39.0903
      vertex 93.05 -42.063 32.8938
    endloop
  endfacet
  facet normal 0.00012016 0.115345 -0.993326
    outer loop
      vertex 91.7887 -41.5284 32.9558
      vertex 96.625 11.2957 39.0903
      vertex 92.3344 -41.7124 32.9345
    endloop
  endfacet
  facet normal -0.000357818 0.115388 -0.99332
    outer loop
      vertex 91.5788 -41.4576 32.9641
      vertex 96.625 11.2957 39.0903
      vertex 91.7887 -41.5284 32.9558
    endloop
  endfacet
  facet normal 6.67441e-05 0.115348 -0.993325
    outer loop
      vertex 90.7962 -41.303 32.982
      vertex 96.625 11.2957 39.0903
      vertex 91.5788 -41.4576 32.9641
    endloop
  endfacet
  facet normal -0.000123608 0.115369 -0.993323
    outer loop
      vertex 90.575 -41.2886 32.9837
      vertex 96.625 11.2957 39.0903
      vertex 90.7962 -41.303 32.982
    endloop
  endfacet
  facet normal 7.41629e-05 0.115346 -0.993325
    outer loop
      vertex 90 -41.2512 32.988
      vertex 96.625 11.2957 39.0903
      vertex 90.575 -41.2886 32.9837
    endloop
  endfacet
  facet normal -7.53892e-05 0.115365 -0.993323
    outer loop
      vertex 89.425 -41.2886 32.9837
      vertex 96.625 11.2957 39.0903
      vertex 90 -41.2512 32.988
    endloop
  endfacet
  facet normal 0.000125654 0.115338 -0.993326
    outer loop
      vertex 89.2038 -41.303 32.982
      vertex 96.625 11.2957 39.0903
      vertex 89.425 -41.2886 32.9837
    endloop
  endfacet
  facet normal -7.01606e-05 0.115365 -0.993323
    outer loop
      vertex 88.4212 -41.4576 32.9641
      vertex 96.625 11.2957 39.0903
      vertex 89.2038 -41.303 32.982
    endloop
  endfacet
  facet normal 0.000389815 0.115294 -0.993331
    outer loop
      vertex 88.2113 -41.5284 32.9558
      vertex 96.625 11.2957 39.0903
      vertex 88.4212 -41.4576 32.9641
    endloop
  endfacet
  facet normal -0.000130899 0.115376 -0.993322
    outer loop
      vertex 87.6656 -41.7124 32.9345
      vertex 96.625 11.2957 39.0903
      vertex 88.2113 -41.5284 32.9558
    endloop
  endfacet
  facet normal -2.26639e-05 0.115358 -0.993324
    outer loop
      vertex 86.95 -42.063 32.8938
      vertex 96.625 11.2957 39.0903
      vertex 87.6656 -41.7124 32.9345
    endloop
  endfacet
  facet normal 0 0.115506 -0.993307
    outer loop
      vertex 50.05 -42.063 32.8938
      vertex 86.95 -42.063 32.8938
      vertex 86.2866 -42.5033 32.8426
    endloop
  endfacet
  facet normal 0 0.115374 -0.993322
    outer loop
      vertex 50.7134 -42.5033 32.8426
      vertex 86.2866 -42.5033 32.8426
      vertex 85.6866 -43.0259 32.7819
    endloop
  endfacet
  facet normal 0 0.115352 -0.993325
    outer loop
      vertex 51.3134 -43.0259 32.7819
      vertex 85.6866 -43.0259 32.7819
      vertex 85.1605 -43.6218 32.7127
    endloop
  endfacet
  facet normal 0 0.115218 -0.99334
    outer loop
      vertex 51.8395 -43.6218 32.7127
      vertex 85.1605 -43.6218 32.7127
      vertex 84.8404 -44.0977 32.6575
    endloop
  endfacet
  facet normal 0 0.115551 -0.993302
    outer loop
      vertex 52.1596 -44.0977 32.6575
      vertex 84.8404 -44.0977 32.6575
      vertex 84.7172 -44.2808 32.6362
    endloop
  endfacet
  facet normal 0 0.115276 -0.993333
    outer loop
      vertex 52.2828 -44.2808 32.6362
      vertex 84.7172 -44.2808 32.6362
      vertex 84.3643 -44.9917 32.5537
    endloop
  endfacet
  facet normal 0 0.115413 -0.993318
    outer loop
      vertex 52.6357 -44.9917 32.5537
      vertex 84.3643 -44.9917 32.5537
      vertex 84.1078 -45.7422 32.4665
    endloop
  endfacet
  facet normal 0 0.115363 -0.993323
    outer loop
      vertex 53.0478 -46.5195 32.3762
      vertex 84.0646 -45.9581 32.4414
      vertex 83.9522 -46.5195 32.3762
    endloop
  endfacet
  facet normal 0 0.115296 -0.993331
    outer loop
      vertex 53.1 -47.3104 32.2844
      vertex 83.9522 -46.5195 32.3762
      vertex 83.9 -47.3104 32.2844
    endloop
  endfacet
  facet normal 0 0.115296 -0.993331
    outer loop
      vertex 53.0478 -46.5195 32.3762
      vertex 83.9522 -46.5195 32.3762
      vertex 53.1 -47.3104 32.2844
    endloop
  endfacet
  facet normal 0 0.115363 -0.993323
    outer loop
      vertex 52.9354 -45.9581 32.4414
      vertex 84.0646 -45.9581 32.4414
      vertex 53.0478 -46.5195 32.3762
    endloop
  endfacet
  facet normal 0 0.11548 -0.99331
    outer loop
      vertex 84.0646 -45.9581 32.4414
      vertex 52.9354 -45.9581 32.4414
      vertex 84.1078 -45.7422 32.4665
    endloop
  endfacet
  facet normal 0 0.11548 -0.99331
    outer loop
      vertex 52.8921 -45.7422 32.4665
      vertex 84.1078 -45.7422 32.4665
      vertex 52.9354 -45.9581 32.4414
    endloop
  endfacet
  facet normal 0 0.115413 -0.993318
    outer loop
      vertex 52.6357 -44.9917 32.5537
      vertex 84.1078 -45.7422 32.4665
      vertex 52.8921 -45.7422 32.4665
    endloop
  endfacet
  facet normal 0 0.115276 -0.993333
    outer loop
      vertex 84.3643 -44.9917 32.5537
      vertex 52.6357 -44.9917 32.5537
      vertex 52.2828 -44.2808 32.6362
    endloop
  endfacet
  facet normal 0 0.115551 -0.993302
    outer loop
      vertex 84.7172 -44.2808 32.6362
      vertex 52.2828 -44.2808 32.6362
      vertex 52.1596 -44.0977 32.6575
    endloop
  endfacet
  facet normal 0 0.115218 -0.99334
    outer loop
      vertex 84.8404 -44.0977 32.6575
      vertex 52.1596 -44.0977 32.6575
      vertex 51.8395 -43.6218 32.7127
    endloop
  endfacet
  facet normal 0 0.115352 -0.993325
    outer loop
      vertex 85.1605 -43.6218 32.7127
      vertex 51.8395 -43.6218 32.7127
      vertex 51.3134 -43.0259 32.7819
    endloop
  endfacet
  facet normal 0 0.115374 -0.993322
    outer loop
      vertex 85.6866 -43.0259 32.7819
      vertex 51.3134 -43.0259 32.7819
      vertex 50.7134 -42.5033 32.8426
    endloop
  endfacet
  facet normal 0 0.115506 -0.993307
    outer loop
      vertex 86.2866 -42.5033 32.8426
      vertex 50.7134 -42.5033 32.8426
      vertex 50.05 -42.063 32.8938
    endloop
  endfacet
  facet normal 0 0.115354 -0.993324
    outer loop
      vertex 86.95 -42.063 32.8938
      vertex 50.05 -42.063 32.8938
      vertex 96.625 11.2957 39.0903
    endloop
  endfacet
  facet normal 1.44647e-05 0.115341 -0.993326
    outer loop
      vertex 49.3344 -41.7124 32.9345
      vertex 96.625 11.2957 39.0903
      vertex 50.05 -42.063 32.8938
    endloop
  endfacet
  facet normal 0.000141648 0.115407 -0.993318
    outer loop
      vertex 29.125 11.2957 39.0903
      vertex 49.3344 -41.7124 32.9345
      vertex 48.7887 -41.5284 32.9558
    endloop
  endfacet
  facet normal -0.000421843 0.1152 -0.993342
    outer loop
      vertex 29.125 11.2957 39.0903
      vertex 48.7887 -41.5284 32.9558
      vertex 48.5788 -41.4576 32.9641
    endloop
  endfacet
  facet normal 7.33485e-05 0.115381 -0.993321
    outer loop
      vertex 29.125 11.2957 39.0903
      vertex 48.5788 -41.4576 32.9641
      vertex 47.7962 -41.303 32.982
    endloop
  endfacet
  facet normal -0.000127446 0.11531 -0.99333
    outer loop
      vertex 29.125 11.2957 39.0903
      vertex 47.7962 -41.303 32.982
      vertex 47.575 -41.2886 32.9837
    endloop
  endfacet
  facet normal 7.64626e-05 0.115381 -0.993321
    outer loop
      vertex 29.125 11.2957 39.0903
      vertex 47.575 -41.2886 32.9837
      vertex 47 -41.2512 32.988
    endloop
  endfacet
  facet normal -7.31527e-05 0.115331 -0.993327
    outer loop
      vertex 29.125 11.2957 39.0903
      vertex 47 -41.2512 32.988
      vertex 46.425 -41.2886 32.9837
    endloop
  endfacet
  facet normal 0.000121922 0.115394 -0.99332
    outer loop
      vertex 29.125 11.2957 39.0903
      vertex 46.425 -41.2886 32.9837
      vertex 46.2038 -41.303 32.982
    endloop
  endfacet
  facet normal -6.40942e-05 0.115334 -0.993327
    outer loop
      vertex 29.125 11.2957 39.0903
      vertex 46.2038 -41.303 32.982
      vertex 45.4212 -41.4576 32.9641
    endloop
  endfacet
  facet normal 0.000334506 0.115456 -0.993313
    outer loop
      vertex 29.125 11.2957 39.0903
      vertex 45.4212 -41.4576 32.9641
      vertex 45.2113 -41.5284 32.9558
    endloop
  endfacet
  facet normal -0.000112335 0.115322 -0.993328
    outer loop
      vertex 29.125 11.2957 39.0903
      vertex 45.2113 -41.5284 32.9558
      vertex 44.6656 -41.7124 32.9345
    endloop
  endfacet
  facet normal -1.81764e-05 0.115349 -0.993325
    outer loop
      vertex 29.125 11.2957 39.0903
      vertex 44.6656 -41.7124 32.9345
      vertex 43.95 -42.063 32.8938
    endloop
  endfacet
  facet normal 8.63944e-05 0.115378 -0.993322
    outer loop
      vertex 29.125 11.2957 39.0903
      vertex 43.95 -42.063 32.8938
      vertex 43.2866 -42.5033 32.8426
    endloop
  endfacet
  facet normal 1.38003e-05 0.115359 -0.993324
    outer loop
      vertex 29.125 11.2957 39.0903
      vertex 43.2866 -42.5033 32.8426
      vertex 42.6866 -43.0259 32.7819
    endloop
  endfacet
  facet normal 0 0.115354 -0.993324
    outer loop
      vertex 49.3344 -41.7124 32.9345
      vertex 29.125 11.2957 39.0903
      vertex 96.625 11.2957 39.0903
    endloop
  endfacet
  facet normal -3.27424e-06 0.115355 -0.993324
    outer loop
      vertex 42.1605 -43.6218 32.7127
      vertex 29.125 11.2957 39.0903
      vertex 42.6866 -43.0259 32.7819
    endloop
  endfacet
  facet normal -0.000152609 0.11532 -0.993328
    outer loop
      vertex 41.8404 -44.0977 32.6575
      vertex 29.125 11.2957 39.0903
      vertex 42.1605 -43.6218 32.7127
    endloop
  endfacet
  facet normal 0.000220718 0.115404 -0.993319
    outer loop
      vertex 41.7172 -44.2808 32.6362
      vertex 29.125 11.2957 39.0903
      vertex 41.8404 -44.0977 32.6575
    endloop
  endfacet
  facet normal -0.000109833 0.11533 -0.993327
    outer loop
      vertex 41.3643 -44.9917 32.5537
      vertex 29.125 11.2957 39.0903
      vertex 41.7172 -44.2808 32.6362
    endloop
  endfacet
  facet normal 0.000106954 0.115377 -0.993322
    outer loop
      vertex 41.1079 -45.7422 32.4665
      vertex 29.125 11.2957 39.0903
      vertex 41.3643 -44.9917 32.5537
    endloop
  endfacet
  facet normal 0.000308959 0.115419 -0.993317
    outer loop
      vertex 41.0646 -45.9581 32.4414
      vertex 29.125 11.2957 39.0903
      vertex 41.1079 -45.7422 32.4665
    endloop
  endfacet
  facet normal 1.93021e-05 0.115359 -0.993324
    outer loop
      vertex 40.9522 -46.5195 32.3762
      vertex 29.125 11.2957 39.0903
      vertex 41.0646 -45.9581 32.4414
    endloop
  endfacet
  facet normal -0.000220497 0.115311 -0.993329
    outer loop
      vertex 29.125 11.2957 39.0903
      vertex 40.9522 -46.5195 32.3762
      vertex 40.9 -47.3104 32.2844
    endloop
  endfacet
  facet normal 1.45431e-06 0.115363 -0.993323
    outer loop
      vertex 40.9 -47.3104 32.2844
      vertex 4.04781 -46.5195 32.3762
      vertex 3.93539 -45.9581 32.4414
    endloop
  endfacet
  facet normal 5.82155e-06 0.115481 -0.99331
    outer loop
      vertex 40.9 -47.3104 32.2844
      vertex 3.93539 -45.9581 32.4414
      vertex 3.89215 -45.7422 32.4665
    endloop
  endfacet
  facet normal 2.93907e-06 0.115414 -0.993318
    outer loop
      vertex 40.9 -47.3104 32.2844
      vertex 3.89215 -45.7422 32.4665
      vertex 3.63566 -44.9917 32.5537
    endloop
  endfacet
  facet normal -9.82244e-07 0.115352 -0.993325
    outer loop
      vertex 40.9 -47.3104 32.2844
      vertex 3.63566 -44.9917 32.5537
      vertex 11.37 -21.2357 35.3124
    endloop
  endfacet
  facet normal 9.22935e-05 0.115322 -0.993328
    outer loop
      vertex 3.28275 -44.2808 32.6362
      vertex 11.37 -21.2357 35.3124
      vertex 3.63566 -44.9917 32.5537
    endloop
  endfacet
  facet normal -0.000195155 0.115421 -0.993317
    outer loop
      vertex 3.15962 -44.0977 32.6575
      vertex 11.37 -21.2357 35.3124
      vertex 3.28275 -44.2808 32.6362
    endloop
  endfacet
  facet normal 0.000131344 0.115305 -0.99333
    outer loop
      vertex 2.83945 -43.6218 32.7127
      vertex 11.37 -21.2357 35.3124
      vertex 3.15962 -44.0977 32.6575
    endloop
  endfacet
  facet normal 2.53977e-06 0.115354 -0.993324
    outer loop
      vertex 2.31335 -43.0259 32.7819
      vertex 11.37 -21.2357 35.3124
      vertex 2.83945 -43.6218 32.7127
    endloop
  endfacet
  facet normal -1.25993e-05 0.11536 -0.993324
    outer loop
      vertex 1.71344 -42.5033 32.8426
      vertex 11.37 -21.2357 35.3124
      vertex 2.31335 -43.0259 32.7819
    endloop
  endfacet
  facet normal -7.83434e-05 0.11539 -0.99332
    outer loop
      vertex 1.05 -42.063 32.8938
      vertex 11.37 -21.2357 35.3124
      vertex 1.71344 -42.5033 32.8426
    endloop
  endfacet
  facet normal 1.55545e-05 0.115344 -0.993326
    outer loop
      vertex 0.334369 -41.7124 32.9345
      vertex 11.37 -21.2357 35.3124
      vertex 1.05 -42.063 32.8938
    endloop
  endfacet
  facet normal 0.000103805 0.115297 -0.993331
    outer loop
      vertex -0.211322 -41.5284 32.9558
      vertex 11.37 -21.2357 35.3124
      vertex 0.334369 -41.7124 32.9345
    endloop
  endfacet
  facet normal -0.000309417 0.115529 -0.993304
    outer loop
      vertex -0.421204 -41.4576 32.9641
      vertex 11.37 -21.2357 35.3124
      vertex -0.211322 -41.5284 32.9558
    endloop
  endfacet
  facet normal 6.05156e-05 0.115317 -0.993329
    outer loop
      vertex -1.20379 -41.303 32.982
      vertex 11.37 -21.2357 35.3124
      vertex -0.421204 -41.4576 32.9641
    endloop
  endfacet
  facet normal -0.000119699 0.115428 -0.993316
    outer loop
      vertex -1.42496 -41.2886 32.9837
      vertex 11.37 -21.2357 35.3124
      vertex -1.20379 -41.303 32.982
    endloop
  endfacet
  facet normal 7.7404e-05 0.115395 -0.99332
    outer loop
      vertex -12.63 -21.2357 35.3124
      vertex -1.42496 -41.2886 32.9837
      vertex -2 -41.2512 32.988
    endloop
  endfacet
  facet normal -7.22359e-05 0.115317 -0.993329
    outer loop
      vertex -12.63 -21.2357 35.3124
      vertex -2 -41.2512 32.988
      vertex -2.57504 -41.2886 32.9837
    endloop
  endfacet
  facet normal 0.00012073 0.115412 -0.993318
    outer loop
      vertex -12.63 -21.2357 35.3124
      vertex -2.57504 -41.2886 32.9837
      vertex -2.79621 -41.303 32.982
    endloop
  endfacet
  facet normal -6.20035e-05 0.115324 -0.993328
    outer loop
      vertex -12.63 -21.2357 35.3124
      vertex -2.79621 -41.303 32.982
      vertex -3.5788 -41.4576 32.9641
    endloop
  endfacet
  facet normal 0.000321708 0.115493 -0.993308
    outer loop
      vertex -12.63 -21.2357 35.3124
      vertex -3.5788 -41.4576 32.9641
      vertex -3.78868 -41.5284 32.9558
    endloop
  endfacet
  facet normal -0.000107925 0.115309 -0.99333
    outer loop
      vertex -12.63 -21.2357 35.3124
      vertex -3.78868 -41.5284 32.9558
      vertex -4.33437 -41.7124 32.9345
    endloop
  endfacet
  facet normal -1.64054e-05 0.115345 -0.993325
    outer loop
      vertex -12.63 -21.2357 35.3124
      vertex -4.33437 -41.7124 32.9345
      vertex -5.05 -42.063 32.8938
    endloop
  endfacet
  facet normal 8.38529e-05 0.115381 -0.993321
    outer loop
      vertex -12.63 -21.2357 35.3124
      vertex -5.05 -42.063 32.8938
      vertex -5.71344 -42.5033 32.8426
    endloop
  endfacet
  facet normal 1.37012e-05 0.115359 -0.993324
    outer loop
      vertex -12.63 -21.2357 35.3124
      vertex -5.71344 -42.5033 32.8426
      vertex -6.31335 -43.0259 32.7819
    endloop
  endfacet
  facet normal -2.81209e-06 0.115354 -0.993324
    outer loop
      vertex -12.63 -21.2357 35.3124
      vertex -6.31335 -43.0259 32.7819
      vertex -6.83945 -43.6218 32.7127
    endloop
  endfacet
  facet normal 0.000220808 0.115404 -0.993319
    outer loop
      vertex -12.63 -21.2357 35.3124
      vertex -7.15962 -44.0977 32.6575
      vertex -7.28275 -44.2808 32.6362
    endloop
  endfacet
  facet normal 2.22115e-05 0.115358 -0.993324
    outer loop
      vertex -12.63 -21.2357 35.3124
      vertex -7.93539 -45.9581 32.4414
      vertex -8.04781 -46.5195 32.3762
    endloop
  endfacet
  facet normal 0 0.115353 -0.993325
    outer loop
      vertex -1.42496 -41.2886 32.9837
      vertex -12.63 -21.2357 35.3124
      vertex 11.37 -21.2357 35.3124
    endloop
  endfacet
  facet normal -0.000148604 0.115317 -0.993329
    outer loop
      vertex -7.15962 -44.0977 32.6575
      vertex -12.63 -21.2357 35.3124
      vertex -6.83945 -43.6218 32.7127
    endloop
  endfacet
  facet normal -0.000107357 0.115329 -0.993327
    outer loop
      vertex -7.63566 -44.9917 32.5537
      vertex -12.63 -21.2357 35.3124
      vertex -7.28275 -44.2808 32.6362
    endloop
  endfacet
  facet normal 0.000112929 0.115375 -0.993322
    outer loop
      vertex -7.89215 -45.7422 32.4665
      vertex -12.63 -21.2357 35.3124
      vertex -7.63566 -44.9917 32.5537
    endloop
  endfacet
  facet normal 0.000325932 0.115415 -0.993317
    outer loop
      vertex -7.93539 -45.9581 32.4414
      vertex -12.63 -21.2357 35.3124
      vertex -7.89215 -45.7422 32.4665
    endloop
  endfacet
  facet normal -0.000238655 0.115312 -0.993329
    outer loop
      vertex -12.63 -21.2357 35.3124
      vertex -8.04781 -46.5195 32.3762
      vertex -8.1 -47.3104 32.2844
    endloop
  endfacet
  facet normal 1.81601e-05 0.11547 -0.993311
    outer loop
      vertex 4.04781 15.0666 39.5282
      vertex 29.125 11.2957 39.0903
      vertex 4.0855 14.4954 39.4618
    endloop
  endfacet
  facet normal -1.2846e-05 0.115267 -0.993335
    outer loop
      vertex 3.89215 15.8439 39.6184
      vertex 29.125 11.2957 39.0903
      vertex 4.04781 15.0666 39.5282
    endloop
  endfacet
  facet normal 1.18025e-05 0.115402 -0.993319
    outer loop
      vertex 3.63566 16.5945 39.7056
      vertex 29.125 11.2957 39.0903
      vertex 3.89215 15.8439 39.6184
    endloop
  endfacet
  facet normal -1.24865e-05 0.115286 -0.993332
    outer loop
      vertex 3.28275 17.3053 39.7881
      vertex 29.125 11.2957 39.0903
      vertex 3.63566 16.5945 39.7056
    endloop
  endfacet
  facet normal 4.04292e-06 0.115356 -0.993324
    outer loop
      vertex 29.125 11.2957 39.0903
      vertex 3.28275 17.3053 39.7881
      vertex 11.37 40.3504 42.4644
    endloop
  endfacet
  facet normal -4.20441e-05 0.115372 -0.993322
    outer loop
      vertex 2.96259 17.7813 39.8434
      vertex 11.37 40.3504 42.4644
      vertex 3.28275 17.3053 39.7881
    endloop
  endfacet
  facet normal -0.000248191 0.115448 -0.993313
    outer loop
      vertex 2.83945 17.9643 39.8647
      vertex 11.37 40.3504 42.4644
      vertex 2.96259 17.7813 39.8434
    endloop
  endfacet
  facet normal 0.000147849 0.115299 -0.993331
    outer loop
      vertex 2.69331 18.1299 39.8839
      vertex 11.37 40.3504 42.4644
      vertex 2.83945 17.9643 39.8647
    endloop
  endfacet
  facet normal -5.18708e-05 0.115376 -0.993322
    outer loop
      vertex 2.31335 18.5602 39.9339
      vertex 11.37 40.3504 42.4644
      vertex 2.69331 18.1299 39.8839
    endloop
  endfacet
  facet normal -1.25993e-05 0.11536 -0.993324
    outer loop
      vertex 1.71344 19.0828 39.9946
      vertex 11.37 40.3504 42.4644
      vertex 2.31335 18.5602 39.9339
    endloop
  endfacet
  facet normal 1.1027e-05 0.11535 -0.993325
    outer loop
      vertex 1.52915 19.2051 40.0088
      vertex 11.37 40.3504 42.4644
      vertex 1.71344 19.0828 39.9946
    endloop
  endfacet
  facet normal 6.47723e-05 0.115325 -0.993328
    outer loop
      vertex 1.05 19.5232 40.0457
      vertex 11.37 40.3504 42.4644
      vertex 1.52915 19.2051 40.0088
    endloop
  endfacet
  facet normal -1.08946e-05 0.115362 -0.993324
    outer loop
      vertex 0.533155 19.7763 40.0751
      vertex 11.37 40.3504 42.4644
      vertex 1.05 19.5232 40.0457
    endloop
  endfacet
  facet normal 4.44968e-05 0.115333 -0.993327
    outer loop
      vertex 0.334369 19.8737 40.0864
      vertex 11.37 40.3504 42.4644
      vertex 0.533155 19.7763 40.0751
    endloop
  endfacet
  facet normal -1.06441e-05 0.115362 -0.993323
    outer loop
      vertex -0.421204 20.1285 40.116
      vertex 11.37 40.3504 42.4644
      vertex 0.334369 19.8737 40.0864
    endloop
  endfacet
  facet normal -7.35884e-05 0.115399 -0.993319
    outer loop
      vertex -0.638589 20.1714 40.121
      vertex 11.37 40.3504 42.4644
      vertex -0.421204 20.1285 40.116
    endloop
  endfacet
  facet normal -4.43585e-05 0.115381 -0.993321
    outer loop
      vertex -1.20379 20.2831 40.134
      vertex 11.37 40.3504 42.4644
      vertex -0.638589 20.1714 40.121
    endloop
  endfacet
  facet normal 9.10223e-05 0.115298 -0.993331
    outer loop
      vertex -1.77883 20.3206 40.1383
      vertex 11.37 40.3504 42.4644
      vertex -1.20379 20.2831 40.134
    endloop
  endfacet
  facet normal -0.000128955 0.115288 -0.993332
    outer loop
      vertex -12.63 40.3504 42.4644
      vertex -1.77883 20.3206 40.1383
      vertex -2 20.335 40.14
    endloop
  endfacet
  facet normal 0.000120333 0.115418 -0.993317
    outer loop
      vertex -12.63 40.3504 42.4644
      vertex -2 20.335 40.14
      vertex -2.22117 20.3206 40.1383
    endloop
  endfacet
  facet normal -9.18075e-05 0.11531 -0.99333
    outer loop
      vertex -12.63 40.3504 42.4644
      vertex -2.22117 20.3206 40.1383
      vertex -2.79621 20.2831 40.134
    endloop
  endfacet
  facet normal 4.54499e-05 0.115376 -0.993322
    outer loop
      vertex -12.63 40.3504 42.4644
      vertex -2.79621 20.2831 40.134
      vertex -3.36141 20.1714 40.121
    endloop
  endfacet
  facet normal 7.53949e-05 0.11539 -0.99332
    outer loop
      vertex -12.63 40.3504 42.4644
      vertex -3.36141 20.1714 40.121
      vertex -3.5788 20.1285 40.116
    endloop
  endfacet
  facet normal 1.10667e-05 0.115361 -0.993324
    outer loop
      vertex -12.63 40.3504 42.4644
      vertex -3.5788 20.1285 40.116
      vertex -4.33437 19.8737 40.0864
    endloop
  endfacet
  facet normal -4.69322e-05 0.115338 -0.993326
    outer loop
      vertex -12.63 40.3504 42.4644
      vertex -4.33437 19.8737 40.0864
      vertex -4.53315 19.7763 40.0751
    endloop
  endfacet
  facet normal 1.14902e-05 0.115361 -0.993324
    outer loop
      vertex -12.63 40.3504 42.4644
      vertex -4.53315 19.7763 40.0751
      vertex -5.05 19.5232 40.0457
    endloop
  endfacet
  facet normal -6.93286e-05 0.115332 -0.993327
    outer loop
      vertex -12.63 40.3504 42.4644
      vertex -5.05 19.5232 40.0457
      vertex -5.52915 19.2051 40.0088
    endloop
  endfacet
  facet normal -1.18024e-05 0.115351 -0.993325
    outer loop
      vertex -12.63 40.3504 42.4644
      vertex -5.52915 19.2051 40.0088
      vertex -5.71344 19.0828 39.9946
    endloop
  endfacet
  facet normal 1.37012e-05 0.115359 -0.993324
    outer loop
      vertex -12.63 40.3504 42.4644
      vertex -5.71344 19.0828 39.9946
      vertex -6.31335 18.5602 39.9339
    endloop
  endfacet
  facet normal 5.74318e-05 0.115371 -0.993322
    outer loop
      vertex -12.63 40.3504 42.4644
      vertex -6.31335 18.5602 39.9339
      vertex -6.69331 18.1299 39.8839
    endloop
  endfacet
  facet normal -0.000163707 0.115313 -0.993329
    outer loop
      vertex -12.63 40.3504 42.4644
      vertex -6.69331 18.1299 39.8839
      vertex -6.83945 17.9643 39.8647
    endloop
  endfacet
  facet normal 0 0.115297 -0.993331
    outer loop
      vertex -8.06231 13.7045 39.37
      vertex -33.9 14.2757 39.4363
      vertex -8.1 14.2757 39.4363
    endloop
  endfacet
  facet normal 0 0.115293 -0.993331
    outer loop
      vertex -33.9 14.2757 39.4363
      vertex -8.0855 14.4954 39.4618
      vertex -8.1 14.2757 39.4363
    endloop
  endfacet
  facet normal 0 0.115357 -0.993324
    outer loop
      vertex -1.77883 20.3206 40.1383
      vertex -12.63 40.3504 42.4644
      vertex 11.37 40.3504 42.4644
    endloop
  endfacet
  facet normal 0.000280801 0.115427 -0.993316
    outer loop
      vertex -6.96259 17.7813 39.8434
      vertex -12.63 40.3504 42.4644
      vertex -6.83945 17.9643 39.8647
    endloop
  endfacet
  facet normal 4.757e-05 0.115369 -0.993323
    outer loop
      vertex -7.28275 17.3053 39.7881
      vertex -12.63 40.3504 42.4644
      vertex -6.96259 17.7813 39.8434
    endloop
  endfacet
  facet normal 0 0.115269 -0.993334
    outer loop
      vertex -8.04781 15.0666 39.5282
      vertex -33.9522 15.0666 39.5282
      vertex -7.89215 15.8439 39.6184
    endloop
  endfacet
  facet normal 0 0.115469 -0.993311
    outer loop
      vertex -33.9522 15.0666 39.5282
      vertex -8.04781 15.0666 39.5282
      vertex -33.9145 14.4954 39.4618
    endloop
  endfacet
  facet normal 0 0.115469 -0.993311
    outer loop
      vertex -8.0855 14.4954 39.4618
      vertex -33.9145 14.4954 39.4618
      vertex -8.04781 15.0666 39.5282
    endloop
  endfacet
  facet normal 0 0.115293 -0.993331
    outer loop
      vertex -33.9145 14.4954 39.4618
      vertex -8.0855 14.4954 39.4618
      vertex -33.9 14.2757 39.4363
    endloop
  endfacet
  facet normal 4.71635e-05 0.115351 -0.993325
    outer loop
      vertex 1.47224 -68.3193 29.8446
      vertex 2.83945 -50.9991 31.856
      vertex 1.57059 -68.5174 29.8216
    endloop
  endfacet
  facet normal -0.000146036 0.115366 -0.993323
    outer loop
      vertex 2.83945 -50.9991 31.856
      vertex 1.47224 -68.3193 29.8446
      vertex 2.69331 -51.1646 31.8368
    endloop
  endfacet
  facet normal 4.84218e-05 0.115353 -0.993325
    outer loop
      vertex 2.69331 -51.1646 31.8368
      vertex 1.47224 -68.3193 29.8446
      vertex 2.31335 -51.595 31.7868
    endloop
  endfacet
  facet normal -0.000927017 0.115401 -0.993319
    outer loop
      vertex 1.38302 -68.1866 29.8601
      vertex 2.31335 -51.595 31.7868
      vertex 1.47224 -68.3193 29.8446
    endloop
  endfacet
  facet normal 0.000597829 0.115317 -0.993329
    outer loop
      vertex 1.3487 -68.1356 29.866
      vertex 2.31335 -51.595 31.7868
      vertex 1.38302 -68.1866 29.8601
    endloop
  endfacet
  facet normal 0.00122229 0.115281 -0.993332
    outer loop
      vertex 1.30797 -68.0895 29.8713
      vertex 2.31335 -51.595 31.7868
      vertex 1.3487 -68.1356 29.866
    endloop
  endfacet
  facet normal -0.000565484 0.115388 -0.99332
    outer loop
      vertex 1.20208 -67.9695 29.8853
      vertex 2.31335 -51.595 31.7868
      vertex 1.30797 -68.0895 29.8713
    endloop
  endfacet
  facet normal -6.29475e-05 0.115355 -0.993324
    outer loop
      vertex 2.31335 -51.595 31.7868
      vertex 1.20208 -67.9695 29.8853
      vertex 1.88009 -51.9724 31.743
    endloop
  endfacet
  facet normal 0.000237144 0.115342 -0.993326
    outer loop
      vertex 1.88009 -51.9724 31.743
      vertex 1.20208 -67.9695 29.8853
      vertex 1.71344 -52.1176 31.7261
    endloop
  endfacet
  facet normal 0.000130723 0.115346 -0.993325
    outer loop
      vertex 1.08133 -67.8643 29.8975
      vertex 1.71344 -52.1176 31.7261
      vertex 1.20208 -67.9695 29.8853
    endloop
  endfacet
  facet normal -0.000175942 0.115358 -0.993324
    outer loop
      vertex 1.03489 -67.8239 29.9022
      vertex 1.71344 -52.1176 31.7261
      vertex 1.08133 -67.8643 29.8975
    endloop
  endfacet
  facet normal -4.62479e-05 0.115352 -0.993325
    outer loop
      vertex 1.71344 -52.1176 31.7261
      vertex 1.03489 -67.8239 29.9022
      vertex 1.05 -52.5579 31.675
    endloop
  endfacet
  facet normal 0.00115864 0.115351 -0.993324
    outer loop
      vertex 0.983534 -67.7898 29.9061
      vertex 1.05 -52.5579 31.675
      vertex 1.03489 -67.8239 29.9022
    endloop
  endfacet
  facet normal -7.98748e-05 0.115356 -0.993324
    outer loop
      vertex 0.849999 -67.7012 29.9164
      vertex 1.05 -52.5579 31.675
      vertex 0.983534 -67.7898 29.9061
    endloop
  endfacet
  facet normal -8.09924e-06 0.115355 -0.993324
    outer loop
      vertex 0.705961 -67.6306 29.9246
      vertex 1.05 -52.5579 31.675
      vertex 0.849999 -67.7012 29.9164
    endloop
  endfacet
  facet normal -0.000953148 0.115344 -0.993325
    outer loop
      vertex 0.533155 -52.8111 31.6456
      vertex 0.705961 -67.6306 29.9246
      vertex 0.650561 -67.6035 29.9278
    endloop
  endfacet
  facet normal -1.14086e-05 0.115352 -0.993325
    outer loop
      vertex 0.334369 -52.9085 31.6343
      vertex 0.650561 -67.6035 29.9278
      vertex 0.59207 -67.5837 29.9301
    endloop
  endfacet
  facet normal -8.23994e-06 0.115355 -0.993324
    outer loop
      vertex 0.705961 -67.6306 29.9246
      vertex 0.533155 -52.8111 31.6456
      vertex 1.05 -52.5579 31.675
    endloop
  endfacet
  facet normal 0.000300588 0.115358 -0.993324
    outer loop
      vertex 0.334369 -52.9085 31.6343
      vertex 0.59207 -67.5837 29.9301
      vertex 0.439992 -67.5325 29.936
    endloop
  endfacet
  facet normal -5.37049e-05 0.115352 -0.993325
    outer loop
      vertex 0.650561 -67.6035 29.9278
      vertex 0.334369 -52.9085 31.6343
      vertex 0.533155 -52.8111 31.6456
    endloop
  endfacet
  facet normal 2.40474e-05 0.115357 -0.993324
    outer loop
      vertex -0.421204 -53.1633 31.6047
      vertex 0.439992 -67.5325 29.936
      vertex 0.221894 -67.4894 29.941
    endloop
  endfacet
  facet normal -7.23067e-05 0.115352 -0.993325
    outer loop
      vertex -0.421204 -53.1633 31.6047
      vertex 0.221894 -67.4894 29.941
      vertex 0 -67.4749 29.9427
    endloop
  endfacet
  facet normal 7.19803e-05 0.115357 -0.993324
    outer loop
      vertex -1.20379 -53.3179 31.5867
      vertex 0 -67.4749 29.9427
      vertex -0.221894 -67.4894 29.941
    endloop
  endfacet
  facet normal 1.28744e-05 0.115356 -0.993324
    outer loop
      vertex 0.439992 -67.5325 29.936
      vertex -0.421204 -53.1633 31.6047
      vertex 0.334369 -52.9085 31.6343
    endloop
  endfacet
  facet normal -2.284e-05 0.11535 -0.993325
    outer loop
      vertex -2 -53.3697 31.5807
      vertex -0.221894 -67.4894 29.941
      vertex -0.439992 -67.5325 29.936
    endloop
  endfacet
  facet normal -0.000285777 0.115314 -0.993329
    outer loop
      vertex -2.57504 -53.3323 31.5851
      vertex -0.439992 -67.5325 29.936
      vertex -0.59207 -67.5837 29.9301
    endloop
  endfacet
  facet normal 1.04927e-05 0.115355 -0.993324
    outer loop
      vertex -2.57504 -53.3323 31.5851
      vertex -0.59207 -67.5837 29.9301
      vertex -0.650561 -67.6035 29.9278
    endloop
  endfacet
  facet normal 0.000889866 0.115472 -0.99331
    outer loop
      vertex -2.57504 -53.3323 31.5851
      vertex -0.650561 -67.6035 29.9278
      vertex -0.705961 -67.6306 29.9246
    endloop
  endfacet
  facet normal 6.69028e-06 0.115358 -0.993324
    outer loop
      vertex -2.57504 -53.3323 31.5851
      vertex -0.705961 -67.6306 29.9246
      vertex -0.849999 -67.7012 29.9164
    endloop
  endfacet
  facet normal 7.32913e-05 0.115366 -0.993323
    outer loop
      vertex -2.57504 -53.3323 31.5851
      vertex -0.849999 -67.7012 29.9164
      vertex -0.983534 -67.7898 29.9061
    endloop
  endfacet
  facet normal -0.00108422 0.11524 -0.993337
    outer loop
      vertex -2.57504 -53.3323 31.5851
      vertex -0.983534 -67.7898 29.9061
      vertex -1.03489 -67.8239 29.9022
    endloop
  endfacet
  facet normal 0.000163966 0.115371 -0.993322
    outer loop
      vertex -2.57504 -53.3323 31.5851
      vertex -1.03489 -67.8239 29.9022
      vertex -1.08133 -67.8643 29.8975
    endloop
  endfacet
  facet normal -0.000127353 0.115342 -0.993326
    outer loop
      vertex -2.57504 -53.3323 31.5851
      vertex -1.08133 -67.8643 29.8975
      vertex -1.20208 -67.9695 29.8853
    endloop
  endfacet
  facet normal 5.8514e-05 0.115356 -0.993324
    outer loop
      vertex 0 -67.4749 29.9427
      vertex -1.20379 -53.3179 31.5867
      vertex -0.421204 -53.1633 31.6047
    endloop
  endfacet
  facet normal 0.000547322 0.115404 -0.993318
    outer loop
      vertex -2.57504 -53.3323 31.5851
      vertex -1.20208 -67.9695 29.8853
      vertex -1.30797 -68.0895 29.8713
    endloop
  endfacet
  facet normal -0.00119449 0.115257 -0.993335
    outer loop
      vertex -2.57504 -53.3323 31.5851
      vertex -1.30797 -68.0895 29.8713
      vertex -1.3487 -68.1356 29.866
    endloop
  endfacet
  facet normal -0.000582549 0.115307 -0.99333
    outer loop
      vertex -2.57504 -53.3323 31.5851
      vertex -1.3487 -68.1356 29.866
      vertex -1.38302 -68.1866 29.8601
    endloop
  endfacet
  facet normal -0.000322968 0.11533 -0.993327
    outer loop
      vertex -0.221894 -67.4894 29.941
      vertex -1.42496 -53.3323 31.5851
      vertex -1.20379 -53.3179 31.5867
    endloop
  endfacet
  facet normal 0.000893326 0.115423 -0.993316
    outer loop
      vertex -2.57504 -53.3323 31.5851
      vertex -1.38302 -68.1866 29.8601
      vertex -1.47224 -68.3193 29.8446
    endloop
  endfacet
  facet normal -5.4026e-05 0.115355 -0.993324
    outer loop
      vertex -2.57504 -53.3323 31.5851
      vertex -1.47224 -68.3193 29.8446
      vertex -1.57059 -68.5174 29.8216
    endloop
  endfacet
  facet normal 0.000191754 0.115371 -0.993322
    outer loop
      vertex -2.57504 -53.3323 31.5851
      vertex -1.57059 -68.5174 29.8216
      vertex -1.64207 -68.7265 29.7973
    endloop
  endfacet
  facet normal -0.00182709 0.11525 -0.993335
    outer loop
      vertex -2.57504 -53.3323 31.5851
      vertex -1.64207 -68.7265 29.7973
      vertex -1.6734 -68.883 29.7792
    endloop
  endfacet
  facet normal 0.000573925 0.115387 -0.99332
    outer loop
      vertex -2.57504 -53.3323 31.5851
      vertex -1.6734 -68.883 29.7792
      vertex -1.68546 -68.9432 29.7722
    endloop
  endfacet
  facet normal 1.11754e-05 0.115376 -0.993322
    outer loop
      vertex -36.1199 -51.9724 31.743
      vertex -1.68546 -68.9432 29.7722
      vertex -1.7 -69.1636 29.7466
    endloop
  endfacet
  facet normal 9.73071e-05 0.115365 -0.993323
    outer loop
      vertex -0.221894 -67.4894 29.941
      vertex -2 -53.3697 31.5807
      vertex -1.42496 -53.3323 31.5851
    endloop
  endfacet
  facet normal 0 0.993325 0.115345
    outer loop
      vertex 110 77.8691 46.8214
      vertex -110 77.5 50
      vertex 110 77.5 50
    endloop
  endfacet
  facet normal 0 0.993325 0.115345
    outer loop
      vertex -110 77.5 50
      vertex 110 77.8691 46.8214
      vertex -110 77.8691 46.8214
    endloop
  endfacet
  facet normal -0.000340816 -0.115623 0.993293
    outer loop
      vertex -101.358 69.0957 49.024
      vertex -88.63 53.3912 47.2003
      vertex -101.346 69.1558 49.031
    endloop
  endfacet
  facet normal -2.66387e-05 -0.115372 0.993322
    outer loop
      vertex -101.429 68.8865 48.9997
      vertex -88.63 53.3912 47.2003
      vertex -101.358 69.0957 49.024
    endloop
  endfacet
  facet normal 8.44609e-05 -0.115371 0.993322
    outer loop
      vertex -88.63 -8.19493 40.0483
      vertex -101.315 -69.3123 32.9508
      vertex -101.3 -69.5327 32.9252
    endloop
  endfacet
  facet normal -0.000177149 -0.115495 0.993308
    outer loop
      vertex -101.457 68.8315 48.9933
      vertex -88.63 53.3912 47.2003
      vertex -101.429 68.8865 48.9997
    endloop
  endfacet
  facet normal 0.000403841 -0.115436 0.993315
    outer loop
      vertex -88.63 -8.19493 40.0483
      vertex -101.346 -69.1558 32.969
      vertex -101.315 -69.3123 32.9508
    endloop
  endfacet
  facet normal 9.12491e-05 -0.115275 0.993334
    outer loop
      vertex -101.528 68.6884 48.9767
      vertex -88.63 53.3912 47.2003
      vertex -101.457 68.8315 48.9933
    endloop
  endfacet
  facet normal 0.000836846 -0.115526 0.993304
    outer loop
      vertex -88.63 -8.19493 40.0483
      vertex -101.358 -69.0957 32.976
      vertex -101.346 -69.1558 32.969
    endloop
  endfacet
  facet normal 4.89389e-05 -0.11531 0.99333
    outer loop
      vertex -101.617 68.5557 48.9613
      vertex -88.63 53.3912 47.2003
      vertex -101.528 68.6884 48.9767
    endloop
  endfacet
  facet normal 5.16877e-05 -0.115364 0.993323
    outer loop
      vertex -88.63 -8.19493 40.0483
      vertex -101.429 -68.8865 33.0003
      vertex -101.358 -69.0957 32.976
    endloop
  endfacet
  facet normal 0.000287103 -0.115109 0.993353
    outer loop
      vertex -101.651 68.5047 48.9554
      vertex -88.63 53.3912 47.2003
      vertex -101.617 68.5557 48.9613
    endloop
  endfacet
  facet normal -0.000572216 -0.115839 0.993268
    outer loop
      vertex -101.692 68.4586 48.95
      vertex -88.63 53.3912 47.2003
      vertex -101.651 68.5047 48.9554
    endloop
  endfacet
  facet normal -3.5191e-05 -0.115346 0.993325
    outer loop
      vertex -88.63 -8.19493 40.0483
      vertex -101.528 -68.6884 33.0233
      vertex -101.429 -68.8865 33.0003
    endloop
  endfacet
  facet normal -0.000498951 -0.115248 0.993337
    outer loop
      vertex -88.63 -8.19493 40.0483
      vertex -101.562 -68.6374 33.0292
      vertex -101.528 -68.6884 33.0233
    endloop
  endfacet
  facet normal 0.000110589 -0.115255 0.993336
    outer loop
      vertex -101.798 68.3387 48.9361
      vertex -88.63 53.3912 47.2003
      vertex -101.692 68.4586 48.95
    endloop
  endfacet
  facet normal 7.6713e-05 -0.115285 0.993333
    outer loop
      vertex -101.919 68.2335 48.9239
      vertex -88.63 53.3912 47.2003
      vertex -101.798 68.3387 48.9361
    endloop
  endfacet
  facet normal -8.68712e-05 -0.115335 0.993327
    outer loop
      vertex -88.63 -8.19493 40.0483
      vertex -101.651 -68.5047 33.0446
      vertex -101.562 -68.6374 33.0292
    endloop
  endfacet
  facet normal 3.82297e-05 -0.115319 0.993329
    outer loop
      vertex -101.965 68.193 48.9192
      vertex -88.63 53.3912 47.2003
      vertex -101.919 68.2335 48.9239
    endloop
  endfacet
  facet normal -0.000179561 -0.115315 0.993329
    outer loop
      vertex -88.63 -8.19493 40.0483
      vertex -101.757 -68.3848 33.0585
      vertex -101.651 -68.5047 33.0446
    endloop
  endfacet
  facet normal -0.000486703 -0.115785 0.993274
    outer loop
      vertex -102.016 68.1589 48.9152
      vertex -88.63 53.3912 47.2003
      vertex -101.965 68.193 48.9192
    endloop
  endfacet
  facet normal 0.000903627 -0.115548 0.993301
    outer loop
      vertex -88.63 -8.19493 40.0483
      vertex -101.798 -68.3387 33.0639
      vertex -101.757 -68.3848 33.0585
    endloop
  endfacet
  facet normal -5.79397e-05 -0.115341 0.993326
    outer loop
      vertex -88.63 -8.19493 40.0483
      vertex -101.844 -68.2982 33.0686
      vertex -101.798 -68.3387 33.0639
    endloop
  endfacet
  facet normal -5.24676e-05 -0.115397 0.993319
    outer loop
      vertex -102.15 68.0703 48.9049
      vertex -88.63 53.3912 47.2003
      vertex -102.016 68.1589 48.9152
    endloop
  endfacet
  facet normal 0.000155858 -0.115208 0.993341
    outer loop
      vertex -102.349 67.9726 48.8936
      vertex -88.63 53.3912 47.2003
      vertex -102.15 68.0703 48.9049
    endloop
  endfacet
  facet normal -0.00011519 -0.115328 0.993327
    outer loop
      vertex -88.63 -8.19493 40.0483
      vertex -101.965 -68.193 33.0808
      vertex -101.844 -68.2982 33.0686
    endloop
  endfacet
  facet normal -0.000196497 -0.115535 0.993303
    outer loop
      vertex -102.56 67.9016 48.8853
      vertex -88.63 53.3912 47.2003
      vertex -102.349 67.9726 48.8936
    endloop
  endfacet
  facet normal 7.10553e-05 -0.115369 0.993323
    outer loop
      vertex -88.63 -8.19493 40.0483
      vertex -102.099 -68.1044 33.0911
      vertex -101.965 -68.193 33.0808
    endloop
  endfacet
  facet normal 6.05139e-05 -0.115291 0.993332
    outer loop
      vertex -102.718 67.8705 48.8817
      vertex -88.63 53.3912 47.2003
      vertex -102.56 67.9016 48.8853
    endloop
  endfacet
  facet normal 0.000677534 -0.115504 0.993307
    outer loop
      vertex -88.63 -8.19493 40.0483
      vertex -102.15 -68.0703 33.0951
      vertex -102.099 -68.1044 33.0911
    endloop
  endfacet
  facet normal -0.000764937 -0.115182 0.993344
    outer loop
      vertex -88.63 -8.19493 40.0483
      vertex -102.205 -68.0432 33.0982
      vertex -102.15 -68.0703 33.0951
    endloop
  endfacet
  facet normal -9.01801e-05 -0.115436 0.993315
    outer loop
      vertex -102.778 67.8585 48.8803
      vertex -88.63 53.3912 47.2003
      vertex -102.718 67.8705 48.8817
    endloop
  endfacet
  facet normal 8.16873e-06 -0.115355 0.993324
    outer loop
      vertex -88.63 -8.19493 40.0483
      vertex -102.349 -67.9726 33.1064
      vertex -102.205 -68.0432 33.0982
    endloop
  endfacet
  facet normal 0.000256811 -0.115412 0.993318
    outer loop
      vertex -88.63 -8.19493 40.0483
      vertex -102.502 -67.9213 33.1124
      vertex -102.349 -67.9726 33.1064
    endloop
  endfacet
  facet normal 0.000972092 -0.114411 0.993433
    outer loop
      vertex -102.84 67.8545 48.8799
      vertex -88.63 53.3912 47.2003
      vertex -102.778 67.8585 48.8803
    endloop
  endfacet
  facet normal 0.000194927 -0.115397 0.993319
    outer loop
      vertex -88.63 -8.19493 40.0483
      vertex -102.56 -67.9016 33.1147
      vertex -102.502 -67.9213 33.1124
    endloop
  endfacet
  facet normal 4.51412e-05 -0.115309 0.99333
    outer loop
      vertex -103 67.8441 48.8787
      vertex -88.63 53.3912 47.2003
      vertex -102.84 67.8545 48.8799
    endloop
  endfacet
  facet normal -5.13785e-05 -0.115404 0.993319
    outer loop
      vertex -103.16 67.8545 48.8799
      vertex -88.63 53.3912 47.2003
      vertex -103 67.8441 48.8787
    endloop
  endfacet
  facet normal -2.2236e-05 -0.115347 0.993325
    outer loop
      vertex -88.63 -8.19493 40.0483
      vertex -102.778 -67.8585 33.1197
      vertex -102.56 -67.9016 33.1147
    endloop
  endfacet
  facet normal -0.00110509 -0.116448 0.993196
    outer loop
      vertex -103.222 67.8585 48.8803
      vertex -88.63 53.3912 47.2003
      vertex -103.16 67.8545 48.8799
    endloop
  endfacet
  facet normal 0.000135067 -0.115214 0.993341
    outer loop
      vertex -103.282 67.8705 48.8817
      vertex -88.63 53.3912 47.2003
      vertex -103.222 67.8585 48.8803
    endloop
  endfacet
  facet normal -0.000318342 -0.115278 0.993333
    outer loop
      vertex -88.63 -8.19493 40.0483
      vertex -103 -67.8441 33.1213
      vertex -102.778 -67.8585 33.1197
    endloop
  endfacet
  facet normal -9.00355e-05 -0.115439 0.993315
    outer loop
      vertex -103.44 67.9016 48.8853
      vertex -88.63 53.3912 47.2003
      vertex -103.282 67.8705 48.8817
    endloop
  endfacet
  facet normal -6.82431e-06 -0.115355 0.993324
    outer loop
      vertex -88.63 53.3912 47.2003
      vertex -103.44 67.9016 48.8853
      vertex -88.63 39.9813 45.643
    endloop
  endfacet
  facet normal 0.000328443 -0.115432 0.993315
    outer loop
      vertex -88.63 -8.19493 40.0483
      vertex -103.222 -67.8585 33.1197
      vertex -103 -67.8441 33.1213
    endloop
  endfacet
  facet normal 0.000315098 -0.115187 0.993344
    outer loop
      vertex -103.651 67.9726 48.8936
      vertex -88.63 39.9813 45.643
      vertex -103.44 67.9016 48.8853
    endloop
  endfacet
  facet normal -0.000310367 -0.115518 0.993305
    outer loop
      vertex -103.85 68.0703 48.9049
      vertex -88.63 39.9813 45.643
      vertex -103.651 67.9726 48.8936
    endloop
  endfacet
  facet normal 2.44612e-05 -0.115359 0.993324
    outer loop
      vertex -88.63 -8.19493 40.0483
      vertex -103.44 -67.9016 33.1147
      vertex -103.222 -67.8585 33.1197
    endloop
  endfacet
  facet normal -0.000229731 -0.115296 0.993331
    outer loop
      vertex -88.63 -8.19493 40.0483
      vertex -103.498 -67.9213 33.1124
      vertex -103.44 -67.9016 33.1147
    endloop
  endfacet
  facet normal 0.000128456 -0.115283 0.993333
    outer loop
      vertex -103.984 68.1589 48.9152
      vertex -88.63 39.9813 45.643
      vertex -103.85 68.0703 48.9049
    endloop
  endfacet
  facet normal -0.000302024 -0.115279 0.993333
    outer loop
      vertex -88.63 -8.19493 40.0483
      vertex -103.651 -67.9726 33.1064
      vertex -103.498 -67.9213 33.1124
    endloop
  endfacet
  facet normal -1.03648e-05 -0.115351 0.993325
    outer loop
      vertex -88.63 -8.19493 40.0483
      vertex -103.795 -68.0432 33.0982
      vertex -103.651 -67.9726 33.1064
    endloop
  endfacet
  facet normal 0.00122709 -0.114693 0.9934
    outer loop
      vertex -104.035 68.193 48.9192
      vertex -88.63 39.9813 45.643
      vertex -103.984 68.1589 48.9152
    endloop
  endfacet
  facet normal 0.000971707 -0.115596 0.993296
    outer loop
      vertex -88.63 -8.19493 40.0483
      vertex -103.85 -68.0703 33.0951
      vertex -103.795 -68.0432 33.0982
    endloop
  endfacet
  facet normal -0.000939549 -0.115117 0.993351
    outer loop
      vertex -88.63 -8.19493 40.0483
      vertex -103.901 -68.1044 33.0911
      vertex -103.85 -68.0703 33.0951
    endloop
  endfacet
  facet normal -0.000134307 -0.115426 0.993316
    outer loop
      vertex -104.081 68.2335 48.9239
      vertex -88.63 39.9813 45.643
      vertex -104.035 68.193 48.9192
    endloop
  endfacet
  facet normal -0.000262493 -0.115495 0.993308
    outer loop
      vertex -104.202 68.3387 48.9361
      vertex -88.63 39.9813 45.643
      vertex -104.081 68.2335 48.9239
    endloop
  endfacet
  facet normal -9.81623e-05 -0.115329 0.993327
    outer loop
      vertex -88.63 -8.19493 40.0483
      vertex -104.035 -68.193 33.0808
      vertex -103.901 -68.1044 33.0911
    endloop
  endfacet
  facet normal -0.000588601 -0.115672 0.993287
    outer loop
      vertex -104.308 68.4586 48.95
      vertex -88.63 39.9813 45.643
      vertex -104.202 68.3387 48.9361
    endloop
  endfacet
  facet normal 0.000176947 -0.115398 0.993319
    outer loop
      vertex -88.63 -8.19493 40.0483
      vertex -104.156 -68.2982 33.0686
      vertex -104.035 -68.193 33.0808
    endloop
  endfacet
  facet normal 0.00295881 -0.113744 0.993506
    outer loop
      vertex -104.349 68.5047 48.9554
      vertex -88.63 39.9813 45.643
      vertex -104.308 68.4586 48.95
    endloop
  endfacet
  facet normal 8.95132e-05 -0.115376 0.993322
    outer loop
      vertex -88.63 -8.19493 40.0483
      vertex -104.202 -68.3387 33.0639
      vertex -104.156 -68.2982 33.0686
    endloop
  endfacet
  facet normal -0.00158864 -0.114947 0.99337
    outer loop
      vertex -88.63 -8.19493 40.0483
      vertex -104.243 -68.3848 33.0585
      vertex -104.202 -68.3387 33.0639
    endloop
  endfacet
  facet normal -1.20903e-06 -0.115355 0.993324
    outer loop
      vertex -88.63 39.9813 45.643
      vertex -104.349 68.5047 48.9554
      vertex -88.63 -8.19493 40.0483
    endloop
  endfacet
  facet normal -0.000953795 -0.115547 0.993302
    outer loop
      vertex -104.383 68.5557 48.9613
      vertex -88.63 -8.19493 40.0483
      vertex -104.349 68.5047 48.9554
    endloop
  endfacet
  facet normal 0.000316809 -0.115435 0.993315
    outer loop
      vertex -88.63 -8.19493 40.0483
      vertex -104.349 -68.5047 33.0446
      vertex -104.243 -68.3848 33.0585
    endloop
  endfacet
  facet normal -0.000166671 -0.115388 0.99332
    outer loop
      vertex -104.472 68.6884 48.9767
      vertex -88.63 -8.19493 40.0483
      vertex -104.383 68.5557 48.9613
    endloop
  endfacet
  facet normal 0.000187828 -0.115402 0.993319
    outer loop
      vertex -88.63 -8.19493 40.0483
      vertex -104.438 -68.6374 33.0292
      vertex -104.349 -68.5047 33.0446
    endloop
  endfacet
  facet normal 4.25338e-06 -0.115353 0.993325
    outer loop
      vertex -110 77.5 50
      vertex -88.63 -8.19493 40.0483
      vertex -104.472 68.6884 48.9767
    endloop
  endfacet
  facet normal 0.00108451 -0.115633 0.993291
    outer loop
      vertex -88.63 -8.19493 40.0483
      vertex -104.472 -68.6884 33.0233
      vertex -104.438 -68.6374 33.0292
    endloop
  endfacet
  facet normal 0.000970796 -0.114755 0.993393
    outer loop
      vertex -110 77.5 50
      vertex -104.472 68.6884 48.9767
      vertex -104.543 68.8315 48.9933
    endloop
  endfacet
  facet normal -0.00190102 -0.116538 0.993184
    outer loop
      vertex -110 77.5 50
      vertex -104.543 68.8315 48.9933
      vertex -104.571 68.8865 48.9997
    endloop
  endfacet
  facet normal 1.42745e-06 -0.115354 0.993324
    outer loop
      vertex -110 -77.5 32
      vertex -88.63 -8.19493 40.0483
      vertex -110 77.5 50
    endloop
  endfacet
  facet normal -8.58229e-05 -0.11541 0.993318
    outer loop
      vertex -110 77.5 50
      vertex -104.571 68.8865 48.9997
      vertex -104.642 69.0957 49.024
    endloop
  endfacet
  facet normal -7.5353e-06 -0.115351 0.993325
    outer loop
      vertex -88.63 -8.19493 40.0483
      vertex -110 -77.5 32
      vertex -104.472 -68.6884 33.0233
    endloop
  endfacet
  facet normal -0.000774712 -0.115843 0.993267
    outer loop
      vertex -110 77.5 50
      vertex -104.642 69.0957 49.024
      vertex -104.654 69.1558 49.031
    endloop
  endfacet
  facet normal -0.000218202 -0.115221 0.99334
    outer loop
      vertex -104.472 -68.6884 33.0233
      vertex -110 -77.5 32
      vertex -104.571 -68.8865 33.0003
    endloop
  endfacet
  facet normal -0.000371108 -0.115588 0.993297
    outer loop
      vertex -110 77.5 50
      vertex -104.654 69.1558 49.031
      vertex -104.685 69.3123 49.0492
    endloop
  endfacet
  facet normal 8.58229e-05 -0.11541 0.993318
    outer loop
      vertex -104.571 -68.8865 33.0003
      vertex -110 -77.5 32
      vertex -104.642 -69.0957 32.976
    endloop
  endfacet
  facet normal -0.000138063 -0.115439 0.993315
    outer loop
      vertex -110 77.5 50
      vertex -104.685 69.3123 49.0492
      vertex -104.696 69.4715 49.0677
    endloop
  endfacet
  facet normal 0.000184784 -0.115228 0.993339
    outer loop
      vertex -110 77.5 50
      vertex -104.696 69.4715 49.0677
      vertex -104.7 69.5327 49.0748
    endloop
  endfacet
  facet normal 0.000774712 -0.115843 0.993267
    outer loop
      vertex -104.642 -69.0957 32.976
      vertex -110 -77.5 32
      vertex -104.654 -69.1558 32.969
    endloop
  endfacet
  facet normal 0 -0.11542 0.993317
    outer loop
      vertex -46.0478 -46.8887 35.5549
      vertex -71.9522 -46.8887 35.5549
      vertex -71.9 -47.6796 35.463
    endloop
  endfacet
  facet normal -2.85597e-05 -0.114979 0.993368
    outer loop
      vertex -45.2828 -44.6499 35.8148
      vertex -71.9954 -46.6727 35.5799
      vertex -71.9522 -46.8887 35.5549
    endloop
  endfacet
  facet normal 8.93897e-07 -0.115363 0.993323
    outer loop
      vertex -45.2828 -44.6499 35.8148
      vertex -72.1078 -46.1113 35.6451
      vertex -71.9954 -46.6727 35.5799
    endloop
  endfacet
  facet normal 3.59555e-06 -0.115412 0.993318
    outer loop
      vertex -45.2828 -44.6499 35.8148
      vertex -72.3643 -45.3608 35.7323
      vertex -72.1078 -46.1113 35.6451
    endloop
  endfacet
  facet normal 0 -0.115276 0.993333
    outer loop
      vertex -45.2828 -44.6499 35.8148
      vertex -72.7172 -44.6499 35.8148
      vertex -72.3643 -45.3608 35.7323
    endloop
  endfacet
  facet normal 6.5721e-05 -0.115381 0.993321
    outer loop
      vertex -64.63 -21.6048 38.4911
      vertex -73.0374 -44.174 35.8701
      vertex -72.7172 -44.6499 35.8148
    endloop
  endfacet
  facet normal 0.000188386 -0.115426 0.993316
    outer loop
      vertex -64.63 -21.6048 38.4911
      vertex -73.1605 -43.9909 35.8914
      vertex -73.0374 -44.174 35.8701
    endloop
  endfacet
  facet normal -2.53977e-06 -0.115354 0.993324
    outer loop
      vertex -64.63 -21.6048 38.4911
      vertex -73.6866 -43.395 35.9606
      vertex -73.1605 -43.9909 35.8914
    endloop
  endfacet
  facet normal 1.25979e-05 -0.11536 0.993324
    outer loop
      vertex -64.63 -21.6048 38.4911
      vertex -74.2866 -42.8724 36.0213
      vertex -73.6866 -43.395 35.9606
    endloop
  endfacet
  facet normal -3.67116e-05 -0.115338 0.993326
    outer loop
      vertex -64.63 -21.6048 38.4911
      vertex -74.95 -42.4321 36.0724
      vertex -74.2866 -42.8724 36.0213
    endloop
  endfacet
  facet normal -1.74353e-05 -0.115347 0.993325
    outer loop
      vertex -64.63 -21.6048 38.4911
      vertex -75.6656 -42.0815 36.1131
      vertex -74.95 -42.4321 36.0724
    endloop
  endfacet
  facet normal -4.21838e-05 -0.115334 0.993327
    outer loop
      vertex -64.63 -21.6048 38.4911
      vertex -75.8755 -42.0108 36.1213
      vertex -75.6656 -42.0815 36.1131
    endloop
  endfacet
  facet normal 4.85349e-05 -0.115384 0.993321
    outer loop
      vertex -64.63 -21.6048 38.4911
      vertex -76.4212 -41.8268 36.1427
      vertex -75.8755 -42.0108 36.1213
    endloop
  endfacet
  facet normal 3.93123e-05 -0.115378 0.993322
    outer loop
      vertex -64.63 -21.6048 38.4911
      vertex -77.2038 -41.6721 36.1607
      vertex -76.4212 -41.8268 36.1427
    endloop
  endfacet
  facet normal -7.17617e-05 -0.11531 0.99333
    outer loop
      vertex -64.63 -21.6048 38.4911
      vertex -77.7788 -41.6347 36.165
      vertex -77.2038 -41.6721 36.1607
    endloop
  endfacet
  facet normal 0 -0.115356 0.993324
    outer loop
      vertex -88.63 -21.6048 38.4911
      vertex -77.7788 -41.6347 36.165
      vertex -64.63 -21.6048 38.4911
    endloop
  endfacet
  facet normal 0.000128976 -0.115287 0.993332
    outer loop
      vertex -77.7788 -41.6347 36.165
      vertex -88.63 -21.6048 38.4911
      vertex -78 -41.6203 36.1667
    endloop
  endfacet
  facet normal -0.000120354 -0.115418 0.993317
    outer loop
      vertex -78 -41.6203 36.1667
      vertex -88.63 -21.6048 38.4911
      vertex -78.2212 -41.6347 36.165
    endloop
  endfacet
  facet normal 7.23792e-05 -0.115319 0.993329
    outer loop
      vertex -78.2212 -41.6347 36.165
      vertex -88.63 -21.6048 38.4911
      vertex -78.7962 -41.6721 36.1607
    endloop
  endfacet
  facet normal -4.02796e-05 -0.115373 0.993322
    outer loop
      vertex -78.7962 -41.6721 36.1607
      vertex -88.63 -21.6048 38.4911
      vertex -79.5788 -41.8268 36.1427
    endloop
  endfacet
  facet normal -5.04616e-05 -0.115378 0.993322
    outer loop
      vertex -79.5788 -41.8268 36.1427
      vertex -88.63 -21.6048 38.4911
      vertex -80.1245 -42.0108 36.1213
    endloop
  endfacet
  facet normal 4.38567e-05 -0.115339 0.993326
    outer loop
      vertex -80.1245 -42.0108 36.1213
      vertex -88.63 -21.6048 38.4911
      vertex -80.3344 -42.0815 36.1131
    endloop
  endfacet
  facet normal 1.8389e-05 -0.115349 0.993325
    outer loop
      vertex -80.3344 -42.0815 36.1131
      vertex -88.63 -21.6048 38.4911
      vertex -81.05 -42.4321 36.0724
    endloop
  endfacet
  facet normal 3.92934e-05 -0.115342 0.993326
    outer loop
      vertex -81.05 -42.4321 36.0724
      vertex -88.63 -21.6048 38.4911
      vertex -81.7134 -42.8724 36.0213
    endloop
  endfacet
  facet normal -1.36995e-05 -0.115359 0.993324
    outer loop
      vertex -81.7134 -42.8724 36.0213
      vertex -88.63 -21.6048 38.4911
      vertex -82.3134 -43.395 35.9606
    endloop
  endfacet
  facet normal -1.45669e-05 -0.11536 0.993324
    outer loop
      vertex -88.63 -21.6048 38.4911
      vertex -84.0046 -46.6727 35.5799
      vertex -83.8922 -46.1113 35.6451
    endloop
  endfacet
  facet normal -0.000692268 -0.114837 0.993384
    outer loop
      vertex -84.0046 -46.6727 35.5799
      vertex -101.3 -69.5327 32.9252
      vertex -84.0478 -46.8887 35.5549
    endloop
  endfacet
  facet normal 4.19559e-06 -0.115357 0.993324
    outer loop
      vertex -101.3 -69.5327 32.9252
      vertex -84.0046 -46.6727 35.5799
      vertex -88.63 -21.6048 38.4911
    endloop
  endfacet
  facet normal -0.000105351 -0.115377 0.993322
    outer loop
      vertex -83.6357 -45.3608 35.7323
      vertex -88.63 -21.6048 38.4911
      vertex -83.8922 -46.1113 35.6451
    endloop
  endfacet
  facet normal 0.000113277 -0.115332 0.993327
    outer loop
      vertex -83.2828 -44.6499 35.8148
      vertex -88.63 -21.6048 38.4911
      vertex -83.6357 -45.3608 35.7323
    endloop
  endfacet
  facet normal -7.43567e-05 -0.115375 0.993322
    outer loop
      vertex -82.9626 -44.174 35.8701
      vertex -88.63 -21.6048 38.4911
      vertex -83.2828 -44.6499 35.8148
    endloop
  endfacet
  facet normal -0.000213154 -0.115409 0.993318
    outer loop
      vertex -82.8395 -43.9909 35.8914
      vertex -88.63 -21.6048 38.4911
      vertex -82.9626 -44.174 35.8701
    endloop
  endfacet
  facet normal 2.81209e-06 -0.115354 0.993324
    outer loop
      vertex -82.3134 -43.395 35.9606
      vertex -88.63 -21.6048 38.4911
      vertex -82.8395 -43.9909 35.8914
    endloop
  endfacet
  facet normal 0 -0.115363 0.993323
    outer loop
      vertex -72.0646 12.5542 42.4579
      vertex -45.9354 12.5542 42.4579
      vertex -71.9522 13.1156 42.5231
    endloop
  endfacet
  facet normal -5.12619e-06 -0.115298 0.993331
    outer loop
      vertex -45.2828 16.9362 42.9668
      vertex -71.9377 14.4777 42.6813
      vertex -71.9 13.9065 42.615
    endloop
  endfacet
  facet normal -5.49628e-06 -0.115294 0.993331
    outer loop
      vertex -45.2828 16.9362 42.9668
      vertex -71.9522 14.6974 42.7068
      vertex -71.9377 14.4777 42.6813
    endloop
  endfacet
  facet normal 1.86779e-06 -0.11538 0.993321
    outer loop
      vertex -45.2828 16.9362 42.9668
      vertex -72.1078 15.4748 42.7971
      vertex -71.9522 14.6974 42.7068
    endloop
  endfacet
  facet normal -3.48323e-06 -0.115283 0.993333
    outer loop
      vertex -45.2828 16.9362 42.9668
      vertex -72.3643 16.2253 42.8842
      vertex -72.1078 15.4748 42.7971
    endloop
  endfacet
  facet normal 0 -0.115414 0.993317
    outer loop
      vertex -45.2828 16.9362 42.9668
      vertex -72.7172 16.9362 42.9668
      vertex -72.3643 16.2253 42.8842
    endloop
  endfacet
  facet normal -0.000273334 -0.115259 0.993335
    outer loop
      vertex -64.63 39.9813 45.643
      vertex -72.8404 17.1192 42.988
      vertex -72.7172 16.9362 42.9668
    endloop
  endfacet
  facet normal 4.37214e-05 -0.115371 0.993322
    outer loop
      vertex -64.63 39.9813 45.643
      vertex -73.1605 17.5952 43.0433
      vertex -72.8404 17.1192 42.988
    endloop
  endfacet
  facet normal 3.21465e-05 -0.115367 0.993323
    outer loop
      vertex -64.63 39.9813 45.643
      vertex -73.5405 18.0256 43.0933
      vertex -73.1605 17.5952 43.0433
    endloop
  endfacet
  facet normal -9.03526e-05 -0.115318 0.993329
    outer loop
      vertex -64.63 39.9813 45.643
      vertex -73.6866 18.1911 43.1125
      vertex -73.5405 18.0256 43.0933
    endloop
  endfacet
  facet normal 1.25979e-05 -0.11536 0.993324
    outer loop
      vertex -64.63 39.9813 45.643
      vertex -74.2866 18.7137 43.1732
      vertex -73.6866 18.1911 43.1125
    endloop
  endfacet
  facet normal -4.65916e-05 -0.115334 0.993327
    outer loop
      vertex -64.63 39.9813 45.643
      vertex -74.7657 19.0317 43.2101
      vertex -74.2866 18.7137 43.1732
    endloop
  endfacet
  facet normal -1.15582e-05 -0.11535 0.993325
    outer loop
      vertex -64.63 39.9813 45.643
      vertex -74.95 19.154 43.2243
      vertex -74.7657 19.0317 43.2101
    endloop
  endfacet
  facet normal -4.49577e-05 -0.115334 0.993327
    outer loop
      vertex -64.63 39.9813 45.643
      vertex -75.1488 19.2514 43.2356
      vertex -74.95 19.154 43.2243
    endloop
  endfacet
  facet normal -7.02634e-06 -0.115353 0.993325
    outer loop
      vertex -64.63 39.9813 45.643
      vertex -75.6656 19.5046 43.265
      vertex -75.1488 19.2514 43.2356
    endloop
  endfacet
  facet normal 1.06438e-05 -0.115362 0.993323
    outer loop
      vertex -64.63 39.9813 45.643
      vertex -76.4212 19.7594 43.2946
      vertex -75.6656 19.5046 43.265
    endloop
  endfacet
  facet normal 6.26029e-05 -0.115392 0.99332
    outer loop
      vertex -64.63 39.9813 45.643
      vertex -76.9864 19.871 43.3076
      vertex -76.4212 19.7594 43.2946
    endloop
  endfacet
  facet normal 2.61939e-05 -0.11537 0.993323
    outer loop
      vertex -64.63 39.9813 45.643
      vertex -77.2038 19.914 43.3126
      vertex -76.9864 19.871 43.3076
    endloop
  endfacet
  facet normal 0.000119683 -0.115428 0.993316
    outer loop
      vertex -64.63 39.9813 45.643
      vertex -77.425 19.9284 43.3143
      vertex -77.2038 19.914 43.3126
    endloop
  endfacet
  facet normal 0 -0.115353 0.993325
    outer loop
      vertex -88.63 39.9813 45.643
      vertex -77.425 19.9284 43.3143
      vertex -64.63 39.9813 45.643
    endloop
  endfacet
  facet normal -7.74096e-05 -0.115395 0.99332
    outer loop
      vertex -77.425 19.9284 43.3143
      vertex -88.63 39.9813 45.643
      vertex -78 19.9658 43.3186
    endloop
  endfacet
  facet normal 7.22408e-05 -0.115317 0.993329
    outer loop
      vertex -78 19.9658 43.3186
      vertex -88.63 39.9813 45.643
      vertex -78.575 19.9284 43.3143
    endloop
  endfacet
  facet normal -0.000120714 -0.115412 0.993318
    outer loop
      vertex -78.575 19.9284 43.3143
      vertex -88.63 39.9813 45.643
      vertex -78.7962 19.914 43.3126
    endloop
  endfacet
  facet normal -2.68388e-05 -0.115367 0.993323
    outer loop
      vertex -78.7962 19.914 43.3126
      vertex -88.63 39.9813 45.643
      vertex -79.0136 19.871 43.3076
    endloop
  endfacet
  facet normal -6.41419e-05 -0.115385 0.993321
    outer loop
      vertex -79.0136 19.871 43.3076
      vertex -88.63 39.9813 45.643
      vertex -79.5788 19.7594 43.2946
    endloop
  endfacet
  facet normal -1.10664e-05 -0.115361 0.993324
    outer loop
      vertex -79.5788 19.7594 43.2946
      vertex -88.63 39.9813 45.643
      vertex -80.3344 19.5046 43.265
    endloop
  endfacet
  facet normal 7.41069e-06 -0.115354 0.993324
    outer loop
      vertex -80.3344 19.5046 43.265
      vertex -88.63 39.9813 45.643
      vertex -80.8512 19.2514 43.2356
    endloop
  endfacet
  facet normal 4.74169e-05 -0.115339 0.993326
    outer loop
      vertex -80.8512 19.2514 43.2356
      vertex -88.63 39.9813 45.643
      vertex -81.05 19.154 43.2243
    endloop
  endfacet
  facet normal 1.23709e-05 -0.115352 0.993325
    outer loop
      vertex -81.05 19.154 43.2243
      vertex -88.63 39.9813 45.643
      vertex -81.2343 19.0317 43.2101
    endloop
  endfacet
  facet normal 4.98684e-05 -0.115338 0.993326
    outer loop
      vertex -81.2343 19.0317 43.2101
      vertex -88.63 39.9813 45.643
      vertex -81.7134 18.7137 43.1732
    endloop
  endfacet
  facet normal -1.36995e-05 -0.115359 0.993324
    outer loop
      vertex -81.7134 18.7137 43.1732
      vertex -88.63 39.9813 45.643
      vertex -82.3134 18.1911 43.1125
    endloop
  endfacet
  facet normal 0.000100041 -0.115326 0.993328
    outer loop
      vertex -82.3134 18.1911 43.1125
      vertex -88.63 39.9813 45.643
      vertex -82.4595 18.0256 43.0933
    endloop
  endfacet
  facet normal -4.94686e-05 -0.115367 0.993323
    outer loop
      vertex -88.63 39.9813 45.643
      vertex -83.1596 17.1192 42.988
      vertex -82.8395 17.5952 43.0433
    endloop
  endfacet
  facet normal 0.000232119 -0.115312 0.993329
    outer loop
      vertex -84.0623 14.4777 42.6813
      vertex -88.63 39.9813 45.643
      vertex -84.1 13.9065 42.615
    endloop
  endfacet
  facet normal 0.000248592 -0.11531 0.99333
    outer loop
      vertex -84.0478 14.6974 42.7068
      vertex -88.63 39.9813 45.643
      vertex -84.0623 14.4777 42.6813
    endloop
  endfacet
  facet normal -7.07972e-05 -0.115367 0.993323
    outer loop
      vertex -83.8922 15.4748 42.7971
      vertex -88.63 39.9813 45.643
      vertex -84.0478 14.6974 42.7068
    endloop
  endfacet
  facet normal 0.00013442 -0.115328 0.993328
    outer loop
      vertex -83.6357 16.2253 42.8842
      vertex -88.63 39.9813 45.643
      vertex -83.8922 15.4748 42.7971
    endloop
  endfacet
  facet normal -8.4457e-05 -0.115373 0.993322
    outer loop
      vertex -83.2828 16.9362 42.9668
      vertex -88.63 39.9813 45.643
      vertex -83.6357 16.2253 42.8842
    endloop
  endfacet
  facet normal 0.000309233 -0.115283 0.993333
    outer loop
      vertex -83.1596 17.1192 42.988
      vertex -88.63 39.9813 45.643
      vertex -83.2828 16.9362 42.9668
    endloop
  endfacet
  facet normal -3.55933e-05 -0.115364 0.993323
    outer loop
      vertex -82.4595 18.0256 43.0933
      vertex -88.63 39.9813 45.643
      vertex -82.8395 17.5952 43.0433
    endloop
  endfacet
  facet normal 0 -0.11548 0.99331
    outer loop
      vertex -45.9354 12.5542 42.4579
      vertex -72.0646 12.5542 42.4579
      vertex -45.8921 12.3383 42.4328
    endloop
  endfacet
  facet normal 0 -0.11548 0.99331
    outer loop
      vertex -72.1078 12.3383 42.4328
      vertex -45.8921 12.3383 42.4328
      vertex -72.0646 12.5542 42.4579
    endloop
  endfacet
  facet normal 0 -0.115282 0.993333
    outer loop
      vertex -45.8921 12.3383 42.4328
      vertex -72.1078 12.3383 42.4328
      vertex -45.6357 11.5878 42.3457
    endloop
  endfacet
  facet normal 0 -0.115282 0.993333
    outer loop
      vertex -72.3643 11.5878 42.3457
      vertex -45.6357 11.5878 42.3457
      vertex -72.1078 12.3383 42.4328
    endloop
  endfacet
  facet normal 0 -0.115356 0.993324
    outer loop
      vertex -45.6357 11.5878 42.3457
      vertex -72.3643 11.5878 42.3457
      vertex -64.63 -8.19493 40.0483
    endloop
  endfacet
  facet normal -0.00036267 -0.115496 0.993308
    outer loop
      vertex -72.4624 11.3903 42.3227
      vertex -64.63 -8.19493 40.0483
      vertex -72.3643 11.5878 42.3457
    endloop
  endfacet
  facet normal 4.37887e-05 -0.115336 0.993327
    outer loop
      vertex -72.7172 10.8769 42.2631
      vertex -64.63 -8.19493 40.0483
      vertex -72.4624 11.3903 42.3227
    endloop
  endfacet
  facet normal 0.000147637 -0.115292 0.993332
    outer loop
      vertex -73.0374 10.4009 42.2079
      vertex -64.63 -8.19493 40.0483
      vertex -72.7172 10.8769 42.2631
    endloop
  endfacet
  facet normal -0.000229502 -0.115461 0.993312
    outer loop
      vertex -73.1605 10.2179 42.1866
      vertex -64.63 -8.19493 40.0483
      vertex -73.0374 10.4009 42.2079
    endloop
  endfacet
  facet normal 5.91133e-06 -0.115353 0.993325
    outer loop
      vertex -73.6866 9.62198 42.1174
      vertex -64.63 -8.19493 40.0483
      vertex -73.1605 10.2179 42.1866
    endloop
  endfacet
  facet normal -0.000175081 -0.115444 0.993314
    outer loop
      vertex -73.8533 9.47682 42.1005
      vertex -64.63 -8.19493 40.0483
      vertex -73.6866 9.62198 42.1174
    endloop
  endfacet
  facet normal 4.80861e-05 -0.115329 0.993327
    outer loop
      vertex -74.2866 9.09939 42.0567
      vertex -64.63 -8.19493 40.0483
      vertex -73.8533 9.47682 42.1005
    endloop
  endfacet
  facet normal 4.03707e-05 -0.115333 0.993327
    outer loop
      vertex -74.95 8.65905 42.0056
      vertex -64.63 -8.19493 40.0483
      vertex -74.2866 9.09939 42.0567
    endloop
  endfacet
  facet normal 1.10575e-05 -0.115351 0.993325
    outer loop
      vertex -75.6656 8.3085 41.9649
      vertex -64.63 -8.19493 40.0483
      vertex -74.95 8.65905 42.0056
    endloop
  endfacet
  facet normal -4.6712e-05 -0.115389 0.99332
    outer loop
      vertex -76.2113 8.1245 41.9435
      vertex -64.63 -8.19493 40.0483
      vertex -75.6656 8.3085 41.9649
    endloop
  endfacet
  facet normal 7.11299e-05 -0.115306 0.99333
    outer loop
      vertex -76.4212 8.05373 41.9353
      vertex -64.63 -8.19493 40.0483
      vertex -76.2113 8.1245 41.9435
    endloop
  endfacet
  facet normal -4.70765e-05 -0.115391 0.99332
    outer loop
      vertex -77.2038 7.8991 41.9173
      vertex -64.63 -8.19493 40.0483
      vertex -76.4212 8.05373 41.9353
    endloop
  endfacet
  facet normal -0.000118487 -0.115446 0.993314
    outer loop
      vertex -77.425 7.8847 41.9156
      vertex -64.63 -8.19493 40.0483
      vertex -77.2038 7.8991 41.9173
    endloop
  endfacet
  facet normal 8.65781e-05 -0.115413 0.993318
    outer loop
      vertex -88.63 -8.19493 40.0483
      vertex -77.425 7.8847 41.9156
      vertex -78 7.84726 41.9113
    endloop
  endfacet
  facet normal -7.94172e-05 -0.115304 0.99333
    outer loop
      vertex -88.63 -8.19493 40.0483
      vertex -78 7.84726 41.9113
      vertex -78.575 7.8847 41.9156
    endloop
  endfacet
  facet normal 0.00011975 -0.115427 0.993316
    outer loop
      vertex -88.63 -8.19493 40.0483
      vertex -78.575 7.8847 41.9156
      vertex -78.7962 7.8991 41.9173
    endloop
  endfacet
  facet normal 4.84895e-05 -0.115384 0.993321
    outer loop
      vertex -88.63 -8.19493 40.0483
      vertex -78.7962 7.8991 41.9173
      vertex -79.5788 8.05373 41.9353
    endloop
  endfacet
  facet normal -7.45345e-05 -0.115316 0.993329
    outer loop
      vertex -88.63 -8.19493 40.0483
      vertex -79.5788 8.05373 41.9353
      vertex -79.7887 8.1245 41.9435
    endloop
  endfacet
  facet normal 4.8948e-05 -0.115382 0.993321
    outer loop
      vertex -88.63 -8.19493 40.0483
      vertex -79.7887 8.1245 41.9435
      vertex -80.3344 8.3085 41.9649
    endloop
  endfacet
  facet normal -1.17791e-05 -0.115352 0.993325
    outer loop
      vertex -88.63 -8.19493 40.0483
      vertex -80.3344 8.3085 41.9649
      vertex -81.05 8.65905 42.0056
    endloop
  endfacet
  facet normal -4.37256e-05 -0.115338 0.993326
    outer loop
      vertex -88.63 -8.19493 40.0483
      vertex -81.05 8.65905 42.0056
      vertex -81.7134 9.09939 42.0567
    endloop
  endfacet
  facet normal -5.30076e-05 -0.115334 0.993327
    outer loop
      vertex -88.63 -8.19493 40.0483
      vertex -81.7134 9.09939 42.0567
      vertex -82.1467 9.47682 42.1005
    endloop
  endfacet
  facet normal 0.000192996 -0.115423 0.993316
    outer loop
      vertex -88.63 -8.19493 40.0483
      vertex -82.1467 9.47682 42.1005
      vertex -82.3134 9.62198 42.1174
    endloop
  endfacet
  facet normal -0.000169892 -0.115307 0.99333
    outer loop
      vertex -88.63 -8.19493 40.0483
      vertex -82.9626 10.4009 42.2079
      vertex -83.2828 10.8769 42.2631
    endloop
  endfacet
  facet normal 1.87629e-05 -0.115359 0.993324
    outer loop
      vertex -88.63 -8.19493 40.0483
      vertex -83.9354 12.5542 42.4579
      vertex -84.0478 13.1156 42.5231
    endloop
  endfacet
  facet normal 0.997777 0.066448 -0.00511138
    outer loop
      vertex -84.1 13.9065 42.615
      vertex -84.0478 13.1156 42.5231
      vertex -84.0855 13.6868 42.5894
    endloop
  endfacet
  facet normal -1.39238e-05 -0.115355 0.993324
    outer loop
      vertex -88.63 -8.19493 40.0483
      vertex -84.1 13.9065 42.615
      vertex -88.63 39.9813 45.643
    endloop
  endfacet
  facet normal 0 -0.115353 0.993325
    outer loop
      vertex -77.425 7.8847 41.9156
      vertex -88.63 -8.19493 40.0483
      vertex -64.63 -8.19493 40.0483
    endloop
  endfacet
  facet normal -6.64602e-06 -0.115354 0.993324
    outer loop
      vertex -82.8395 10.2179 42.1866
      vertex -88.63 -8.19493 40.0483
      vertex -82.3134 9.62198 42.1174
    endloop
  endfacet
  facet normal 0.000264099 -0.115438 0.993315
    outer loop
      vertex -82.9626 10.4009 42.2079
      vertex -88.63 -8.19493 40.0483
      vertex -82.8395 10.2179 42.1866
    endloop
  endfacet
  facet normal -5.18887e-05 -0.11534 0.993326
    outer loop
      vertex -83.5376 11.3903 42.3227
      vertex -88.63 -8.19493 40.0483
      vertex -83.2828 10.8769 42.2631
    endloop
  endfacet
  facet normal 0.000429721 -0.115463 0.993312
    outer loop
      vertex -83.6357 11.5878 42.3457
      vertex -88.63 -8.19493 40.0483
      vertex -83.5376 11.3903 42.3227
    endloop
  endfacet
  facet normal -0.00012643 -0.115325 0.993328
    outer loop
      vertex -83.8922 12.3383 42.4328
      vertex -88.63 -8.19493 40.0483
      vertex -83.6357 11.5878 42.3457
    endloop
  endfacet
  facet normal 0.000296718 -0.115421 0.993317
    outer loop
      vertex -83.9354 12.5542 42.4579
      vertex -88.63 -8.19493 40.0483
      vertex -83.8922 12.3383 42.4328
    endloop
  endfacet
  facet normal 0.000234545 -0.115405 0.993319
    outer loop
      vertex -84.1 13.9065 42.615
      vertex -88.63 -8.19493 40.0483
      vertex -84.0478 13.1156 42.5231
    endloop
  endfacet
  facet normal 0 -0.11542 0.993317
    outer loop
      vertex -8.04781 -46.8887 35.5549
      vertex -33.9522 -46.8887 35.5549
      vertex -33.9 -47.6796 35.463
    endloop
  endfacet
  facet normal -2.85597e-05 -0.114979 0.993368
    outer loop
      vertex -7.28275 -44.6499 35.8148
      vertex -33.9954 -46.6727 35.5799
      vertex -33.9522 -46.8887 35.5549
    endloop
  endfacet
  facet normal 8.93884e-07 -0.115363 0.993323
    outer loop
      vertex -7.28275 -44.6499 35.8148
      vertex -34.1079 -46.1113 35.6451
      vertex -33.9954 -46.6727 35.5799
    endloop
  endfacet
  facet normal 3.59556e-06 -0.115412 0.993318
    outer loop
      vertex -7.28275 -44.6499 35.8148
      vertex -34.3643 -45.3608 35.7323
      vertex -34.1079 -46.1113 35.6451
    endloop
  endfacet
  facet normal 0 -0.115276 0.993333
    outer loop
      vertex -7.28275 -44.6499 35.8148
      vertex -34.7172 -44.6499 35.8148
      vertex -34.3643 -45.3608 35.7323
    endloop
  endfacet
  facet normal 6.5721e-05 -0.115381 0.993321
    outer loop
      vertex -26.63 -21.6048 38.4911
      vertex -35.0374 -44.174 35.8701
      vertex -34.7172 -44.6499 35.8148
    endloop
  endfacet
  facet normal 0.000188386 -0.115426 0.993316
    outer loop
      vertex -26.63 -21.6048 38.4911
      vertex -35.1605 -43.9909 35.8914
      vertex -35.0374 -44.174 35.8701
    endloop
  endfacet
  facet normal -2.53977e-06 -0.115354 0.993324
    outer loop
      vertex -26.63 -21.6048 38.4911
      vertex -35.6866 -43.395 35.9606
      vertex -35.1605 -43.9909 35.8914
    endloop
  endfacet
  facet normal 1.25979e-05 -0.11536 0.993324
    outer loop
      vertex -26.63 -21.6048 38.4911
      vertex -36.2866 -42.8724 36.0213
      vertex -35.6866 -43.395 35.9606
    endloop
  endfacet
  facet normal -3.67116e-05 -0.115338 0.993326
    outer loop
      vertex -26.63 -21.6048 38.4911
      vertex -36.95 -42.4321 36.0724
      vertex -36.2866 -42.8724 36.0213
    endloop
  endfacet
  facet normal -1.74353e-05 -0.115347 0.993325
    outer loop
      vertex -26.63 -21.6048 38.4911
      vertex -37.6656 -42.0815 36.1131
      vertex -36.95 -42.4321 36.0724
    endloop
  endfacet
  facet normal -4.21838e-05 -0.115334 0.993327
    outer loop
      vertex -26.63 -21.6048 38.4911
      vertex -37.8755 -42.0108 36.1213
      vertex -37.6656 -42.0815 36.1131
    endloop
  endfacet
  facet normal 4.85349e-05 -0.115384 0.993321
    outer loop
      vertex -26.63 -21.6048 38.4911
      vertex -38.4212 -41.8268 36.1427
      vertex -37.8755 -42.0108 36.1213
    endloop
  endfacet
  facet normal 3.93123e-05 -0.115378 0.993322
    outer loop
      vertex -26.63 -21.6048 38.4911
      vertex -39.2038 -41.6721 36.1607
      vertex -38.4212 -41.8268 36.1427
    endloop
  endfacet
  facet normal -7.17617e-05 -0.11531 0.99333
    outer loop
      vertex -26.63 -21.6048 38.4911
      vertex -39.7788 -41.6347 36.165
      vertex -39.2038 -41.6721 36.1607
    endloop
  endfacet
  facet normal 0 -0.115356 0.993324
    outer loop
      vertex -50.63 -21.6048 38.4911
      vertex -39.7788 -41.6347 36.165
      vertex -26.63 -21.6048 38.4911
    endloop
  endfacet
  facet normal 0.000128976 -0.115287 0.993332
    outer loop
      vertex -39.7788 -41.6347 36.165
      vertex -50.63 -21.6048 38.4911
      vertex -40 -41.6203 36.1667
    endloop
  endfacet
  facet normal -0.000120354 -0.115418 0.993317
    outer loop
      vertex -40 -41.6203 36.1667
      vertex -50.63 -21.6048 38.4911
      vertex -40.2212 -41.6347 36.165
    endloop
  endfacet
  facet normal 7.23792e-05 -0.115319 0.993329
    outer loop
      vertex -40.2212 -41.6347 36.165
      vertex -50.63 -21.6048 38.4911
      vertex -40.7962 -41.6721 36.1607
    endloop
  endfacet
  facet normal -4.02796e-05 -0.115373 0.993322
    outer loop
      vertex -40.7962 -41.6721 36.1607
      vertex -50.63 -21.6048 38.4911
      vertex -41.5788 -41.8268 36.1427
    endloop
  endfacet
  facet normal -5.04616e-05 -0.115378 0.993322
    outer loop
      vertex -41.5788 -41.8268 36.1427
      vertex -50.63 -21.6048 38.4911
      vertex -42.1245 -42.0108 36.1213
    endloop
  endfacet
  facet normal 4.38567e-05 -0.115339 0.993326
    outer loop
      vertex -42.1245 -42.0108 36.1213
      vertex -50.63 -21.6048 38.4911
      vertex -42.3344 -42.0815 36.1131
    endloop
  endfacet
  facet normal 1.8389e-05 -0.115349 0.993325
    outer loop
      vertex -42.3344 -42.0815 36.1131
      vertex -50.63 -21.6048 38.4911
      vertex -43.05 -42.4321 36.0724
    endloop
  endfacet
  facet normal 3.92934e-05 -0.115342 0.993326
    outer loop
      vertex -43.05 -42.4321 36.0724
      vertex -50.63 -21.6048 38.4911
      vertex -43.7134 -42.8724 36.0213
    endloop
  endfacet
  facet normal -1.36995e-05 -0.115359 0.993324
    outer loop
      vertex -43.7134 -42.8724 36.0213
      vertex -50.63 -21.6048 38.4911
      vertex -44.3134 -43.395 35.9606
    endloop
  endfacet
  facet normal 3.29225e-06 -0.115363 0.993323
    outer loop
      vertex -71.9522 -46.8887 35.5549
      vertex -46.0046 -46.6727 35.5799
      vertex -45.8921 -46.1113 35.6451
    endloop
  endfacet
  facet normal 4.83247e-06 -0.115414 0.993317
    outer loop
      vertex -71.9522 -46.8887 35.5549
      vertex -45.8921 -46.1113 35.6451
      vertex -45.6357 -45.3608 35.7323
    endloop
  endfacet
  facet normal -3.3847e-06 -0.115275 0.993334
    outer loop
      vertex -71.9522 -46.8887 35.5549
      vertex -45.6357 -45.3608 35.7323
      vertex -45.2828 -44.6499 35.8148
    endloop
  endfacet
  facet normal 0 -0.115358 0.993324
    outer loop
      vertex -72.7172 -44.6499 35.8148
      vertex -45.2828 -44.6499 35.8148
      vertex -64.63 -21.6048 38.4911
    endloop
  endfacet
  facet normal -4.44882e-05 -0.115395 0.99332
    outer loop
      vertex -44.9626 -44.174 35.8701
      vertex -64.63 -21.6048 38.4911
      vertex -45.2828 -44.6499 35.8148
    endloop
  endfacet
  facet normal 0 -0.115356 0.993324
    outer loop
      vertex -64.63 -21.6048 38.4911
      vertex -44.9626 -44.174 35.8701
      vertex -50.63 -21.6048 38.4911
    endloop
  endfacet
  facet normal -0.000213154 -0.115409 0.993318
    outer loop
      vertex -44.8395 -43.9909 35.8914
      vertex -50.63 -21.6048 38.4911
      vertex -44.9626 -44.174 35.8701
    endloop
  endfacet
  facet normal 2.81209e-06 -0.115354 0.993324
    outer loop
      vertex -44.3134 -43.395 35.9606
      vertex -50.63 -21.6048 38.4911
      vertex -44.8395 -43.9909 35.8914
    endloop
  endfacet
  facet normal 0 -0.115363 0.993323
    outer loop
      vertex -34.0646 12.5542 42.4579
      vertex -7.93539 12.5542 42.4579
      vertex -33.9522 13.1156 42.5231
    endloop
  endfacet
  facet normal -5.12618e-06 -0.115298 0.993331
    outer loop
      vertex -7.28275 16.9362 42.9668
      vertex -33.9377 14.4777 42.6813
      vertex -33.9 13.9065 42.615
    endloop
  endfacet
  facet normal -5.49627e-06 -0.115294 0.993331
    outer loop
      vertex -7.28275 16.9362 42.9668
      vertex -33.9522 14.6974 42.7068
      vertex -33.9377 14.4777 42.6813
    endloop
  endfacet
  facet normal 1.86777e-06 -0.11538 0.993321
    outer loop
      vertex -7.28275 16.9362 42.9668
      vertex -34.1079 15.4748 42.7971
      vertex -33.9522 14.6974 42.7068
    endloop
  endfacet
  facet normal -3.48323e-06 -0.115283 0.993333
    outer loop
      vertex -7.28275 16.9362 42.9668
      vertex -34.3643 16.2253 42.8842
      vertex -34.1079 15.4748 42.7971
    endloop
  endfacet
  facet normal 0 -0.115414 0.993317
    outer loop
      vertex -7.28275 16.9362 42.9668
      vertex -34.7172 16.9362 42.9668
      vertex -34.3643 16.2253 42.8842
    endloop
  endfacet
  facet normal -0.000273334 -0.115259 0.993335
    outer loop
      vertex -26.63 39.9813 45.643
      vertex -34.8404 17.1192 42.988
      vertex -34.7172 16.9362 42.9668
    endloop
  endfacet
  facet normal 4.37214e-05 -0.115371 0.993322
    outer loop
      vertex -26.63 39.9813 45.643
      vertex -35.1605 17.5952 43.0433
      vertex -34.8404 17.1192 42.988
    endloop
  endfacet
  facet normal 3.21465e-05 -0.115367 0.993323
    outer loop
      vertex -26.63 39.9813 45.643
      vertex -35.5405 18.0256 43.0933
      vertex -35.1605 17.5952 43.0433
    endloop
  endfacet
  facet normal -9.03526e-05 -0.115318 0.993329
    outer loop
      vertex -26.63 39.9813 45.643
      vertex -35.6866 18.1911 43.1125
      vertex -35.5405 18.0256 43.0933
    endloop
  endfacet
  facet normal 1.25979e-05 -0.11536 0.993324
    outer loop
      vertex -26.63 39.9813 45.643
      vertex -36.2866 18.7137 43.1732
      vertex -35.6866 18.1911 43.1125
    endloop
  endfacet
  facet normal -4.65916e-05 -0.115334 0.993327
    outer loop
      vertex -26.63 39.9813 45.643
      vertex -36.7657 19.0317 43.2101
      vertex -36.2866 18.7137 43.1732
    endloop
  endfacet
  facet normal -1.15582e-05 -0.11535 0.993325
    outer loop
      vertex -26.63 39.9813 45.643
      vertex -36.95 19.154 43.2243
      vertex -36.7657 19.0317 43.2101
    endloop
  endfacet
  facet normal -4.49577e-05 -0.115334 0.993327
    outer loop
      vertex -26.63 39.9813 45.643
      vertex -37.1488 19.2514 43.2356
      vertex -36.95 19.154 43.2243
    endloop
  endfacet
  facet normal -7.02634e-06 -0.115353 0.993325
    outer loop
      vertex -26.63 39.9813 45.643
      vertex -37.6656 19.5046 43.265
      vertex -37.1488 19.2514 43.2356
    endloop
  endfacet
  facet normal 1.06438e-05 -0.115362 0.993323
    outer loop
      vertex -26.63 39.9813 45.643
      vertex -38.4212 19.7594 43.2946
      vertex -37.6656 19.5046 43.265
    endloop
  endfacet
  facet normal 6.26029e-05 -0.115392 0.99332
    outer loop
      vertex -26.63 39.9813 45.643
      vertex -38.9864 19.871 43.3076
      vertex -38.4212 19.7594 43.2946
    endloop
  endfacet
  facet normal 2.61939e-05 -0.11537 0.993323
    outer loop
      vertex -26.63 39.9813 45.643
      vertex -39.2038 19.914 43.3126
      vertex -38.9864 19.871 43.3076
    endloop
  endfacet
  facet normal 0.000119683 -0.115428 0.993316
    outer loop
      vertex -26.63 39.9813 45.643
      vertex -39.425 19.9284 43.3143
      vertex -39.2038 19.914 43.3126
    endloop
  endfacet
  facet normal 0 -0.115353 0.993325
    outer loop
      vertex -50.63 39.9813 45.643
      vertex -39.425 19.9284 43.3143
      vertex -26.63 39.9813 45.643
    endloop
  endfacet
  facet normal -7.74096e-05 -0.115395 0.99332
    outer loop
      vertex -39.425 19.9284 43.3143
      vertex -50.63 39.9813 45.643
      vertex -40 19.9658 43.3186
    endloop
  endfacet
  facet normal 7.22408e-05 -0.115317 0.993329
    outer loop
      vertex -40 19.9658 43.3186
      vertex -50.63 39.9813 45.643
      vertex -40.575 19.9284 43.3143
    endloop
  endfacet
  facet normal -0.000120714 -0.115412 0.993318
    outer loop
      vertex -40.575 19.9284 43.3143
      vertex -50.63 39.9813 45.643
      vertex -40.7962 19.914 43.3126
    endloop
  endfacet
  facet normal -2.68388e-05 -0.115367 0.993323
    outer loop
      vertex -40.7962 19.914 43.3126
      vertex -50.63 39.9813 45.643
      vertex -41.0136 19.871 43.3076
    endloop
  endfacet
  facet normal -6.41419e-05 -0.115385 0.993321
    outer loop
      vertex -41.0136 19.871 43.3076
      vertex -50.63 39.9813 45.643
      vertex -41.5788 19.7594 43.2946
    endloop
  endfacet
  facet normal -1.10664e-05 -0.115361 0.993324
    outer loop
      vertex -41.5788 19.7594 43.2946
      vertex -50.63 39.9813 45.643
      vertex -42.3344 19.5046 43.265
    endloop
  endfacet
  facet normal 7.41069e-06 -0.115354 0.993324
    outer loop
      vertex -42.3344 19.5046 43.265
      vertex -50.63 39.9813 45.643
      vertex -42.8512 19.2514 43.2356
    endloop
  endfacet
  facet normal 4.74169e-05 -0.115339 0.993326
    outer loop
      vertex -42.8512 19.2514 43.2356
      vertex -50.63 39.9813 45.643
      vertex -43.05 19.154 43.2243
    endloop
  endfacet
  facet normal 1.23709e-05 -0.115352 0.993325
    outer loop
      vertex -43.05 19.154 43.2243
      vertex -50.63 39.9813 45.643
      vertex -43.2343 19.0317 43.2101
    endloop
  endfacet
  facet normal 4.98684e-05 -0.115338 0.993326
    outer loop
      vertex -43.2343 19.0317 43.2101
      vertex -50.63 39.9813 45.643
      vertex -43.7134 18.7137 43.1732
    endloop
  endfacet
  facet normal -1.36995e-05 -0.115359 0.993324
    outer loop
      vertex -43.7134 18.7137 43.1732
      vertex -50.63 39.9813 45.643
      vertex -44.3134 18.1911 43.1125
    endloop
  endfacet
  facet normal 0.000100041 -0.115326 0.993328
    outer loop
      vertex -44.3134 18.1911 43.1125
      vertex -50.63 39.9813 45.643
      vertex -44.4595 18.0256 43.0933
    endloop
  endfacet
  facet normal -2.95929e-05 -0.115381 0.993321
    outer loop
      vertex -64.63 39.9813 45.643
      vertex -45.1596 17.1192 42.988
      vertex -44.8395 17.5952 43.0433
    endloop
  endfacet
  facet normal 2.63319e-06 -0.115381 0.993321
    outer loop
      vertex -45.8921 15.4748 42.7971
      vertex -71.9 13.9065 42.615
      vertex -46.0478 14.6974 42.7068
    endloop
  endfacet
  facet normal -3.48764e-06 -0.115281 0.993333
    outer loop
      vertex -45.6357 16.2253 42.8842
      vertex -71.9 13.9065 42.615
      vertex -45.8921 15.4748 42.7971
    endloop
  endfacet
  facet normal 8.8243e-06 -0.115419 0.993317
    outer loop
      vertex -45.2828 16.9362 42.9668
      vertex -71.9 13.9065 42.615
      vertex -45.6357 16.2253 42.8842
    endloop
  endfacet
  facet normal 0 -0.115354 0.993324
    outer loop
      vertex -72.7172 16.9362 42.9668
      vertex -45.2828 16.9362 42.9668
      vertex -64.63 39.9813 45.643
    endloop
  endfacet
  facet normal 0.000185051 -0.1152 0.993342
    outer loop
      vertex -45.1596 17.1192 42.988
      vertex -64.63 39.9813 45.643
      vertex -45.2828 16.9362 42.9668
    endloop
  endfacet
  facet normal 0 -0.115355 0.993324
    outer loop
      vertex -64.63 39.9813 45.643
      vertex -44.8395 17.5952 43.0433
      vertex -50.63 39.9813 45.643
    endloop
  endfacet
  facet normal -3.55933e-05 -0.115364 0.993323
    outer loop
      vertex -44.4595 18.0256 43.0933
      vertex -50.63 39.9813 45.643
      vertex -44.8395 17.5952 43.0433
    endloop
  endfacet
  facet normal 0 -0.11548 0.99331
    outer loop
      vertex -7.93539 12.5542 42.4579
      vertex -34.0646 12.5542 42.4579
      vertex -7.89215 12.3383 42.4328
    endloop
  endfacet
  facet normal 0 -0.11548 0.99331
    outer loop
      vertex -34.1079 12.3383 42.4328
      vertex -7.89215 12.3383 42.4328
      vertex -34.0646 12.5542 42.4579
    endloop
  endfacet
  facet normal 0 -0.115282 0.993333
    outer loop
      vertex -7.89215 12.3383 42.4328
      vertex -34.1079 12.3383 42.4328
      vertex -7.63566 11.5878 42.3457
    endloop
  endfacet
  facet normal 0 -0.115282 0.993333
    outer loop
      vertex -34.3643 11.5878 42.3457
      vertex -7.63566 11.5878 42.3457
      vertex -34.1079 12.3383 42.4328
    endloop
  endfacet
  facet normal 0 -0.115356 0.993324
    outer loop
      vertex -7.63566 11.5878 42.3457
      vertex -34.3643 11.5878 42.3457
      vertex -26.63 -8.19493 40.0483
    endloop
  endfacet
  facet normal -0.00036267 -0.115496 0.993308
    outer loop
      vertex -34.4624 11.3903 42.3227
      vertex -26.63 -8.19493 40.0483
      vertex -34.3643 11.5878 42.3457
    endloop
  endfacet
  facet normal 4.37887e-05 -0.115336 0.993327
    outer loop
      vertex -34.7172 10.8769 42.2631
      vertex -26.63 -8.19493 40.0483
      vertex -34.4624 11.3903 42.3227
    endloop
  endfacet
  facet normal 0.000147637 -0.115292 0.993332
    outer loop
      vertex -35.0374 10.4009 42.2079
      vertex -26.63 -8.19493 40.0483
      vertex -34.7172 10.8769 42.2631
    endloop
  endfacet
  facet normal -0.000229502 -0.115461 0.993312
    outer loop
      vertex -35.1605 10.2179 42.1866
      vertex -26.63 -8.19493 40.0483
      vertex -35.0374 10.4009 42.2079
    endloop
  endfacet
  facet normal 5.91133e-06 -0.115353 0.993325
    outer loop
      vertex -35.6866 9.62198 42.1174
      vertex -26.63 -8.19493 40.0483
      vertex -35.1605 10.2179 42.1866
    endloop
  endfacet
  facet normal -0.000175081 -0.115444 0.993314
    outer loop
      vertex -35.8533 9.47682 42.1005
      vertex -26.63 -8.19493 40.0483
      vertex -35.6866 9.62198 42.1174
    endloop
  endfacet
  facet normal 4.80861e-05 -0.115329 0.993327
    outer loop
      vertex -36.2866 9.09939 42.0567
      vertex -26.63 -8.19493 40.0483
      vertex -35.8533 9.47682 42.1005
    endloop
  endfacet
  facet normal 4.03707e-05 -0.115333 0.993327
    outer loop
      vertex -36.95 8.65905 42.0056
      vertex -26.63 -8.19493 40.0483
      vertex -36.2866 9.09939 42.0567
    endloop
  endfacet
  facet normal 1.10575e-05 -0.115351 0.993325
    outer loop
      vertex -37.6656 8.3085 41.9649
      vertex -26.63 -8.19493 40.0483
      vertex -36.95 8.65905 42.0056
    endloop
  endfacet
  facet normal -4.6712e-05 -0.115389 0.99332
    outer loop
      vertex -38.2113 8.1245 41.9435
      vertex -26.63 -8.19493 40.0483
      vertex -37.6656 8.3085 41.9649
    endloop
  endfacet
  facet normal 7.11299e-05 -0.115306 0.99333
    outer loop
      vertex -38.4212 8.05373 41.9353
      vertex -26.63 -8.19493 40.0483
      vertex -38.2113 8.1245 41.9435
    endloop
  endfacet
  facet normal -4.70765e-05 -0.115391 0.99332
    outer loop
      vertex -39.2038 7.8991 41.9173
      vertex -26.63 -8.19493 40.0483
      vertex -38.4212 8.05373 41.9353
    endloop
  endfacet
  facet normal -0.000118487 -0.115446 0.993314
    outer loop
      vertex -39.425 7.8847 41.9156
      vertex -26.63 -8.19493 40.0483
      vertex -39.2038 7.8991 41.9173
    endloop
  endfacet
  facet normal 8.65781e-05 -0.115413 0.993318
    outer loop
      vertex -50.63 -8.19493 40.0483
      vertex -39.425 7.8847 41.9156
      vertex -40 7.84726 41.9113
    endloop
  endfacet
  facet normal -7.94172e-05 -0.115304 0.99333
    outer loop
      vertex -50.63 -8.19493 40.0483
      vertex -40 7.84726 41.9113
      vertex -40.575 7.8847 41.9156
    endloop
  endfacet
  facet normal 0.00011975 -0.115427 0.993316
    outer loop
      vertex -50.63 -8.19493 40.0483
      vertex -40.575 7.8847 41.9156
      vertex -40.7962 7.8991 41.9173
    endloop
  endfacet
  facet normal 4.84895e-05 -0.115384 0.993321
    outer loop
      vertex -50.63 -8.19493 40.0483
      vertex -40.7962 7.8991 41.9173
      vertex -41.5788 8.05373 41.9353
    endloop
  endfacet
  facet normal -7.45345e-05 -0.115316 0.993329
    outer loop
      vertex -50.63 -8.19493 40.0483
      vertex -41.5788 8.05373 41.9353
      vertex -41.7887 8.1245 41.9435
    endloop
  endfacet
  facet normal 4.8948e-05 -0.115382 0.993321
    outer loop
      vertex -50.63 -8.19493 40.0483
      vertex -41.7887 8.1245 41.9435
      vertex -42.3344 8.3085 41.9649
    endloop
  endfacet
  facet normal -1.17791e-05 -0.115352 0.993325
    outer loop
      vertex -50.63 -8.19493 40.0483
      vertex -42.3344 8.3085 41.9649
      vertex -43.05 8.65905 42.0056
    endloop
  endfacet
  facet normal -4.37256e-05 -0.115338 0.993326
    outer loop
      vertex -50.63 -8.19493 40.0483
      vertex -43.05 8.65905 42.0056
      vertex -43.7134 9.09939 42.0567
    endloop
  endfacet
  facet normal -5.30076e-05 -0.115334 0.993327
    outer loop
      vertex -50.63 -8.19493 40.0483
      vertex -43.7134 9.09939 42.0567
      vertex -44.1467 9.47682 42.1005
    endloop
  endfacet
  facet normal 0.000192996 -0.115423 0.993316
    outer loop
      vertex -50.63 -8.19493 40.0483
      vertex -44.1467 9.47682 42.1005
      vertex -44.3134 9.62198 42.1174
    endloop
  endfacet
  facet normal -0.000169892 -0.115307 0.99333
    outer loop
      vertex -50.63 -8.19493 40.0483
      vertex -44.9626 10.4009 42.2079
      vertex -45.2828 10.8769 42.2631
    endloop
  endfacet
  facet normal 0 -0.115297 0.993331
    outer loop
      vertex -46.0855 13.6868 42.5894
      vertex -71.9145 13.6868 42.5894
      vertex -46.0478 13.1156 42.5231
    endloop
  endfacet
  facet normal 0 -0.115739 0.99328
    outer loop
      vertex -71.9 13.9065 42.615
      vertex -46.0855 13.6868 42.5894
      vertex -46.1 13.9065 42.615
    endloop
  endfacet
  facet normal -8.93747e-08 -0.115293 0.993331
    outer loop
      vertex -46.0478 14.6974 42.7068
      vertex -71.9 13.9065 42.615
      vertex -46.0623 14.4777 42.6813
    endloop
  endfacet
  facet normal 0 -0.115353 0.993325
    outer loop
      vertex -39.425 7.8847 41.9156
      vertex -50.63 -8.19493 40.0483
      vertex -26.63 -8.19493 40.0483
    endloop
  endfacet
  facet normal -6.64602e-06 -0.115354 0.993324
    outer loop
      vertex -44.8395 10.2179 42.1866
      vertex -50.63 -8.19493 40.0483
      vertex -44.3134 9.62198 42.1174
    endloop
  endfacet
  facet normal 0.000264099 -0.115438 0.993315
    outer loop
      vertex -44.9626 10.4009 42.2079
      vertex -50.63 -8.19493 40.0483
      vertex -44.8395 10.2179 42.1866
    endloop
  endfacet
  facet normal -2.6676e-05 -0.115327 0.993328
    outer loop
      vertex -64.63 -8.19493 40.0483
      vertex -45.2828 10.8769 42.2631
      vertex -45.5376 11.3903 42.3227
    endloop
  endfacet
  facet normal 0.000220975 -0.115566 0.9933
    outer loop
      vertex -64.63 -8.19493 40.0483
      vertex -45.5376 11.3903 42.3227
      vertex -45.6357 11.5878 42.3457
    endloop
  endfacet
  facet normal 0 -0.115363 0.993323
    outer loop
      vertex -46.0478 13.1156 42.5231
      vertex -71.9522 13.1156 42.5231
      vertex -45.9354 12.5542 42.4579
    endloop
  endfacet
  facet normal 0 -0.115297 0.993331
    outer loop
      vertex -71.9522 13.1156 42.5231
      vertex -46.0478 13.1156 42.5231
      vertex -71.9145 13.6868 42.5894
    endloop
  endfacet
  facet normal 0 -0.115297 0.993331
    outer loop
      vertex -46.0623 14.4777 42.6813
      vertex -71.9 13.9065 42.615
      vertex -46.1 13.9065 42.615
    endloop
  endfacet
  facet normal 7.91758e-06 -0.115376 0.993322
    outer loop
      vertex 42.6866 -51.9641 34.9655
      vertex 1.68546 -69.3123 32.9508
      vertex 1.7 -69.5327 32.9252
    endloop
  endfacet
  facet normal 0.000713151 -0.115374 0.993322
    outer loop
      vertex 2.14671 -52.1093 34.9486
      vertex 1.65412 -69.1558 32.969
      vertex 1.68546 -69.3123 32.9508
    endloop
  endfacet
  facet normal 0.00148583 -0.115396 0.993318
    outer loop
      vertex 2.14671 -52.1093 34.9486
      vertex 1.64207 -69.0957 32.976
      vertex 1.65412 -69.1558 32.969
    endloop
  endfacet
  facet normal 7.64699e-05 -0.115355 0.993324
    outer loop
      vertex 2.14671 -52.1093 34.9486
      vertex 1.57059 -68.8865 33.0003
      vertex 1.64207 -69.0957 32.976
    endloop
  endfacet
  facet normal -4.65253e-05 -0.115351 0.993325
    outer loop
      vertex 2.14671 -52.1093 34.9486
      vertex 1.47224 -68.6884 33.0233
      vertex 1.57059 -68.8865 33.0003
    endloop
  endfacet
  facet normal -0.00061522 -0.115328 0.993327
    outer loop
      vertex 2.14671 -52.1093 34.9486
      vertex 1.43793 -68.6374 33.0292
      vertex 1.47224 -68.6884 33.0233
    endloop
  endfacet
  facet normal -0.000108674 -0.11535 0.993325
    outer loop
      vertex 2.14671 -52.1093 34.9486
      vertex 1.3487 -68.5047 33.0446
      vertex 1.43793 -68.6374 33.0292
    endloop
  endfacet
  facet normal -0.000213405 -0.115345 0.993326
    outer loop
      vertex 2.14671 -52.1093 34.9486
      vertex 1.24281 -68.3848 33.0585
      vertex 1.3487 -68.5047 33.0446
    endloop
  endfacet
  facet normal 0.00106313 -0.115415 0.993317
    outer loop
      vertex 2.14671 -52.1093 34.9486
      vertex 1.20208 -68.3387 33.0639
      vertex 1.24281 -68.3848 33.0585
    endloop
  endfacet
  facet normal -6.83104e-05 -0.115353 0.993325
    outer loop
      vertex 1.71344 -52.4867 34.9048
      vertex 1.15564 -68.2982 33.0686
      vertex 1.20208 -68.3387 33.0639
    endloop
  endfacet
  facet normal -8.56736e-05 -0.115353 0.993325
    outer loop
      vertex 1.03489 -68.193 33.0808
      vertex 1.71344 -52.4867 34.9048
      vertex 1.05 -52.9271 34.8536
    endloop
  endfacet
  facet normal -0.000135245 -0.115351 0.993325
    outer loop
      vertex 1.71344 -52.4867 34.9048
      vertex 1.03489 -68.193 33.0808
      vertex 1.15564 -68.2982 33.0686
    endloop
  endfacet
  facet normal 8.21468e-05 -0.115353 0.993325
    outer loop
      vertex 1.05 -52.9271 34.8536
      vertex 0.901359 -68.1044 33.0911
      vertex 1.03489 -68.193 33.0808
    endloop
  endfacet
  facet normal -5.35054e-06 -0.11535 0.993325
    outer loop
      vertex 0.849999 -68.0703 33.0951
      vertex 1.05 -52.9271 34.8536
      vertex 0.851213 -53.0244 34.8423
    endloop
  endfacet
  facet normal 0.000769705 -0.11536 0.993323
    outer loop
      vertex 1.05 -52.9271 34.8536
      vertex 0.849999 -68.0703 33.0951
      vertex 0.901359 -68.1044 33.0911
    endloop
  endfacet
  facet normal -0.000842304 -0.115349 0.993325
    outer loop
      vertex 0.851213 -53.0244 34.8423
      vertex 0.7946 -68.0432 33.0982
      vertex 0.849999 -68.0703 33.0951
    endloop
  endfacet
  facet normal 9.48734e-06 -0.115353 0.993325
    outer loop
      vertex 0.851213 -53.0244 34.8423
      vertex 0.650561 -67.9726 33.1064
      vertex 0.7946 -68.0432 33.0982
    endloop
  endfacet
  facet normal 6.83348e-06 -0.115353 0.993325
    outer loop
      vertex 0.334369 -53.2776 34.8129
      vertex 0.650561 -67.9726 33.1064
      vertex 0.851213 -53.0244 34.8423
    endloop
  endfacet
  facet normal 0.000280527 -0.115347 0.993325
    outer loop
      vertex 0.650561 -67.9726 33.1064
      vertex 0.334369 -53.2776 34.8129
      vertex 0.498483 -67.9213 33.1124
    endloop
  endfacet
  facet normal 0.000210308 -0.115348 0.993325
    outer loop
      vertex 0.498483 -67.9213 33.1124
      vertex 0.334369 -53.2776 34.8129
      vertex 0.439992 -67.9016 33.1147
    endloop
  endfacet
  facet normal -1.51594e-05 -0.115349 0.993325
    outer loop
      vertex -0.421204 -53.5324 34.7833
      vertex 0.439992 -67.9016 33.1147
      vertex 0.334369 -53.2776 34.8129
    endloop
  endfacet
  facet normal -2.2665e-05 -0.11535 0.993325
    outer loop
      vertex 0.439992 -67.9016 33.1147
      vertex -0.421204 -53.5324 34.7833
      vertex 0.221894 -67.8585 33.1197
    endloop
  endfacet
  facet normal -0.00032407 -0.115363 0.993323
    outer loop
      vertex 0.221894 -67.8585 33.1197
      vertex -0.421204 -53.5324 34.7833
      vertex 0 -67.8441 33.1213
    endloop
  endfacet
  facet normal 6.75225e-05 -0.115352 0.993325
    outer loop
      vertex -1.20379 -53.687 34.7654
      vertex 0 -67.8441 33.1213
      vertex -0.421204 -53.5324 34.7833
    endloop
  endfacet
  facet normal 0.000321919 -0.11533 0.993327
    outer loop
      vertex 0 -67.8441 33.1213
      vertex -1.20379 -53.687 34.7654
      vertex -0.221894 -67.8585 33.1197
    endloop
  endfacet
  facet normal -7.77635e-05 -0.115358 0.993324
    outer loop
      vertex -1.77883 -53.7245 34.761
      vertex -0.221894 -67.8585 33.1197
      vertex -1.20379 -53.687 34.7654
    endloop
  endfacet
  facet normal 0.00032191 -0.115314 0.993329
    outer loop
      vertex -2 -53.7389 34.7594
      vertex -0.221894 -67.8585 33.1197
      vertex -1.77883 -53.7245 34.761
    endloop
  endfacet
  facet normal 2.29975e-05 -0.115351 0.993325
    outer loop
      vertex -0.221894 -67.8585 33.1197
      vertex -2 -53.7389 34.7594
      vertex -0.439992 -67.9016 33.1147
    endloop
  endfacet
  facet normal -0.000326867 -0.115389 0.99332
    outer loop
      vertex -2.22117 -53.7245 34.761
      vertex -0.439992 -67.9016 33.1147
      vertex -2 -53.7389 34.7594
    endloop
  endfacet
  facet normal -0.000201372 -0.115374 0.993322
    outer loop
      vertex -0.439992 -67.9016 33.1147
      vertex -2.22117 -53.7245 34.761
      vertex -0.498483 -67.9213 33.1124
    endloop
  endfacet
  facet normal -0.000268561 -0.115382 0.993321
    outer loop
      vertex -0.498483 -67.9213 33.1124
      vertex -2.22117 -53.7245 34.761
      vertex -0.650561 -67.9726 33.1064
    endloop
  endfacet
  facet normal 7.86593e-05 -0.115344 0.993326
    outer loop
      vertex -2.79621 -53.687 34.7654
      vertex -0.650561 -67.9726 33.1064
      vertex -2.22117 -53.7245 34.761
    endloop
  endfacet
  facet normal -7.42801e-06 -0.115357 0.993324
    outer loop
      vertex -0.650561 -67.9726 33.1064
      vertex -2.79621 -53.687 34.7654
      vertex -0.7946 -68.0432 33.0982
    endloop
  endfacet
  facet normal 0.000791454 -0.115247 0.993337
    outer loop
      vertex -0.7946 -68.0432 33.0982
      vertex -2.79621 -53.687 34.7654
      vertex -0.849999 -68.0703 33.0951
    endloop
  endfacet
  facet normal -6.95722e-05 -0.115362 0.993324
    outer loop
      vertex -3.5788 -53.5324 34.7833
      vertex -0.849999 -68.0703 33.0951
      vertex -2.79621 -53.687 34.7654
    endloop
  endfacet
  facet normal -0.000690795 -0.115477 0.99331
    outer loop
      vertex -0.849999 -68.0703 33.0951
      vertex -3.5788 -53.5324 34.7833
      vertex -0.901359 -68.1044 33.0911
    endloop
  endfacet
  facet normal -7.40225e-05 -0.115365 0.993323
    outer loop
      vertex -0.901359 -68.1044 33.0911
      vertex -3.5788 -53.5324 34.7833
      vertex -1.03489 -68.193 33.0808
    endloop
  endfacet
  facet normal 1.49309e-05 -0.11535 0.993325
    outer loop
      vertex -4.33437 -53.2776 34.8129
      vertex -1.03489 -68.193 33.0808
      vertex -3.5788 -53.5324 34.7833
    endloop
  endfacet
  facet normal 0.000115159 -0.115328 0.993327
    outer loop
      vertex -1.03489 -68.193 33.0808
      vertex -4.33437 -53.2776 34.8129
      vertex -1.15564 -68.2982 33.0686
    endloop
  endfacet
  facet normal 5.68975e-05 -0.11534 0.993326
    outer loop
      vertex -1.15564 -68.2982 33.0686
      vertex -4.33437 -53.2776 34.8129
      vertex -1.20208 -68.3387 33.0639
    endloop
  endfacet
  facet normal -0.000918858 -0.11554 0.993302
    outer loop
      vertex -1.20208 -68.3387 33.0639
      vertex -4.33437 -53.2776 34.8129
      vertex -1.24281 -68.3848 33.0585
    endloop
  endfacet
  facet normal 0.000182737 -0.115318 0.993329
    outer loop
      vertex -1.24281 -68.3848 33.0585
      vertex -4.33437 -53.2776 34.8129
      vertex -1.3487 -68.5047 33.0446
    endloop
  endfacet
  facet normal -7.93375e-06 -0.115355 0.993324
    outer loop
      vertex -4.85121 -53.0244 34.8423
      vertex -1.3487 -68.5047 33.0446
      vertex -4.33437 -53.2776 34.8129
    endloop
  endfacet
  facet normal 4.05819e-06 -0.115352 0.993325
    outer loop
      vertex -5.05 -52.9271 34.8536
      vertex -1.3487 -68.5047 33.0446
      vertex -4.85121 -53.0244 34.8423
    endloop
  endfacet
  facet normal 0 -0.11542 0.993317
    outer loop
      vertex 40.9522 -46.8887 35.5549
      vertex 4.04781 -46.8887 35.5549
      vertex 4.1 -47.6796 35.463
    endloop
  endfacet
  facet normal -1.47787e-05 -0.114976 0.993368
    outer loop
      vertex 41.3643 -45.3608 35.7323
      vertex 4.00457 -46.6727 35.5799
      vertex 4.04781 -46.8887 35.5549
    endloop
  endfacet
  facet normal -1.0102e-06 -0.115363 0.993323
    outer loop
      vertex 41.3643 -45.3608 35.7323
      vertex 3.89215 -46.1113 35.6451
      vertex 4.00457 -46.6727 35.5799
    endloop
  endfacet
  facet normal 0 -0.115413 0.993318
    outer loop
      vertex 41.3643 -45.3608 35.7323
      vertex 3.63566 -45.3608 35.7323
      vertex 3.89215 -46.1113 35.6451
    endloop
  endfacet
  facet normal -9.73803e-05 -0.115324 0.993328
    outer loop
      vertex 11.37 -21.6048 38.4911
      vertex 3.28275 -44.6499 35.8148
      vertex 3.63566 -45.3608 35.7323
    endloop
  endfacet
  facet normal 6.57263e-05 -0.115381 0.993321
    outer loop
      vertex 11.37 -21.6048 38.4911
      vertex 2.96259 -44.174 35.8701
      vertex 3.28275 -44.6499 35.8148
    endloop
  endfacet
  facet normal 0.000188346 -0.115426 0.993316
    outer loop
      vertex 11.37 -21.6048 38.4911
      vertex 2.83945 -43.9909 35.8914
      vertex 2.96259 -44.174 35.8701
    endloop
  endfacet
  facet normal -2.53977e-06 -0.115354 0.993324
    outer loop
      vertex 11.37 -21.6048 38.4911
      vertex 2.31335 -43.395 35.9606
      vertex 2.83945 -43.9909 35.8914
    endloop
  endfacet
  facet normal 1.25993e-05 -0.11536 0.993324
    outer loop
      vertex 11.37 -21.6048 38.4911
      vertex 1.71344 -42.8724 36.0213
      vertex 2.31335 -43.395 35.9606
    endloop
  endfacet
  facet normal -3.67099e-05 -0.115338 0.993326
    outer loop
      vertex 11.37 -21.6048 38.4911
      vertex 1.05 -42.4321 36.0724
      vertex 1.71344 -42.8724 36.0213
    endloop
  endfacet
  facet normal -1.74347e-05 -0.115347 0.993325
    outer loop
      vertex 11.37 -21.6048 38.4911
      vertex 0.334369 -42.0815 36.1131
      vertex 1.05 -42.4321 36.0724
    endloop
  endfacet
  facet normal -4.2187e-05 -0.115334 0.993327
    outer loop
      vertex 11.37 -21.6048 38.4911
      vertex 0.124488 -42.0108 36.1213
      vertex 0.334369 -42.0815 36.1131
    endloop
  endfacet
  facet normal 4.85355e-05 -0.115384 0.993321
    outer loop
      vertex 11.37 -21.6048 38.4911
      vertex -0.421204 -41.8268 36.1427
      vertex 0.124488 -42.0108 36.1213
    endloop
  endfacet
  facet normal 3.93129e-05 -0.115378 0.993322
    outer loop
      vertex 11.37 -21.6048 38.4911
      vertex -1.20379 -41.6721 36.1607
      vertex -0.421204 -41.8268 36.1427
    endloop
  endfacet
  facet normal -7.17569e-05 -0.11531 0.99333
    outer loop
      vertex 11.37 -21.6048 38.4911
      vertex -1.77883 -41.6347 36.165
      vertex -1.20379 -41.6721 36.1607
    endloop
  endfacet
  facet normal 0 -0.115356 0.993324
    outer loop
      vertex -12.63 -21.6048 38.4911
      vertex -1.77883 -41.6347 36.165
      vertex 11.37 -21.6048 38.4911
    endloop
  endfacet
  facet normal 0.000128994 -0.115287 0.993332
    outer loop
      vertex -1.77883 -41.6347 36.165
      vertex -12.63 -21.6048 38.4911
      vertex -2 -41.6203 36.1667
    endloop
  endfacet
  facet normal -0.00012037 -0.115418 0.993317
    outer loop
      vertex -2 -41.6203 36.1667
      vertex -12.63 -21.6048 38.4911
      vertex -2.22117 -41.6347 36.165
    endloop
  endfacet
  facet normal 7.23744e-05 -0.115319 0.993329
    outer loop
      vertex -2.22117 -41.6347 36.165
      vertex -12.63 -21.6048 38.4911
      vertex -2.79621 -41.6721 36.1607
    endloop
  endfacet
  facet normal -4.02801e-05 -0.115373 0.993322
    outer loop
      vertex -2.79621 -41.6721 36.1607
      vertex -12.63 -21.6048 38.4911
      vertex -3.5788 -41.8268 36.1427
    endloop
  endfacet
  facet normal -5.04624e-05 -0.115378 0.993322
    outer loop
      vertex -3.5788 -41.8268 36.1427
      vertex -12.63 -21.6048 38.4911
      vertex -4.12449 -42.0108 36.1213
    endloop
  endfacet
  facet normal 4.38604e-05 -0.115339 0.993326
    outer loop
      vertex -4.12449 -42.0108 36.1213
      vertex -12.63 -21.6048 38.4911
      vertex -4.33437 -42.0815 36.1131
    endloop
  endfacet
  facet normal 1.83884e-05 -0.115349 0.993325
    outer loop
      vertex -4.33437 -42.0815 36.1131
      vertex -12.63 -21.6048 38.4911
      vertex -5.05 -42.4321 36.0724
    endloop
  endfacet
  facet normal 3.92915e-05 -0.115342 0.993326
    outer loop
      vertex -5.05 -42.4321 36.0724
      vertex -12.63 -21.6048 38.4911
      vertex -5.71344 -42.8724 36.0213
    endloop
  endfacet
  facet normal -1.37012e-05 -0.115359 0.993324
    outer loop
      vertex -5.71344 -42.8724 36.0213
      vertex -12.63 -21.6048 38.4911
      vertex -6.31335 -43.395 35.9606
    endloop
  endfacet
  facet normal 3.29224e-06 -0.115363 0.993323
    outer loop
      vertex -33.9522 -46.8887 35.5549
      vertex -8.00457 -46.6727 35.5799
      vertex -7.89215 -46.1113 35.6451
    endloop
  endfacet
  facet normal 4.83249e-06 -0.115414 0.993317
    outer loop
      vertex -33.9522 -46.8887 35.5549
      vertex -7.89215 -46.1113 35.6451
      vertex -7.63566 -45.3608 35.7323
    endloop
  endfacet
  facet normal -3.3847e-06 -0.115275 0.993334
    outer loop
      vertex -33.9522 -46.8887 35.5549
      vertex -7.63566 -45.3608 35.7323
      vertex -7.28275 -44.6499 35.8148
    endloop
  endfacet
  facet normal 0 -0.115358 0.993324
    outer loop
      vertex -34.7172 -44.6499 35.8148
      vertex -7.28275 -44.6499 35.8148
      vertex -26.63 -21.6048 38.4911
    endloop
  endfacet
  facet normal -4.44906e-05 -0.115395 0.99332
    outer loop
      vertex -6.96259 -44.174 35.8701
      vertex -26.63 -21.6048 38.4911
      vertex -7.28275 -44.6499 35.8148
    endloop
  endfacet
  facet normal 0 -0.115356 0.993324
    outer loop
      vertex -26.63 -21.6048 38.4911
      vertex -6.96259 -44.174 35.8701
      vertex -12.63 -21.6048 38.4911
    endloop
  endfacet
  facet normal -0.000213103 -0.115409 0.993318
    outer loop
      vertex -6.83945 -43.9909 35.8914
      vertex -12.63 -21.6048 38.4911
      vertex -6.96259 -44.174 35.8701
    endloop
  endfacet
  facet normal 2.81209e-06 -0.115354 0.993324
    outer loop
      vertex -6.31335 -43.395 35.9606
      vertex -12.63 -21.6048 38.4911
      vertex -6.83945 -43.9909 35.8914
    endloop
  endfacet
  facet normal -0.000112687 -0.115732 0.99328
    outer loop
      vertex 4.0855 13.6868 42.5894
      vertex 22.875 8.36876 41.9719
      vertex 4.1 13.9065 42.615
    endloop
  endfacet
  facet normal 1.76228e-05 -0.115296 0.993331
    outer loop
      vertex 22.875 8.36876 41.9719
      vertex 4.06231 14.4777 42.6813
      vertex 4.1 13.9065 42.615
    endloop
  endfacet
  facet normal 1.89625e-05 -0.115292 0.993332
    outer loop
      vertex 22.875 8.36876 41.9719
      vertex 4.04781 14.6974 42.7068
      vertex 4.06231 14.4777 42.6813
    endloop
  endfacet
  facet normal -1.20012e-05 -0.115383 0.993321
    outer loop
      vertex 22.875 8.36876 41.9719
      vertex 3.89215 15.4748 42.7971
      vertex 4.04781 14.6974 42.7068
    endloop
  endfacet
  facet normal 3.01035e-05 -0.115272 0.993334
    outer loop
      vertex 22.875 8.36876 41.9719
      vertex 3.63566 16.2253 42.8842
      vertex 3.89215 15.4748 42.7971
    endloop
  endfacet
  facet normal -3.60844e-05 -0.115432 0.993315
    outer loop
      vertex 22.875 8.36876 41.9719
      vertex 3.28275 16.9362 42.9668
      vertex 3.63566 16.2253 42.8842
    endloop
  endfacet
  facet normal -0.000273435 -0.115259 0.993335
    outer loop
      vertex 11.37 39.9813 45.643
      vertex 3.15962 17.1192 42.988
      vertex 3.28275 16.9362 42.9668
    endloop
  endfacet
  facet normal 4.37152e-05 -0.115371 0.993322
    outer loop
      vertex 11.37 39.9813 45.643
      vertex 2.83945 17.5952 43.0433
      vertex 3.15962 17.1192 42.988
    endloop
  endfacet
  facet normal 3.21488e-05 -0.115367 0.993323
    outer loop
      vertex 11.37 39.9813 45.643
      vertex 2.45949 18.0256 43.0933
      vertex 2.83945 17.5952 43.0433
    endloop
  endfacet
  facet normal -9.03357e-05 -0.115318 0.993329
    outer loop
      vertex 11.37 39.9813 45.643
      vertex 2.31335 18.1911 43.1125
      vertex 2.45949 18.0256 43.0933
    endloop
  endfacet
  facet normal 1.25993e-05 -0.11536 0.993324
    outer loop
      vertex 11.37 39.9813 45.643
      vertex 1.71344 18.7137 43.1732
      vertex 2.31335 18.1911 43.1125
    endloop
  endfacet
  facet normal -4.65879e-05 -0.115334 0.993327
    outer loop
      vertex 11.37 39.9813 45.643
      vertex 1.23429 19.0317 43.2101
      vertex 1.71344 18.7137 43.1732
    endloop
  endfacet
  facet normal -1.15587e-05 -0.11535 0.993325
    outer loop
      vertex 11.37 39.9813 45.643
      vertex 1.05 19.154 43.2243
      vertex 1.23429 19.0317 43.2101
    endloop
  endfacet
  facet normal -4.49601e-05 -0.115334 0.993327
    outer loop
      vertex 11.37 39.9813 45.643
      vertex 0.851213 19.2514 43.2356
      vertex 1.05 19.154 43.2243
    endloop
  endfacet
  facet normal -7.02586e-06 -0.115353 0.993325
    outer loop
      vertex 11.37 39.9813 45.643
      vertex 0.334369 19.5046 43.265
      vertex 0.851213 19.2514 43.2356
    endloop
  endfacet
  facet normal 1.06441e-05 -0.115362 0.993323
    outer loop
      vertex 11.37 39.9813 45.643
      vertex -0.421204 19.7594 43.2946
      vertex 0.334369 19.5046 43.265
    endloop
  endfacet
  facet normal 6.26028e-05 -0.115392 0.99332
    outer loop
      vertex 11.37 39.9813 45.643
      vertex -0.986405 19.871 43.3076
      vertex -0.421204 19.7594 43.2946
    endloop
  endfacet
  facet normal 2.61955e-05 -0.11537 0.993323
    outer loop
      vertex 11.37 39.9813 45.643
      vertex -1.20379 19.914 43.3126
      vertex -0.986405 19.871 43.3076
    endloop
  endfacet
  facet normal 0.000119699 -0.115428 0.993316
    outer loop
      vertex 11.37 39.9813 45.643
      vertex -1.42496 19.9284 43.3143
      vertex -1.20379 19.914 43.3126
    endloop
  endfacet
  facet normal 0 -0.115353 0.993325
    outer loop
      vertex -12.63 39.9813 45.643
      vertex -1.42496 19.9284 43.3143
      vertex 11.37 39.9813 45.643
    endloop
  endfacet
  facet normal -7.7404e-05 -0.115395 0.99332
    outer loop
      vertex -1.42496 19.9284 43.3143
      vertex -12.63 39.9813 45.643
      vertex -2 19.9658 43.3186
    endloop
  endfacet
  facet normal 7.22359e-05 -0.115317 0.993329
    outer loop
      vertex -2 19.9658 43.3186
      vertex -12.63 39.9813 45.643
      vertex -2.57504 19.9284 43.3143
    endloop
  endfacet
  facet normal -0.00012073 -0.115412 0.993318
    outer loop
      vertex -2.57504 19.9284 43.3143
      vertex -12.63 39.9813 45.643
      vertex -2.79621 19.914 43.3126
    endloop
  endfacet
  facet normal -2.68411e-05 -0.115367 0.993323
    outer loop
      vertex -2.79621 19.914 43.3126
      vertex -12.63 39.9813 45.643
      vertex -3.01359 19.871 43.3076
    endloop
  endfacet
  facet normal -6.41408e-05 -0.115385 0.993321
    outer loop
      vertex -3.01359 19.871 43.3076
      vertex -12.63 39.9813 45.643
      vertex -3.5788 19.7594 43.2946
    endloop
  endfacet
  facet normal -1.10667e-05 -0.115361 0.993324
    outer loop
      vertex -3.5788 19.7594 43.2946
      vertex -12.63 39.9813 45.643
      vertex -4.33437 19.5046 43.265
    endloop
  endfacet
  facet normal 7.41021e-06 -0.115354 0.993324
    outer loop
      vertex -4.33437 19.5046 43.265
      vertex -12.63 39.9813 45.643
      vertex -4.85121 19.2514 43.2356
    endloop
  endfacet
  facet normal 4.74189e-05 -0.115339 0.993326
    outer loop
      vertex -4.85121 19.2514 43.2356
      vertex -12.63 39.9813 45.643
      vertex -5.05 19.154 43.2243
    endloop
  endfacet
  facet normal 1.23715e-05 -0.115352 0.993325
    outer loop
      vertex -5.05 19.154 43.2243
      vertex -12.63 39.9813 45.643
      vertex -5.23429 19.0317 43.2101
    endloop
  endfacet
  facet normal 4.98642e-05 -0.115338 0.993326
    outer loop
      vertex -5.23429 19.0317 43.2101
      vertex -12.63 39.9813 45.643
      vertex -5.71344 18.7137 43.1732
    endloop
  endfacet
  facet normal -1.37012e-05 -0.115359 0.993324
    outer loop
      vertex -5.71344 18.7137 43.1732
      vertex -12.63 39.9813 45.643
      vertex -6.31335 18.1911 43.1125
    endloop
  endfacet
  facet normal 0.00010002 -0.115326 0.993328
    outer loop
      vertex -6.31335 18.1911 43.1125
      vertex -12.63 39.9813 45.643
      vertex -6.45949 18.0256 43.0933
    endloop
  endfacet
  facet normal -2.95901e-05 -0.115381 0.993321
    outer loop
      vertex -26.63 39.9813 45.643
      vertex -7.15962 17.1192 42.988
      vertex -6.83945 17.5952 43.0433
    endloop
  endfacet
  facet normal 2.63319e-06 -0.115381 0.993321
    outer loop
      vertex -7.89215 15.4748 42.7971
      vertex -33.9 13.9065 42.615
      vertex -8.04781 14.6974 42.7068
    endloop
  endfacet
  facet normal -3.48767e-06 -0.115281 0.993333
    outer loop
      vertex -7.63566 16.2253 42.8842
      vertex -33.9 13.9065 42.615
      vertex -7.89215 15.4748 42.7971
    endloop
  endfacet
  facet normal 8.8243e-06 -0.115419 0.993317
    outer loop
      vertex -7.28275 16.9362 42.9668
      vertex -33.9 13.9065 42.615
      vertex -7.63566 16.2253 42.8842
    endloop
  endfacet
  facet normal 0 -0.115354 0.993324
    outer loop
      vertex -34.7172 16.9362 42.9668
      vertex -7.28275 16.9362 42.9668
      vertex -26.63 39.9813 45.643
    endloop
  endfacet
  facet normal 0.000185097 -0.1152 0.993342
    outer loop
      vertex -7.15962 17.1192 42.988
      vertex -26.63 39.9813 45.643
      vertex -7.28275 16.9362 42.9668
    endloop
  endfacet
  facet normal 0 -0.115355 0.993324
    outer loop
      vertex -26.63 39.9813 45.643
      vertex -6.83945 17.5952 43.0433
      vertex -12.63 39.9813 45.643
    endloop
  endfacet
  facet normal -3.55961e-05 -0.115364 0.993323
    outer loop
      vertex -6.45949 18.0256 43.0933
      vertex -12.63 39.9813 45.643
      vertex -6.83945 17.5952 43.0433
    endloop
  endfacet
  facet normal 1.18066e-05 -0.115298 0.993331
    outer loop
      vertex 4.04781 13.1156 42.5231
      vertex 22.875 8.36876 41.9719
      vertex 4.0855 13.6868 42.5894
    endloop
  endfacet
  facet normal -4.4989e-06 -0.115362 0.993324
    outer loop
      vertex 3.93539 12.5542 42.4579
      vertex 22.875 8.36876 41.9719
      vertex 4.04781 13.1156 42.5231
    endloop
  endfacet
  facet normal -2.95766e-05 -0.115474 0.993311
    outer loop
      vertex 3.89215 12.3383 42.4328
      vertex 22.875 8.36876 41.9719
      vertex 3.93539 12.5542 42.4579
    endloop
  endfacet
  facet normal 1.03152e-05 -0.115286 0.993332
    outer loop
      vertex 3.63566 11.5878 42.3457
      vertex 22.875 8.36876 41.9719
      vertex 3.89215 12.3383 42.4328
    endloop
  endfacet
  facet normal -5.12704e-05 -0.115649 0.99329
    outer loop
      vertex 3.53763 11.3903 42.3227
      vertex 22.875 8.36876 41.9719
      vertex 3.63566 11.5878 42.3457
    endloop
  endfacet
  facet normal 1.57255e-06 -0.115315 0.993329
    outer loop
      vertex 3.28275 10.8769 42.2631
      vertex 22.875 8.36876 41.9719
      vertex 3.53763 11.3903 42.3227
    endloop
  endfacet
  facet normal 1.58748e-05 -0.115205 0.993342
    outer loop
      vertex 2.96259 10.4009 42.2079
      vertex 22.875 8.36876 41.9719
      vertex 3.28275 10.8769 42.2631
    endloop
  endfacet
  facet normal -2.46352e-05 -0.115597 0.993296
    outer loop
      vertex 2.83945 10.2179 42.1866
      vertex 22.875 8.36876 41.9719
      vertex 2.96259 10.4009 42.2079
    endloop
  endfacet
  facet normal -2.19814e-06 -0.115357 0.993324
    outer loop
      vertex 22.875 8.36876 41.9719
      vertex 2.83945 10.2179 42.1866
      vertex 11.37 -8.19493 40.0483
    endloop
  endfacet
  facet normal 5.91132e-06 -0.115353 0.993325
    outer loop
      vertex 2.31335 9.62198 42.1174
      vertex 11.37 -8.19493 40.0483
      vertex 2.83945 10.2179 42.1866
    endloop
  endfacet
  facet normal -0.000175124 -0.115444 0.993314
    outer loop
      vertex 2.14671 9.47682 42.1005
      vertex 11.37 -8.19493 40.0483
      vertex 2.31335 9.62198 42.1174
    endloop
  endfacet
  facet normal 4.80884e-05 -0.115329 0.993327
    outer loop
      vertex 1.71344 9.09939 42.0567
      vertex 11.37 -8.19493 40.0483
      vertex 2.14671 9.47682 42.1005
    endloop
  endfacet
  facet normal 4.0369e-05 -0.115333 0.993327
    outer loop
      vertex 1.05 8.65905 42.0056
      vertex 11.37 -8.19493 40.0483
      vertex 1.71344 9.09939 42.0567
    endloop
  endfacet
  facet normal 1.10571e-05 -0.115351 0.993325
    outer loop
      vertex 0.334369 8.3085 41.9649
      vertex 11.37 -8.19493 40.0483
      vertex 1.05 8.65905 42.0056
    endloop
  endfacet
  facet normal -4.67126e-05 -0.115389 0.99332
    outer loop
      vertex -0.211322 8.1245 41.9435
      vertex 11.37 -8.19493 40.0483
      vertex 0.334369 8.3085 41.9649
    endloop
  endfacet
  facet normal 7.11348e-05 -0.115306 0.99333
    outer loop
      vertex -0.421204 8.05373 41.9353
      vertex 11.37 -8.19493 40.0483
      vertex -0.211322 8.1245 41.9435
    endloop
  endfacet
  facet normal -4.70772e-05 -0.115391 0.99332
    outer loop
      vertex -1.20379 7.8991 41.9173
      vertex 11.37 -8.19493 40.0483
      vertex -0.421204 8.05373 41.9353
    endloop
  endfacet
  facet normal -0.000118502 -0.115446 0.993314
    outer loop
      vertex -1.42496 7.8847 41.9156
      vertex 11.37 -8.19493 40.0483
      vertex -1.20379 7.8991 41.9173
    endloop
  endfacet
  facet normal 8.65718e-05 -0.115413 0.993318
    outer loop
      vertex -12.63 -8.19493 40.0483
      vertex -1.42496 7.8847 41.9156
      vertex -2 7.84726 41.9113
    endloop
  endfacet
  facet normal -7.94119e-05 -0.115304 0.99333
    outer loop
      vertex -12.63 -8.19493 40.0483
      vertex -2 7.84726 41.9113
      vertex -2.57504 7.8847 41.9156
    endloop
  endfacet
  facet normal 0.000119766 -0.115427 0.993316
    outer loop
      vertex -12.63 -8.19493 40.0483
      vertex -2.57504 7.8847 41.9156
      vertex -2.79621 7.8991 41.9173
    endloop
  endfacet
  facet normal 4.84901e-05 -0.115384 0.993321
    outer loop
      vertex -12.63 -8.19493 40.0483
      vertex -2.79621 7.8991 41.9173
      vertex -3.5788 8.05373 41.9353
    endloop
  endfacet
  facet normal -7.45404e-05 -0.115316 0.993329
    outer loop
      vertex -12.63 -8.19493 40.0483
      vertex -3.5788 8.05373 41.9353
      vertex -3.78868 8.1245 41.9435
    endloop
  endfacet
  facet normal 4.89487e-05 -0.115382 0.993321
    outer loop
      vertex -12.63 -8.19493 40.0483
      vertex -3.78868 8.1245 41.9435
      vertex -4.33437 8.3085 41.9649
    endloop
  endfacet
  facet normal -1.17787e-05 -0.115352 0.993325
    outer loop
      vertex -12.63 -8.19493 40.0483
      vertex -4.33437 8.3085 41.9649
      vertex -5.05 8.65905 42.0056
    endloop
  endfacet
  facet normal -4.37235e-05 -0.115338 0.993326
    outer loop
      vertex -12.63 -8.19493 40.0483
      vertex -5.05 8.65905 42.0056
      vertex -5.71344 9.09939 42.0567
    endloop
  endfacet
  facet normal -5.30104e-05 -0.115334 0.993327
    outer loop
      vertex -12.63 -8.19493 40.0483
      vertex -5.71344 9.09939 42.0567
      vertex -6.14671 9.47682 42.1005
    endloop
  endfacet
  facet normal 0.000193049 -0.115424 0.993316
    outer loop
      vertex -12.63 -8.19493 40.0483
      vertex -6.14671 9.47682 42.1005
      vertex -6.31335 9.62198 42.1174
    endloop
  endfacet
  facet normal -0.000169906 -0.115307 0.99333
    outer loop
      vertex -12.63 -8.19493 40.0483
      vertex -6.96259 10.4009 42.2079
      vertex -7.28275 10.8769 42.2631
    endloop
  endfacet
  facet normal 0.000221029 -0.115566 0.9933
    outer loop
      vertex -26.63 -8.19493 40.0483
      vertex -7.53763 11.3903 42.3227
      vertex -7.63566 11.5878 42.3457
    endloop
  endfacet
  facet normal 0 -0.115297 0.993331
    outer loop
      vertex -8.0855 13.6868 42.5894
      vertex -33.9145 13.6868 42.5894
      vertex -8.04781 13.1156 42.5231
    endloop
  endfacet
  facet normal -8.93747e-08 -0.115293 0.993331
    outer loop
      vertex -8.04781 14.6974 42.7068
      vertex -33.9 13.9065 42.615
      vertex -8.06231 14.4777 42.6813
    endloop
  endfacet
  facet normal 0 -0.115297 0.993331
    outer loop
      vertex -8.06231 14.4777 42.6813
      vertex -33.9 13.9065 42.615
      vertex -8.1 13.9065 42.615
    endloop
  endfacet
  facet normal 0 -0.115353 0.993325
    outer loop
      vertex -1.42496 7.8847 41.9156
      vertex -12.63 -8.19493 40.0483
      vertex 11.37 -8.19493 40.0483
    endloop
  endfacet
  facet normal -6.64601e-06 -0.115354 0.993324
    outer loop
      vertex -6.83945 10.2179 42.1866
      vertex -12.63 -8.19493 40.0483
      vertex -6.31335 9.62198 42.1174
    endloop
  endfacet
  facet normal 0.00026404 -0.115438 0.993315
    outer loop
      vertex -6.96259 10.4009 42.2079
      vertex -12.63 -8.19493 40.0483
      vertex -6.83945 10.2179 42.1866
    endloop
  endfacet
  facet normal -2.66732e-05 -0.115327 0.993328
    outer loop
      vertex -7.53763 11.3903 42.3227
      vertex -26.63 -8.19493 40.0483
      vertex -7.28275 10.8769 42.2631
    endloop
  endfacet
  facet normal 0 -0.115363 0.993323
    outer loop
      vertex -8.04781 13.1156 42.5231
      vertex -33.9522 13.1156 42.5231
      vertex -7.93539 12.5542 42.4579
    endloop
  endfacet
  facet normal 0 -0.115297 0.993331
    outer loop
      vertex -33.9522 13.1156 42.5231
      vertex -8.04781 13.1156 42.5231
      vertex -33.9145 13.6868 42.5894
    endloop
  endfacet
  facet normal 0 -0.115739 0.99328
    outer loop
      vertex -33.9 13.9065 42.615
      vertex -8.0855 13.6868 42.5894
      vertex -8.1 13.9065 42.615
    endloop
  endfacet
  facet normal -2.65895e-05 -0.115428 0.993316
    outer loop
      vertex 1.68546 69.3123 49.0492
      vertex 22.875 61.164 48.1029
      vertex 1.69596 69.4715 49.0677
    endloop
  endfacet
  facet normal -5.64885e-05 -0.115504 0.993307
    outer loop
      vertex 1.65412 69.1558 49.031
      vertex 22.875 61.164 48.1029
      vertex 1.68546 69.3123 49.0492
    endloop
  endfacet
  facet normal -0.000118607 -0.115667 0.993288
    outer loop
      vertex 1.64207 69.0957 49.024
      vertex 22.875 61.164 48.1029
      vertex 1.65412 69.1558 49.031
    endloop
  endfacet
  facet normal -9.16002e-06 -0.115378 0.993322
    outer loop
      vertex 1.57059 68.8865 48.9997
      vertex 22.875 61.164 48.1029
      vertex 1.64207 69.0957 49.024
    endloop
  endfacet
  facet normal 1.24356e-06 -0.11535 0.993325
    outer loop
      vertex 22.875 61.164 48.1029
      vertex 1.57059 68.8865 48.9997
      vertex 11.37 53.3912 47.2003
    endloop
  endfacet
  facet normal -0.000209459 -0.115481 0.99331
    outer loop
      vertex 1.54327 68.8315 48.9933
      vertex 11.37 53.3912 47.2003
      vertex 1.57059 68.8865 48.9997
    endloop
  endfacet
  facet normal 0.000106885 -0.115282 0.993333
    outer loop
      vertex 1.47224 68.6884 48.9767
      vertex 11.37 53.3912 47.2003
      vertex 1.54327 68.8315 48.9933
    endloop
  endfacet
  facet normal 5.61524e-05 -0.115315 0.993329
    outer loop
      vertex 1.38302 68.5557 48.9613
      vertex 11.37 53.3912 47.2003
      vertex 1.47224 68.6884 48.9767
    endloop
  endfacet
  facet normal 0.000328405 -0.115138 0.993349
    outer loop
      vertex 1.3487 68.5047 48.9554
      vertex 11.37 53.3912 47.2003
      vertex 1.38302 68.5557 48.9613
    endloop
  endfacet
  facet normal -0.000647822 -0.115777 0.993275
    outer loop
      vertex 1.30797 68.4586 48.95
      vertex 11.37 53.3912 47.2003
      vertex 1.3487 68.5047 48.9554
    endloop
  endfacet
  facet normal 0.000124851 -0.115267 0.993334
    outer loop
      vertex 1.20208 68.3387 48.9361
      vertex 11.37 53.3912 47.2003
      vertex 1.30797 68.4586 48.95
    endloop
  endfacet
  facet normal 8.52352e-05 -0.115294 0.993331
    outer loop
      vertex 1.08133 68.2335 48.9239
      vertex 11.37 53.3912 47.2003
      vertex 1.20208 68.3387 48.9361
    endloop
  endfacet
  facet normal 4.22042e-05 -0.115323 0.993328
    outer loop
      vertex 1.03489 68.193 48.9192
      vertex 11.37 53.3912 47.2003
      vertex 1.08133 68.2335 48.9239
    endloop
  endfacet
  facet normal -0.000529152 -0.115717 0.993282
    outer loop
      vertex 0.983534 68.1589 48.9152
      vertex 11.37 53.3912 47.2003
      vertex 1.03489 68.193 48.9192
    endloop
  endfacet
  facet normal -5.74133e-05 -0.11539 0.99332
    outer loop
      vertex 0.849999 68.0703 48.9049
      vertex 11.37 53.3912 47.2003
      vertex 0.983534 68.1589 48.9152
    endloop
  endfacet
  facet normal 0.000167154 -0.115231 0.993339
    outer loop
      vertex 0.650561 67.9726 48.8936
      vertex 11.37 53.3912 47.2003
      vertex 0.849999 68.0703 48.9049
    endloop
  endfacet
  facet normal -0.000207742 -0.115503 0.993307
    outer loop
      vertex 0.439992 67.9016 48.8853
      vertex 11.37 53.3912 47.2003
      vertex 0.650561 67.9726 48.8936
    endloop
  endfacet
  facet normal 6.28264e-05 -0.115302 0.993331
    outer loop
      vertex 0.282477 67.8705 48.8817
      vertex 11.37 53.3912 47.2003
      vertex 0.439992 67.9016 48.8853
    endloop
  endfacet
  facet normal -9.26408e-05 -0.115419 0.993317
    outer loop
      vertex 0.221894 67.8585 48.8803
      vertex 11.37 53.3912 47.2003
      vertex 0.282477 67.8705 48.8817
    endloop
  endfacet
  facet normal 0.000989981 -0.114596 0.993412
    outer loop
      vertex 0.160257 67.8545 48.8799
      vertex 11.37 53.3912 47.2003
      vertex 0.221894 67.8585 48.8803
    endloop
  endfacet
  facet normal 4.56508e-05 -0.115318 0.993329
    outer loop
      vertex 0 67.8441 48.8787
      vertex 11.37 53.3912 47.2003
      vertex 0.160257 67.8545 48.8799
    endloop
  endfacet
  facet normal -4.54064e-05 -0.115315 0.993329
    outer loop
      vertex -12.63 53.3912 47.2003
      vertex 0 67.8441 48.8787
      vertex -0.160257 67.8545 48.8799
    endloop
  endfacet
  facet normal -0.00098469 -0.114515 0.993421
    outer loop
      vertex -12.63 53.3912 47.2003
      vertex -0.160257 67.8545 48.8799
      vertex -0.221894 67.8585 48.8803
    endloop
  endfacet
  facet normal 9.12746e-05 -0.115426 0.993316
    outer loop
      vertex -12.63 53.3912 47.2003
      vertex -0.221894 67.8585 48.8803
      vertex -0.282477 67.8705 48.8817
    endloop
  endfacet
  facet normal -6.19025e-05 -0.115297 0.993331
    outer loop
      vertex -12.63 53.3912 47.2003
      vertex -0.282477 67.8705 48.8817
      vertex -0.439992 67.9016 48.8853
    endloop
  endfacet
  facet normal 0.000203002 -0.115517 0.993306
    outer loop
      vertex -12.63 53.3912 47.2003
      vertex -0.439992 67.9016 48.8853
      vertex -0.650561 67.9726 48.8936
    endloop
  endfacet
  facet normal -0.000162109 -0.115221 0.99334
    outer loop
      vertex -12.63 53.3912 47.2003
      vertex -0.650561 67.9726 48.8936
      vertex -0.849999 68.0703 48.9049
    endloop
  endfacet
  facet normal 5.52796e-05 -0.115393 0.99332
    outer loop
      vertex -12.63 53.3912 47.2003
      vertex -0.849999 68.0703 48.9049
      vertex -0.983534 68.1589 48.9152
    endloop
  endfacet
  facet normal 0.000509475 -0.115746 0.993279
    outer loop
      vertex -12.63 53.3912 47.2003
      vertex -0.983534 68.1589 48.9152
      vertex -1.03489 68.193 48.9192
    endloop
  endfacet
  facet normal -4.03428e-05 -0.115321 0.993328
    outer loop
      vertex -12.63 53.3912 47.2003
      vertex -1.03489 68.193 48.9192
      vertex -1.08133 68.2335 48.9239
    endloop
  endfacet
  facet normal -8.14782e-05 -0.11529 0.993332
    outer loop
      vertex -12.63 53.3912 47.2003
      vertex -1.08133 68.2335 48.9239
      vertex -1.20208 68.3387 48.9361
    endloop
  endfacet
  facet normal -0.000118464 -0.115262 0.993335
    outer loop
      vertex -12.63 53.3912 47.2003
      vertex -1.20208 68.3387 48.9361
      vertex -1.30797 68.4586 48.95
    endloop
  endfacet
  facet normal 0.000614685 -0.115805 0.993272
    outer loop
      vertex -12.63 53.3912 47.2003
      vertex -1.30797 68.4586 48.95
      vertex -1.3487 68.5047 48.9554
    endloop
  endfacet
  facet normal -5.28528e-05 -0.115313 0.993329
    outer loop
      vertex -12.63 53.3912 47.2003
      vertex -1.38302 68.5557 48.9613
      vertex -1.47224 68.6884 48.9767
    endloop
  endfacet
  facet normal 0.000195388 -0.115488 0.993309
    outer loop
      vertex -12.63 53.3912 47.2003
      vertex -1.54327 68.8315 48.9933
      vertex -1.57059 68.8865 48.9997
    endloop
  endfacet
  facet normal -0.591169 -0.024632 -0.806172
    outer loop
      vertex -1.68546 69.3123 49.0492
      vertex -1.64207 69.0957 49.024
      vertex -1.65412 69.1558 49.031
    endloop
  endfacet
  facet normal 0 -0.115354 0.993324
    outer loop
      vertex 0 67.8441 48.8787
      vertex -12.63 53.3912 47.2003
      vertex 11.37 53.3912 47.2003
    endloop
  endfacet
  facet normal -0.000309117 -0.115125 0.993351
    outer loop
      vertex -1.38302 68.5557 48.9613
      vertex -12.63 53.3912 47.2003
      vertex -1.3487 68.5047 48.9554
    endloop
  endfacet
  facet normal -9.97022e-05 -0.115279 0.993333
    outer loop
      vertex -1.54327 68.8315 48.9933
      vertex -12.63 53.3912 47.2003
      vertex -1.47224 68.6884 48.9767
    endloop
  endfacet
  facet normal 2.94144e-05 -0.115371 0.993322
    outer loop
      vertex -1.64207 69.0957 49.024
      vertex -12.63 53.3912 47.2003
      vertex -1.57059 68.8865 48.9997
    endloop
  endfacet
  facet normal 0.000240094 -0.115517 0.993306
    outer loop
      vertex -1.68546 69.3123 49.0492
      vertex -12.63 53.3912 47.2003
      vertex -1.64207 69.0957 49.024
    endloop
  endfacet
  facet normal 0.000101681 -0.115423 0.993316
    outer loop
      vertex -1.69596 69.4715 49.0677
      vertex -12.63 53.3912 47.2003
      vertex -1.68546 69.3123 49.0492
    endloop
  endfacet
  facet normal -0.000155266 -0.11525 0.993336
    outer loop
      vertex -12.63 53.3912 47.2003
      vertex -1.69596 69.4715 49.0677
      vertex -1.7 69.5327 49.0748
    endloop
  endfacet
  facet normal -0.000203544 -0.115433 0.993315
    outer loop
      vertex 104.349 -68.5047 33.0446
      vertex 96.0478 -46.8887 35.5549
      vertex 96.1 -47.6796 35.463
    endloop
  endfacet
  facet normal 0.00207435 -0.114564 0.993414
    outer loop
      vertex 104.472 -68.6884 33.0233
      vertex 96.0046 -46.6727 35.5799
      vertex 96.0478 -46.8887 35.5549
    endloop
  endfacet
  facet normal -6.46805e-05 -0.115376 0.993322
    outer loop
      vertex 104.472 -68.6884 33.0233
      vertex 95.8922 -46.1113 35.6451
      vertex 96.0046 -46.6727 35.5799
    endloop
  endfacet
  facet normal 0.00014523 -0.115364 0.993323
    outer loop
      vertex 99.125 8.36876 41.9719
      vertex 95.6357 -45.3608 35.7323
      vertex 95.8922 -46.1113 35.6451
    endloop
  endfacet
  facet normal -0.00014097 -0.115345 0.993325
    outer loop
      vertex 99.125 8.36876 41.9719
      vertex 95.2828 -44.6499 35.8148
      vertex 95.6357 -45.3608 35.7323
    endloop
  endfacet
  facet normal 9.33899e-05 -0.115362 0.993323
    outer loop
      vertex 99.125 8.36876 41.9719
      vertex 94.9626 -44.174 35.8701
      vertex 95.2828 -44.6499 35.8148
    endloop
  endfacet
  facet normal 0.000263947 -0.115376 0.993322
    outer loop
      vertex 99.125 8.36876 41.9719
      vertex 94.8395 -43.9909 35.8914
      vertex 94.9626 -44.174 35.8701
    endloop
  endfacet
  facet normal -2.68883e-06 -0.115354 0.993324
    outer loop
      vertex 99.125 8.36876 41.9719
      vertex 94.3134 -43.395 35.9606
      vertex 94.8395 -43.9909 35.8914
    endloop
  endfacet
  facet normal 1.64165e-05 -0.115356 0.993324
    outer loop
      vertex 99.125 8.36876 41.9719
      vertex 93.7134 -42.8724 36.0213
      vertex 94.3134 -43.395 35.9606
    endloop
  endfacet
  facet normal -4.43987e-05 -0.115349 0.993325
    outer loop
      vertex 99.125 8.36876 41.9719
      vertex 93.05 -42.4321 36.0724
      vertex 93.7134 -42.8724 36.0213
    endloop
  endfacet
  facet normal -1.98675e-05 -0.115352 0.993325
    outer loop
      vertex 99.125 8.36876 41.9719
      vertex 92.3344 -42.0815 36.1131
      vertex 93.05 -42.4321 36.0724
    endloop
  endfacet
  facet normal -4.71131e-05 -0.115349 0.993325
    outer loop
      vertex 99.125 8.36876 41.9719
      vertex 92.1245 -42.0108 36.1213
      vertex 92.3344 -42.0815 36.1131
    endloop
  endfacet
  facet normal 5.56431e-05 -0.115363 0.993323
    outer loop
      vertex 99.125 8.36876 41.9719
      vertex 91.5788 -41.8268 36.1427
      vertex 92.1245 -42.0108 36.1213
    endloop
  endfacet
  facet normal 4.27982e-05 -0.115361 0.993324
    outer loop
      vertex 99.125 8.36876 41.9719
      vertex 90.7962 -41.6721 36.1607
      vertex 91.5788 -41.8268 36.1427
    endloop
  endfacet
  facet normal -7.38781e-05 -0.115342 0.993326
    outer loop
      vertex 99.125 8.36876 41.9719
      vertex 90.2212 -41.6347 36.165
      vertex 90.7962 -41.6721 36.1607
    endloop
  endfacet
  facet normal 0.000123091 -0.115376 0.993322
    outer loop
      vertex 99.125 8.36876 41.9719
      vertex 90 -41.6203 36.1667
      vertex 90.2212 -41.6347 36.165
    endloop
  endfacet
  facet normal -0.000126052 -0.115331 0.993327
    outer loop
      vertex 99.125 8.36876 41.9719
      vertex 89.7788 -41.6347 36.165
      vertex 90 -41.6203 36.1667
    endloop
  endfacet
  facet normal 7.56533e-05 -0.115369 0.993323
    outer loop
      vertex 99.125 8.36876 41.9719
      vertex 89.2038 -41.6721 36.1607
      vertex 89.7788 -41.6347 36.165
    endloop
  endfacet
  facet normal -4.60095e-05 -0.115345 0.993326
    outer loop
      vertex 99.125 8.36876 41.9719
      vertex 88.4212 -41.8268 36.1427
      vertex 89.2038 -41.6721 36.1607
    endloop
  endfacet
  facet normal -6.29931e-05 -0.115341 0.993326
    outer loop
      vertex 99.125 8.36876 41.9719
      vertex 87.8755 -42.0108 36.1213
      vertex 88.4212 -41.8268 36.1427
    endloop
  endfacet
  facet normal 5.3329e-05 -0.115367 0.993323
    outer loop
      vertex 99.125 8.36876 41.9719
      vertex 87.6656 -42.0815 36.1131
      vertex 87.8755 -42.0108 36.1213
    endloop
  endfacet
  facet normal 2.38295e-05 -0.11536 0.993324
    outer loop
      vertex 99.125 8.36876 41.9719
      vertex 86.95 -42.4321 36.0724
      vertex 87.6656 -42.0815 36.1131
    endloop
  endfacet
  facet normal 0 -0.115355 0.993324
    outer loop
      vertex 50.05 -42.4321 36.0724
      vertex 86.95 -42.4321 36.0724
      vertex 99.125 8.36876 41.9719
    endloop
  endfacet
  facet normal 0 -0.115283 0.993333
    outer loop
      vertex 86.95 -42.4321 36.0724
      vertex 50.05 -42.4321 36.0724
      vertex 86.2866 -42.8724 36.0213
    endloop
  endfacet
  facet normal 0 -0.115283 0.993333
    outer loop
      vertex 50.7134 -42.8724 36.0213
      vertex 86.2866 -42.8724 36.0213
      vertex 50.05 -42.4321 36.0724
    endloop
  endfacet
  facet normal 0 -0.115374 0.993322
    outer loop
      vertex 86.2866 -42.8724 36.0213
      vertex 50.7134 -42.8724 36.0213
      vertex 85.6866 -43.395 35.9606
    endloop
  endfacet
  facet normal 0 -0.115374 0.993322
    outer loop
      vertex 51.3134 -43.395 35.9606
      vertex 85.6866 -43.395 35.9606
      vertex 50.7134 -42.8724 36.0213
    endloop
  endfacet
  facet normal 0 -0.115352 0.993325
    outer loop
      vertex 85.6866 -43.395 35.9606
      vertex 51.3134 -43.395 35.9606
      vertex 85.1605 -43.9909 35.8914
    endloop
  endfacet
  facet normal 0 -0.115352 0.993325
    outer loop
      vertex 51.8395 -43.9909 35.8914
      vertex 85.1605 -43.9909 35.8914
      vertex 51.3134 -43.395 35.9606
    endloop
  endfacet
  facet normal 0 -0.115363 0.993323
    outer loop
      vertex 53.0046 -46.6727 35.5799
      vertex 83.9954 -46.6727 35.5799
      vertex 84.1078 -46.1113 35.6451
    endloop
  endfacet
  facet normal 0 -0.11542 0.993317
    outer loop
      vertex 83.9522 -46.8887 35.5549
      vertex 53.1 -47.6796 35.463
      vertex 83.9 -47.6796 35.463
    endloop
  endfacet
  facet normal 0 -0.114973 0.993369
    outer loop
      vertex 83.9954 -46.6727 35.5799
      vertex 53.0046 -46.6727 35.5799
      vertex 83.9522 -46.8887 35.5549
    endloop
  endfacet
  facet normal 0 -0.115551 0.993302
    outer loop
      vertex 51.9626 -44.174 35.8701
      vertex 85.0374 -44.174 35.8701
      vertex 51.8395 -43.9909 35.8914
    endloop
  endfacet
  facet normal 0 -0.11542 0.993317
    outer loop
      vertex 83.9522 -46.8887 35.5549
      vertex 53.0478 -46.8887 35.5549
      vertex 53.1 -47.6796 35.463
    endloop
  endfacet
  facet normal 0 -0.114973 0.993369
    outer loop
      vertex 83.9522 -46.8887 35.5549
      vertex 53.0046 -46.6727 35.5799
      vertex 53.0478 -46.8887 35.5549
    endloop
  endfacet
  facet normal 0 -0.115363 0.993323
    outer loop
      vertex 84.1078 -46.1113 35.6451
      vertex 52.8921 -46.1113 35.6451
      vertex 53.0046 -46.6727 35.5799
    endloop
  endfacet
  facet normal 0 -0.115413 0.993318
    outer loop
      vertex 84.1078 -46.1113 35.6451
      vertex 52.6357 -45.3608 35.7323
      vertex 52.8921 -46.1113 35.6451
    endloop
  endfacet
  facet normal 0 -0.115413 0.993318
    outer loop
      vertex 84.3643 -45.3608 35.7323
      vertex 52.6357 -45.3608 35.7323
      vertex 84.1078 -46.1113 35.6451
    endloop
  endfacet
  facet normal 0 -0.115276 0.993333
    outer loop
      vertex 52.6357 -45.3608 35.7323
      vertex 84.3643 -45.3608 35.7323
      vertex 52.2828 -44.6499 35.8148
    endloop
  endfacet
  facet normal 0 -0.115276 0.993333
    outer loop
      vertex 84.7172 -44.6499 35.8148
      vertex 52.2828 -44.6499 35.8148
      vertex 84.3643 -45.3608 35.7323
    endloop
  endfacet
  facet normal 0 -0.115424 0.993316
    outer loop
      vertex 52.2828 -44.6499 35.8148
      vertex 84.7172 -44.6499 35.8148
      vertex 51.9626 -44.174 35.8701
    endloop
  endfacet
  facet normal 0 -0.115424 0.993316
    outer loop
      vertex 85.0374 -44.174 35.8701
      vertex 51.9626 -44.174 35.8701
      vertex 84.7172 -44.6499 35.8148
    endloop
  endfacet
  facet normal 0 -0.115551 0.993302
    outer loop
      vertex 85.1605 -43.9909 35.8914
      vertex 51.8395 -43.9909 35.8914
      vertex 85.0374 -44.174 35.8701
    endloop
  endfacet
  facet normal -1.42752e-05 -0.115341 0.993326
    outer loop
      vertex 99.125 8.36876 41.9719
      vertex 49.3344 -42.0815 36.1131
      vertex 50.05 -42.4321 36.0724
    endloop
  endfacet
  facet normal -3.69622e-05 -0.115319 0.993329
    outer loop
      vertex 99.125 8.36876 41.9719
      vertex 49.1245 -42.0108 36.1213
      vertex 49.3344 -42.0815 36.1131
    endloop
  endfacet
  facet normal 4.36445e-05 -0.115398 0.993319
    outer loop
      vertex 99.125 8.36876 41.9719
      vertex 48.5788 -41.8268 36.1427
      vertex 49.1245 -42.0108 36.1213
    endloop
  endfacet
  facet normal 0 -0.115355 0.993324
    outer loop
      vertex 22.875 8.36876 41.9719
      vertex 48.5788 -41.8268 36.1427
      vertex 99.125 8.36876 41.9719
    endloop
  endfacet
  facet normal 4.90335e-05 -0.11533 0.993327
    outer loop
      vertex 48.5788 -41.8268 36.1427
      vertex 22.875 8.36876 41.9719
      vertex 47.7962 -41.6721 36.1607
    endloop
  endfacet
  facet normal -7.71775e-05 -0.115392 0.99332
    outer loop
      vertex 47.7962 -41.6721 36.1607
      vertex 22.875 8.36876 41.9719
      vertex 47.2212 -41.6347 36.165
    endloop
  endfacet
  facet normal 0.000128595 -0.115293 0.993332
    outer loop
      vertex 47.2212 -41.6347 36.165
      vertex 22.875 8.36876 41.9719
      vertex 47 -41.6203 36.1667
    endloop
  endfacet
  facet normal -0.000120759 -0.115412 0.993318
    outer loop
      vertex 47 -41.6203 36.1667
      vertex 22.875 8.36876 41.9719
      vertex 46.7788 -41.6347 36.165
    endloop
  endfacet
  facet normal 7.24803e-05 -0.115321 0.993328
    outer loop
      vertex 46.7788 -41.6347 36.165
      vertex 22.875 8.36876 41.9719
      vertex 46.2038 -41.6721 36.1607
    endloop
  endfacet
  facet normal -4.04761e-05 -0.115372 0.993322
    outer loop
      vertex 46.2038 -41.6721 36.1607
      vertex 22.875 8.36876 41.9719
      vertex 45.4212 -41.8268 36.1427
    endloop
  endfacet
  facet normal 9.27869e-07 -0.115354 0.993324
    outer loop
      vertex 11.37 -21.6048 38.4911
      vertex 45.4212 -41.8268 36.1427
      vertex 22.875 8.36876 41.9719
    endloop
  endfacet
  facet normal -3.70443e-05 -0.115417 0.993317
    outer loop
      vertex 45.4212 -41.8268 36.1427
      vertex 11.37 -21.6048 38.4911
      vertex 44.8755 -42.0108 36.1213
    endloop
  endfacet
  facet normal 3.22038e-05 -0.115305 0.99333
    outer loop
      vertex 44.8755 -42.0108 36.1213
      vertex 11.37 -21.6048 38.4911
      vertex 44.6656 -42.0815 36.1131
    endloop
  endfacet
  facet normal 1.22667e-05 -0.115337 0.993326
    outer loop
      vertex 44.6656 -42.0815 36.1131
      vertex 11.37 -21.6048 38.4911
      vertex 43.95 -42.4321 36.0724
    endloop
  endfacet
  facet normal -9.69064e-05 -0.115486 0.993309
    outer loop
      vertex 11.37 -21.6048 38.4911
      vertex 42.0374 -44.174 35.8701
      vertex 42.1605 -43.9909 35.8914
    endloop
  endfacet
  facet normal 2.31094e-06 -0.115363 0.993323
    outer loop
      vertex 4.04781 -46.8887 35.5549
      vertex 40.9954 -46.6727 35.5799
      vertex 41.1079 -46.1113 35.6451
    endloop
  endfacet
  facet normal 3.38776e-06 -0.115414 0.993317
    outer loop
      vertex 4.04781 -46.8887 35.5549
      vertex 41.1079 -46.1113 35.6451
      vertex 41.3643 -45.3608 35.7323
    endloop
  endfacet
  facet normal 0 -0.115355 0.993324
    outer loop
      vertex 3.63566 -45.3608 35.7323
      vertex 41.3643 -45.3608 35.7323
      vertex 11.37 -21.6048 38.4911
    endloop
  endfacet
  facet normal 4.55068e-05 -0.115299 0.993331
    outer loop
      vertex 41.7172 -44.6499 35.8148
      vertex 11.37 -21.6048 38.4911
      vertex 41.3643 -45.3608 35.7323
    endloop
  endfacet
  facet normal -3.38155e-05 -0.115402 0.993319
    outer loop
      vertex 42.0374 -44.174 35.8701
      vertex 11.37 -21.6048 38.4911
      vertex 41.7172 -44.6499 35.8148
    endloop
  endfacet
  facet normal 1.42147e-06 -0.115353 0.993325
    outer loop
      vertex 42.6866 -43.395 35.9606
      vertex 11.37 -21.6048 38.4911
      vertex 42.1605 -43.9909 35.8914
    endloop
  endfacet
  facet normal -7.61993e-06 -0.115366 0.993323
    outer loop
      vertex 43.2866 -42.8724 36.0213
      vertex 11.37 -21.6048 38.4911
      vertex 42.6866 -43.395 35.9606
    endloop
  endfacet
  facet normal 2.3935e-05 -0.115319 0.993329
    outer loop
      vertex 43.95 -42.4321 36.0724
      vertex 11.37 -21.6048 38.4911
      vertex 43.2866 -42.8724 36.0213
    endloop
  endfacet
  facet normal 0.000371108 -0.115588 0.993297
    outer loop
      vertex 104.654 69.1558 49.031
      vertex 110 77.5 50
      vertex 104.685 69.3123 49.0492
    endloop
  endfacet
  facet normal 4.01897e-06 -0.115354 0.993324
    outer loop
      vertex 110 77.5 50
      vertex 99.125 8.36876 41.9719
      vertex 110 -77.5 32
    endloop
  endfacet
  facet normal -4.6227e-05 -0.11538 0.993321
    outer loop
      vertex 110 -77.5 32
      vertex 104.685 -69.3123 32.9508
      vertex 104.7 -69.5327 32.9252
    endloop
  endfacet
  facet normal 0.000774712 -0.115843 0.993267
    outer loop
      vertex 104.642 69.0957 49.024
      vertex 110 77.5 50
      vertex 104.654 69.1558 49.031
    endloop
  endfacet
  facet normal -5.43484e-06 -0.115355 0.993324
    outer loop
      vertex 95.8922 -46.1113 35.6451
      vertex 110 -77.5 32
      vertex 99.125 8.36876 41.9719
    endloop
  endfacet
  facet normal 8.58229e-05 -0.11541 0.993318
    outer loop
      vertex 104.571 68.8865 48.9997
      vertex 110 77.5 50
      vertex 104.642 69.0957 49.024
    endloop
  endfacet
  facet normal -0.000371108 -0.115588 0.993297
    outer loop
      vertex 110 -77.5 32
      vertex 104.654 -69.1558 32.969
      vertex 104.685 -69.3123 32.9508
    endloop
  endfacet
  facet normal 0.00190102 -0.116538 0.993184
    outer loop
      vertex 104.543 68.8315 48.9933
      vertex 110 77.5 50
      vertex 104.571 68.8865 48.9997
    endloop
  endfacet
  facet normal -0.000774712 -0.115843 0.993267
    outer loop
      vertex 110 -77.5 32
      vertex 104.642 -69.0957 32.976
      vertex 104.654 -69.1558 32.969
    endloop
  endfacet
  facet normal -0.000970796 -0.114755 0.993393
    outer loop
      vertex 104.472 68.6884 48.9767
      vertex 110 77.5 50
      vertex 104.543 68.8315 48.9933
    endloop
  endfacet
  facet normal -5.52264e-06 -0.115352 0.993325
    outer loop
      vertex 110 77.5 50
      vertex 104.472 68.6884 48.9767
      vertex 99.125 8.36876 41.9719
    endloop
  endfacet
  facet normal -8.58229e-05 -0.11541 0.993318
    outer loop
      vertex 110 -77.5 32
      vertex 104.571 -68.8865 33.0003
      vertex 104.642 -69.0957 32.976
    endloop
  endfacet
  facet normal 0.000218202 -0.115221 0.99334
    outer loop
      vertex 110 -77.5 32
      vertex 104.472 -68.6884 33.0233
      vertex 104.571 -68.8865 33.0003
    endloop
  endfacet
  facet normal 0.000131018 -0.115364 0.993323
    outer loop
      vertex 99.125 8.36876 41.9719
      vertex 104.472 68.6884 48.9767
      vertex 104.383 68.5557 48.9613
    endloop
  endfacet
  facet normal 0.000757727 -0.115418 0.993317
    outer loop
      vertex 99.125 8.36876 41.9719
      vertex 104.383 68.5557 48.9613
      vertex 104.349 68.5047 48.9554
    endloop
  endfacet
  facet normal 1.80387e-05 -0.115345 0.993326
    outer loop
      vertex 110 -77.5 32
      vertex 95.8922 -46.1113 35.6451
      vertex 104.472 -68.6884 33.0233
    endloop
  endfacet
  facet normal -0.00561021 -0.111416 0.993758
    outer loop
      vertex 99.125 61.164 48.1029
      vertex 104.349 68.5047 48.9554
      vertex 104.308 68.4586 48.95
    endloop
  endfacet
  facet normal -0.00157289 -0.115954 0.993253
    outer loop
      vertex 96.0478 -46.8887 35.5549
      vertex 104.438 -68.6374 33.0292
      vertex 104.472 -68.6884 33.0233
    endloop
  endfacet
  facet normal 0.0011278 -0.116142 0.993232
    outer loop
      vertex 99.125 61.164 48.1029
      vertex 104.308 68.4586 48.95
      vertex 104.202 68.3387 48.9361
    endloop
  endfacet
  facet normal -0.000278343 -0.115462 0.993312
    outer loop
      vertex 96.0478 -46.8887 35.5549
      vertex 104.349 -68.5047 33.0446
      vertex 104.438 -68.6374 33.0292
    endloop
  endfacet
  facet normal -0.0004054 -0.115512 0.993306
    outer loop
      vertex 104.349 -68.5047 33.0446
      vertex 96.1 -47.6796 35.463
      vertex 104.243 -68.3848 33.0585
    endloop
  endfacet
  facet normal 0.000360697 -0.115607 0.993295
    outer loop
      vertex 99.125 61.164 48.1029
      vertex 104.202 68.3387 48.9361
      vertex 104.081 68.2335 48.9239
    endloop
  endfacet
  facet normal 0.000190317 -0.115489 0.993309
    outer loop
      vertex 99.125 61.164 48.1029
      vertex 104.081 68.2335 48.9239
      vertex 104.035 68.193 48.9192
    endloop
  endfacet
  facet normal 0.00201533 -0.114573 0.993413
    outer loop
      vertex 104.243 -68.3848 33.0585
      vertex 96.1 -47.6796 35.463
      vertex 104.202 -68.3387 33.0639
    endloop
  endfacet
  facet normal -0.00145687 -0.114354 0.993439
    outer loop
      vertex 99.125 61.164 48.1029
      vertex 104.035 68.193 48.9192
      vertex 103.984 68.1589 48.9152
    endloop
  endfacet
  facet normal 0.000122651 -0.115305 0.99333
    outer loop
      vertex 96.0623 -48.2508 35.3967
      vertex 104.202 -68.3387 33.0639
      vertex 96.1 -47.6796 35.463
    endloop
  endfacet
  facet normal -0.000152271 -0.115248 0.993337
    outer loop
      vertex 99.125 61.164 48.1029
      vertex 103.984 68.1589 48.9152
      vertex 103.85 68.0703 48.9049
    endloop
  endfacet
  facet normal 0.000131219 -0.115302 0.99333
    outer loop
      vertex 96.0478 -48.4705 35.3712
      vertex 104.202 -68.3387 33.0639
      vertex 96.0623 -48.2508 35.3967
    endloop
  endfacet
  facet normal -0.000110803 -0.1154 0.993319
    outer loop
      vertex 104.202 -68.3387 33.0639
      vertex 96.0478 -48.4705 35.3712
      vertex 104.156 -68.2982 33.0686
    endloop
  endfacet
  facet normal 0.000341949 -0.115582 0.993298
    outer loop
      vertex 99.125 61.164 48.1029
      vertex 103.85 68.0703 48.9049
      vertex 103.651 67.9726 48.8936
    endloop
  endfacet
  facet normal -0.000215589 -0.115442 0.993314
    outer loop
      vertex 104.156 -68.2982 33.0686
      vertex 96.0478 -48.4705 35.3712
      vertex 104.035 -68.193 33.0808
    endloop
  endfacet
  facet normal -0.000207183 -0.115439 0.993315
    outer loop
      vertex 96.0046 -48.6864 35.3461
      vertex 104.035 -68.193 33.0808
      vertex 96.0478 -48.4705 35.3712
    endloop
  endfacet
  facet normal -0.000331049 -0.11514 0.993349
    outer loop
      vertex 99.125 61.164 48.1029
      vertex 103.651 67.9726 48.8936
      vertex 103.44 67.9016 48.8853
    endloop
  endfacet
  facet normal 0.000110904 -0.11531 0.99333
    outer loop
      vertex 104.035 -68.193 33.0808
      vertex 96.0046 -48.6864 35.3461
      vertex 103.901 -68.1044 33.0911
    endloop
  endfacet
  facet normal 8.25111e-05 -0.115401 0.993319
    outer loop
      vertex 99.125 61.164 48.1029
      vertex 103.44 67.9016 48.8853
      vertex 103.282 67.8705 48.8817
    endloop
  endfacet
  facet normal -0.000122579 -0.115276 0.993333
    outer loop
      vertex 99.125 61.164 48.1029
      vertex 103.282 67.8705 48.8817
      vertex 103.222 67.8585 48.8803
    endloop
  endfacet
  facet normal 0.00106976 -0.114925 0.993374
    outer loop
      vertex 103.901 -68.1044 33.0911
      vertex 96.0046 -48.6864 35.3461
      vertex 103.85 -68.0703 33.0951
    endloop
  endfacet
  facet normal 0.00107579 -0.116 0.993249
    outer loop
      vertex 99.125 61.164 48.1029
      vertex 103.222 67.8585 48.8803
      vertex 103.16 67.8545 48.8799
    endloop
  endfacet
  facet normal 5.04137e-05 -0.115389 0.99332
    outer loop
      vertex 99.125 61.164 48.1029
      vertex 103.16 67.8545 48.8799
      vertex 103 67.8441 48.8787
    endloop
  endfacet
  facet normal -1.79376e-05 -0.115359 0.993324
    outer loop
      vertex 95.8922 -49.2478 35.2809
      vertex 103.85 -68.0703 33.0951
      vertex 96.0046 -48.6864 35.3461
    endloop
  endfacet
  facet normal -4.67504e-05 -0.115334 0.993327
    outer loop
      vertex 99.125 61.164 48.1029
      vertex 103 67.8441 48.8787
      vertex 102.84 67.8545 48.8799
    endloop
  endfacet
  facet normal -0.000998309 -0.114812 0.993387
    outer loop
      vertex 99.125 61.164 48.1029
      vertex 102.84 67.8545 48.8799
      vertex 102.778 67.8585 48.8803
    endloop
  endfacet
  facet normal -0.00107308 -0.115799 0.993272
    outer loop
      vertex 103.85 -68.0703 33.0951
      vertex 95.8922 -49.2478 35.2809
      vertex 103.795 -68.0432 33.0982
    endloop
  endfacet
  facet normal 9.69894e-05 -0.115402 0.993319
    outer loop
      vertex 99.125 61.164 48.1029
      vertex 102.778 67.8585 48.8803
      vertex 102.718 67.8705 48.8817
    endloop
  endfacet
  facet normal -6.55339e-05 -0.115316 0.993329
    outer loop
      vertex 99.125 61.164 48.1029
      vertex 102.718 67.8705 48.8817
      vertex 102.56 67.9016 48.8853
    endloop
  endfacet
  facet normal 1.09383e-05 -0.11535 0.993325
    outer loop
      vertex 103.795 -68.0432 33.0982
      vertex 95.8922 -49.2478 35.2809
      vertex 103.651 -67.9726 33.1064
    endloop
  endfacet
  facet normal -0.000112063 -0.1154 0.993319
    outer loop
      vertex 95.7069 -49.7899 35.2179
      vertex 103.651 -67.9726 33.1064
      vertex 95.8922 -49.2478 35.2809
    endloop
  endfacet
  facet normal 0.000221669 -0.115461 0.993312
    outer loop
      vertex 99.125 61.164 48.1029
      vertex 102.56 67.9016 48.8853
      vertex 102.349 67.9726 48.8936
    endloop
  endfacet
  facet normal 7.62125e-05 -0.115319 0.993329
    outer loop
      vertex 95.6357 -49.9984 35.1937
      vertex 103.651 -67.9726 33.1064
      vertex 95.7069 -49.7899 35.2179
    endloop
  endfacet
  facet normal 0.00032563 -0.115209 0.993341
    outer loop
      vertex 103.651 -67.9726 33.1064
      vertex 95.6357 -49.9984 35.1937
      vertex 103.498 -67.9213 33.1124
    endloop
  endfacet
  facet normal -0.000186907 -0.11527 0.993334
    outer loop
      vertex 99.125 61.164 48.1029
      vertex 102.349 67.9726 48.8936
      vertex 102.15 68.0703 48.9049
    endloop
  endfacet
  facet normal 0.000248222 -0.115243 0.993337
    outer loop
      vertex 103.498 -67.9213 33.1124
      vertex 95.6357 -49.9984 35.1937
      vertex 103.44 -67.9016 33.1147
    endloop
  endfacet
  facet normal 0.000123929 -0.115296 0.993331
    outer loop
      vertex 95.5376 -50.1958 35.1708
      vertex 103.44 -67.9016 33.1147
      vertex 95.6357 -49.9984 35.1937
    endloop
  endfacet
  facet normal 6.46617e-05 -0.115379 0.993322
    outer loop
      vertex 99.125 61.164 48.1029
      vertex 102.15 68.0703 48.9049
      vertex 102.016 68.1589 48.9152
    endloop
  endfacet
  facet normal 0.000611196 -0.115601 0.993295
    outer loop
      vertex 99.125 61.164 48.1029
      vertex 102.016 68.1589 48.9152
      vertex 101.965 68.193 48.9192
    endloop
  endfacet
  facet normal 3.89585e-05 -0.115333 0.993327
    outer loop
      vertex 95.2828 -50.7092 35.1112
      vertex 103.44 -67.9016 33.1147
      vertex 95.5376 -50.1958 35.1708
    endloop
  endfacet
  facet normal -5.4045e-05 -0.115336 0.993326
    outer loop
      vertex 99.125 61.164 48.1029
      vertex 101.965 68.193 48.9192
      vertex 101.919 68.2335 48.9239
    endloop
  endfacet
  facet normal -2.54884e-05 -0.115364 0.993323
    outer loop
      vertex 103.44 -67.9016 33.1147
      vertex 95.2828 -50.7092 35.1112
      vertex 103.222 -67.8585 33.1197
    endloop
  endfacet
  facet normal -0.000104835 -0.115317 0.993329
    outer loop
      vertex 99.125 61.164 48.1029
      vertex 101.919 68.2335 48.9239
      vertex 101.798 68.3387 48.9361
    endloop
  endfacet
  facet normal 3.69221e-05 -0.115335 0.993327
    outer loop
      vertex 94.8395 -51.3682 35.0347
      vertex 103.222 -67.8585 33.1197
      vertex 95.2828 -50.7092 35.1112
    endloop
  endfacet
  facet normal -0.000334321 -0.115521 0.993305
    outer loop
      vertex 103.222 -67.8585 33.1197
      vertex 94.8395 -51.3682 35.0347
      vertex 103 -67.8441 33.1213
    endloop
  endfacet
  facet normal -0.000158371 -0.115297 0.993331
    outer loop
      vertex 99.125 61.164 48.1029
      vertex 101.798 68.3387 48.9361
      vertex 101.692 68.4586 48.95
    endloop
  endfacet
  facet normal 0.00080795 -0.115632 0.993292
    outer loop
      vertex 99.125 61.164 48.1029
      vertex 101.692 68.4586 48.95
      vertex 101.651 68.5047 48.9554
    endloop
  endfacet
  facet normal 0.000313519 -0.115205 0.993342
    outer loop
      vertex 103 -67.8441 33.1213
      vertex 94.8395 -51.3682 35.0347
      vertex 102.778 -67.8585 33.1197
    endloop
  endfacet
  facet normal -0.000439353 -0.115209 0.993341
    outer loop
      vertex 99.125 61.164 48.1029
      vertex 101.651 68.5047 48.9554
      vertex 101.617 68.5557 48.9613
    endloop
  endfacet
  facet normal -3.06725e-05 -0.115368 0.993323
    outer loop
      vertex 94.4595 -51.7986 34.9847
      vertex 102.778 -67.8585 33.1197
      vertex 94.8395 -51.3682 35.0347
    endloop
  endfacet
  facet normal -7.78746e-05 -0.115329 0.993327
    outer loop
      vertex 99.125 61.164 48.1029
      vertex 101.617 68.5557 48.9613
      vertex 101.528 68.6884 48.9767
    endloop
  endfacet
  facet normal 8.2021e-05 -0.115311 0.993329
    outer loop
      vertex 94.3134 -51.9641 34.9655
      vertex 102.778 -67.8585 33.1197
      vertex 94.4595 -51.7986 34.9847
    endloop
  endfacet
  facet normal -0.000153552 -0.115305 0.99333
    outer loop
      vertex 99.125 61.164 48.1029
      vertex 101.528 68.6884 48.9767
      vertex 101.457 68.8315 48.9933
    endloop
  endfacet
  facet normal 0.000289638 -0.115438 0.993315
    outer loop
      vertex 99.125 61.164 48.1029
      vertex 101.457 68.8315 48.9933
      vertex 101.429 68.8865 48.9997
    endloop
  endfacet
  facet normal 2.12629e-05 -0.115343 0.993326
    outer loop
      vertex 102.778 -67.8585 33.1197
      vertex 94.3134 -51.9641 34.9655
      vertex 102.56 -67.9016 33.1147
    endloop
  endfacet
  facet normal 4.45325e-05 -0.115366 0.993323
    outer loop
      vertex 99.125 61.164 48.1029
      vertex 101.429 68.8865 48.9997
      vertex 101.358 69.0957 49.024
    endloop
  endfacet
  facet normal -0.00015659 -0.115433 0.993315
    outer loop
      vertex 94.1467 -52.1093 34.9486
      vertex 102.56 -67.9016 33.1147
      vertex 94.3134 -51.9641 34.9655
    endloop
  endfacet
  facet normal 0.000709261 -0.115551 0.993301
    outer loop
      vertex 99.125 61.164 48.1029
      vertex 101.358 69.0957 49.024
      vertex 101.346 69.1558 49.031
    endloop
  endfacet
  facet normal 4.07644e-05 -0.11533 0.993327
    outer loop
      vertex 93.7134 -52.4867 34.9048
      vertex 102.56 -67.9016 33.1147
      vertex 94.1467 -52.1093 34.9486
    endloop
  endfacet
  facet normal 0.00033889 -0.115449 0.993313
    outer loop
      vertex 99.125 61.164 48.1029
      vertex 101.346 69.1558 49.031
      vertex 101.315 69.3123 49.0492
    endloop
  endfacet
  facet normal -0.000176006 -0.115452 0.993313
    outer loop
      vertex 102.56 -67.9016 33.1147
      vertex 93.7134 -52.4867 34.9048
      vertex 102.502 -67.9213 33.1124
    endloop
  endfacet
  facet normal 0.000209846 -0.115415 0.993317
    outer loop
      vertex 99.125 61.164 48.1029
      vertex 101.315 69.3123 49.0492
      vertex 101.304 69.4715 49.0677
    endloop
  endfacet
  facet normal -0.000372743 -0.115264 0.993335
    outer loop
      vertex 99.125 61.164 48.1029
      vertex 101.304 69.4715 49.0677
      vertex 101.3 69.5327 49.0748
    endloop
  endfacet
  facet normal -0.000232219 -0.115484 0.993309
    outer loop
      vertex 102.502 -67.9213 33.1124
      vertex 93.7134 -52.4867 34.9048
      vertex 102.349 -67.9726 33.1064
    endloop
  endfacet
  facet normal -0.000184784 -0.115228 0.993339
    outer loop
      vertex 104.696 69.4715 49.0677
      vertex 110 77.5 50
      vertex 104.7 69.5327 49.0748
    endloop
  endfacet
  facet normal 3.7646e-05 -0.115374 0.993322
    outer loop
      vertex 110 77.5 50
      vertex 104.685 69.7531 49.1004
      vertex 104.7 69.5327 49.0748
    endloop
  endfacet
  facet normal 0.000174113 -0.115467 0.993311
    outer loop
      vertex 110 77.5 50
      vertex 104.673 69.8133 49.1074
      vertex 104.685 69.7531 49.1004
    endloop
  endfacet
  facet normal -0.000521378 -0.114991 0.993366
    outer loop
      vertex 110 77.5 50
      vertex 104.642 69.9698 49.1255
      vertex 104.673 69.8133 49.1074
    endloop
  endfacet
  facet normal 0.00039878 -0.115637 0.993291
    outer loop
      vertex 110 77.5 50
      vertex 104.59 70.1208 49.1431
      vertex 104.642 69.9698 49.1255
    endloop
  endfacet
  facet normal -0.000754561 -0.114803 0.993388
    outer loop
      vertex 110 77.5 50
      vertex 104.571 70.1789 49.1498
      vertex 104.59 70.1208 49.1431
    endloop
  endfacet
  facet normal -2.16954e-05 -0.115339 0.993326
    outer loop
      vertex 110 77.5 50
      vertex 104.472 70.377 49.1728
      vertex 104.571 70.1789 49.1498
    endloop
  endfacet
  facet normal -0.000462392 -0.115001 0.993365
    outer loop
      vertex 110 77.5 50
      vertex 104.438 70.4281 49.1787
      vertex 104.472 70.377 49.1728
    endloop
  endfacet
  facet normal 2.09286e-06 -0.115362 0.993324
    outer loop
      vertex 110 77.5 50
      vertex 104.349 70.5607 49.1941
      vertex 104.438 70.4281 49.1787
    endloop
  endfacet
  facet normal 0.000367472 -0.115656 0.993289
    outer loop
      vertex 110 77.5 50
      vertex 104.243 70.6806 49.2081
      vertex 104.349 70.5607 49.1941
    endloop
  endfacet
  facet normal -0.000806567 -0.114678 0.993402
    outer loop
      vertex 110 77.5 50
      vertex 104.202 70.7268 49.2134
      vertex 104.243 70.6806 49.2081
    endloop
  endfacet
  facet normal -3.11176e-05 -0.115333 0.993327
    outer loop
      vertex 110 77.5 50
      vertex 104.035 70.8724 49.2303
      vertex 104.202 70.7268 49.2134
    endloop
  endfacet
  facet normal 0.000168673 -0.11551 0.993306
    outer loop
      vertex 110 77.5 50
      vertex 103.85 70.9951 49.2446
      vertex 104.035 70.8724 49.2303
    endloop
  endfacet
  facet normal -0.000722164 -0.114679 0.993402
    outer loop
      vertex 110 77.5 50
      vertex 103.795 71.0223 49.2477
      vertex 103.85 70.9951 49.2446
    endloop
  endfacet
  facet normal 5.79865e-05 -0.115416 0.993317
    outer loop
      vertex 110 77.5 50
      vertex 103.651 71.0928 49.2559
      vertex 103.795 71.0223 49.2477
    endloop
  endfacet
  facet normal 0.000206014 -0.115561 0.9933
    outer loop
      vertex 110 77.5 50
      vertex 103.498 71.1441 49.2619
      vertex 103.651 71.0928 49.2559
    endloop
  endfacet
  facet normal 0.000155975 -0.115511 0.993306
    outer loop
      vertex 110 77.5 50
      vertex 103.44 71.1638 49.2642
      vertex 103.498 71.1441 49.2619
    endloop
  endfacet
  facet normal -6.02196e-05 -0.11529 0.993332
    outer loop
      vertex 110 77.5 50
      vertex 103.282 71.1949 49.2678
      vertex 103.44 71.1638 49.2642
    endloop
  endfacet
  facet normal 8.81797e-05 -0.115446 0.993314
    outer loop
      vertex 110 77.5 50
      vertex 103.222 71.2069 49.2692
      vertex 103.282 71.1949 49.2678
    endloop
  endfacet
  facet normal 6.75364e-05 -0.115424 0.993316
    outer loop
      vertex 110 77.5 50
      vertex 103 71.2214 49.2709
      vertex 103.222 71.2069 49.2692
    endloop
  endfacet
  facet normal -7.81463e-05 -0.115264 0.993335
    outer loop
      vertex 110 77.5 50
      vertex 102.778 71.2069 49.2692
      vertex 103 71.2214 49.2709
    endloop
  endfacet
  facet normal -0.000139105 -0.115194 0.993343
    outer loop
      vertex 110 77.5 50
      vertex 102.718 71.1949 49.2678
      vertex 102.778 71.2069 49.2692
    endloop
  endfacet
  facet normal 9.42809e-05 -0.11546 0.993312
    outer loop
      vertex 110 77.5 50
      vertex 102.56 71.1638 49.2642
      vertex 102.718 71.1949 49.2678
    endloop
  endfacet
  facet normal -0.00035071 -0.114945 0.993372
    outer loop
      vertex 110 77.5 50
      vertex 102.502 71.1441 49.2619
      vertex 102.56 71.1638 49.2642
    endloop
  endfacet
  facet normal -0.000457768 -0.11482 0.993386
    outer loop
      vertex 110 77.5 50
      vertex 102.349 71.0928 49.2559
      vertex 102.502 71.1441 49.2619
    endloop
  endfacet
  facet normal -0.000207332 -0.115115 0.993352
    outer loop
      vertex 110 77.5 50
      vertex 102.205 71.0223 49.2477
      vertex 102.349 71.0928 49.2559
    endloop
  endfacet
  facet normal 0.00262739 -0.11848 0.992953
    outer loop
      vertex 110 77.5 50
      vertex 102.15 70.9951 49.2446
      vertex 102.205 71.0223 49.2477
    endloop
  endfacet
  facet normal -0.00137518 -0.113715 0.993512
    outer loop
      vertex 110 77.5 50
      vertex 101.965 70.8724 49.2303
      vertex 102.15 70.9951 49.2446
    endloop
  endfacet
  facet normal -7.60078e-06 -0.115353 0.993325
    outer loop
      vertex 104.349 68.5047 48.9554
      vertex 99.125 61.164 48.1029
      vertex 99.125 8.36876 41.9719
    endloop
  endfacet
  facet normal 8.97202e-05 -0.115383 0.993321
    outer loop
      vertex 101.315 69.7531 49.1004
      vertex 99.125 61.164 48.1029
      vertex 101.3 69.5327 49.0748
    endloop
  endfacet
  facet normal 1.59565e-05 -0.115504 0.993307
    outer loop
      vertex 22.875 61.164 48.1029
      vertex 101.315 69.7531 49.1004
      vertex 101.327 69.8133 49.1074
    endloop
  endfacet
  facet normal -5.39238e-05 -0.114879 0.99338
    outer loop
      vertex 22.875 61.164 48.1029
      vertex 101.327 69.8133 49.1074
      vertex 101.358 69.9698 49.1255
    endloop
  endfacet
  facet normal 0 -0.11536 0.993324
    outer loop
      vertex 101.315 69.7531 49.1004
      vertex 22.875 61.164 48.1029
      vertex 99.125 61.164 48.1029
    endloop
  endfacet
  facet normal 4.96487e-05 -0.115789 0.993274
    outer loop
      vertex 101.41 70.1208 49.1431
      vertex 22.875 61.164 48.1029
      vertex 101.358 69.9698 49.1255
    endloop
  endfacet
  facet normal -9.61283e-05 -0.114528 0.99342
    outer loop
      vertex 101.429 70.1789 49.1498
      vertex 22.875 61.164 48.1029
      vertex 101.41 70.1208 49.1431
    endloop
  endfacet
  facet normal -3.26322e-06 -0.115327 0.993328
    outer loop
      vertex 101.528 70.377 49.1728
      vertex 22.875 61.164 48.1029
      vertex 101.429 70.1789 49.1498
    endloop
  endfacet
  facet normal -8.44895e-05 -0.114642 0.993407
    outer loop
      vertex 101.562 70.4281 49.1787
      vertex 22.875 61.164 48.1029
      vertex 101.528 70.377 49.1728
    endloop
  endfacet
  facet normal 1.66012e-06 -0.115364 0.993323
    outer loop
      vertex 101.651 70.5607 49.1941
      vertex 22.875 61.164 48.1029
      vertex 101.562 70.4281 49.1787
    endloop
  endfacet
  facet normal 8.45125e-05 -0.11605 0.993243
    outer loop
      vertex 101.757 70.6806 49.2081
      vertex 22.875 61.164 48.1029
      vertex 101.651 70.5607 49.1941
    endloop
  endfacet
  facet normal -0.000189977 -0.113805 0.993503
    outer loop
      vertex 101.798 70.7268 49.2134
      vertex 22.875 61.164 48.1029
      vertex 101.757 70.6806 49.2081
    endloop
  endfacet
  facet normal -7.77863e-06 -0.115289 0.993332
    outer loop
      vertex 101.965 70.8724 49.2303
      vertex 22.875 61.164 48.1029
      vertex 101.798 70.7268 49.2134
    endloop
  endfacet
  facet normal 1.33411e-06 -0.115362 0.993324
    outer loop
      vertex 110 77.5 50
      vertex 22.875 61.164 48.1029
      vertex 101.965 70.8724 49.2303
    endloop
  endfacet
  facet normal 5.18743e-06 -0.115355 0.993324
    outer loop
      vertex 11.37 39.9813 45.643
      vertex 22.875 61.164 48.1029
      vertex 11.37 53.3912 47.2003
    endloop
  endfacet
  facet normal 4.66967e-05 -0.115243 0.993337
    outer loop
      vertex 1.69596 69.4715 49.0677
      vertex 22.875 61.164 48.1029
      vertex 1.7 69.5327 49.0748
    endloop
  endfacet
  facet normal 1.88965e-07 -0.115356 0.993324
    outer loop
      vertex 0.849999 70.9951 49.2446
      vertex 22.875 61.164 48.1029
      vertex 110 77.5 50
    endloop
  endfacet
  facet normal -6.9845e-06 -0.115377 0.993322
    outer loop
      vertex 22.875 61.164 48.1029
      vertex 1.68546 69.7531 49.1004
      vertex 1.7 69.5327 49.0748
    endloop
  endfacet
  facet normal -6.28854e-05 -0.115513 0.993306
    outer loop
      vertex 22.875 61.164 48.1029
      vertex 1.6734 69.8133 49.1074
      vertex 1.68546 69.7531 49.1004
    endloop
  endfacet
  facet normal 0.000212534 -0.114847 0.993383
    outer loop
      vertex 22.875 61.164 48.1029
      vertex 1.64207 69.9698 49.1255
      vertex 1.6734 69.8133 49.1074
    endloop
  endfacet
  facet normal -0.000205569 -0.115842 0.993268
    outer loop
      vertex 22.875 61.164 48.1029
      vertex 1.59045 70.1208 49.1431
      vertex 1.64207 69.9698 49.1255
    endloop
  endfacet
  facet normal 0.000398836 -0.114425 0.993432
    outer loop
      vertex 22.875 61.164 48.1029
      vertex 1.57059 70.1789 49.1498
      vertex 1.59045 70.1208 49.1431
    endloop
  endfacet
  facet normal 1.43586e-05 -0.115321 0.993328
    outer loop
      vertex 22.875 61.164 48.1029
      vertex 1.47224 70.377 49.1728
      vertex 1.57059 70.1789 49.1498
    endloop
  endfacet
  facet normal 0.000402683 -0.114431 0.993431
    outer loop
      vertex 22.875 61.164 48.1029
      vertex 1.43793 70.4281 49.1787
      vertex 1.47224 70.377 49.1728
    endloop
  endfacet
  facet normal -7.91339e-06 -0.115369 0.993323
    outer loop
      vertex 22.875 61.164 48.1029
      vertex 1.3487 70.5607 49.1941
      vertex 1.43793 70.4281 49.1787
    endloop
  endfacet
  facet normal -0.000450215 -0.116368 0.993206
    outer loop
      vertex 22.875 61.164 48.1029
      vertex 1.24281 70.6806 49.2081
      vertex 1.3487 70.5607 49.1941
    endloop
  endfacet
  facet normal 0.00101058 -0.113092 0.993584
    outer loop
      vertex 22.875 61.164 48.1029
      vertex 1.20208 70.7268 49.2134
      vertex 1.24281 70.6806 49.2081
    endloop
  endfacet
  facet normal 4.9438e-05 -0.115241 0.993338
    outer loop
      vertex 22.875 61.164 48.1029
      vertex 1.03489 70.8724 49.2303
      vertex 1.20208 70.7268 49.2134
    endloop
  endfacet
  facet normal -0.000559167 -0.116592 0.99318
    outer loop
      vertex 22.875 61.164 48.1029
      vertex 0.849999 70.9951 49.2446
      vertex 1.03489 70.8724 49.2303
    endloop
  endfacet
  facet normal -0.000113907 -0.113467 0.993542
    outer loop
      vertex 110 77.5 50
      vertex 0.7946 71.0223 49.2477
      vertex 0.849999 70.9951 49.2446
    endloop
  endfacet
  facet normal 9.20463e-06 -0.115515 0.993306
    outer loop
      vertex 110 77.5 50
      vertex 0.650561 71.0928 49.2559
      vertex 0.7946 71.0223 49.2477
    endloop
  endfacet
  facet normal 4.08626e-05 -0.116048 0.993244
    outer loop
      vertex 110 77.5 50
      vertex 0.498483 71.1441 49.2619
      vertex 0.650561 71.0928 49.2559
    endloop
  endfacet
  facet normal 3.06352e-05 -0.115874 0.993264
    outer loop
      vertex 110 77.5 50
      vertex 0.439992 71.1638 49.2642
      vertex 0.498483 71.1441 49.2619
    endloop
  endfacet
  facet normal -1.64742e-05 -0.11507 0.993357
    outer loop
      vertex 110 77.5 50
      vertex 0.282477 71.1949 49.2678
      vertex 0.439992 71.1638 49.2642
    endloop
  endfacet
  facet normal 2.38233e-05 -0.115762 0.993277
    outer loop
      vertex 110 77.5 50
      vertex 0.221894 71.2069 49.2692
      vertex 0.282477 71.1949 49.2678
    endloop
  endfacet
  facet normal 3.37946e-05 -0.115934 0.993257
    outer loop
      vertex 110 77.5 50
      vertex 0 71.2214 49.2709
      vertex 0.221894 71.2069 49.2692
    endloop
  endfacet
  facet normal 0.0521111 -0.371245 0.927071
    outer loop
      vertex -0.221894 71.2069 49.2692
      vertex -0.439992 71.1638 49.2642
      vertex -0.282477 71.1949 49.2678
    endloop
  endfacet
  facet normal -0.961792 0.167496 0.216567
    outer loop
      vertex -1.64207 69.9698 49.1255
      vertex -1.68546 69.7531 49.1004
      vertex -1.6734 69.8133 49.1074
    endloop
  endfacet
  facet normal 1.55989e-05 -0.115378 0.993322
    outer loop
      vertex -26.63 53.3912 47.2003
      vertex -1.7 69.5327 49.0748
      vertex -1.68546 69.7531 49.1004
    endloop
  endfacet
  facet normal -0.000225936 -0.115014 0.993364
    outer loop
      vertex -26.63 53.3912 47.2003
      vertex -1.68546 69.7531 49.1004
      vertex -1.64207 69.9698 49.1255
    endloop
  endfacet
  facet normal 0.000367073 -0.115896 0.993261
    outer loop
      vertex -26.63 53.3912 47.2003
      vertex -1.64207 69.9698 49.1255
      vertex -1.59045 70.1208 49.1431
    endloop
  endfacet
  facet normal -0.00069769 -0.114324 0.993443
    outer loop
      vertex -26.63 53.3912 47.2003
      vertex -1.59045 70.1208 49.1431
      vertex -1.57059 70.1789 49.1498
    endloop
  endfacet
  facet normal -2.364e-05 -0.115317 0.993329
    outer loop
      vertex -26.63 53.3912 47.2003
      vertex -1.57059 70.1789 49.1498
      vertex -1.47224 70.377 49.1728
    endloop
  endfacet
  facet normal 0 -0.115355 0.993324
    outer loop
      vertex -26.63 39.9813 45.643
      vertex -12.63 39.9813 45.643
      vertex -12.63 53.3912 47.2003
    endloop
  endfacet
  facet normal 0 -0.115739 0.99328
    outer loop
      vertex -33.9145 13.6868 42.5894
      vertex -8.0855 13.6868 42.5894
      vertex -33.9 13.9065 42.615
    endloop
  endfacet
  facet normal 0 -0.115355 0.993324
    outer loop
      vertex -26.63 39.9813 45.643
      vertex -12.63 53.3912 47.2003
      vertex -26.63 53.3912 47.2003
    endloop
  endfacet
  facet normal 0 -0.115354 0.993324
    outer loop
      vertex -1.7 69.5327 49.0748
      vertex -26.63 53.3912 47.2003
      vertex -12.63 53.3912 47.2003
    endloop
  endfacet
  facet normal -0.000817822 -0.114156 0.993463
    outer loop
      vertex -1.43793 70.4281 49.1787
      vertex -26.63 53.3912 47.2003
      vertex -1.47224 70.377 49.1728
    endloop
  endfacet
  facet normal 1.76916e-05 -0.115375 0.993322
    outer loop
      vertex -1.3487 70.5607 49.1941
      vertex -26.63 53.3912 47.2003
      vertex -1.43793 70.4281 49.1787
    endloop
  endfacet
  facet normal 0.000319612 -0.116255 0.993219
    outer loop
      vertex -50.63 53.3912 47.2003
      vertex -1.3487 70.5607 49.1941
      vertex -1.24281 70.6806 49.2081
    endloop
  endfacet
  facet normal -0.000709531 -0.113354 0.993554
    outer loop
      vertex -50.63 53.3912 47.2003
      vertex -1.24281 70.6806 49.2081
      vertex -1.20208 70.7268 49.2134
    endloop
  endfacet
  facet normal -3.13643e-05 -0.115262 0.993335
    outer loop
      vertex -50.63 53.3912 47.2003
      vertex -1.20208 70.7268 49.2134
      vertex -1.03489 70.8724 49.2303
    endloop
  endfacet
  facet normal 0 -0.115349 0.993325
    outer loop
      vertex -1.3487 70.5607 49.1941
      vertex -50.63 53.3912 47.2003
      vertex -26.63 53.3912 47.2003
    endloop
  endfacet
  facet normal -2.26274e-05 -0.115727 0.993281
    outer loop
      vertex -110 77.5 50
      vertex -1.03489 70.8724 49.2303
      vertex -0.849999 70.9951 49.2446
    endloop
  endfacet
  facet normal 0.000113907 -0.113467 0.993542
    outer loop
      vertex -110 77.5 50
      vertex -0.849999 70.9951 49.2446
      vertex -0.7946 71.0223 49.2477
    endloop
  endfacet
  facet normal -9.20463e-06 -0.115515 0.993306
    outer loop
      vertex -110 77.5 50
      vertex -0.7946 71.0223 49.2477
      vertex -0.650561 71.0928 49.2559
    endloop
  endfacet
  facet normal 0 -0.115355 0.993324
    outer loop
      vertex -64.63 39.9813 45.643
      vertex -50.63 39.9813 45.643
      vertex -50.63 53.3912 47.2003
    endloop
  endfacet
  facet normal 0 -0.115739 0.99328
    outer loop
      vertex -71.9145 13.6868 42.5894
      vertex -46.0855 13.6868 42.5894
      vertex -71.9 13.9065 42.615
    endloop
  endfacet
  facet normal 0 -0.115355 0.993324
    outer loop
      vertex -64.63 39.9813 45.643
      vertex -50.63 53.3912 47.2003
      vertex -64.63 53.3912 47.2003
    endloop
  endfacet
  facet normal 0 -0.11535 0.993325
    outer loop
      vertex -1.03489 70.8724 49.2303
      vertex -101.965 70.8724 49.2303
      vertex -50.63 53.3912 47.2003
    endloop
  endfacet
  facet normal -4.08626e-05 -0.116048 0.993244
    outer loop
      vertex -110 77.5 50
      vertex -0.650561 71.0928 49.2559
      vertex -0.498483 71.1441 49.2619
    endloop
  endfacet
  facet normal -3.06352e-05 -0.115874 0.993264
    outer loop
      vertex -110 77.5 50
      vertex -0.498483 71.1441 49.2619
      vertex -0.439992 71.1638 49.2642
    endloop
  endfacet
  facet normal 2.95971e-05 -0.115264 0.993335
    outer loop
      vertex -101.798 70.7268 49.2134
      vertex -50.63 53.3912 47.2003
      vertex -101.965 70.8724 49.2303
    endloop
  endfacet
  facet normal 0.000135702 -0.115249 0.993337
    outer loop
      vertex -101.304 69.4715 49.0677
      vertex -88.63 53.3912 47.2003
      vertex -101.3 69.5327 49.0748
    endloop
  endfacet
  facet normal -8.8474e-05 -0.115423 0.993316
    outer loop
      vertex -101.315 69.3123 49.0492
      vertex -88.63 53.3912 47.2003
      vertex -101.304 69.4715 49.0677
    endloop
  endfacet
  facet normal -0.000164768 -0.115483 0.993309
    outer loop
      vertex -101.346 69.1558 49.031
      vertex -88.63 53.3912 47.2003
      vertex -101.315 69.3123 49.0492
    endloop
  endfacet
  facet normal 0.000430543 -0.11442 0.993432
    outer loop
      vertex -101.41 70.1208 49.1431
      vertex -64.63 53.3912 47.2003
      vertex -101.429 70.1789 49.1498
    endloop
  endfacet
  facet normal 5.20431e-06 -0.115262 0.993335
    outer loop
      vertex -110 77.5 50
      vertex -0.439992 71.1638 49.2642
      vertex -0.221894 71.2069 49.2692
    endloop
  endfacet
  facet normal -3.37946e-05 -0.115934 0.993257
    outer loop
      vertex -110 77.5 50
      vertex -0.221894 71.2069 49.2692
      vertex 0 71.2214 49.2709
    endloop
  endfacet
  facet normal 0 -0.115349 0.993325
    outer loop
      vertex -110 77.5 50
      vertex 0 71.2214 49.2709
      vertex 110 77.5 50
    endloop
  endfacet
  facet normal -3.21715e-05 -0.115379 0.993322
    outer loop
      vertex -88.63 53.3912 47.2003
      vertex -101.315 69.7531 49.1004
      vertex -101.3 69.5327 49.0748
    endloop
  endfacet
  facet normal -0.000257879 -0.115552 0.993301
    outer loop
      vertex -88.63 53.3912 47.2003
      vertex -101.327 69.8133 49.1074
      vertex -101.315 69.7531 49.1004
    endloop
  endfacet
  facet normal 0.000820758 -0.114729 0.993397
    outer loop
      vertex -88.63 53.3912 47.2003
      vertex -101.358 69.9698 49.1255
      vertex -101.327 69.8133 49.1074
    endloop
  endfacet
  facet normal 0 -0.11535 0.993325
    outer loop
      vertex -64.63 53.3912 47.2003
      vertex -101.358 69.9698 49.1255
      vertex -88.63 53.3912 47.2003
    endloop
  endfacet
  facet normal -0.000228637 -0.11585 0.993267
    outer loop
      vertex -101.358 69.9698 49.1255
      vertex -64.63 53.3912 47.2003
      vertex -101.41 70.1208 49.1431
    endloop
  endfacet
  facet normal 1.39171e-05 -0.115321 0.993328
    outer loop
      vertex -64.63 53.3912 47.2003
      vertex -101.528 70.377 49.1728
      vertex -101.429 70.1789 49.1498
    endloop
  endfacet
  facet normal 0.000439407 -0.114409 0.993434
    outer loop
      vertex -64.63 53.3912 47.2003
      vertex -101.562 70.4281 49.1787
      vertex -101.528 70.377 49.1728
    endloop
  endfacet
  facet normal -9.52513e-06 -0.11537 0.993323
    outer loop
      vertex -64.63 53.3912 47.2003
      vertex -101.651 70.5607 49.1941
      vertex -101.562 70.4281 49.1787
    endloop
  endfacet
  facet normal -0.000499238 -0.116411 0.993201
    outer loop
      vertex -64.63 53.3912 47.2003
      vertex -101.757 70.6806 49.2081
      vertex -101.651 70.5607 49.1941
    endloop
  endfacet
  facet normal 0.0011122 -0.112997 0.993595
    outer loop
      vertex -64.63 53.3912 47.2003
      vertex -101.798 70.7268 49.2134
      vertex -101.757 70.6806 49.2081
    endloop
  endfacet
  facet normal 0 -0.11535 0.993325
    outer loop
      vertex -50.63 53.3912 47.2003
      vertex -101.798 70.7268 49.2134
      vertex -64.63 53.3912 47.2003
    endloop
  endfacet
  facet normal 0 -0.11536 0.993324
    outer loop
      vertex -1.03489 70.8724 49.2303
      vertex -110 77.5 50
      vertex -101.965 70.8724 49.2303
    endloop
  endfacet
  facet normal 0.00137518 -0.113715 0.993512
    outer loop
      vertex -101.965 70.8724 49.2303
      vertex -110 77.5 50
      vertex -102.15 70.9951 49.2446
    endloop
  endfacet
  facet normal -0.00262739 -0.11848 0.992953
    outer loop
      vertex -102.15 70.9951 49.2446
      vertex -110 77.5 50
      vertex -102.205 71.0223 49.2477
    endloop
  endfacet
  facet normal 0.000207332 -0.115115 0.993352
    outer loop
      vertex -102.205 71.0223 49.2477
      vertex -110 77.5 50
      vertex -102.349 71.0928 49.2559
    endloop
  endfacet
  facet normal 0.000457768 -0.11482 0.993386
    outer loop
      vertex -102.349 71.0928 49.2559
      vertex -110 77.5 50
      vertex -102.502 71.1441 49.2619
    endloop
  endfacet
  facet normal 0.00035071 -0.114945 0.993372
    outer loop
      vertex -102.502 71.1441 49.2619
      vertex -110 77.5 50
      vertex -102.56 71.1638 49.2642
    endloop
  endfacet
  facet normal -9.42809e-05 -0.11546 0.993312
    outer loop
      vertex -102.56 71.1638 49.2642
      vertex -110 77.5 50
      vertex -102.718 71.1949 49.2678
    endloop
  endfacet
  facet normal 0.000139105 -0.115194 0.993343
    outer loop
      vertex -102.718 71.1949 49.2678
      vertex -110 77.5 50
      vertex -102.778 71.2069 49.2692
    endloop
  endfacet
  facet normal -8.81797e-05 -0.115446 0.993314
    outer loop
      vertex -110 77.5 50
      vertex -103.282 71.1949 49.2678
      vertex -103.222 71.2069 49.2692
    endloop
  endfacet
  facet normal 0.000754561 -0.114803 0.993388
    outer loop
      vertex -110 77.5 50
      vertex -104.59 70.1208 49.1431
      vertex -104.571 70.1789 49.1498
    endloop
  endfacet
  facet normal 0.000371108 -0.115588 0.993297
    outer loop
      vertex -104.654 -69.1558 32.969
      vertex -110 -77.5 32
      vertex -104.685 -69.3123 32.9508
    endloop
  endfacet
  facet normal -3.7646e-05 -0.115374 0.993322
    outer loop
      vertex -104.685 69.7531 49.1004
      vertex -110 77.5 50
      vertex -104.7 69.5327 49.0748
    endloop
  endfacet
  facet normal -0.000174113 -0.115467 0.993311
    outer loop
      vertex -104.673 69.8133 49.1074
      vertex -110 77.5 50
      vertex -104.685 69.7531 49.1004
    endloop
  endfacet
  facet normal 0.000521378 -0.114991 0.993366
    outer loop
      vertex -104.642 69.9698 49.1255
      vertex -110 77.5 50
      vertex -104.673 69.8133 49.1074
    endloop
  endfacet
  facet normal -0.00039878 -0.115637 0.993291
    outer loop
      vertex -104.59 70.1208 49.1431
      vertex -110 77.5 50
      vertex -104.642 69.9698 49.1255
    endloop
  endfacet
  facet normal 2.16954e-05 -0.115339 0.993326
    outer loop
      vertex -104.472 70.377 49.1728
      vertex -110 77.5 50
      vertex -104.571 70.1789 49.1498
    endloop
  endfacet
  facet normal 0.000462392 -0.115001 0.993365
    outer loop
      vertex -104.438 70.4281 49.1787
      vertex -110 77.5 50
      vertex -104.472 70.377 49.1728
    endloop
  endfacet
  facet normal -2.09286e-06 -0.115362 0.993324
    outer loop
      vertex -104.349 70.5607 49.1941
      vertex -110 77.5 50
      vertex -104.438 70.4281 49.1787
    endloop
  endfacet
  facet normal -0.000367472 -0.115656 0.993289
    outer loop
      vertex -104.243 70.6806 49.2081
      vertex -110 77.5 50
      vertex -104.349 70.5607 49.1941
    endloop
  endfacet
  facet normal 0.000806567 -0.114678 0.993402
    outer loop
      vertex -104.202 70.7268 49.2134
      vertex -110 77.5 50
      vertex -104.243 70.6806 49.2081
    endloop
  endfacet
  facet normal 3.11176e-05 -0.115333 0.993327
    outer loop
      vertex -104.035 70.8724 49.2303
      vertex -110 77.5 50
      vertex -104.202 70.7268 49.2134
    endloop
  endfacet
  facet normal -0.000168673 -0.11551 0.993306
    outer loop
      vertex -103.85 70.9951 49.2446
      vertex -110 77.5 50
      vertex -104.035 70.8724 49.2303
    endloop
  endfacet
  facet normal 0.000722164 -0.114679 0.993402
    outer loop
      vertex -103.795 71.0223 49.2477
      vertex -110 77.5 50
      vertex -103.85 70.9951 49.2446
    endloop
  endfacet
  facet normal -5.79865e-05 -0.115416 0.993317
    outer loop
      vertex -103.651 71.0928 49.2559
      vertex -110 77.5 50
      vertex -103.795 71.0223 49.2477
    endloop
  endfacet
  facet normal -0.000206014 -0.115561 0.9933
    outer loop
      vertex -103.498 71.1441 49.2619
      vertex -110 77.5 50
      vertex -103.651 71.0928 49.2559
    endloop
  endfacet
  facet normal -0.000155975 -0.115511 0.993306
    outer loop
      vertex -103.44 71.1638 49.2642
      vertex -110 77.5 50
      vertex -103.498 71.1441 49.2619
    endloop
  endfacet
  facet normal 6.02196e-05 -0.11529 0.993332
    outer loop
      vertex -103.282 71.1949 49.2678
      vertex -110 77.5 50
      vertex -103.44 71.1638 49.2642
    endloop
  endfacet
  facet normal -6.75364e-05 -0.115424 0.993316
    outer loop
      vertex -103 71.2214 49.2709
      vertex -110 77.5 50
      vertex -103.222 71.2069 49.2692
    endloop
  endfacet
  facet normal 7.81463e-05 -0.115264 0.993335
    outer loop
      vertex -102.778 71.2069 49.2692
      vertex -110 77.5 50
      vertex -103 71.2214 49.2709
    endloop
  endfacet
  facet normal 0.000138063 -0.115439 0.993315
    outer loop
      vertex 104.685 69.3123 49.0492
      vertex 110 77.5 50
      vertex 104.696 69.4715 49.0677
    endloop
  endfacet
  facet normal 0.000151721 -0.11525 0.993337
    outer loop
      vertex 104.696 -69.5939 32.9181
      vertex 110 -77.5 32
      vertex 104.7 -69.5327 32.9252
    endloop
  endfacet
  facet normal -0.00010807 -0.115422 0.993317
    outer loop
      vertex 104.685 -69.7531 32.8996
      vertex 110 -77.5 32
      vertex 104.696 -69.5939 32.9181
    endloop
  endfacet
  facet normal 0.000526832 -0.114992 0.993366
    outer loop
      vertex 104.654 -69.9096 32.8815
      vertex 110 -77.5 32
      vertex 104.685 -69.7531 32.8996
    endloop
  endfacet
  facet normal -0.000159973 -0.115469 0.993311
    outer loop
      vertex 104.642 -69.9698 32.8745
      vertex 110 -77.5 32
      vertex 104.654 -69.9096 32.8815
    endloop
  endfacet
  facet normal -0.00039878 -0.115637 0.993291
    outer loop
      vertex 104.59 -70.1208 32.8569
      vertex 110 -77.5 32
      vertex 104.642 -69.9698 32.8745
    endloop
  endfacet
  facet normal 0.000754561 -0.114803 0.993388
    outer loop
      vertex 104.571 -70.1789 32.8502
      vertex 110 -77.5 32
      vertex 104.59 -70.1208 32.8569
    endloop
  endfacet
  facet normal -1.77728e-05 -0.115368 0.993323
    outer loop
      vertex 104.543 -70.234 32.8438
      vertex 110 -77.5 32
      vertex 104.571 -70.1789 32.8502
    endloop
  endfacet
  facet normal 3.66299e-05 -0.115328 0.993328
    outer loop
      vertex 104.472 -70.377 32.8272
      vertex 110 -77.5 32
      vertex 104.543 -70.234 32.8438
    endloop
  endfacet
  facet normal 0.000462392 -0.115001 0.993365
    outer loop
      vertex 104.438 -70.4281 32.8213
      vertex 110 -77.5 32
      vertex 104.472 -70.377 32.8272
    endloop
  endfacet
  facet normal -2.09286e-06 -0.115362 0.993324
    outer loop
      vertex 104.349 -70.5607 32.8059
      vertex 110 -77.5 32
      vertex 104.438 -70.4281 32.8213
    endloop
  endfacet
  facet normal -0.000583599 -0.115829 0.993269
    outer loop
      vertex 104.308 -70.6068 32.8005
      vertex 110 -77.5 32
      vertex 104.349 -70.5607 32.8059
    endloop
  endfacet
  facet normal 0.00017181 -0.115214 0.993341
    outer loop
      vertex 104.202 -70.7268 32.7866
      vertex 110 -77.5 32
      vertex 104.308 -70.6068 32.8005
    endloop
  endfacet
  facet normal 8.14952e-05 -0.11529 0.993332
    outer loop
      vertex 104.081 -70.832 32.7744
      vertex 110 -77.5 32
      vertex 104.202 -70.7268 32.7866
    endloop
  endfacet
  facet normal -9.79746e-05 -0.115447 0.993314
    outer loop
      vertex 104.035 -70.8724 32.7697
      vertex 110 -77.5 32
      vertex 104.081 -70.832 32.7744
    endloop
  endfacet
  facet normal -0.000483653 -0.11579 0.993274
    outer loop
      vertex 103.984 -70.9065 32.7657
      vertex 110 -77.5 32
      vertex 104.035 -70.8724 32.7697
    endloop
  endfacet
  facet normal -5.05093e-05 -0.1154 0.993319
    outer loop
      vertex 103.85 -70.9951 32.7554
      vertex 110 -77.5 32
      vertex 103.984 -70.9065 32.7657
    endloop
  endfacet
  facet normal 0.000155768 -0.115207 0.993341
    outer loop
      vertex 103.651 -71.0928 32.7441
      vertex 110 -77.5 32
      vertex 103.85 -70.9951 32.7554
    endloop
  endfacet
  facet normal -0.000192115 -0.115547 0.993302
    outer loop
      vertex 103.44 -71.1638 32.7358
      vertex 110 -77.5 32
      vertex 103.651 -71.0928 32.7441
    endloop
  endfacet
  facet normal 6.02196e-05 -0.11529 0.993332
    outer loop
      vertex 103.282 -71.1949 32.7322
      vertex 110 -77.5 32
      vertex 103.44 -71.1638 32.7358
    endloop
  endfacet
  facet normal -8.81797e-05 -0.115446 0.993314
    outer loop
      vertex 103.222 -71.2069 32.7308
      vertex 110 -77.5 32
      vertex 103.282 -71.1949 32.7322
    endloop
  endfacet
  facet normal -0.000531638 -0.115917 0.993259
    outer loop
      vertex 103.16 -71.2109 32.7303
      vertex 110 -77.5 32
      vertex 103.222 -71.2069 32.7308
    endloop
  endfacet
  facet normal 0.000111701 -0.115227 0.993339
    outer loop
      vertex 103 -71.2214 32.7291
      vertex 110 -77.5 32
      vertex 103.16 -71.2109 32.7303
    endloop
  endfacet
  facet normal -0.000129333 -0.115492 0.993308
    outer loop
      vertex 102.84 -71.2109 32.7303
      vertex 110 -77.5 32
      vertex 103 -71.2214 32.7291
    endloop
  endfacet
  facet normal 0.000614134 -0.114657 0.993405
    outer loop
      vertex 102.778 -71.2069 32.7308
      vertex 110 -77.5 32
      vertex 102.84 -71.2109 32.7303
    endloop
  endfacet
  facet normal 0.000139105 -0.115194 0.993343
    outer loop
      vertex 102.718 -71.1949 32.7322
      vertex 110 -77.5 32
      vertex 102.778 -71.2069 32.7308
    endloop
  endfacet
  facet normal -9.42809e-05 -0.11546 0.993312
    outer loop
      vertex 102.56 -71.1638 32.7358
      vertex 110 -77.5 32
      vertex 102.718 -71.1949 32.7322
    endloop
  endfacet
  facet normal 0.000428284 -0.114855 0.993382
    outer loop
      vertex 102.349 -71.0928 32.7441
      vertex 110 -77.5 32
      vertex 102.56 -71.1638 32.7358
    endloop
  endfacet
  facet normal -0.000559594 -0.116019 0.993247
    outer loop
      vertex 102.15 -70.9951 32.7554
      vertex 110 -77.5 32
      vertex 102.349 -71.0928 32.7441
    endloop
  endfacet
  facet normal 0.000406214 -0.114869 0.993381
    outer loop
      vertex 102.016 -70.9065 32.7657
      vertex 110 -77.5 32
      vertex 102.15 -70.9951 32.7554
    endloop
  endfacet
  facet normal 0.00409307 -0.110462 0.993872
    outer loop
      vertex 101.965 -70.8724 32.7697
      vertex 110 -77.5 32
      vertex 102.016 -70.9065 32.7657
    endloop
  endfacet
  facet normal 0.210445 0.0729699 0.974879
    outer loop
      vertex 101.651 -70.5607 32.8059
      vertex 101.798 -70.7268 32.7866
      vertex 101.692 -70.6068 32.8005
    endloop
  endfacet
  facet normal 0.00583858 -0.112447 0.993641
    outer loop
      vertex 101.429 -70.1789 32.8502
      vertex 101.528 -70.377 32.8272
      vertex 101.457 -70.234 32.8438
    endloop
  endfacet
  facet normal -0.445948 0.0151683 -0.89493
    outer loop
      vertex 101.315 -69.7531 32.8996
      vertex 101.358 -69.9698 32.8745
      vertex 101.346 -69.9096 32.8815
    endloop
  endfacet
  facet normal -6.06563e-06 -0.11536 0.993324
    outer loop
      vertex 102.349 -67.9726 33.1064
      vertex 93.7134 -52.4867 34.9048
      vertex 102.205 -68.0432 33.0982
    endloop
  endfacet
  facet normal 0.000671293 -0.114995 0.993366
    outer loop
      vertex 102.205 -68.0432 33.0982
      vertex 93.7134 -52.4867 34.9048
      vertex 102.15 -68.0703 33.0951
    endloop
  endfacet
  facet normal -6.27955e-05 -0.115387 0.993321
    outer loop
      vertex 93.05 -52.9271 34.8536
      vertex 102.15 -68.0703 33.0951
      vertex 93.7134 -52.4867 34.9048
    endloop
  endfacet
  facet normal -0.000557788 -0.11568 0.993286
    outer loop
      vertex 102.15 -68.0703 33.0951
      vertex 93.05 -52.9271 34.8536
      vertex 102.099 -68.1044 33.0911
    endloop
  endfacet
  facet normal -5.90948e-05 -0.115387 0.993321
    outer loop
      vertex 102.099 -68.1044 33.0911
      vertex 93.05 -52.9271 34.8536
      vertex 101.965 -68.193 33.0808
    endloop
  endfacet
  facet normal -2.85859e-06 -0.115355 0.993324
    outer loop
      vertex 92.8512 -53.0244 34.8423
      vertex 101.965 -68.193 33.0808
      vertex 93.05 -52.9271 34.8536
    endloop
  endfacet
  facet normal 5.38036e-06 -0.11535 0.993325
    outer loop
      vertex 92.3344 -53.2776 34.8129
      vertex 101.965 -68.193 33.0808
      vertex 92.8512 -53.0244 34.8423
    endloop
  endfacet
  facet normal 8.77884e-05 -0.115297 0.993331
    outer loop
      vertex 101.965 -68.193 33.0808
      vertex 92.3344 -53.2776 34.8129
      vertex 101.844 -68.2982 33.0686
    endloop
  endfacet
  facet normal 4.369e-05 -0.115325 0.993328
    outer loop
      vertex 101.844 -68.2982 33.0686
      vertex 92.3344 -53.2776 34.8129
      vertex 101.798 -68.3387 33.0639
    endloop
  endfacet
  facet normal -1.17659e-05 -0.115359 0.993324
    outer loop
      vertex 91.5788 -53.5324 34.7833
      vertex 101.798 -68.3387 33.0639
      vertex 92.3344 -53.2776 34.8129
    endloop
  endfacet
  facet normal -0.000635378 -0.115784 0.993274
    outer loop
      vertex 101.798 -68.3387 33.0639
      vertex 91.5788 -53.5324 34.7833
      vertex 101.757 -68.3848 33.0585
    endloop
  endfacet
  facet normal 0.000126235 -0.115269 0.993334
    outer loop
      vertex 101.757 -68.3848 33.0585
      vertex 91.5788 -53.5324 34.7833
      vertex 101.651 -68.5047 33.0446
    endloop
  endfacet
  facet normal 5.65939e-05 -0.115315 0.993329
    outer loop
      vertex 101.651 -68.5047 33.0446
      vertex 91.5788 -53.5324 34.7833
      vertex 101.562 -68.6374 33.0292
    endloop
  endfacet
  facet normal 0.00032985 -0.115137 0.99335
    outer loop
      vertex 101.562 -68.6374 33.0292
      vertex 91.5788 -53.5324 34.7833
      vertex 101.528 -68.6884 33.0233
    endloop
  endfacet
  facet normal 5.95735e-05 -0.115312 0.993329
    outer loop
      vertex 90.7962 -53.687 34.7654
      vertex 101.528 -68.6884 33.0233
      vertex 91.5788 -53.5324 34.7833
    endloop
  endfacet
  facet normal 2.14036e-05 -0.115339 0.993326
    outer loop
      vertex 101.528 -68.6884 33.0233
      vertex 90.7962 -53.687 34.7654
      vertex 101.429 -68.8865 33.0003
    endloop
  endfacet
  facet normal -7.46257e-05 -0.115405 0.993319
    outer loop
      vertex 90.2212 -53.7245 34.761
      vertex 101.429 -68.8865 33.0003
      vertex 90.7962 -53.687 34.7654
    endloop
  endfacet
  facet normal 0.000309397 -0.115125 0.993351
    outer loop
      vertex 90 -53.7389 34.7594
      vertex 101.429 -68.8865 33.0003
      vertex 90.2212 -53.7245 34.761
    endloop
  endfacet
  facet normal -2.37726e-05 -0.115373 0.993322
    outer loop
      vertex 101.429 -68.8865 33.0003
      vertex 90 -53.7389 34.7594
      vertex 101.358 -69.0957 32.976
    endloop
  endfacet
  facet normal -0.000341018 -0.115605 0.993295
    outer loop
      vertex 89.7788 -53.7245 34.761
      vertex 101.358 -69.0957 32.976
      vertex 90 -53.7389 34.7594
    endloop
  endfacet
  facet normal -0.000360935 -0.115619 0.993294
    outer loop
      vertex 101.358 -69.0957 32.976
      vertex 89.7788 -53.7245 34.761
      vertex 101.346 -69.1558 32.969
    endloop
  endfacet
  facet normal -0.000174328 -0.115481 0.99331
    outer loop
      vertex 101.346 -69.1558 32.969
      vertex 89.7788 -53.7245 34.761
      vertex 101.315 -69.3123 32.9508
    endloop
  endfacet
  facet normal 8.19573e-05 -0.115294 0.993331
    outer loop
      vertex 89.2038 -53.687 34.7654
      vertex 101.315 -69.3123 32.9508
      vertex 89.7788 -53.7245 34.761
    endloop
  endfacet
  facet normal -2.38916e-05 -0.115375 0.993322
    outer loop
      vertex 101.315 -69.3123 32.9508
      vertex 89.2038 -53.687 34.7654
      vertex 101.3 -69.5327 32.9252
    endloop
  endfacet
  facet normal -8.08263e-05 -0.115418 0.993317
    outer loop
      vertex 88.4212 -53.5324 34.7833
      vertex 101.3 -69.5327 32.9252
      vertex 89.2038 -53.687 34.7654
    endloop
  endfacet
  facet normal 0.000155808 -0.11523 0.993339
    outer loop
      vertex 101.3 -69.5327 32.9252
      vertex 88.4212 -53.5324 34.7833
      vertex 101.304 -69.5939 32.9181
    endloop
  endfacet
  facet normal -0.000104887 -0.115436 0.993315
    outer loop
      vertex 101.304 -69.5939 32.9181
      vertex 88.4212 -53.5324 34.7833
      vertex 101.315 -69.7531 32.8996
    endloop
  endfacet
  facet normal 1.83761e-05 -0.11534 0.993326
    outer loop
      vertex 87.6656 -53.2776 34.8129
      vertex 101.315 -69.7531 32.8996
      vertex 88.4212 -53.5324 34.7833
    endloop
  endfacet
  facet normal 0.000475651 -0.114966 0.993369
    outer loop
      vertex 101.315 -69.7531 32.8996
      vertex 87.6656 -53.2776 34.8129
      vertex 101.358 -69.9698 32.8745
    endloop
  endfacet
  facet normal -1.00495e-05 -0.115359 0.993324
    outer loop
      vertex 87.1488 -53.0244 34.8423
      vertex 101.358 -69.9698 32.8745
      vertex 87.6656 -53.2776 34.8129
    endloop
  endfacet
  facet normal 8.04187e-06 -0.115344 0.993326
    outer loop
      vertex 86.95 -52.9271 34.8536
      vertex 101.358 -69.9698 32.8745
      vertex 87.1488 -53.0244 34.8423
    endloop
  endfacet
  facet normal -0.000853068 -0.116062 0.993242
    outer loop
      vertex 101.358 -69.9698 32.8745
      vertex 86.95 -52.9271 34.8536
      vertex 101.41 -70.1208 32.8569
    endloop
  endfacet
  facet normal 0.00156821 -0.114053 0.993473
    outer loop
      vertex 101.41 -70.1208 32.8569
      vertex 86.95 -52.9271 34.8536
      vertex 101.429 -70.1789 32.8502
    endloop
  endfacet
  facet normal 0 -0.115352 0.993325
    outer loop
      vertex 50.05 -52.9271 34.8536
      vertex 101.429 -70.1789 32.8502
      vertex 86.95 -52.9271 34.8536
    endloop
  endfacet
  facet normal 9.63277e-06 -0.115324 0.993328
    outer loop
      vertex 101.429 -70.1789 32.8502
      vertex 50.05 -52.9271 34.8536
      vertex 101.528 -70.377 32.8272
    endloop
  endfacet
  facet normal -1.77508e-06 -0.115357 0.993324
    outer loop
      vertex 49.8512 -53.0244 34.8423
      vertex 101.528 -70.377 32.8272
      vertex 50.05 -52.9271 34.8536
    endloop
  endfacet
  facet normal 0 -0.11548 0.99331
    outer loop
      vertex 50.05 -52.9271 34.8536
      vertex 86.95 -52.9271 34.8536
      vertex 86.2866 -52.4867 34.9048
    endloop
  endfacet
  facet normal 0 -0.115283 0.993333
    outer loop
      vertex 50.7134 -52.4867 34.9048
      vertex 86.2866 -52.4867 34.9048
      vertex 85.8533 -52.1093 34.9486
    endloop
  endfacet
  facet normal 0 -0.115611 0.993295
    outer loop
      vertex 51.1467 -52.1093 34.9486
      vertex 85.8533 -52.1093 34.9486
      vertex 85.6866 -51.9641 34.9655
    endloop
  endfacet
  facet normal 0 -0.115239 0.993338
    outer loop
      vertex 51.3134 -51.9641 34.9655
      vertex 85.6866 -51.9641 34.9655
      vertex 85.5405 -51.7986 34.9847
    endloop
  endfacet
  facet normal 0 -0.115395 0.99332
    outer loop
      vertex 51.4595 -51.7986 34.9847
      vertex 85.5405 -51.7986 34.9847
      vertex 85.1605 -51.3682 35.0347
    endloop
  endfacet
  facet normal 0 -0.115438 0.993315
    outer loop
      vertex 52.8921 -49.2478 35.2809
      vertex 84.2931 -49.7899 35.2179
      vertex 84.1078 -49.2478 35.2809
    endloop
  endfacet
  facet normal 0 -0.11548 0.99331
    outer loop
      vertex 53.0046 -48.6864 35.3461
      vertex 83.9954 -48.6864 35.3461
      vertex 83.9522 -48.4705 35.3712
    endloop
  endfacet
  facet normal 0 -0.115297 0.993331
    outer loop
      vertex 53.1 -47.6796 35.463
      vertex 83.9377 -48.2508 35.3967
      vertex 83.9 -47.6796 35.463
    endloop
  endfacet
  facet normal 0 -0.115297 0.993331
    outer loop
      vertex 53.0623 -48.2508 35.3967
      vertex 83.9377 -48.2508 35.3967
      vertex 53.1 -47.6796 35.463
    endloop
  endfacet
  facet normal 0 -0.115293 0.993331
    outer loop
      vertex 83.9377 -48.2508 35.3967
      vertex 53.0623 -48.2508 35.3967
      vertex 83.9522 -48.4705 35.3712
    endloop
  endfacet
  facet normal 0 -0.115293 0.993331
    outer loop
      vertex 53.0478 -48.4705 35.3712
      vertex 83.9522 -48.4705 35.3712
      vertex 53.0623 -48.2508 35.3967
    endloop
  endfacet
  facet normal 0 -0.11548 0.99331
    outer loop
      vertex 53.0046 -48.6864 35.3461
      vertex 83.9522 -48.4705 35.3712
      vertex 53.0478 -48.4705 35.3712
    endloop
  endfacet
  facet normal 0 -0.115363 0.993323
    outer loop
      vertex 83.9954 -48.6864 35.3461
      vertex 53.0046 -48.6864 35.3461
      vertex 84.1078 -49.2478 35.2809
    endloop
  endfacet
  facet normal 0 -0.115363 0.993323
    outer loop
      vertex 52.8921 -49.2478 35.2809
      vertex 84.1078 -49.2478 35.2809
      vertex 53.0046 -48.6864 35.3461
    endloop
  endfacet
  facet normal 0 -0.115438 0.993315
    outer loop
      vertex 52.7069 -49.7899 35.2179
      vertex 84.2931 -49.7899 35.2179
      vertex 52.8921 -49.2478 35.2809
    endloop
  endfacet
  facet normal 0 -0.115293 0.993332
    outer loop
      vertex 84.2931 -49.7899 35.2179
      vertex 52.7069 -49.7899 35.2179
      vertex 84.3643 -49.9984 35.1937
    endloop
  endfacet
  facet normal 0 -0.115293 0.993332
    outer loop
      vertex 52.6357 -49.9984 35.1937
      vertex 84.3643 -49.9984 35.1937
      vertex 52.7069 -49.7899 35.2179
    endloop
  endfacet
  facet normal 0 -0.115235 0.993338
    outer loop
      vertex 84.3643 -49.9984 35.1937
      vertex 52.6357 -49.9984 35.1937
      vertex 84.4624 -50.1958 35.1708
    endloop
  endfacet
  facet normal 0 -0.115235 0.993338
    outer loop
      vertex 52.5376 -50.1958 35.1708
      vertex 84.4624 -50.1958 35.1708
      vertex 52.6357 -49.9984 35.1937
    endloop
  endfacet
  facet normal 0 -0.115314 0.993329
    outer loop
      vertex 84.4624 -50.1958 35.1708
      vertex 52.5376 -50.1958 35.1708
      vertex 84.7172 -50.7092 35.1112
    endloop
  endfacet
  facet normal 0 -0.115314 0.993329
    outer loop
      vertex 52.2828 -50.7092 35.1112
      vertex 84.7172 -50.7092 35.1112
      vertex 52.5376 -50.1958 35.1708
    endloop
  endfacet
  facet normal 0 -0.115311 0.993329
    outer loop
      vertex 84.7172 -50.7092 35.1112
      vertex 52.2828 -50.7092 35.1112
      vertex 85.1605 -51.3682 35.0347
    endloop
  endfacet
  facet normal 0 -0.115311 0.993329
    outer loop
      vertex 51.8395 -51.3682 35.0347
      vertex 85.1605 -51.3682 35.0347
      vertex 52.2828 -50.7092 35.1112
    endloop
  endfacet
  facet normal 0 -0.115395 0.99332
    outer loop
      vertex 51.4595 -51.7986 34.9847
      vertex 85.1605 -51.3682 35.0347
      vertex 51.8395 -51.3682 35.0347
    endloop
  endfacet
  facet normal 0 -0.115239 0.993338
    outer loop
      vertex 85.5405 -51.7986 34.9847
      vertex 51.4595 -51.7986 34.9847
      vertex 51.3134 -51.9641 34.9655
    endloop
  endfacet
  facet normal 0 -0.115611 0.993295
    outer loop
      vertex 85.6866 -51.9641 34.9655
      vertex 51.3134 -51.9641 34.9655
      vertex 51.1467 -52.1093 34.9486
    endloop
  endfacet
  facet normal 0 -0.115283 0.993333
    outer loop
      vertex 85.8533 -52.1093 34.9486
      vertex 51.1467 -52.1093 34.9486
      vertex 50.7134 -52.4867 34.9048
    endloop
  endfacet
  facet normal 0 -0.11548 0.99331
    outer loop
      vertex 86.2866 -52.4867 34.9048
      vertex 50.7134 -52.4867 34.9048
      vertex 50.05 -52.9271 34.8536
    endloop
  endfacet
  facet normal 2.5621e-06 -0.115344 0.993326
    outer loop
      vertex 49.3344 -53.2776 34.8129
      vertex 101.528 -70.377 32.8272
      vertex 49.8512 -53.0244 34.8423
    endloop
  endfacet
  facet normal 0.000277591 -0.114516 0.993421
    outer loop
      vertex 101.528 -70.377 32.8272
      vertex 49.3344 -53.2776 34.8129
      vertex 101.562 -70.4281 32.8213
    endloop
  endfacet
  facet normal -5.80283e-06 -0.115367 0.993323
    outer loop
      vertex 101.562 -70.4281 32.8213
      vertex 49.3344 -53.2776 34.8129
      vertex 101.651 -70.5607 32.8059
    endloop
  endfacet
  facet normal -7.38366e-06 -0.115372 0.993322
    outer loop
      vertex 48.5788 -53.5324 34.7833
      vertex 101.651 -70.5607 32.8059
      vertex 49.3344 -53.2776 34.8129
    endloop
  endfacet
  facet normal -3.1481e-05 -0.115446 0.993314
    outer loop
      vertex 101.651 -70.5607 32.8059
      vertex 48.5788 -53.5324 34.7833
      vertex 101.798 -70.7268 32.7866
    endloop
  endfacet
  facet normal 4.16896e-05 -0.115223 0.99334
    outer loop
      vertex 47.7962 -53.687 34.7654
      vertex 101.798 -70.7268 32.7866
      vertex 48.5788 -53.5324 34.7833
    endloop
  endfacet
  facet normal 7.80042e-05 -0.115109 0.993353
    outer loop
      vertex 101.798 -70.7268 32.7866
      vertex 47.7962 -53.687 34.7654
      vertex 101.919 -70.832 32.7744
    endloop
  endfacet
  facet normal -0.000103102 -0.115673 0.993287
    outer loop
      vertex 101.919 -70.832 32.7744
      vertex 47.7962 -53.687 34.7654
      vertex 101.965 -70.8724 32.7697
    endloop
  endfacet
  facet normal -6.47871e-05 -0.115554 0.993301
    outer loop
      vertex 47.2212 -53.7245 34.761
      vertex 101.965 -70.8724 32.7697
      vertex 47.7962 -53.687 34.7654
    endloop
  endfacet
  facet normal 0.000268462 -0.114504 0.993423
    outer loop
      vertex 47 -53.7389 34.7594
      vertex 101.965 -70.8724 32.7697
      vertex 47.2212 -53.7245 34.761
    endloop
  endfacet
  facet normal 0 -0.115354 0.993324
    outer loop
      vertex 1.03489 -70.8724 32.7697
      vertex 101.965 -70.8724 32.7697
      vertex 47 -53.7389 34.7594
    endloop
  endfacet
  facet normal -0.000276099 -0.11462 0.993409
    outer loop
      vertex 1.20208 -70.7268 32.7866
      vertex 47 -53.7389 34.7594
      vertex 46.7788 -53.7245 34.761
    endloop
  endfacet
  facet normal 6.66028e-05 -0.115526 0.993304
    outer loop
      vertex 1.20208 -70.7268 32.7866
      vertex 46.7788 -53.7245 34.761
      vertex 46.2038 -53.687 34.7654
    endloop
  endfacet
  facet normal -4.43634e-05 -0.115236 0.993338
    outer loop
      vertex 1.3487 -70.5607 32.8059
      vertex 46.2038 -53.687 34.7654
      vertex 45.4212 -53.5324 34.7833
    endloop
  endfacet
  facet normal 7.71709e-06 -0.115371 0.993322
    outer loop
      vertex 1.47224 -70.377 32.8272
      vertex 45.4212 -53.5324 34.7833
      vertex 44.6656 -53.2776 34.8129
    endloop
  endfacet
  facet normal 7.35788e-05 -0.115527 0.993304
    outer loop
      vertex 1.7 -69.5327 32.9252
      vertex 42.8533 -52.1093 34.9486
      vertex 42.6866 -51.9641 34.9655
    endloop
  endfacet
  facet normal 0 -0.115438 0.993315
    outer loop
      vertex 3.89215 -49.2478 35.2809
      vertex 41.2931 -49.7899 35.2179
      vertex 41.1079 -49.2478 35.2809
    endloop
  endfacet
  facet normal 0 -0.115297 0.993331
    outer loop
      vertex 4.1 -47.6796 35.463
      vertex 40.9377 -48.2508 35.3967
      vertex 40.9 -47.6796 35.463
    endloop
  endfacet
  facet normal 0 -0.114973 0.993369
    outer loop
      vertex 4.04781 -46.8887 35.5549
      vertex 40.9522 -46.8887 35.5549
      vertex 40.9954 -46.6727 35.5799
    endloop
  endfacet
  facet normal 0 -0.11542 0.993317
    outer loop
      vertex 40.9522 -46.8887 35.5549
      vertex 4.1 -47.6796 35.463
      vertex 40.9 -47.6796 35.463
    endloop
  endfacet
  facet normal 0 -0.115297 0.993331
    outer loop
      vertex 4.06231 -48.2508 35.3967
      vertex 40.9377 -48.2508 35.3967
      vertex 4.1 -47.6796 35.463
    endloop
  endfacet
  facet normal 2.0086e-07 -0.115353 0.993325
    outer loop
      vertex 22.875 61.164 48.1029
      vertex 11.37 39.9813 45.643
      vertex 22.875 8.36876 41.9719
    endloop
  endfacet
  facet normal -1.16908e-06 -0.115353 0.993325
    outer loop
      vertex 3.28275 16.9362 42.9668
      vertex 22.875 8.36876 41.9719
      vertex 11.37 39.9813 45.643
    endloop
  endfacet
  facet normal -1.44727e-05 -0.115348 0.993325
    outer loop
      vertex 11.37 -21.6048 38.4911
      vertex 22.875 8.36876 41.9719
      vertex 11.37 -8.19493 40.0483
    endloop
  endfacet
  facet normal 0 -0.115293 0.993331
    outer loop
      vertex 40.9377 -48.2508 35.3967
      vertex 4.06231 -48.2508 35.3967
      vertex 40.9522 -48.4705 35.3712
    endloop
  endfacet
  facet normal 0 -0.115293 0.993331
    outer loop
      vertex 4.04781 -48.4705 35.3712
      vertex 40.9522 -48.4705 35.3712
      vertex 4.06231 -48.2508 35.3967
    endloop
  endfacet
  facet normal 0 -0.11548 0.99331
    outer loop
      vertex 40.9522 -48.4705 35.3712
      vertex 4.04781 -48.4705 35.3712
      vertex 40.9954 -48.6864 35.3461
    endloop
  endfacet
  facet normal 0 -0.11548 0.99331
    outer loop
      vertex 4.00457 -48.6864 35.3461
      vertex 40.9954 -48.6864 35.3461
      vertex 4.04781 -48.4705 35.3712
    endloop
  endfacet
  facet normal 0 -0.115363 0.993323
    outer loop
      vertex 40.9954 -48.6864 35.3461
      vertex 4.00457 -48.6864 35.3461
      vertex 41.1079 -49.2478 35.2809
    endloop
  endfacet
  facet normal 0 -0.115363 0.993323
    outer loop
      vertex 3.89215 -49.2478 35.2809
      vertex 41.1079 -49.2478 35.2809
      vertex 4.00457 -48.6864 35.3461
    endloop
  endfacet
  facet normal 0 -0.115438 0.993315
    outer loop
      vertex 3.70691 -49.7899 35.2179
      vertex 41.2931 -49.7899 35.2179
      vertex 3.89215 -49.2478 35.2809
    endloop
  endfacet
  facet normal 0 -0.115293 0.993332
    outer loop
      vertex 41.2931 -49.7899 35.2179
      vertex 3.70691 -49.7899 35.2179
      vertex 41.3643 -49.9984 35.1937
    endloop
  endfacet
  facet normal 0 -0.115293 0.993332
    outer loop
      vertex 3.63566 -49.9984 35.1937
      vertex 41.3643 -49.9984 35.1937
      vertex 3.70691 -49.7899 35.2179
    endloop
  endfacet
  facet normal 0 -0.115235 0.993338
    outer loop
      vertex 41.3643 -49.9984 35.1937
      vertex 3.63566 -49.9984 35.1937
      vertex 41.4624 -50.1958 35.1708
    endloop
  endfacet
  facet normal 0 -0.115235 0.993338
    outer loop
      vertex 3.53763 -50.1958 35.1708
      vertex 41.4624 -50.1958 35.1708
      vertex 3.63566 -49.9984 35.1937
    endloop
  endfacet
  facet normal 0 -0.115314 0.993329
    outer loop
      vertex 41.4624 -50.1958 35.1708
      vertex 3.53763 -50.1958 35.1708
      vertex 41.7172 -50.7092 35.1112
    endloop
  endfacet
  facet normal 0 -0.115314 0.993329
    outer loop
      vertex 3.28275 -50.7092 35.1112
      vertex 41.7172 -50.7092 35.1112
      vertex 3.53763 -50.1958 35.1708
    endloop
  endfacet
  facet normal 0 -0.115356 0.993324
    outer loop
      vertex 1.68546 -69.3123 32.9508
      vertex 41.7172 -50.7092 35.1112
      vertex 3.28275 -50.7092 35.1112
    endloop
  endfacet
  facet normal -1.62492e-05 -0.115321 0.993328
    outer loop
      vertex 1.68546 -69.3123 32.9508
      vertex 42.1605 -51.3682 35.0347
      vertex 41.7172 -50.7092 35.1112
    endloop
  endfacet
  facet normal 1.20661e-05 -0.115384 0.993321
    outer loop
      vertex 1.68546 -69.3123 32.9508
      vertex 42.5405 -51.7986 34.9847
      vertex 42.1605 -51.3682 35.0347
    endloop
  endfacet
  facet normal -3.70262e-05 -0.115271 0.993334
    outer loop
      vertex 1.68546 -69.3123 32.9508
      vertex 42.6866 -51.9641 34.9655
      vertex 42.5405 -51.7986 34.9847
    endloop
  endfacet
  facet normal -2.09263e-05 -0.115307 0.99333
    outer loop
      vertex 42.8533 -52.1093 34.9486
      vertex 1.7 -69.5327 32.9252
      vertex 43.2866 -52.4867 34.9048
    endloop
  endfacet
  facet normal -5.01115e-05 -0.115237 0.993338
    outer loop
      vertex 1.69596 -69.5939 32.9181
      vertex 43.2866 -52.4867 34.9048
      vertex 1.7 -69.5327 32.9252
    endloop
  endfacet
  facet normal 3.0927e-05 -0.115431 0.993315
    outer loop
      vertex 1.68546 -69.7531 32.8996
      vertex 43.2866 -52.4867 34.9048
      vertex 1.69596 -69.5939 32.9181
    endloop
  endfacet
  facet normal -0.000214997 -0.114847 0.993383
    outer loop
      vertex 1.65412 -69.9096 32.8815
      vertex 43.2866 -52.4867 34.9048
      vertex 1.68546 -69.7531 32.8996
    endloop
  endfacet
  facet normal 7.8212e-05 -0.115363 0.993323
    outer loop
      vertex 1.68546 -69.3123 32.9508
      vertex 3.28275 -50.7092 35.1112
      vertex 2.83945 -51.3682 35.0347
    endloop
  endfacet
  facet normal -4.62676e-05 -0.115355 0.993324
    outer loop
      vertex 1.68546 -69.3123 32.9508
      vertex 2.83945 -51.3682 35.0347
      vertex 2.45949 -51.7986 34.9847
    endloop
  endfacet
  facet normal 0.000141934 -0.115363 0.993323
    outer loop
      vertex 1.68546 -69.3123 32.9508
      vertex 2.45949 -51.7986 34.9847
      vertex 2.31335 -51.9641 34.9655
    endloop
  endfacet
  facet normal -0.000230665 -0.11535 0.993325
    outer loop
      vertex 1.68546 -69.3123 32.9508
      vertex 2.31335 -51.9641 34.9655
      vertex 2.14671 -52.1093 34.9486
    endloop
  endfacet
  facet normal 6.51868e-05 -0.115357 0.993324
    outer loop
      vertex 1.20208 -68.3387 33.0639
      vertex 2.14671 -52.1093 34.9486
      vertex 1.71344 -52.4867 34.9048
    endloop
  endfacet
  facet normal 3.2935e-05 -0.115431 0.993315
    outer loop
      vertex 43.2866 -52.4867 34.9048
      vertex 1.65412 -69.9096 32.8815
      vertex 43.95 -52.9271 34.8536
    endloop
  endfacet
  facet normal 6.66341e-05 -0.115514 0.993306
    outer loop
      vertex 1.64207 -69.9698 32.8745
      vertex 43.95 -52.9271 34.8536
      vertex 1.65412 -69.9096 32.8815
    endloop
  endfacet
  facet normal 0.000199676 -0.11584 0.993268
    outer loop
      vertex 1.59045 -70.1208 32.8569
      vertex 43.95 -52.9271 34.8536
      vertex 1.64207 -69.9698 32.8745
    endloop
  endfacet
  facet normal -0.000379858 -0.114431 0.993431
    outer loop
      vertex 1.57059 -70.1789 32.8502
      vertex 43.95 -52.9271 34.8536
      vertex 1.59045 -70.1208 32.8569
    endloop
  endfacet
  facet normal 1.90954e-06 -0.115356 0.993324
    outer loop
      vertex 43.95 -52.9271 34.8536
      vertex 1.57059 -70.1789 32.8502
      vertex 44.1488 -53.0244 34.8423
    endloop
  endfacet
  facet normal -2.90319e-06 -0.115345 0.993326
    outer loop
      vertex 44.1488 -53.0244 34.8423
      vertex 1.57059 -70.1789 32.8502
      vertex 44.6656 -53.2776 34.8129
    endloop
  endfacet
  facet normal 1.22296e-05 -0.115383 0.993321
    outer loop
      vertex 1.54327 -70.234 32.8438
      vertex 44.6656 -53.2776 34.8129
      vertex 1.57059 -70.1789 32.8502
    endloop
  endfacet
  facet normal -2.10314e-05 -0.115299 0.993331
    outer loop
      vertex 1.47224 -70.377 32.8272
      vertex 44.6656 -53.2776 34.8129
      vertex 1.54327 -70.234 32.8438
    endloop
  endfacet
  facet normal -0.000341636 -0.114472 0.993426
    outer loop
      vertex 45.4212 -53.5324 34.7833
      vertex 1.47224 -70.377 32.8272
      vertex 1.43793 -70.4281 32.8213
    endloop
  endfacet
  facet normal 7.48338e-06 -0.115368 0.993323
    outer loop
      vertex 45.4212 -53.5324 34.7833
      vertex 1.43793 -70.4281 32.8213
      vertex 1.3487 -70.5607 32.8059
    endloop
  endfacet
  facet normal 0.00056474 -0.116833 0.993151
    outer loop
      vertex 46.2038 -53.687 34.7654
      vertex 1.3487 -70.5607 32.8059
      vertex 1.30797 -70.6068 32.8005
    endloop
  endfacet
  facet normal -0.000166521 -0.114919 0.993375
    outer loop
      vertex 46.2038 -53.687 34.7654
      vertex 1.30797 -70.6068 32.8005
      vertex 1.20208 -70.7268 32.7866
    endloop
  endfacet
  facet normal -0.000102752 -0.115081 0.993356
    outer loop
      vertex 47 -53.7389 34.7594
      vertex 1.20208 -70.7268 32.7866
      vertex 1.08133 -70.832 32.7744
    endloop
  endfacet
  facet normal 0.000134367 -0.11571 0.993283
    outer loop
      vertex 47 -53.7389 34.7594
      vertex 1.08133 -70.832 32.7744
      vertex 1.03489 -70.8724 32.7697
    endloop
  endfacet
  facet normal 0 -0.11536 0.993324
    outer loop
      vertex 101.965 -70.8724 32.7697
      vertex 1.03489 -70.8724 32.7697
      vertex 110 -77.5 32
    endloop
  endfacet
  facet normal -6.45544e-05 -0.116407 0.993202
    outer loop
      vertex 0.983534 -70.9065 32.7657
      vertex 110 -77.5 32
      vertex 1.03489 -70.8724 32.7697
    endloop
  endfacet
  facet normal -6.78869e-06 -0.115465 0.993312
    outer loop
      vertex 0.849999 -70.9951 32.7554
      vertex 110 -77.5 32
      vertex 0.983534 -70.9065 32.7657
    endloop
  endfacet
  facet normal 2.4683e-05 -0.114944 0.993372
    outer loop
      vertex 0.650561 -71.0928 32.7441
      vertex 110 -77.5 32
      vertex 0.849999 -70.9951 32.7554
    endloop
  endfacet
  facet normal -3.80015e-05 -0.116 0.993249
    outer loop
      vertex 0.439992 -71.1638 32.7358
      vertex 110 -77.5 32
      vertex 0.650561 -71.0928 32.7441
    endloop
  endfacet
  facet normal 1.64742e-05 -0.11507 0.993357
    outer loop
      vertex 0.282477 -71.1949 32.7322
      vertex 110 -77.5 32
      vertex 0.439992 -71.1638 32.7358
    endloop
  endfacet
  facet normal -2.38233e-05 -0.115762 0.993277
    outer loop
      vertex 0.221894 -71.2069 32.7308
      vertex 110 -77.5 32
      vertex 0.282477 -71.1949 32.7322
    endloop
  endfacet
  facet normal -0.000268122 -0.119966 0.992778
    outer loop
      vertex 0.160257 -71.2109 32.7303
      vertex 110 -77.5 32
      vertex 0.221894 -71.2069 32.7308
    endloop
  endfacet
  facet normal 5.57259e-05 -0.114386 0.993436
    outer loop
      vertex 0 -71.2214 32.7291
      vertex 110 -77.5 32
      vertex 0.160257 -71.2109 32.7303
    endloop
  endfacet
  facet normal 0.0515675 0.706372 0.70596
    outer loop
      vertex -0.221894 -71.2069 32.7308
      vertex 0 -71.2214 32.7291
      vertex -0.160257 -71.2109 32.7303
    endloop
  endfacet
  facet normal -0.0521111 -0.371245 0.927071
    outer loop
      vertex -0.439992 -71.1638 32.7358
      vertex -0.221894 -71.2069 32.7308
      vertex -0.282477 -71.1949 32.7322
    endloop
  endfacet
  facet normal 0.455732 0.74372 -0.48907
    outer loop
      vertex -1.03489 -70.8724 32.7697
      vertex -0.849999 -70.9951 32.7554
      vertex -0.983534 -70.9065 32.7657
    endloop
  endfacet
  facet normal 0.655819 0.514741 0.552216
    outer loop
      vertex -1.3487 -70.5607 32.8059
      vertex -1.20208 -70.7268 32.7866
      vertex -1.30797 -70.6068 32.8005
    endloop
  endfacet
  facet normal 8.40959e-05 -0.115333 0.993327
    outer loop
      vertex -1.3487 -68.5047 33.0446
      vertex -5.05 -52.9271 34.8536
      vertex -1.43793 -68.6374 33.0292
    endloop
  endfacet
  facet normal 0.000485697 -0.115242 0.993337
    outer loop
      vertex -1.43793 -68.6374 33.0292
      vertex -5.05 -52.9271 34.8536
      vertex -1.47224 -68.6884 33.0233
    endloop
  endfacet
  facet normal 0.000102278 -0.115328 0.993327
    outer loop
      vertex -5.71344 -52.4867 34.9048
      vertex -1.47224 -68.6884 33.0233
      vertex -5.05 -52.9271 34.8536
    endloop
  endfacet
  facet normal 3.51229e-05 -0.115345 0.993325
    outer loop
      vertex -1.47224 -68.6884 33.0233
      vertex -5.71344 -52.4867 34.9048
      vertex -1.57059 -68.8865 33.0003
    endloop
  endfacet
  facet normal -8.01285e-05 -0.115374 0.993322
    outer loop
      vertex -6.14671 -52.1093 34.9486
      vertex -1.57059 -68.8865 33.0003
      vertex -5.71344 -52.4867 34.9048
    endloop
  endfacet
  facet normal -4.67975e-05 -0.115365 0.993323
    outer loop
      vertex -1.57059 -68.8865 33.0003
      vertex -6.14671 -52.1093 34.9486
      vertex -1.64207 -69.0957 32.976
    endloop
  endfacet
  facet normal 0.000296028 -0.115276 0.993334
    outer loop
      vertex -6.31335 -51.9641 34.9655
      vertex -1.64207 -69.0957 32.976
      vertex -6.14671 -52.1093 34.9486
    endloop
  endfacet
  facet normal -0.000718196 -0.115548 0.993302
    outer loop
      vertex -1.64207 -69.0957 32.976
      vertex -6.31335 -51.9641 34.9655
      vertex -1.65412 -69.1558 32.969
    endloop
  endfacet
  facet normal -0.000342101 -0.115448 0.993313
    outer loop
      vertex -1.65412 -69.1558 32.969
      vertex -6.31335 -51.9641 34.9655
      vertex -1.68546 -69.3123 32.9508
    endloop
  endfacet
  facet normal 0 -0.115358 0.993324
    outer loop
      vertex -35.6866 -51.9641 34.9655
      vertex -1.68546 -69.3123 32.9508
      vertex -6.31335 -51.9641 34.9655
    endloop
  endfacet
  facet normal -8.24875e-05 -0.115517 0.993305
    outer loop
      vertex -35.8533 -52.1093 34.9486
      vertex -1.68546 -69.3123 32.9508
      vertex -35.6866 -51.9641 34.9655
    endloop
  endfacet
  facet normal -1.04276e-05 -0.115376 0.993322
    outer loop
      vertex -1.68546 -69.3123 32.9508
      vertex -35.8533 -52.1093 34.9486
      vertex -1.7 -69.5327 32.9252
    endloop
  endfacet
  facet normal 2.36311e-05 -0.11531 0.99333
    outer loop
      vertex -36.2866 -52.4867 34.9048
      vertex -1.7 -69.5327 32.9252
      vertex -35.8533 -52.1093 34.9486
    endloop
  endfacet
  facet normal 6.05947e-05 -0.115236 0.993338
    outer loop
      vertex -1.7 -69.5327 32.9252
      vertex -36.2866 -52.4867 34.9048
      vertex -1.69596 -69.5939 32.9181
    endloop
  endfacet
  facet normal 0 -0.115239 0.993338
    outer loop
      vertex -35.6866 -51.9641 34.9655
      vertex -6.31335 -51.9641 34.9655
      vertex -6.45949 -51.7986 34.9847
    endloop
  endfacet
  facet normal 0 -0.115395 0.99332
    outer loop
      vertex -35.5405 -51.7986 34.9847
      vertex -6.45949 -51.7986 34.9847
      vertex -6.83945 -51.3682 35.0347
    endloop
  endfacet
  facet normal 0 -0.115311 0.993329
    outer loop
      vertex -35.1605 -51.3682 35.0347
      vertex -6.83945 -51.3682 35.0347
      vertex -7.28275 -50.7092 35.1112
    endloop
  endfacet
  facet normal 0 -0.115314 0.993329
    outer loop
      vertex -34.7172 -50.7092 35.1112
      vertex -7.28275 -50.7092 35.1112
      vertex -7.53763 -50.1958 35.1708
    endloop
  endfacet
  facet normal 0 -0.115235 0.993338
    outer loop
      vertex -34.4624 -50.1958 35.1708
      vertex -7.53763 -50.1958 35.1708
      vertex -7.63566 -49.9984 35.1937
    endloop
  endfacet
  facet normal 0 -0.115293 0.993332
    outer loop
      vertex -34.3643 -49.9984 35.1937
      vertex -7.63566 -49.9984 35.1937
      vertex -7.70691 -49.7899 35.2179
    endloop
  endfacet
  facet normal 0 -0.115438 0.993315
    outer loop
      vertex -34.2931 -49.7899 35.2179
      vertex -7.70691 -49.7899 35.2179
      vertex -7.89215 -49.2478 35.2809
    endloop
  endfacet
  facet normal 0 -0.11548 0.99331
    outer loop
      vertex -33.9954 -48.6864 35.3461
      vertex -8.00457 -48.6864 35.3461
      vertex -8.04781 -48.4705 35.3712
    endloop
  endfacet
  facet normal 0 -0.115297 0.993331
    outer loop
      vertex -33.9 -47.6796 35.463
      vertex -8.06231 -48.2508 35.3967
      vertex -8.1 -47.6796 35.463
    endloop
  endfacet
  facet normal 0 -0.114973 0.993369
    outer loop
      vertex -33.9522 -46.8887 35.5549
      vertex -8.04781 -46.8887 35.5549
      vertex -8.00457 -46.6727 35.5799
    endloop
  endfacet
  facet normal 0 -0.115354 0.993324
    outer loop
      vertex -7.28275 10.8769 42.2631
      vertex -26.63 -8.19493 40.0483
      vertex -12.63 -8.19493 40.0483
    endloop
  endfacet
  facet normal 0 -0.115348 0.993325
    outer loop
      vertex -12.63 -8.19493 40.0483
      vertex -26.63 -8.19493 40.0483
      vertex -12.63 -21.6048 38.4911
    endloop
  endfacet
  facet normal 0 -0.115348 0.993325
    outer loop
      vertex -26.63 -21.6048 38.4911
      vertex -12.63 -21.6048 38.4911
      vertex -26.63 -8.19493 40.0483
    endloop
  endfacet
  facet normal 0 -0.11542 0.993317
    outer loop
      vertex -8.04781 -46.8887 35.5549
      vertex -33.9 -47.6796 35.463
      vertex -8.1 -47.6796 35.463
    endloop
  endfacet
  facet normal 0 -0.115297 0.993331
    outer loop
      vertex -33.9377 -48.2508 35.3967
      vertex -8.06231 -48.2508 35.3967
      vertex -33.9 -47.6796 35.463
    endloop
  endfacet
  facet normal 0 -0.115293 0.993331
    outer loop
      vertex -8.06231 -48.2508 35.3967
      vertex -33.9377 -48.2508 35.3967
      vertex -8.04781 -48.4705 35.3712
    endloop
  endfacet
  facet normal 0 -0.115293 0.993331
    outer loop
      vertex -33.9522 -48.4705 35.3712
      vertex -8.04781 -48.4705 35.3712
      vertex -33.9377 -48.2508 35.3967
    endloop
  endfacet
  facet normal 0 -0.11548 0.99331
    outer loop
      vertex -33.9954 -48.6864 35.3461
      vertex -8.04781 -48.4705 35.3712
      vertex -33.9522 -48.4705 35.3712
    endloop
  endfacet
  facet normal 0 -0.115363 0.993323
    outer loop
      vertex -8.00457 -48.6864 35.3461
      vertex -33.9954 -48.6864 35.3461
      vertex -7.89215 -49.2478 35.2809
    endloop
  endfacet
  facet normal 0 -0.115363 0.993323
    outer loop
      vertex -34.1079 -49.2478 35.2809
      vertex -7.89215 -49.2478 35.2809
      vertex -33.9954 -48.6864 35.3461
    endloop
  endfacet
  facet normal 0 -0.115438 0.993315
    outer loop
      vertex -34.2931 -49.7899 35.2179
      vertex -7.89215 -49.2478 35.2809
      vertex -34.1079 -49.2478 35.2809
    endloop
  endfacet
  facet normal 0 -0.115293 0.993332
    outer loop
      vertex -7.70691 -49.7899 35.2179
      vertex -34.2931 -49.7899 35.2179
      vertex -34.3643 -49.9984 35.1937
    endloop
  endfacet
  facet normal 0 -0.115235 0.993338
    outer loop
      vertex -7.63566 -49.9984 35.1937
      vertex -34.3643 -49.9984 35.1937
      vertex -34.4624 -50.1958 35.1708
    endloop
  endfacet
  facet normal 0 -0.115314 0.993329
    outer loop
      vertex -7.53763 -50.1958 35.1708
      vertex -34.4624 -50.1958 35.1708
      vertex -34.7172 -50.7092 35.1112
    endloop
  endfacet
  facet normal 0 -0.115311 0.993329
    outer loop
      vertex -7.28275 -50.7092 35.1112
      vertex -34.7172 -50.7092 35.1112
      vertex -35.1605 -51.3682 35.0347
    endloop
  endfacet
  facet normal 0 -0.115395 0.99332
    outer loop
      vertex -6.83945 -51.3682 35.0347
      vertex -35.1605 -51.3682 35.0347
      vertex -35.5405 -51.7986 34.9847
    endloop
  endfacet
  facet normal 0 -0.115239 0.993338
    outer loop
      vertex -6.45949 -51.7986 34.9847
      vertex -35.5405 -51.7986 34.9847
      vertex -35.6866 -51.9641 34.9655
    endloop
  endfacet
  facet normal -3.73966e-05 -0.115432 0.993315
    outer loop
      vertex -1.69596 -69.5939 32.9181
      vertex -36.2866 -52.4867 34.9048
      vertex -1.68546 -69.7531 32.8996
    endloop
  endfacet
  facet normal -3.53373e-05 -0.115428 0.993316
    outer loop
      vertex -36.95 -52.9271 34.8536
      vertex -1.68546 -69.7531 32.8996
      vertex -36.2866 -52.4867 34.9048
    endloop
  endfacet
  facet normal 0.000248845 -0.11484 0.993384
    outer loop
      vertex -1.68546 -69.7531 32.8996
      vertex -36.95 -52.9271 34.8536
      vertex -1.65412 -69.9096 32.8815
    endloop
  endfacet
  facet normal -8.12575e-05 -0.115517 0.993306
    outer loop
      vertex -1.65412 -69.9096 32.8815
      vertex -36.95 -52.9271 34.8536
      vertex -1.64207 -69.9698 32.8745
    endloop
  endfacet
  facet normal -2.34081e-06 -0.115356 0.993324
    outer loop
      vertex -37.1488 -53.0244 34.8423
      vertex -1.64207 -69.9698 32.8745
      vertex -36.95 -52.9271 34.8536
    endloop
  endfacet
  facet normal 2.9216e-06 -0.115345 0.993326
    outer loop
      vertex -37.6656 -53.2776 34.8129
      vertex -1.64207 -69.9698 32.8745
      vertex -37.1488 -53.0244 34.8423
    endloop
  endfacet
  facet normal -0.000235265 -0.115852 0.993266
    outer loop
      vertex -1.64207 -69.9698 32.8745
      vertex -37.6656 -53.2776 34.8129
      vertex -1.59045 -70.1208 32.8569
    endloop
  endfacet
  facet normal 0.000447893 -0.114408 0.993434
    outer loop
      vertex -1.59045 -70.1208 32.8569
      vertex -37.6656 -53.2776 34.8129
      vertex -1.57059 -70.1789 32.8502
    endloop
  endfacet
  facet normal -8.25311e-06 -0.115369 0.993323
    outer loop
      vertex -38.4212 -53.5324 34.7833
      vertex -1.57059 -70.1789 32.8502
      vertex -37.6656 -53.2776 34.8129
    endloop
  endfacet
  facet normal -1.49973e-05 -0.115384 0.993321
    outer loop
      vertex -1.57059 -70.1789 32.8502
      vertex -38.4212 -53.5324 34.7833
      vertex -1.54327 -70.234 32.8438
    endloop
  endfacet
  facet normal 2.47748e-05 -0.115297 0.993331
    outer loop
      vertex -1.54327 -70.234 32.8438
      vertex -38.4212 -53.5324 34.7833
      vertex -1.47224 -70.377 32.8272
    endloop
  endfacet
  facet normal 4.70369e-05 -0.115249 0.993337
    outer loop
      vertex -39.2038 -53.687 34.7654
      vertex -1.47224 -70.377 32.8272
      vertex -38.4212 -53.5324 34.7833
    endloop
  endfacet
  facet normal 0.000418511 -0.114421 0.993432
    outer loop
      vertex -1.47224 -70.377 32.8272
      vertex -39.2038 -53.687 34.7654
      vertex -1.43793 -70.4281 32.8213
    endloop
  endfacet
  facet normal -7.14615e-06 -0.115368 0.993323
    outer loop
      vertex -1.43793 -70.4281 32.8213
      vertex -39.2038 -53.687 34.7654
      vertex -1.3487 -70.5607 32.8059
    endloop
  endfacet
  facet normal -6.81466e-05 -0.115503 0.993307
    outer loop
      vertex -39.7788 -53.7245 34.761
      vertex -1.3487 -70.5607 32.8059
      vertex -39.2038 -53.687 34.7654
    endloop
  endfacet
  facet normal 0.000282286 -0.114714 0.993399
    outer loop
      vertex -40 -53.7389 34.7594
      vertex -1.3487 -70.5607 32.8059
      vertex -39.7788 -53.7245 34.761
    endloop
  endfacet
  facet normal -4.6327e-05 -0.115459 0.993312
    outer loop
      vertex -1.3487 -70.5607 32.8059
      vertex -40 -53.7389 34.7594
      vertex -1.20208 -70.7268 32.7866
    endloop
  endfacet
  facet normal -0.000381166 -0.116213 0.993224
    outer loop
      vertex -40.2212 -53.7245 34.761
      vertex -1.20208 -70.7268 32.7866
      vertex -40 -53.7389 34.7594
    endloop
  endfacet
  facet normal 9.20231e-05 -0.115142 0.993349
    outer loop
      vertex -40.7962 -53.687 34.7654
      vertex -1.20208 -70.7268 32.7866
      vertex -40.2212 -53.7245 34.761
    endloop
  endfacet
  facet normal 0.000133941 -0.115046 0.99336
    outer loop
      vertex -1.20208 -70.7268 32.7866
      vertex -40.7962 -53.687 34.7654
      vertex -1.08133 -70.832 32.7744
    endloop
  endfacet
  facet normal -0.000178313 -0.11576 0.993277
    outer loop
      vertex -1.08133 -70.832 32.7744
      vertex -40.7962 -53.687 34.7654
      vertex -1.03489 -70.8724 32.7697
    endloop
  endfacet
  facet normal 0 -0.115352 0.993325
    outer loop
      vertex -101.965 -70.8724 32.7697
      vertex -1.03489 -70.8724 32.7697
      vertex -40.7962 -53.687 34.7654
    endloop
  endfacet
  facet normal 0 -0.11536 0.993324
    outer loop
      vertex -110 -77.5 32
      vertex -1.03489 -70.8724 32.7697
      vertex -101.965 -70.8724 32.7697
    endloop
  endfacet
  facet normal -3.97079e-05 -0.115213 0.993341
    outer loop
      vertex -101.798 -70.7268 32.7866
      vertex -40.7962 -53.687 34.7654
      vertex -41.5788 -53.5324 34.7833
    endloop
  endfacet
  facet normal 0 -0.115394 0.99332
    outer loop
      vertex -76.4212 -53.5324 34.7833
      vertex -41.5788 -53.5324 34.7833
      vertex -42.3344 -53.2776 34.8129
    endloop
  endfacet
  facet normal 0 -0.115611 0.993295
    outer loop
      vertex -73.8533 -52.1093 34.9486
      vertex -44.1467 -52.1093 34.9486
      vertex -44.3134 -51.9641 34.9655
    endloop
  endfacet
  facet normal 0 -0.115438 0.993315
    outer loop
      vertex -72.1078 -49.2478 35.2809
      vertex -45.7069 -49.7899 35.2179
      vertex -45.8921 -49.2478 35.2809
    endloop
  endfacet
  facet normal 0 -0.115297 0.993331
    outer loop
      vertex -71.9 -47.6796 35.463
      vertex -46.0623 -48.2508 35.3967
      vertex -46.1 -47.6796 35.463
    endloop
  endfacet
  facet normal 0 -0.114973 0.993369
    outer loop
      vertex -71.9522 -46.8887 35.5549
      vertex -46.0478 -46.8887 35.5549
      vertex -46.0046 -46.6727 35.5799
    endloop
  endfacet
  facet normal 0 -0.115354 0.993324
    outer loop
      vertex -45.2828 10.8769 42.2631
      vertex -64.63 -8.19493 40.0483
      vertex -50.63 -8.19493 40.0483
    endloop
  endfacet
  facet normal 0 -0.115348 0.993325
    outer loop
      vertex -50.63 -8.19493 40.0483
      vertex -64.63 -8.19493 40.0483
      vertex -50.63 -21.6048 38.4911
    endloop
  endfacet
  facet normal 0 -0.115348 0.993325
    outer loop
      vertex -64.63 -21.6048 38.4911
      vertex -50.63 -21.6048 38.4911
      vertex -64.63 -8.19493 40.0483
    endloop
  endfacet
  facet normal 0 -0.11542 0.993317
    outer loop
      vertex -46.0478 -46.8887 35.5549
      vertex -71.9 -47.6796 35.463
      vertex -46.1 -47.6796 35.463
    endloop
  endfacet
  facet normal 0 -0.115297 0.993331
    outer loop
      vertex -71.9377 -48.2508 35.3967
      vertex -46.0623 -48.2508 35.3967
      vertex -71.9 -47.6796 35.463
    endloop
  endfacet
  facet normal 0 -0.115293 0.993331
    outer loop
      vertex -46.0623 -48.2508 35.3967
      vertex -71.9377 -48.2508 35.3967
      vertex -46.0478 -48.4705 35.3712
    endloop
  endfacet
  facet normal 0 -0.115293 0.993331
    outer loop
      vertex -71.9522 -48.4705 35.3712
      vertex -46.0478 -48.4705 35.3712
      vertex -71.9377 -48.2508 35.3967
    endloop
  endfacet
  facet normal 0 -0.11548 0.99331
    outer loop
      vertex -46.0478 -48.4705 35.3712
      vertex -71.9522 -48.4705 35.3712
      vertex -46.0046 -48.6864 35.3461
    endloop
  endfacet
  facet normal 0 -0.11548 0.99331
    outer loop
      vertex -71.9954 -48.6864 35.3461
      vertex -46.0046 -48.6864 35.3461
      vertex -71.9522 -48.4705 35.3712
    endloop
  endfacet
  facet normal 0 -0.115363 0.993323
    outer loop
      vertex -46.0046 -48.6864 35.3461
      vertex -71.9954 -48.6864 35.3461
      vertex -45.8921 -49.2478 35.2809
    endloop
  endfacet
  facet normal 0 -0.115363 0.993323
    outer loop
      vertex -72.1078 -49.2478 35.2809
      vertex -45.8921 -49.2478 35.2809
      vertex -71.9954 -48.6864 35.3461
    endloop
  endfacet
  facet normal 0 -0.115438 0.993315
    outer loop
      vertex -72.2931 -49.7899 35.2179
      vertex -45.7069 -49.7899 35.2179
      vertex -72.1078 -49.2478 35.2809
    endloop
  endfacet
  facet normal 0 -0.115293 0.993332
    outer loop
      vertex -45.7069 -49.7899 35.2179
      vertex -72.2931 -49.7899 35.2179
      vertex -45.6357 -49.9984 35.1937
    endloop
  endfacet
  facet normal 0 -0.115293 0.993332
    outer loop
      vertex -72.3643 -49.9984 35.1937
      vertex -45.6357 -49.9984 35.1937
      vertex -72.2931 -49.7899 35.2179
    endloop
  endfacet
  facet normal 0 -0.115235 0.993338
    outer loop
      vertex -45.6357 -49.9984 35.1937
      vertex -72.3643 -49.9984 35.1937
      vertex -45.5376 -50.1958 35.1708
    endloop
  endfacet
  facet normal 0 -0.115235 0.993338
    outer loop
      vertex -72.4624 -50.1958 35.1708
      vertex -45.5376 -50.1958 35.1708
      vertex -72.3643 -49.9984 35.1937
    endloop
  endfacet
  facet normal 0 -0.115314 0.993329
    outer loop
      vertex -45.5376 -50.1958 35.1708
      vertex -72.4624 -50.1958 35.1708
      vertex -45.2828 -50.7092 35.1112
    endloop
  endfacet
  facet normal 0 -0.115314 0.993329
    outer loop
      vertex -72.7172 -50.7092 35.1112
      vertex -45.2828 -50.7092 35.1112
      vertex -72.4624 -50.1958 35.1708
    endloop
  endfacet
  facet normal 0 -0.115311 0.993329
    outer loop
      vertex -45.2828 -50.7092 35.1112
      vertex -72.7172 -50.7092 35.1112
      vertex -44.8395 -51.3682 35.0347
    endloop
  endfacet
  facet normal 0 -0.115311 0.993329
    outer loop
      vertex -73.1605 -51.3682 35.0347
      vertex -44.8395 -51.3682 35.0347
      vertex -72.7172 -50.7092 35.1112
    endloop
  endfacet
  facet normal 0 -0.115395 0.99332
    outer loop
      vertex -44.8395 -51.3682 35.0347
      vertex -73.1605 -51.3682 35.0347
      vertex -44.4595 -51.7986 34.9847
    endloop
  endfacet
  facet normal 0 -0.115395 0.99332
    outer loop
      vertex -73.5405 -51.7986 34.9847
      vertex -44.4595 -51.7986 34.9847
      vertex -73.1605 -51.3682 35.0347
    endloop
  endfacet
  facet normal 0 -0.115239 0.993338
    outer loop
      vertex -44.4595 -51.7986 34.9847
      vertex -73.5405 -51.7986 34.9847
      vertex -44.3134 -51.9641 34.9655
    endloop
  endfacet
  facet normal 0 -0.115239 0.993338
    outer loop
      vertex -73.6866 -51.9641 34.9655
      vertex -44.3134 -51.9641 34.9655
      vertex -73.5405 -51.7986 34.9847
    endloop
  endfacet
  facet normal 0 -0.115611 0.993295
    outer loop
      vertex -73.8533 -52.1093 34.9486
      vertex -44.3134 -51.9641 34.9655
      vertex -73.6866 -51.9641 34.9655
    endloop
  endfacet
  facet normal 0 -0.115283 0.993333
    outer loop
      vertex -44.1467 -52.1093 34.9486
      vertex -73.8533 -52.1093 34.9486
      vertex -43.7134 -52.4867 34.9048
    endloop
  endfacet
  facet normal 0 -0.115283 0.993333
    outer loop
      vertex -74.2866 -52.4867 34.9048
      vertex -43.7134 -52.4867 34.9048
      vertex -73.8533 -52.1093 34.9486
    endloop
  endfacet
  facet normal 0 -0.11548 0.99331
    outer loop
      vertex -43.7134 -52.4867 34.9048
      vertex -74.2866 -52.4867 34.9048
      vertex -43.05 -52.9271 34.8536
    endloop
  endfacet
  facet normal 0 -0.11548 0.99331
    outer loop
      vertex -74.95 -52.9271 34.8536
      vertex -43.05 -52.9271 34.8536
      vertex -74.2866 -52.4867 34.9048
    endloop
  endfacet
  facet normal 0 -0.11536 0.993324
    outer loop
      vertex -43.05 -52.9271 34.8536
      vertex -74.95 -52.9271 34.8536
      vertex -42.8512 -53.0244 34.8423
    endloop
  endfacet
  facet normal 0 -0.11536 0.993324
    outer loop
      vertex -75.1488 -53.0244 34.8423
      vertex -42.8512 -53.0244 34.8423
      vertex -74.95 -52.9271 34.8536
    endloop
  endfacet
  facet normal 0 -0.115339 0.993326
    outer loop
      vertex -42.8512 -53.0244 34.8423
      vertex -75.1488 -53.0244 34.8423
      vertex -42.3344 -53.2776 34.8129
    endloop
  endfacet
  facet normal 0 -0.115339 0.993326
    outer loop
      vertex -75.6656 -53.2776 34.8129
      vertex -42.3344 -53.2776 34.8129
      vertex -75.1488 -53.0244 34.8423
    endloop
  endfacet
  facet normal 0 -0.115394 0.99332
    outer loop
      vertex -76.4212 -53.5324 34.7833
      vertex -42.3344 -53.2776 34.8129
      vertex -75.6656 -53.2776 34.8129
    endloop
  endfacet
  facet normal -6.48159e-05 -0.115124 0.993351
    outer loop
      vertex -40.7962 -53.687 34.7654
      vertex -101.798 -70.7268 32.7866
      vertex -101.919 -70.832 32.7744
    endloop
  endfacet
  facet normal 0 -0.115349 0.993325
    outer loop
      vertex -41.5788 -53.5324 34.7833
      vertex -76.4212 -53.5324 34.7833
      vertex -101.651 -70.5607 32.8059
    endloop
  endfacet
  facet normal 9.55517e-05 -0.115492 0.993308
    outer loop
      vertex -101.528 -70.377 32.8272
      vertex -76.4212 -53.5324 34.7833
      vertex -77.2038 -53.687 34.7654
    endloop
  endfacet
  facet normal -8.62337e-05 -0.11523 0.993339
    outer loop
      vertex -101.429 -70.1789 32.8502
      vertex -77.2038 -53.687 34.7654
      vertex -77.7788 -53.7245 34.761
    endloop
  endfacet
  facet normal 0.000357812 -0.115859 0.993266
    outer loop
      vertex -101.429 -70.1789 32.8502
      vertex -77.7788 -53.7245 34.761
      vertex -78 -53.7389 34.7594
    endloop
  endfacet
  facet normal -0.00029678 -0.114934 0.993373
    outer loop
      vertex -101.358 -69.9698 32.8745
      vertex -78 -53.7389 34.7594
      vertex -78.2212 -53.7245 34.761
    endloop
  endfacet
  facet normal 7.15716e-05 -0.115451 0.993313
    outer loop
      vertex -101.358 -69.9698 32.8745
      vertex -78.2212 -53.7245 34.761
      vertex -78.7962 -53.687 34.7654
    endloop
  endfacet
  facet normal -5.37968e-05 -0.115283 0.993333
    outer loop
      vertex -101.315 -69.7531 32.8996
      vertex -78.7962 -53.687 34.7654
      vertex -79.5788 -53.5324 34.7833
    endloop
  endfacet
  facet normal 1.87679e-06 -0.115357 0.993324
    outer loop
      vertex -101.3 -69.5327 32.9252
      vertex -80.8512 -53.0244 34.8423
      vertex -81.05 -52.9271 34.8536
    endloop
  endfacet
  facet normal 0.000114919 -0.115481 0.99331
    outer loop
      vertex -101.3 -69.5327 32.9252
      vertex -82.1467 -52.1093 34.9486
      vertex -82.3134 -51.9641 34.9655
    endloop
  endfacet
  facet normal 1.98157e-05 -0.115378 0.993322
    outer loop
      vertex -101.3 -69.5327 32.9252
      vertex -82.4595 -51.7986 34.9847
      vertex -82.8395 -51.3682 35.0347
    endloop
  endfacet
  facet normal 6.95353e-05 -0.115414 0.993317
    outer loop
      vertex -101.3 -69.5327 32.9252
      vertex -83.7069 -49.7899 35.2179
      vertex -83.8922 -49.2478 35.2809
    endloop
  endfacet
  facet normal 0.000122126 -0.115456 0.993313
    outer loop
      vertex -101.3 -69.5327 32.9252
      vertex -84.0046 -48.6864 35.3461
      vertex -84.0478 -48.4705 35.3712
    endloop
  endfacet
  facet normal -6.81744e-05 -0.115302 0.993331
    outer loop
      vertex -101.3 -69.5327 32.9252
      vertex -84.0623 -48.2508 35.3967
      vertex -84.1 -47.6796 35.463
    endloop
  endfacet
  facet normal 9.19667e-05 -0.115426 0.993316
    outer loop
      vertex -84.0478 -46.8887 35.5549
      vertex -101.3 -69.5327 32.9252
      vertex -84.1 -47.6796 35.463
    endloop
  endfacet
  facet normal -2.73002e-05 -0.115348 0.993325
    outer loop
      vertex -88.63 -8.19493 40.0483
      vertex -101.3 -69.5327 32.9252
      vertex -88.63 -21.6048 38.4911
    endloop
  endfacet
  facet normal -7.27831e-05 -0.115298 0.993331
    outer loop
      vertex -84.0623 -48.2508 35.3967
      vertex -101.3 -69.5327 32.9252
      vertex -84.0478 -48.4705 35.3712
    endloop
  endfacet
  facet normal 7.04645e-06 -0.115361 0.993324
    outer loop
      vertex -84.0046 -48.6864 35.3461
      vertex -101.3 -69.5327 32.9252
      vertex -83.8922 -49.2478 35.2809
    endloop
  endfacet
  facet normal -4.93723e-05 -0.11531 0.99333
    outer loop
      vertex -83.7069 -49.7899 35.2179
      vertex -101.3 -69.5327 32.9252
      vertex -83.6357 -49.9984 35.1937
    endloop
  endfacet
  facet normal -8.57485e-05 -0.115277 0.993333
    outer loop
      vertex -101.3 -69.5327 32.9252
      vertex -83.5376 -50.1958 35.1708
      vertex -83.6357 -49.9984 35.1937
    endloop
  endfacet
  facet normal -2.91218e-05 -0.115329 0.993327
    outer loop
      vertex -101.3 -69.5327 32.9252
      vertex -83.2828 -50.7092 35.1112
      vertex -83.5376 -50.1958 35.1708
    endloop
  endfacet
  facet normal -2.83119e-05 -0.115329 0.993327
    outer loop
      vertex -101.3 -69.5327 32.9252
      vertex -82.8395 -51.3682 35.0347
      vertex -83.2828 -50.7092 35.1112
    endloop
  endfacet
  facet normal -6.13375e-05 -0.115293 0.993332
    outer loop
      vertex -82.4595 -51.7986 34.9847
      vertex -101.3 -69.5327 32.9252
      vertex -82.3134 -51.9641 34.9655
    endloop
  endfacet
  facet normal -3.26834e-05 -0.11532 0.993328
    outer loop
      vertex -82.1467 -52.1093 34.9486
      vertex -101.3 -69.5327 32.9252
      vertex -81.7134 -52.4867 34.9048
    endloop
  endfacet
  facet normal 4.6808e-05 -0.115411 0.993318
    outer loop
      vertex -101.3 -69.5327 32.9252
      vertex -81.05 -52.9271 34.8536
      vertex -81.7134 -52.4867 34.9048
    endloop
  endfacet
  facet normal -4.76044e-06 -0.115348 0.993325
    outer loop
      vertex -80.8512 -53.0244 34.8423
      vertex -101.3 -69.5327 32.9252
      vertex -80.3344 -53.2776 34.8129
    endloop
  endfacet
  facet normal 9.29952e-06 -0.115366 0.993323
    outer loop
      vertex -101.3 -69.5327 32.9252
      vertex -79.5788 -53.5324 34.7833
      vertex -80.3344 -53.2776 34.8129
    endloop
  endfacet
  facet normal -8.91726e-05 -0.115234 0.993338
    outer loop
      vertex -101.304 -69.5939 32.9181
      vertex -79.5788 -53.5324 34.7833
      vertex -101.3 -69.5327 32.9252
    endloop
  endfacet
  facet normal 5.9899e-05 -0.115433 0.993315
    outer loop
      vertex -101.315 -69.7531 32.8996
      vertex -79.5788 -53.5324 34.7833
      vertex -101.304 -69.5939 32.9181
    endloop
  endfacet
  facet normal -0.000394346 -0.114812 0.993387
    outer loop
      vertex -78.7962 -53.687 34.7654
      vertex -101.315 -69.7531 32.8996
      vertex -101.346 -69.9096 32.8815
    endloop
  endfacet
  facet normal 0.000125928 -0.115526 0.993304
    outer loop
      vertex -78.7962 -53.687 34.7654
      vertex -101.346 -69.9096 32.8815
      vertex -101.358 -69.9698 32.8745
    endloop
  endfacet
  facet normal 0.000386465 -0.115904 0.99326
    outer loop
      vertex -78 -53.7389 34.7594
      vertex -101.358 -69.9698 32.8745
      vertex -101.41 -70.1208 32.8569
    endloop
  endfacet
  facet normal -0.000735489 -0.114322 0.993443
    outer loop
      vertex -78 -53.7389 34.7594
      vertex -101.41 -70.1208 32.8569
      vertex -101.429 -70.1789 32.8502
    endloop
  endfacet
  facet normal 2.34837e-05 -0.115389 0.99332
    outer loop
      vertex -77.2038 -53.687 34.7654
      vertex -101.429 -70.1789 32.8502
      vertex -101.457 -70.234 32.8438
    endloop
  endfacet
  facet normal -4.70381e-05 -0.115287 0.993332
    outer loop
      vertex -77.2038 -53.687 34.7654
      vertex -101.457 -70.234 32.8438
      vertex -101.528 -70.377 32.8272
    endloop
  endfacet
  facet normal -0.00080229 -0.114171 0.993461
    outer loop
      vertex -76.4212 -53.5324 34.7833
      vertex -101.528 -70.377 32.8272
      vertex -101.562 -70.4281 32.8213
    endloop
  endfacet
  facet normal 1.76848e-05 -0.115375 0.993322
    outer loop
      vertex -76.4212 -53.5324 34.7833
      vertex -101.562 -70.4281 32.8213
      vertex -101.651 -70.5607 32.8059
    endloop
  endfacet
  facet normal 0.000381066 -0.116676 0.99317
    outer loop
      vertex -41.5788 -53.5324 34.7833
      vertex -101.651 -70.5607 32.8059
      vertex -101.692 -70.6068 32.8005
    endloop
  endfacet
  facet normal -0.000110637 -0.114968 0.993369
    outer loop
      vertex -41.5788 -53.5324 34.7833
      vertex -101.692 -70.6068 32.8005
      vertex -101.798 -70.7268 32.7866
    endloop
  endfacet
  facet normal 8.57542e-05 -0.115654 0.99329
    outer loop
      vertex -40.7962 -53.687 34.7654
      vertex -101.919 -70.832 32.7744
      vertex -101.965 -70.8724 32.7697
    endloop
  endfacet
  facet normal 2.26274e-05 -0.115727 0.993281
    outer loop
      vertex -1.03489 -70.8724 32.7697
      vertex -110 -77.5 32
      vertex -0.849999 -70.9951 32.7554
    endloop
  endfacet
  facet normal -2.4683e-05 -0.114944 0.993372
    outer loop
      vertex -0.849999 -70.9951 32.7554
      vertex -110 -77.5 32
      vertex -0.650561 -71.0928 32.7441
    endloop
  endfacet
  facet normal 3.80015e-05 -0.116 0.993249
    outer loop
      vertex -0.650561 -71.0928 32.7441
      vertex -110 -77.5 32
      vertex -0.439992 -71.1638 32.7358
    endloop
  endfacet
  facet normal -5.20431e-06 -0.115262 0.993335
    outer loop
      vertex -0.439992 -71.1638 32.7358
      vertex -110 -77.5 32
      vertex -0.221894 -71.2069 32.7308
    endloop
  endfacet
  facet normal 3.37946e-05 -0.115934 0.993257
    outer loop
      vertex -0.221894 -71.2069 32.7308
      vertex -110 -77.5 32
      vertex 0 -71.2214 32.7291
    endloop
  endfacet
  facet normal -0.00409307 -0.110462 0.993872
    outer loop
      vertex -110 -77.5 32
      vertex -101.965 -70.8724 32.7697
      vertex -102.016 -70.9065 32.7657
    endloop
  endfacet
  facet normal -0.000406214 -0.114869 0.993381
    outer loop
      vertex -110 -77.5 32
      vertex -102.016 -70.9065 32.7657
      vertex -102.15 -70.9951 32.7554
    endloop
  endfacet
  facet normal 0.000559594 -0.116019 0.993247
    outer loop
      vertex -110 -77.5 32
      vertex -102.15 -70.9951 32.7554
      vertex -102.349 -71.0928 32.7441
    endloop
  endfacet
  facet normal -0.000428284 -0.114855 0.993382
    outer loop
      vertex -110 -77.5 32
      vertex -102.349 -71.0928 32.7441
      vertex -102.56 -71.1638 32.7358
    endloop
  endfacet
  facet normal 9.42809e-05 -0.11546 0.993312
    outer loop
      vertex -110 -77.5 32
      vertex -102.56 -71.1638 32.7358
      vertex -102.718 -71.1949 32.7322
    endloop
  endfacet
  facet normal -0.000139105 -0.115194 0.993343
    outer loop
      vertex -110 -77.5 32
      vertex -102.718 -71.1949 32.7322
      vertex -102.778 -71.2069 32.7308
    endloop
  endfacet
  facet normal -0.000614134 -0.114657 0.993405
    outer loop
      vertex -110 -77.5 32
      vertex -102.778 -71.2069 32.7308
      vertex -102.84 -71.2109 32.7303
    endloop
  endfacet
  facet normal 0.000129333 -0.115492 0.993308
    outer loop
      vertex -110 -77.5 32
      vertex -102.84 -71.2109 32.7303
      vertex -103 -71.2214 32.7291
    endloop
  endfacet
  facet normal 0.000531638 -0.115917 0.993259
    outer loop
      vertex -110 -77.5 32
      vertex -103.16 -71.2109 32.7303
      vertex -103.222 -71.2069 32.7308
    endloop
  endfacet
  facet normal -6.02196e-05 -0.11529 0.993332
    outer loop
      vertex -110 -77.5 32
      vertex -103.282 -71.1949 32.7322
      vertex -103.44 -71.1638 32.7358
    endloop
  endfacet
  facet normal 0.000483653 -0.11579 0.993274
    outer loop
      vertex -110 -77.5 32
      vertex -103.984 -70.9065 32.7657
      vertex -104.035 -70.8724 32.7697
    endloop
  endfacet
  facet normal 0.000583599 -0.115829 0.993269
    outer loop
      vertex -110 -77.5 32
      vertex -104.308 -70.6068 32.8005
      vertex -104.349 -70.5607 32.8059
    endloop
  endfacet
  facet normal 1.77728e-05 -0.115368 0.993323
    outer loop
      vertex -110 -77.5 32
      vertex -104.543 -70.234 32.8438
      vertex -104.571 -70.1789 32.8502
    endloop
  endfacet
  facet normal 0.00039878 -0.115637 0.993291
    outer loop
      vertex -110 -77.5 32
      vertex -104.59 -70.1208 32.8569
      vertex -104.642 -69.9698 32.8745
    endloop
  endfacet
  facet normal -0.000526832 -0.114992 0.993366
    outer loop
      vertex -110 -77.5 32
      vertex -104.654 -69.9096 32.8815
      vertex -104.685 -69.7531 32.8996
    endloop
  endfacet
  facet normal 0 -0.115349 0.993325
    outer loop
      vertex 0 -71.2214 32.7291
      vertex -110 -77.5 32
      vertex 110 -77.5 32
    endloop
  endfacet
  facet normal -0.000111701 -0.115227 0.993339
    outer loop
      vertex -103.16 -71.2109 32.7303
      vertex -110 -77.5 32
      vertex -103 -71.2214 32.7291
    endloop
  endfacet
  facet normal 8.81797e-05 -0.115446 0.993314
    outer loop
      vertex -103.282 -71.1949 32.7322
      vertex -110 -77.5 32
      vertex -103.222 -71.2069 32.7308
    endloop
  endfacet
  facet normal 0.000192115 -0.115547 0.993302
    outer loop
      vertex -103.651 -71.0928 32.7441
      vertex -110 -77.5 32
      vertex -103.44 -71.1638 32.7358
    endloop
  endfacet
  facet normal -0.000155768 -0.115207 0.993341
    outer loop
      vertex -103.85 -70.9951 32.7554
      vertex -110 -77.5 32
      vertex -103.651 -71.0928 32.7441
    endloop
  endfacet
  facet normal 5.05093e-05 -0.1154 0.993319
    outer loop
      vertex -103.984 -70.9065 32.7657
      vertex -110 -77.5 32
      vertex -103.85 -70.9951 32.7554
    endloop
  endfacet
  facet normal 9.79746e-05 -0.115447 0.993314
    outer loop
      vertex -104.081 -70.832 32.7744
      vertex -110 -77.5 32
      vertex -104.035 -70.8724 32.7697
    endloop
  endfacet
  facet normal -8.14952e-05 -0.11529 0.993332
    outer loop
      vertex -104.202 -70.7268 32.7866
      vertex -110 -77.5 32
      vertex -104.081 -70.832 32.7744
    endloop
  endfacet
  facet normal -0.00017181 -0.115214 0.993341
    outer loop
      vertex -104.308 -70.6068 32.8005
      vertex -110 -77.5 32
      vertex -104.202 -70.7268 32.7866
    endloop
  endfacet
  facet normal 2.09286e-06 -0.115362 0.993324
    outer loop
      vertex -104.438 -70.4281 32.8213
      vertex -110 -77.5 32
      vertex -104.349 -70.5607 32.8059
    endloop
  endfacet
  facet normal -0.000462392 -0.115001 0.993365
    outer loop
      vertex -104.472 -70.377 32.8272
      vertex -110 -77.5 32
      vertex -104.438 -70.4281 32.8213
    endloop
  endfacet
  facet normal -3.66299e-05 -0.115328 0.993328
    outer loop
      vertex -104.543 -70.234 32.8438
      vertex -110 -77.5 32
      vertex -104.472 -70.377 32.8272
    endloop
  endfacet
  facet normal -0.000754561 -0.114803 0.993388
    outer loop
      vertex -104.59 -70.1208 32.8569
      vertex -110 -77.5 32
      vertex -104.571 -70.1789 32.8502
    endloop
  endfacet
  facet normal 0.000159973 -0.115469 0.993311
    outer loop
      vertex -104.654 -69.9096 32.8815
      vertex -110 -77.5 32
      vertex -104.642 -69.9698 32.8745
    endloop
  endfacet
  facet normal 0.00010807 -0.115422 0.993317
    outer loop
      vertex -104.696 -69.5939 32.9181
      vertex -110 -77.5 32
      vertex -104.685 -69.7531 32.8996
    endloop
  endfacet
  facet normal -0.000151721 -0.11525 0.993337
    outer loop
      vertex -104.7 -69.5327 32.9252
      vertex -110 -77.5 32
      vertex -104.696 -69.5939 32.9181
    endloop
  endfacet
  facet normal 4.6227e-05 -0.11538 0.993321
    outer loop
      vertex -104.685 -69.3123 32.9508
      vertex -110 -77.5 32
      vertex -104.7 -69.5327 32.9252
    endloop
  endfacet
  facet normal -1 0 0
    outer loop
      vertex -110 -77.1309 28.8214
      vertex -110 77.5 50
      vertex -110 77.8691 46.8214
    endloop
  endfacet
  facet normal -1 0 0
    outer loop
      vertex -110 77.5 50
      vertex -110 -77.1309 28.8214
      vertex -110 -77.5 32
    endloop
  endfacet
  facet normal 1 0 0
    outer loop
      vertex 110 77.5 50
      vertex 110 -77.1309 28.8214
      vertex 110 77.8691 46.8214
    endloop
  endfacet
  facet normal 1 0 -0
    outer loop
      vertex 110 -77.1309 28.8214
      vertex 110 77.5 50
      vertex 110 -77.5 32
    endloop
  endfacet
  facet normal 0 -0.993325 -0.115345
    outer loop
      vertex -110 -77.1309 28.8214
      vertex 110 -77.5 32
      vertex -110 -77.5 32
    endloop
  endfacet
  facet normal 0 -0.993325 -0.115345
    outer loop
      vertex 110 -77.5 32
      vertex -110 -77.1309 28.8214
      vertex 110 -77.1309 28.8214
    endloop
  endfacet
endsolid OpenSCAD_Model
