solid OpenSCAD_Model
  facet normal 0 0 -1
    outer loop
      vertex -110 -77.5 0
      vertex 110 77.5 0
      vertex 110 -77.5 0
    endloop
  endfacet
  facet normal -0 0 -1
    outer loop
      vertex 110 77.5 0
      vertex -110 -77.5 0
      vertex -110 77.5 0
    endloop
  endfacet
  facet normal 0 -1 0
    outer loop
      vertex -110 -77.5 0
      vertex 110 -77.5 28.7785
      vertex -110 -77.5 28.7785
    endloop
  endfacet
  facet normal 0 -1 -0
    outer loop
      vertex 110 -77.5 28.7785
      vertex -110 -77.5 0
      vertex 110 -77.5 0
    endloop
  endfacet
  facet normal -1 0 0
    outer loop
      vertex -110 -77.5 28.7785
      vertex -110 77.5 0
      vertex -110 -77.5 0
    endloop
  endfacet
  facet normal -1 0 0
    outer loop
      vertex -110 77.5 0
      vertex -110 -77.5 28.7785
      vertex -110 77.5 46.7785
    endloop
  endfacet
  facet normal -2.71886e-05 -0.115377 0.993322
    outer loop
      vertex -100.721 -69.4673 29.7113
      vertex -98 -70 29.6495
      vertex -98.0428 -69.3474 29.7253
    endloop
  endfacet
  facet normal -6.36371e-06 -0.115207 0.993341
    outer loop
      vertex -100.7 -69.1636 29.7466
      vertex -98.0428 -69.3474 29.7253
      vertex -98.1704 -68.7059 29.7997
    endloop
  endfacet
  facet normal -2.26055e-05 -0.115354 0.993324
    outer loop
      vertex -98 -70 29.6495
      vertex -100.721 -69.4673 29.7113
      vertex -100.778 -69.7549 29.6779
    endloop
  endfacet
  facet normal 2.26865e-05 -0.115475 0.99331
    outer loop
      vertex -100.7 -69.158 29.7472
      vertex -98.1704 -68.7059 29.7997
      vertex -98.3806 -68.0866 29.8717
    endloop
  endfacet
  facet normal 0.000470525 -0.126338 0.991987
    outer loop
      vertex -98.0428 -69.3474 29.7253
      vertex -100.72 -69.4618 29.712
      vertex -100.721 -69.4673 29.7113
    endloop
  endfacet
  facet normal -4.1243e-05 -0.115338 0.993326
    outer loop
      vertex -100.7 -69.158 29.7472
      vertex -98.3806 -68.0866 29.8717
      vertex -98.6699 -67.5 29.9398
    endloop
  endfacet
  facet normal -2.43726e-05 -0.115374 0.993322
    outer loop
      vertex -98 -70 29.6495
      vertex -100.778 -69.7549 29.6779
      vertex -98.0428 -70.6526 29.5737
    endloop
  endfacet
  facet normal 4.1666e-06 -0.11536 0.993324
    outer loop
      vertex -98.0428 -70.6526 29.5737
      vertex -100.875 -70.0379 29.6451
      vertex -98.1704 -71.2941 29.4992
    endloop
  endfacet
  facet normal -6.75757e-05 -0.115306 0.99333
    outer loop
      vertex -100.7 -69.158 29.7472
      vertex -98.6699 -67.5 29.9398
      vertex -99.0332 -66.9562 30.0029
    endloop
  endfacet
  facet normal -2.71907e-05 -0.115377 0.993322
    outer loop
      vertex 2.27922 -69.4673 29.7113
      vertex 5 -70 29.6495
      vertex 4.95722 -69.3474 29.7253
    endloop
  endfacet
  facet normal -6.36365e-06 -0.115207 0.993341
    outer loop
      vertex 2.3 -69.1636 29.7466
      vertex 4.95722 -69.3474 29.7253
      vertex 4.82963 -68.7059 29.7997
    endloop
  endfacet
  facet normal -2.25985e-05 -0.115354 0.993324
    outer loop
      vertex 5 -70 29.6495
      vertex 2.27922 -69.4673 29.7113
      vertex 2.22163 -69.7549 29.6779
    endloop
  endfacet
  facet normal 2.26829e-05 -0.115475 0.99331
    outer loop
      vertex 2.29963 -69.158 29.7472
      vertex 4.82963 -68.7059 29.7997
      vertex 4.6194 -68.0866 29.8717
    endloop
  endfacet
  facet normal 0.000470947 -0.126347 0.991986
    outer loop
      vertex 4.95722 -69.3474 29.7253
      vertex 2.28032 -69.4618 29.712
      vertex 2.27922 -69.4673 29.7113
    endloop
  endfacet
  facet normal -4.12384e-05 -0.115338 0.993326
    outer loop
      vertex 2.29963 -69.158 29.7472
      vertex 4.6194 -68.0866 29.8717
      vertex 4.33013 -67.5 29.9398
    endloop
  endfacet
  facet normal -2.43694e-05 -0.115374 0.993322
    outer loop
      vertex 5 -70 29.6495
      vertex 2.22163 -69.7549 29.6779
      vertex 4.95722 -70.6526 29.5737
    endloop
  endfacet
  facet normal 4.16647e-06 -0.11536 0.993324
    outer loop
      vertex 4.95722 -70.6526 29.5737
      vertex 2.12492 -70.0379 29.6451
      vertex 4.82963 -71.2941 29.4992
    endloop
  endfacet
  facet normal -6.75631e-05 -0.115306 0.99333
    outer loop
      vertex 2.29963 -69.158 29.7472
      vertex 4.33013 -67.5 29.9398
      vertex 3.96677 -66.9562 30.0029
    endloop
  endfacet
  facet normal 2.13929e-05 -0.115422 0.993317
    outer loop
      vertex 100.7 -69.1636 29.7466
      vertex 98.0428 -69.3474 29.7253
      vertex 100.719 -69.4562 29.7126
    endloop
  endfacet
  facet normal 0.000390297 -0.106464 0.994316
    outer loop
      vertex 100.719 -69.4562 29.7126
      vertex 98.0428 -69.3474 29.7253
      vertex 100.72 -69.4618 29.712
    endloop
  endfacet
  facet normal 0.000109628 -0.115432 0.993315
    outer loop
      vertex 98.6699 -72.5 29.3591
      vertex 100.721 -69.4673 29.7113
      vertex 98.3806 -71.9134 29.4273
    endloop
  endfacet
  facet normal -9.91152e-05 -0.115293 0.993332
    outer loop
      vertex 100.721 -69.4673 29.7113
      vertex 98.6699 -72.5 29.3591
      vertex 98.8035 -72.7 29.3359
    endloop
  endfacet
  facet normal -0.000470525 -0.126338 0.991987
    outer loop
      vertex 100.72 -69.4618 29.712
      vertex 98.0428 -69.3474 29.7253
      vertex 100.721 -69.4673 29.7113
    endloop
  endfacet
  facet normal -3.34384e-06 -0.115325 0.993328
    outer loop
      vertex 100.721 -69.4673 29.7113
      vertex 98.1704 -71.2941 29.4992
      vertex 98.3806 -71.9134 29.4273
    endloop
  endfacet
  facet normal 2.71886e-05 -0.115377 0.993322
    outer loop
      vertex 98 -70 29.6495
      vertex 100.721 -69.4673 29.7113
      vertex 98.0428 -69.3474 29.7253
    endloop
  endfacet
  facet normal 1.83062e-05 -0.115355 0.993324
    outer loop
      vertex 100.721 -69.4673 29.7113
      vertex 98.0428 -70.6526 29.5737
      vertex 98.1704 -71.2941 29.4992
    endloop
  endfacet
  facet normal 2.64993e-05 -0.115373 0.993322
    outer loop
      vertex 100.721 -69.4673 29.7113
      vertex 98 -70 29.6495
      vertex 98.0428 -70.6526 29.5737
    endloop
  endfacet
  facet normal 0.00112985 -0.10865 0.994079
    outer loop
      vertex 100.721 70.2056 45.9314
      vertex 98.0428 70.6526 45.9833
      vertex 100.72 70.2001 45.9308
    endloop
  endfacet
  facet normal -5.64073e-05 -0.115299 0.993331
    outer loop
      vertex 100.7 69.9018 45.8961
      vertex 98.6699 67.5 45.6172
      vertex 99.0332 66.9562 45.5541
    endloop
  endfacet
  facet normal -2.13677e-05 -0.115374 0.993322
    outer loop
      vertex 98 70 45.9075
      vertex 100.72 70.2001 45.9308
      vertex 98.0428 70.6526 45.9833
    endloop
  endfacet
  facet normal -2.11551e-05 -0.115329 0.993327
    outer loop
      vertex 100.7 69.9018 45.8961
      vertex 98.3806 68.0866 45.6853
      vertex 98.6699 67.5 45.6172
    endloop
  endfacet
  facet normal -1.77873e-05 -0.115422 0.993317
    outer loop
      vertex 100.72 70.2001 45.9308
      vertex 98 70 45.9075
      vertex 100.7 69.9075 45.8968
    endloop
  endfacet
  facet normal -1.94299e-05 -0.115331 0.993327
    outer loop
      vertex 100.7 69.9018 45.8961
      vertex 98.1704 68.7059 45.7572
      vertex 98.3806 68.0866 45.6853
    endloop
  endfacet
  facet normal -0.000242493 -0.121891 0.992543
    outer loop
      vertex 100.7 69.9075 45.8968
      vertex 98 70 45.9075
      vertex 100.7 69.9018 45.8961
    endloop
  endfacet
  facet normal -5.48323e-06 -0.11536 0.993324
    outer loop
      vertex 100.7 69.9018 45.8961
      vertex 98.0428 69.3474 45.8317
      vertex 98.1704 68.7059 45.7572
    endloop
  endfacet
  facet normal -2.21515e-06 -0.115375 0.993322
    outer loop
      vertex 100.7 69.9018 45.8961
      vertex 98 70 45.9075
      vertex 98.0428 69.3474 45.8317
    endloop
  endfacet
  facet normal 2.13702e-05 -0.115374 0.993322
    outer loop
      vertex 2.28032 70.2001 45.9308
      vertex 5 70 45.9075
      vertex 4.95722 70.6526 45.9833
    endloop
  endfacet
  facet normal 4.2246e-06 -0.115358 0.993324
    outer loop
      vertex 2.22163 70.4932 45.9648
      vertex 4.95722 70.6526 45.9833
      vertex 4.82963 71.2941 46.0578
    endloop
  endfacet
  facet normal 1.77863e-05 -0.115422 0.993317
    outer loop
      vertex 5 70 45.9075
      vertex 2.28032 70.2001 45.9308
      vertex 2.29963 69.9075 45.8968
    endloop
  endfacet
  facet normal -1.56858e-05 -0.115329 0.993327
    outer loop
      vertex 2.12675 70.7708 45.997
      vertex 4.82963 71.2941 46.0578
      vertex 4.6194 71.9134 46.1297
    endloop
  endfacet
  facet normal 0.000241922 -0.121876 0.992545
    outer loop
      vertex 2.3 69.9018 45.8961
      vertex 5 70 45.9075
      vertex 2.29963 69.9075 45.8968
    endloop
  endfacet
  facet normal 2.53769e-06 -0.115317 0.993329
    outer loop
      vertex 1.99186 71.0442 46.0288
      vertex 4.6194 71.9134 46.1297
      vertex 4.33013 72.5 46.1978
    endloop
  endfacet
  facet normal 2.21514e-06 -0.115375 0.993322
    outer loop
      vertex 5 70 45.9075
      vertex 2.3 69.9018 45.8961
      vertex 4.95722 69.3474 45.8317
    endloop
  endfacet
  facet normal 0.000180207 -0.115599 0.993296
    outer loop
      vertex 1.99186 71.0442 46.0288
      vertex 4.33013 72.5 46.1978
      vertex 4.19649 72.7 46.2211
    endloop
  endfacet
  facet normal 1.69157e-05 -0.115362 0.993324
    outer loop
      vertex 4.95722 69.3474 45.8317
      vertex 2.28032 69.6036 45.8615
      vertex 4.82963 68.7059 45.7572
    endloop
  endfacet
  facet normal 2.13911e-05 -0.115422 0.993317
    outer loop
      vertex -2.3 -69.1636 29.7466
      vertex -4.95722 -69.3474 29.7253
      vertex -2.28069 -69.4562 29.7126
    endloop
  endfacet
  facet normal 0.000388457 -0.106508 0.994312
    outer loop
      vertex -2.28069 -69.4562 29.7126
      vertex -4.95722 -69.3474 29.7253
      vertex -2.28032 -69.4618 29.712
    endloop
  endfacet
  facet normal 0.000109639 -0.115432 0.993315
    outer loop
      vertex -4.33013 -72.5 29.3591
      vertex -2.27922 -69.4673 29.7113
      vertex -4.6194 -71.9134 29.4273
    endloop
  endfacet
  facet normal -9.91051e-05 -0.115293 0.993332
    outer loop
      vertex -2.27922 -69.4673 29.7113
      vertex -4.33013 -72.5 29.3591
      vertex -4.19649 -72.7 29.3359
    endloop
  endfacet
  facet normal -0.000470947 -0.126347 0.991986
    outer loop
      vertex -2.28032 -69.4618 29.712
      vertex -4.95722 -69.3474 29.7253
      vertex -2.27922 -69.4673 29.7113
    endloop
  endfacet
  facet normal -3.34395e-06 -0.115325 0.993328
    outer loop
      vertex -2.27922 -69.4673 29.7113
      vertex -4.82963 -71.2941 29.4992
      vertex -4.6194 -71.9134 29.4273
    endloop
  endfacet
  facet normal 2.71907e-05 -0.115377 0.993322
    outer loop
      vertex -5 -70 29.6495
      vertex -2.27922 -69.4673 29.7113
      vertex -4.95722 -69.3474 29.7253
    endloop
  endfacet
  facet normal 1.83076e-05 -0.115355 0.993324
    outer loop
      vertex -2.27922 -69.4673 29.7113
      vertex -4.95722 -70.6526 29.5737
      vertex -4.82963 -71.2941 29.4992
    endloop
  endfacet
  facet normal 2.65016e-05 -0.115373 0.993322
    outer loop
      vertex -2.27922 -69.4673 29.7113
      vertex -5 -70 29.6495
      vertex -4.95722 -70.6526 29.5737
    endloop
  endfacet
  facet normal 0.00112661 -0.10867 0.994077
    outer loop
      vertex -2.27922 70.2056 45.9314
      vertex -4.95722 70.6526 45.9833
      vertex -2.28032 70.2001 45.9308
    endloop
  endfacet
  facet normal -5.64027e-05 -0.115299 0.993331
    outer loop
      vertex -2.3 69.9018 45.8961
      vertex -4.33013 67.5 45.6172
      vertex -3.96677 66.9562 45.5541
    endloop
  endfacet
  facet normal -2.13702e-05 -0.115374 0.993322
    outer loop
      vertex -5 70 45.9075
      vertex -2.28032 70.2001 45.9308
      vertex -4.95722 70.6526 45.9833
    endloop
  endfacet
  facet normal -2.11557e-05 -0.115329 0.993327
    outer loop
      vertex -2.3 69.9018 45.8961
      vertex -4.6194 68.0866 45.6853
      vertex -4.33013 67.5 45.6172
    endloop
  endfacet
  facet normal -1.77863e-05 -0.115422 0.993317
    outer loop
      vertex -2.28032 70.2001 45.9308
      vertex -5 70 45.9075
      vertex -2.29963 69.9075 45.8968
    endloop
  endfacet
  facet normal -1.94293e-05 -0.115331 0.993327
    outer loop
      vertex -2.3 69.9018 45.8961
      vertex -4.82963 68.7059 45.7572
      vertex -4.6194 68.0866 45.6853
    endloop
  endfacet
  facet normal -0.000241922 -0.121876 0.992545
    outer loop
      vertex -2.29963 69.9075 45.8968
      vertex -5 70 45.9075
      vertex -2.3 69.9018 45.8961
    endloop
  endfacet
  facet normal -5.48321e-06 -0.11536 0.993324
    outer loop
      vertex -2.3 69.9018 45.8961
      vertex -4.95722 69.3474 45.8317
      vertex -4.82963 68.7059 45.7572
    endloop
  endfacet
  facet normal -2.21514e-06 -0.115375 0.993322
    outer loop
      vertex -2.3 69.9018 45.8961
      vertex -5 70 45.9075
      vertex -4.95722 69.3474 45.8317
    endloop
  endfacet
  facet normal 2.13677e-05 -0.115374 0.993322
    outer loop
      vertex -100.72 70.2001 45.9308
      vertex -98 70 45.9075
      vertex -98.0428 70.6526 45.9833
    endloop
  endfacet
  facet normal 4.2252e-06 -0.115358 0.993324
    outer loop
      vertex -100.778 70.4932 45.9648
      vertex -98.0428 70.6526 45.9833
      vertex -98.1704 71.2941 46.0578
    endloop
  endfacet
  facet normal 1.77873e-05 -0.115422 0.993317
    outer loop
      vertex -98 70 45.9075
      vertex -100.72 70.2001 45.9308
      vertex -100.7 69.9075 45.8968
    endloop
  endfacet
  facet normal -1.56875e-05 -0.115329 0.993327
    outer loop
      vertex -100.873 70.7708 45.997
      vertex -98.1704 71.2941 46.0578
      vertex -98.3806 71.9134 46.1297
    endloop
  endfacet
  facet normal 0.000242493 -0.121891 0.992543
    outer loop
      vertex -100.7 69.9018 45.8961
      vertex -98 70 45.9075
      vertex -100.7 69.9075 45.8968
    endloop
  endfacet
  facet normal 2.53777e-06 -0.115317 0.993329
    outer loop
      vertex -101.008 71.0442 46.0288
      vertex -98.3806 71.9134 46.1297
      vertex -98.6699 72.5 46.1978
    endloop
  endfacet
  facet normal 2.21515e-06 -0.115375 0.993322
    outer loop
      vertex -98 70 45.9075
      vertex -100.7 69.9018 45.8961
      vertex -98.0428 69.3474 45.8317
    endloop
  endfacet
  facet normal 0.000180232 -0.115599 0.993296
    outer loop
      vertex -101.008 71.0442 46.0288
      vertex -98.6699 72.5 46.1978
      vertex -98.8035 72.7 46.2211
    endloop
  endfacet
  facet normal 1.69138e-05 -0.115362 0.993324
    outer loop
      vertex -98.0428 69.3474 45.8317
      vertex -100.72 69.6036 45.8615
      vertex -98.1704 68.7059 45.7572
    endloop
  endfacet
  facet normal -0.00159614 -0.106533 0.994308
    outer loop
      vertex -98.1704 -68.7059 29.7997
      vertex -100.7 -69.158 29.7472
      vertex -100.7 -69.1636 29.7466
    endloop
  endfacet
  facet normal 0.000208002 -0.115409 0.993318
    outer loop
      vertex -99.9562 -66.0332 30.1101
      vertex -100.72 -68.8654 29.7812
      vertex -100.7 -69.158 29.7472
    endloop
  endfacet
  facet normal 1.00087e-05 -0.115356 0.993324
    outer loop
      vertex -99.9562 -66.0332 30.1101
      vertex -100.777 -68.5778 29.8146
      vertex -100.72 -68.8654 29.7812
    endloop
  endfacet
  facet normal 0.021924 -0.1223 0.992251
    outer loop
      vertex -99.9562 -66.0332 30.1101
      vertex -100.778 -68.5723 29.8153
      vertex -100.777 -68.5778 29.8146
    endloop
  endfacet
  facet normal -0.00714796 -0.113043 0.993564
    outer loop
      vertex -99.9562 -66.0332 30.1101
      vertex -100.78 -68.5669 29.8159
      vertex -100.778 -68.5723 29.8153
    endloop
  endfacet
  facet normal -0.000179414 -0.115282 0.993333
    outer loop
      vertex -99.9562 -66.0332 30.1101
      vertex -100.875 -68.2893 29.8481
      vertex -100.78 -68.5669 29.8159
    endloop
  endfacet
  facet normal 0.000241601 -0.115451 0.993313
    outer loop
      vertex -99.9562 -66.0332 30.1101
      vertex -101.006 -68.0263 29.8787
      vertex -100.875 -68.2893 29.8481
    endloop
  endfacet
  facet normal 0.00417863 -0.117496 0.993065
    outer loop
      vertex -99.9562 -66.0332 30.1101
      vertex -101.008 -68.0213 29.8793
      vertex -101.006 -68.0263 29.8787
    endloop
  endfacet
  facet normal -0.00826442 -0.110997 0.993786
    outer loop
      vertex -99.9562 -66.0332 30.1101
      vertex -101.011 -68.0166 29.8798
      vertex -101.008 -68.0213 29.8793
    endloop
  endfacet
  facet normal 1.51259e-05 -0.115337 0.993326
    outer loop
      vertex -101.85 -67.185 29.9764
      vertex -100.5 -65.6699 30.1523
      vertex -101.087 -65.3806 30.1859
    endloop
  endfacet
  facet normal -2.88565e-05 -0.115324 0.993328
    outer loop
      vertex -99.9562 -66.0332 30.1101
      vertex -101.175 -67.7728 29.9081
      vertex -101.011 -68.0166 29.8798
    endloop
  endfacet
  facet normal -1.18291e-05 -0.115335 0.993327
    outer loop
      vertex -99.9562 -66.0332 30.1101
      vertex -101.37 -67.5523 29.9337
      vertex -101.175 -67.7728 29.9081
    endloop
  endfacet
  facet normal 0.00154334 -0.116763 0.993159
    outer loop
      vertex -99.9562 -66.0332 30.1101
      vertex -101.374 -67.5481 29.9342
      vertex -101.37 -67.5523 29.9337
    endloop
  endfacet
  facet normal -0.00394401 -0.111695 0.993735
    outer loop
      vertex -99.9562 -66.0332 30.1101
      vertex -101.378 -67.5444 29.9346
      vertex -101.374 -67.5481 29.9342
    endloop
  endfacet
  facet normal 0.0001608 -0.115437 0.993315
    outer loop
      vertex -100.5 -65.6699 30.1523
      vertex -101.6 -67.3511 29.9571
      vertex -101.378 -67.5444 29.9346
    endloop
  endfacet
  facet normal -0.0100251 -0.108852 0.994007
    outer loop
      vertex -100.5 -65.6699 30.1523
      vertex -101.605 -67.3479 29.9574
      vertex -101.6 -67.3511 29.9571
    endloop
  endfacet
  facet normal -1.51986e-05 -0.11535 0.993325
    outer loop
      vertex -102.12 -67.0528 29.9917
      vertex -101.087 -65.3806 30.1859
      vertex -101.706 -65.1704 30.2103
    endloop
  endfacet
  facet normal 0.00022314 -0.11552 0.993305
    outer loop
      vertex -100.5 -65.6699 30.1523
      vertex -101.85 -67.185 29.9764
      vertex -101.605 -67.3479 29.9574
    endloop
  endfacet
  facet normal -0.000182703 -0.115254 0.993336
    outer loop
      vertex -101.087 -65.3806 30.1859
      vertex -102.115 -67.0553 29.9914
      vertex -101.85 -67.185 29.9764
    endloop
  endfacet
  facet normal 0.00146666 -0.116253 0.993219
    outer loop
      vertex -101.087 -65.3806 30.1859
      vertex -102.12 -67.0528 29.9917
      vertex -102.115 -67.0553 29.9914
    endloop
  endfacet
  facet normal -2.05382e-05 -0.115317 0.993329
    outer loop
      vertex -102.405 -66.9568 30.0029
      vertex -101.706 -65.1704 30.2103
      vertex -102.347 -65.0428 30.2251
    endloop
  endfacet
  facet normal 0.000167694 -0.11539 0.99332
    outer loop
      vertex -101.706 -65.1704 30.2103
      vertex -102.405 -66.9568 30.0029
      vertex -102.12 -67.0528 29.9917
    endloop
  endfacet
  facet normal -0.00546685 -0.115152 0.993333
    outer loop
      vertex -102.347 -65.0428 30.2251
      vertex -102.41 -66.9557 30.003
      vertex -102.405 -66.9568 30.0029
    endloop
  endfacet
  facet normal -0.00014051 -0.115327 0.993328
    outer loop
      vertex -102.347 -65.0428 30.2251
      vertex -102.7 -66.8985 30.0096
      vertex -102.41 -66.9557 30.003
    endloop
  endfacet
  facet normal 4.46108e-05 -0.115362 0.993324
    outer loop
      vertex -103 -65 30.2301
      vertex -102.7 -66.8985 30.0096
      vertex -102.347 -65.0428 30.2251
    endloop
  endfacet
  facet normal 7.88604e-05 -0.115357 0.993324
    outer loop
      vertex -103 -65 30.2301
      vertex -103 -66.8789 30.0119
      vertex -102.7 -66.8985 30.0096
    endloop
  endfacet
  facet normal -7.88604e-05 -0.115357 0.993324
    outer loop
      vertex -103 -65 30.2301
      vertex -103.3 -66.8985 30.0096
      vertex -103 -66.8789 30.0119
    endloop
  endfacet
  facet normal -4.46108e-05 -0.115362 0.993324
    outer loop
      vertex -103.653 -65.0428 30.2251
      vertex -103.3 -66.8985 30.0096
      vertex -103 -65 30.2301
    endloop
  endfacet
  facet normal 0.00014051 -0.115327 0.993328
    outer loop
      vertex -103.3 -66.8985 30.0096
      vertex -103.653 -65.0428 30.2251
      vertex -103.59 -66.9557 30.003
    endloop
  endfacet
  facet normal 0.00546685 -0.115152 0.993333
    outer loop
      vertex -103.59 -66.9557 30.003
      vertex -103.653 -65.0428 30.2251
      vertex -103.595 -66.9568 30.0029
    endloop
  endfacet
  facet normal 2.05382e-05 -0.115317 0.993329
    outer loop
      vertex -104.294 -65.1704 30.2103
      vertex -103.595 -66.9568 30.0029
      vertex -103.653 -65.0428 30.2251
    endloop
  endfacet
  facet normal -0.000167694 -0.11539 0.99332
    outer loop
      vertex -103.595 -66.9568 30.0029
      vertex -104.294 -65.1704 30.2103
      vertex -103.88 -67.0528 29.9917
    endloop
  endfacet
  facet normal 1.51986e-05 -0.11535 0.993325
    outer loop
      vertex -104.913 -65.3806 30.1859
      vertex -103.88 -67.0528 29.9917
      vertex -104.294 -65.1704 30.2103
    endloop
  endfacet
  facet normal -0.00146666 -0.116253 0.993219
    outer loop
      vertex -103.88 -67.0528 29.9917
      vertex -104.913 -65.3806 30.1859
      vertex -103.885 -67.0553 29.9914
    endloop
  endfacet
  facet normal 0.000182703 -0.115254 0.993336
    outer loop
      vertex -103.885 -67.0553 29.9914
      vertex -104.913 -65.3806 30.1859
      vertex -104.15 -67.185 29.9764
    endloop
  endfacet
  facet normal 1.61778e-05 -0.115324 0.993328
    outer loop
      vertex -105.2 -65.5219 30.1695
      vertex -104.15 -67.185 29.9764
      vertex -104.913 -65.3806 30.1859
    endloop
  endfacet
  facet normal -0.000245381 -0.115487 0.993309
    outer loop
      vertex -104.15 -67.185 29.9764
      vertex -105.2 -65.5219 30.1695
      vertex -104.395 -67.3479 29.9574
    endloop
  endfacet
  facet normal 0.0111148 -0.110537 0.99381
    outer loop
      vertex -104.395 -67.3479 29.9574
      vertex -105.2 -65.5219 30.1695
      vertex -104.4 -67.3511 29.9571
    endloop
  endfacet
  facet normal -0.000177291 -0.115418 0.993317
    outer loop
      vertex -104.4 -67.3511 29.9571
      vertex -105.2 -65.5219 30.1695
      vertex -104.622 -67.5444 29.9346
    endloop
  endfacet
  facet normal 0.00584038 -0.113719 0.993496
    outer loop
      vertex -104.622 -67.5444 29.9346
      vertex -105.2 -65.5219 30.1695
      vertex -104.626 -67.5481 29.9342
    endloop
  endfacet
  facet normal -0.00234625 -0.116009 0.993245
    outer loop
      vertex -104.626 -67.5481 29.9342
      vertex -105.2 -65.5219 30.1695
      vertex -104.63 -67.5523 29.9337
    endloop
  endfacet
  facet normal 2.98219e-05 -0.115351 0.993325
    outer loop
      vertex -104.63 -67.5523 29.9337
      vertex -105.2 -65.5219 30.1695
      vertex -104.825 -67.7728 29.9081
    endloop
  endfacet
  facet normal 6.22213e-05 -0.115346 0.993325
    outer loop
      vertex -104.825 -67.7728 29.9081
      vertex -105.2 -65.5219 30.1695
      vertex -104.989 -68.0166 29.8798
    endloop
  endfacet
  facet normal 0.0133889 -0.114223 0.993365
    outer loop
      vertex -104.989 -68.0166 29.8798
      vertex -105.2 -65.5219 30.1695
      vertex -104.992 -68.0213 29.8793
    endloop
  endfacet
  facet normal -0.00799996 -0.115986 0.993219
    outer loop
      vertex -104.992 -68.0213 29.8793
      vertex -105.2 -65.5219 30.1695
      vertex -104.994 -68.0263 29.8787
    endloop
  endfacet
  facet normal -0.000400806 -0.115373 0.993322
    outer loop
      vertex -104.994 -68.0263 29.8787
      vertex -105.2 -65.5219 30.1695
      vertex -105.125 -68.2893 29.8481
    endloop
  endfacet
  facet normal 0.000386374 -0.115352 0.993325
    outer loop
      vertex -105.2 -65.5219 30.1695
      vertex -105.22 -68.5669 29.8159
      vertex -105.125 -68.2893 29.8481
    endloop
  endfacet
  facet normal -1.26335e-06 -0.115354 0.993324
    outer loop
      vertex -105.2 65.5219 45.3875
      vertex -110 77.5 46.7785
      vertex -105.2 -65.5219 30.1695
    endloop
  endfacet
  facet normal -0.0761963 -0.158765 0.984372
    outer loop
      vertex -110 77.5 46.7785
      vertex -105.22 69.3052 45.8268
      vertex -105.222 69.3105 45.8275
    endloop
  endfacet
  facet normal 1.06809e-06 -0.115354 0.993324
    outer loop
      vertex -110 -77.5 28.7785
      vertex -105.2 -65.5219 30.1695
      vertex -110 77.5 46.7785
    endloop
  endfacet
  facet normal 0.0220616 -0.102612 0.994477
    outer loop
      vertex -110 77.5 46.7785
      vertex -105.222 69.3105 45.8275
      vertex -105.223 69.3161 45.8281
    endloop
  endfacet
  facet normal 1.89396e-05 -0.115361 0.993324
    outer loop
      vertex -105.28 -68.8654 29.7812
      vertex -105.2 -65.5219 30.1695
      vertex -110 -77.5 28.7785
    endloop
  endfacet
  facet normal -0.000112004 -0.11542 0.993317
    outer loop
      vertex -110 77.5 46.7785
      vertex -105.223 69.3161 45.8281
      vertex -105.28 69.6036 45.8615
    endloop
  endfacet
  facet normal 0.0136879 -0.115428 0.993222
    outer loop
      vertex -105.2 -65.5219 30.1695
      vertex -105.222 -68.5723 29.8153
      vertex -105.22 -68.5669 29.8159
    endloop
  endfacet
  facet normal -0.0633465 -0.114659 0.991383
    outer loop
      vertex -105.2 -65.5219 30.1695
      vertex -105.223 -68.5778 29.8146
      vertex -105.222 -68.5723 29.8153
    endloop
  endfacet
  facet normal 0.000185984 -0.115244 0.993337
    outer loop
      vertex -110 77.5 46.7785
      vertex -105.28 69.6036 45.8615
      vertex -105.3 69.9018 45.8961
    endloop
  endfacet
  facet normal 1.29225e-05 -0.115361 0.993324
    outer loop
      vertex -105.2 -65.5219 30.1695
      vertex -105.28 -68.8654 29.7812
      vertex -105.223 -68.5778 29.8146
    endloop
  endfacet
  facet normal 2.29469e-05 -0.115329 0.993327
    outer loop
      vertex -98.3806 68.0866 45.6853
      vertex -100.875 69.0275 45.7946
      vertex -98.6699 67.5 45.6172
    endloop
  endfacet
  facet normal 4.74698e-05 -0.115294 0.993331
    outer loop
      vertex -101.008 68.7595 45.7635
      vertex -98.6699 67.5 45.6172
      vertex -100.875 69.0275 45.7946
    endloop
  endfacet
  facet normal 4.7965e-05 -0.115294 0.993331
    outer loop
      vertex -98.6699 67.5 45.6172
      vertex -101.008 68.7595 45.7635
      vertex -99.0332 66.9562 45.5541
    endloop
  endfacet
  facet normal 2.34274e-05 -0.11532 0.993328
    outer loop
      vertex -101.172 68.5157 45.7352
      vertex -99.0332 66.9562 45.5541
      vertex -101.008 68.7595 45.7635
    endloop
  endfacet
  facet normal -0.00569459 -0.123052 0.992384
    outer loop
      vertex -101.175 68.511 45.7346
      vertex -99.0332 66.9562 45.5541
      vertex -101.172 68.5157 45.7352
    endloop
  endfacet
  facet normal -0.00125979 -0.11703 0.993128
    outer loop
      vertex -101.179 68.5068 45.7341
      vertex -99.0332 66.9562 45.5541
      vertex -101.175 68.511 45.7346
    endloop
  endfacet
  facet normal -0.000108512 -0.115458 0.993312
    outer loop
      vertex -99.0332 66.9562 45.5541
      vertex -101.179 68.5068 45.7341
      vertex -99.4645 66.4645 45.4969
    endloop
  endfacet
  facet normal -5.1194e-06 -0.115372 0.993322
    outer loop
      vertex -101.374 68.2864 45.7085
      vertex -99.4645 66.4645 45.4969
      vertex -101.179 68.5068 45.7341
    endloop
  endfacet
  facet normal 9.71037e-05 -0.115267 0.993335
    outer loop
      vertex -99.4645 66.4645 45.4969
      vertex -101.374 68.2864 45.7085
      vertex -99.9562 66.0332 45.4469
    endloop
  endfacet
  facet normal 0.000156181 -0.11523 0.993339
    outer loop
      vertex -101.596 68.093 45.6861
      vertex -99.9562 66.0332 45.4469
      vertex -101.374 68.2864 45.7085
    endloop
  endfacet
  facet normal -0.0100478 -0.123236 0.992327
    outer loop
      vertex -101.6 68.0893 45.6856
      vertex -99.9562 66.0332 45.4469
      vertex -101.596 68.093 45.6861
    endloop
  endfacet
  facet normal -2.76287e-05 -0.115341 0.993326
    outer loop
      vertex -99.9562 66.0332 45.4469
      vertex -101.6 68.0893 45.6856
      vertex -100.5 65.6699 45.4047
    endloop
  endfacet
  facet normal 0.000223178 -0.115228 0.993339
    outer loop
      vertex -101.85 67.9233 45.6664
      vertex -100.5 65.6699 45.4047
      vertex -101.6 68.0893 45.6856
    endloop
  endfacet
  facet normal -0.00147674 -0.116233 0.993221
    outer loop
      vertex -101.855 67.9208 45.6661
      vertex -100.5 65.6699 45.4047
      vertex -101.85 67.9233 45.6664
    endloop
  endfacet
  facet normal -4.18601e-06 -0.115359 0.993324
    outer loop
      vertex -100.5 65.6699 45.4047
      vertex -101.855 67.9208 45.6661
      vertex -101.087 65.3806 45.3711
    endloop
  endfacet
  facet normal -0.000122783 -0.115394 0.99332
    outer loop
      vertex -102.12 67.7911 45.651
      vertex -101.087 65.3806 45.3711
      vertex -101.855 67.9208 45.6661
    endloop
  endfacet
  facet normal 1.0914e-05 -0.115337 0.993326
    outer loop
      vertex -101.087 65.3806 45.3711
      vertex -102.12 67.7911 45.651
      vertex -101.706 65.1704 45.3467
    endloop
  endfacet
  facet normal 0.000128239 -0.115319 0.993328
    outer loop
      vertex -102.399 67.6969 45.6401
      vertex -101.706 65.1704 45.3467
      vertex -102.12 67.7911 45.651
    endloop
  endfacet
  facet normal 0.00314504 -0.114502 0.993418
    outer loop
      vertex -102.405 67.695 45.6399
      vertex -101.706 65.1704 45.3467
      vertex -102.399 67.6969 45.6401
    endloop
  endfacet
  facet normal -0.000118806 -0.115394 0.99332
    outer loop
      vertex -101.706 65.1704 45.3467
      vertex -102.405 67.695 45.6399
      vertex -102.347 65.0428 45.3318
    endloop
  endfacet
  facet normal -9.19394e-05 -0.115394 0.99332
    outer loop
      vertex -102.7 67.6367 45.6331
      vertex -102.347 65.0428 45.3318
      vertex -102.405 67.695 45.6399
    endloop
  endfacet
  facet normal -0.00011466 -0.115397 0.993319
    outer loop
      vertex -103 67.6172 45.6308
      vertex -102.347 65.0428 45.3318
      vertex -102.7 67.6367 45.6331
    endloop
  endfacet
  facet normal 0.000106154 -0.115341 0.993326
    outer loop
      vertex -103 67.6172 45.6308
      vertex -103 65 45.3269
      vertex -102.347 65.0428 45.3318
    endloop
  endfacet
  facet normal 0.000118302 -0.115341 0.993326
    outer loop
      vertex -103.3 67.6367 45.6331
      vertex -103 65 45.3269
      vertex -103 67.6172 45.6308
    endloop
  endfacet
  facet normal 9.19394e-05 -0.115394 0.99332
    outer loop
      vertex -103.653 65.0428 45.3318
      vertex -103.3 67.6367 45.6331
      vertex -103.595 67.695 45.6399
    endloop
  endfacet
  facet normal -0.00314504 -0.114502 0.993418
    outer loop
      vertex -104.294 65.1704 45.3467
      vertex -103.595 67.695 45.6399
      vertex -103.601 67.6969 45.6401
    endloop
  endfacet
  facet normal -0.00010784 -0.115367 0.993323
    outer loop
      vertex -103.3 67.6367 45.6331
      vertex -103.653 65.0428 45.3318
      vertex -103 65 45.3269
    endloop
  endfacet
  facet normal -0.000128239 -0.115319 0.993328
    outer loop
      vertex -104.294 65.1704 45.3467
      vertex -103.601 67.6969 45.6401
      vertex -103.88 67.7911 45.651
    endloop
  endfacet
  facet normal 0.000114396 -0.115411 0.993318
    outer loop
      vertex -105.2 65.5219 45.3875
      vertex -103.88 67.7911 45.651
      vertex -104.145 67.9208 45.6661
    endloop
  endfacet
  facet normal 0.00157282 -0.116044 0.993243
    outer loop
      vertex -105.2 65.5219 45.3875
      vertex -104.145 67.9208 45.6661
      vertex -104.15 67.9233 45.6664
    endloop
  endfacet
  facet normal 0.000118806 -0.115394 0.99332
    outer loop
      vertex -103.595 67.695 45.6399
      vertex -104.294 65.1704 45.3467
      vertex -103.653 65.0428 45.3318
    endloop
  endfacet
  facet normal -0.000244304 -0.11526 0.993335
    outer loop
      vertex -105.2 65.5219 45.3875
      vertex -104.15 67.9233 45.6664
      vertex -104.4 68.0893 45.6856
    endloop
  endfacet
  facet normal 0.0135619 -0.119493 0.992742
    outer loop
      vertex -105.2 65.5219 45.3875
      vertex -104.4 68.0893 45.6856
      vertex -104.404 68.093 45.6861
    endloop
  endfacet
  facet normal -0.000214639 -0.115296 0.993331
    outer loop
      vertex -105.2 65.5219 45.3875
      vertex -104.404 68.093 45.6861
      vertex -104.626 68.2864 45.7085
    endloop
  endfacet
  facet normal 3.40268e-05 -0.115347 0.993325
    outer loop
      vertex -105.2 65.5219 45.3875
      vertex -104.626 68.2864 45.7085
      vertex -104.821 68.5068 45.7341
    endloop
  endfacet
  facet normal 0.00269619 -0.11568 0.993283
    outer loop
      vertex -105.2 65.5219 45.3875
      vertex -104.821 68.5068 45.7341
      vertex -104.825 68.511 45.7346
    endloop
  endfacet
  facet normal 0.0150007 -0.117191 0.992996
    outer loop
      vertex -105.2 65.5219 45.3875
      vertex -104.825 68.511 45.7346
      vertex -104.828 68.5157 45.7352
    endloop
  endfacet
  facet normal -1.0914e-05 -0.115337 0.993326
    outer loop
      vertex -103.88 67.7911 45.651
      vertex -104.913 65.3806 45.3711
      vertex -104.294 65.1704 45.3467
    endloop
  endfacet
  facet normal -7.63679e-05 -0.115355 0.993324
    outer loop
      vertex -105.2 65.5219 45.3875
      vertex -104.828 68.5157 45.7352
      vertex -104.992 68.7595 45.7635
    endloop
  endfacet
  facet normal -0.000160617 -0.11535 0.993325
    outer loop
      vertex -105.2 65.5219 45.3875
      vertex -104.992 68.7595 45.7635
      vertex -105.125 69.0275 45.7946
    endloop
  endfacet
  facet normal -2.09508e-05 -0.115333 0.993327
    outer loop
      vertex -103.88 67.7911 45.651
      vertex -105.2 65.5219 45.3875
      vertex -104.913 65.3806 45.3711
    endloop
  endfacet
  facet normal 3.27576e-05 -0.11534 0.993326
    outer loop
      vertex -110 77.5 46.7785
      vertex -105.2 65.5219 45.3875
      vertex -105.22 69.3052 45.8268
    endloop
  endfacet
  facet normal -0.000481 -0.115343 0.993326
    outer loop
      vertex -105.22 69.3052 45.8268
      vertex -105.2 65.5219 45.3875
      vertex -105.125 69.0275 45.7946
    endloop
  endfacet
  facet normal -0.00157725 -0.106636 0.994297
    outer loop
      vertex 4.82963 -68.7059 29.7997
      vertex 2.29963 -69.158 29.7472
      vertex 2.3 -69.1636 29.7466
    endloop
  endfacet
  facet normal 0.000209532 -0.115409 0.993318
    outer loop
      vertex 3.04381 -66.0332 30.1101
      vertex 2.28032 -68.8654 29.7812
      vertex 2.29963 -69.158 29.7472
    endloop
  endfacet
  facet normal 9.96808e-06 -0.115356 0.993324
    outer loop
      vertex 3.04381 -66.0332 30.1101
      vertex 2.22274 -68.5778 29.8146
      vertex 2.28032 -68.8654 29.7812
    endloop
  endfacet
  facet normal 0.0210846 -0.122038 0.992301
    outer loop
      vertex 3.04381 -66.0332 30.1101
      vertex 2.22163 -68.5723 29.8153
      vertex 2.22274 -68.5778 29.8146
    endloop
  endfacet
  facet normal -0.00748599 -0.112934 0.993574
    outer loop
      vertex 3.04381 -66.0332 30.1101
      vertex 2.2198 -68.5669 29.8159
      vertex 2.22163 -68.5723 29.8153
    endloop
  endfacet
  facet normal -0.000179508 -0.115282 0.993333
    outer loop
      vertex 3.04381 -66.0332 30.1101
      vertex 2.12492 -68.2893 29.8481
      vertex 2.2198 -68.5669 29.8159
    endloop
  endfacet
  facet normal 0.000242047 -0.115452 0.993313
    outer loop
      vertex 3.04381 -66.0332 30.1101
      vertex 1.99437 -68.0263 29.8787
      vertex 2.12492 -68.2893 29.8481
    endloop
  endfacet
  facet normal 0.00376507 -0.117281 0.993092
    outer loop
      vertex 3.04381 -66.0332 30.1101
      vertex 1.99186 -68.0213 29.8793
      vertex 1.99437 -68.0263 29.8787
    endloop
  endfacet
  facet normal -0.00802964 -0.111119 0.993775
    outer loop
      vertex 3.04381 -66.0332 30.1101
      vertex 1.9887 -68.0166 29.8798
      vertex 1.99186 -68.0213 29.8793
    endloop
  endfacet
  facet normal 1.51334e-05 -0.115337 0.993326
    outer loop
      vertex 1.15 -67.185 29.9764
      vertex 2.5 -65.6699 30.1523
      vertex 1.91342 -65.3806 30.1859
    endloop
  endfacet
  facet normal -2.88537e-05 -0.115324 0.993328
    outer loop
      vertex 3.04381 -66.0332 30.1101
      vertex 1.82471 -67.7728 29.9081
      vertex 1.9887 -68.0166 29.8798
    endloop
  endfacet
  facet normal -1.18406e-05 -0.115335 0.993327
    outer loop
      vertex 3.04381 -66.0332 30.1101
      vertex 1.63009 -67.5523 29.9337
      vertex 1.82471 -67.7728 29.9081
    endloop
  endfacet
  facet normal 0.00159376 -0.11681 0.993153
    outer loop
      vertex 3.04381 -66.0332 30.1101
      vertex 1.62634 -67.5481 29.9342
      vertex 1.63009 -67.5523 29.9337
    endloop
  endfacet
  facet normal -0.00381158 -0.111818 0.993721
    outer loop
      vertex 3.04381 -66.0332 30.1101
      vertex 1.62208 -67.5444 29.9346
      vertex 1.62634 -67.5481 29.9342
    endloop
  endfacet
  facet normal 0.000160841 -0.115437 0.993315
    outer loop
      vertex 2.5 -65.6699 30.1523
      vertex 1.40015 -67.3511 29.9571
      vertex 1.62208 -67.5444 29.9346
    endloop
  endfacet
  facet normal -0.0104378 -0.108586 0.994032
    outer loop
      vertex 2.5 -65.6699 30.1523
      vertex 1.39543 -67.3479 29.9574
      vertex 1.40015 -67.3511 29.9571
    endloop
  endfacet
  facet normal -1.51915e-05 -0.11535 0.993325
    outer loop
      vertex 0.880172 -67.0528 29.9917
      vertex 1.91342 -65.3806 30.1859
      vertex 1.2941 -65.1704 30.2103
    endloop
  endfacet
  facet normal 0.000222894 -0.115519 0.993305
    outer loop
      vertex 2.5 -65.6699 30.1523
      vertex 1.15 -67.185 29.9764
      vertex 1.39543 -67.3479 29.9574
    endloop
  endfacet
  facet normal -0.000182836 -0.115254 0.993336
    outer loop
      vertex 1.91342 -65.3806 30.1859
      vertex 0.885263 -67.0553 29.9914
      vertex 1.15 -67.185 29.9764
    endloop
  endfacet
  facet normal 0.00144647 -0.116241 0.99322
    outer loop
      vertex 1.91342 -65.3806 30.1859
      vertex 0.880172 -67.0528 29.9917
      vertex 0.885263 -67.0553 29.9914
    endloop
  endfacet
  facet normal -2.05246e-05 -0.115317 0.993329
    outer loop
      vertex 0.595284 -66.9568 30.0029
      vertex 1.2941 -65.1704 30.2103
      vertex 0.652631 -65.0428 30.2251
    endloop
  endfacet
  facet normal 0.000167758 -0.11539 0.99332
    outer loop
      vertex 1.2941 -65.1704 30.2103
      vertex 0.595284 -66.9568 30.0029
      vertex 0.880172 -67.0528 29.9917
    endloop
  endfacet
  facet normal -0.00491282 -0.115171 0.993334
    outer loop
      vertex 0.652631 -65.0428 30.2251
      vertex 0.589716 -66.9557 30.003
      vertex 0.595284 -66.9568 30.0029
    endloop
  endfacet
  facet normal -0.000140749 -0.115327 0.993328
    outer loop
      vertex 0.652631 -65.0428 30.2251
      vertex 0.30021 -66.8985 30.0096
      vertex 0.589716 -66.9557 30.003
    endloop
  endfacet
  facet normal 4.46366e-05 -0.115362 0.993324
    outer loop
      vertex 0 -65 30.2301
      vertex 0.30021 -66.8985 30.0096
      vertex 0.652631 -65.0428 30.2251
    endloop
  endfacet
  facet normal 7.88053e-05 -0.115357 0.993324
    outer loop
      vertex 0 -65 30.2301
      vertex 0 -66.8789 30.0119
      vertex 0.30021 -66.8985 30.0096
    endloop
  endfacet
  facet normal -7.88053e-05 -0.115357 0.993324
    outer loop
      vertex 0 -65 30.2301
      vertex -0.30021 -66.8985 30.0096
      vertex 0 -66.8789 30.0119
    endloop
  endfacet
  facet normal -4.46366e-05 -0.115362 0.993324
    outer loop
      vertex -0.652631 -65.0428 30.2251
      vertex -0.30021 -66.8985 30.0096
      vertex 0 -65 30.2301
    endloop
  endfacet
  facet normal 0.000140749 -0.115327 0.993328
    outer loop
      vertex -0.30021 -66.8985 30.0096
      vertex -0.652631 -65.0428 30.2251
      vertex -0.589716 -66.9557 30.003
    endloop
  endfacet
  facet normal 0.00491282 -0.115171 0.993334
    outer loop
      vertex -0.589716 -66.9557 30.003
      vertex -0.652631 -65.0428 30.2251
      vertex -0.595284 -66.9568 30.0029
    endloop
  endfacet
  facet normal 2.05246e-05 -0.115317 0.993329
    outer loop
      vertex -1.2941 -65.1704 30.2103
      vertex -0.595284 -66.9568 30.0029
      vertex -0.652631 -65.0428 30.2251
    endloop
  endfacet
  facet normal -0.000167758 -0.11539 0.99332
    outer loop
      vertex -0.595284 -66.9568 30.0029
      vertex -1.2941 -65.1704 30.2103
      vertex -0.880172 -67.0528 29.9917
    endloop
  endfacet
  facet normal 1.51915e-05 -0.11535 0.993325
    outer loop
      vertex -1.91342 -65.3806 30.1859
      vertex -0.880172 -67.0528 29.9917
      vertex -1.2941 -65.1704 30.2103
    endloop
  endfacet
  facet normal -0.00144647 -0.116241 0.99322
    outer loop
      vertex -0.880172 -67.0528 29.9917
      vertex -1.91342 -65.3806 30.1859
      vertex -0.885263 -67.0553 29.9914
    endloop
  endfacet
  facet normal 0.000182836 -0.115254 0.993336
    outer loop
      vertex -0.885263 -67.0553 29.9914
      vertex -1.91342 -65.3806 30.1859
      vertex -1.15 -67.185 29.9764
    endloop
  endfacet
  facet normal -1.51334e-05 -0.115337 0.993326
    outer loop
      vertex -2.5 -65.6699 30.1523
      vertex -1.15 -67.185 29.9764
      vertex -1.91342 -65.3806 30.1859
    endloop
  endfacet
  facet normal -0.000222894 -0.115519 0.993305
    outer loop
      vertex -1.15 -67.185 29.9764
      vertex -2.5 -65.6699 30.1523
      vertex -1.39543 -67.3479 29.9574
    endloop
  endfacet
  facet normal 0.0104378 -0.108586 0.994032
    outer loop
      vertex -1.39543 -67.3479 29.9574
      vertex -2.5 -65.6699 30.1523
      vertex -1.40015 -67.3511 29.9571
    endloop
  endfacet
  facet normal -0.000160841 -0.115437 0.993315
    outer loop
      vertex -1.40015 -67.3511 29.9571
      vertex -2.5 -65.6699 30.1523
      vertex -1.62208 -67.5444 29.9346
    endloop
  endfacet
  facet normal -1.00125e-05 -0.115367 0.993323
    outer loop
      vertex -3.04381 -66.0332 30.1101
      vertex -1.62208 -67.5444 29.9346
      vertex -2.5 -65.6699 30.1523
    endloop
  endfacet
  facet normal 0.00381158 -0.111818 0.993721
    outer loop
      vertex -1.62208 -67.5444 29.9346
      vertex -3.04381 -66.0332 30.1101
      vertex -1.62634 -67.5481 29.9342
    endloop
  endfacet
  facet normal -0.00159376 -0.11681 0.993153
    outer loop
      vertex -1.62634 -67.5481 29.9342
      vertex -3.04381 -66.0332 30.1101
      vertex -1.63009 -67.5523 29.9337
    endloop
  endfacet
  facet normal 1.18406e-05 -0.115335 0.993327
    outer loop
      vertex -1.63009 -67.5523 29.9337
      vertex -3.04381 -66.0332 30.1101
      vertex -1.82471 -67.7728 29.9081
    endloop
  endfacet
  facet normal -2.25534e-05 -0.115359 0.993324
    outer loop
      vertex -3.53553 -66.4645 30.06
      vertex -1.82471 -67.7728 29.9081
      vertex -3.04381 -66.0332 30.1101
    endloop
  endfacet
  facet normal 1.30998e-05 -0.115313 0.993329
    outer loop
      vertex -1.82471 -67.7728 29.9081
      vertex -3.53553 -66.4645 30.06
      vertex -1.9887 -68.0166 29.8798
    endloop
  endfacet
  facet normal 0.00578752 -0.109631 0.993955
    outer loop
      vertex -1.9887 -68.0166 29.8798
      vertex -3.53553 -66.4645 30.06
      vertex -1.99186 -68.0213 29.8793
    endloop
  endfacet
  facet normal -2.99239e-05 -0.115327 0.993328
    outer loop
      vertex -3.96677 -66.9562 30.0029
      vertex -1.99186 -68.0213 29.8793
      vertex -3.53553 -66.4645 30.06
    endloop
  endfacet
  facet normal -0.00166657 -0.11832 0.992974
    outer loop
      vertex -1.99186 -68.0213 29.8793
      vertex -3.96677 -66.9562 30.0029
      vertex -1.99437 -68.0263 29.8787
    endloop
  endfacet
  facet normal -0.000121379 -0.115511 0.993306
    outer loop
      vertex -1.99437 -68.0263 29.8787
      vertex -3.96677 -66.9562 30.0029
      vertex -2.12492 -68.2893 29.8481
    endloop
  endfacet
  facet normal 0.00215315 -0.111152 0.993801
    outer loop
      vertex -2.2198 -68.5669 29.8159
      vertex -4.33013 -67.5 29.9398
      vertex -2.22163 -68.5723 29.8153
    endloop
  endfacet
  facet normal 5.84967e-05 -0.115241 0.993338
    outer loop
      vertex -2.12492 -68.2893 29.8481
      vertex -4.33013 -67.5 29.9398
      vertex -2.2198 -68.5669 29.8159
    endloop
  endfacet
  facet normal 4.11974e-05 -0.115289 0.993332
    outer loop
      vertex -4.33013 -67.5 29.9398
      vertex -2.12492 -68.2893 29.8481
      vertex -3.96677 -66.9562 30.0029
    endloop
  endfacet
  facet normal 2.29467e-05 -0.115329 0.993327
    outer loop
      vertex 4.6194 68.0866 45.6853
      vertex 2.12492 69.0275 45.7946
      vertex 4.33013 67.5 45.6172
    endloop
  endfacet
  facet normal 4.74626e-05 -0.115294 0.993331
    outer loop
      vertex 1.99186 68.7595 45.7635
      vertex 4.33013 67.5 45.6172
      vertex 2.12492 69.0275 45.7946
    endloop
  endfacet
  facet normal 4.79604e-05 -0.115294 0.993331
    outer loop
      vertex 4.33013 67.5 45.6172
      vertex 1.99186 68.7595 45.7635
      vertex 3.96677 66.9562 45.5541
    endloop
  endfacet
  facet normal 2.34271e-05 -0.11532 0.993328
    outer loop
      vertex 1.82787 68.5157 45.7352
      vertex 3.96677 66.9562 45.5541
      vertex 1.99186 68.7595 45.7635
    endloop
  endfacet
  facet normal -0.00559965 -0.122925 0.9924
    outer loop
      vertex 1.82471 68.511 45.7346
      vertex 3.96677 66.9562 45.5541
      vertex 1.82787 68.5157 45.7352
    endloop
  endfacet
  facet normal -0.00129407 -0.117076 0.993122
    outer loop
      vertex 1.82097 68.5068 45.7341
      vertex 3.96677 66.9562 45.5541
      vertex 1.82471 68.511 45.7346
    endloop
  endfacet
  facet normal -0.000108518 -0.115458 0.993312
    outer loop
      vertex 3.96677 66.9562 45.5541
      vertex 1.82097 68.5068 45.7341
      vertex 3.53553 66.4645 45.4969
    endloop
  endfacet
  facet normal -5.1243e-06 -0.115372 0.993322
    outer loop
      vertex 1.62634 68.2864 45.7085
      vertex 3.53553 66.4645 45.4969
      vertex 1.82097 68.5068 45.7341
    endloop
  endfacet
  facet normal 9.71092e-05 -0.115267 0.993335
    outer loop
      vertex 3.53553 66.4645 45.4969
      vertex 1.62634 68.2864 45.7085
      vertex 3.04381 66.0332 45.4469
    endloop
  endfacet
  facet normal 0.000156231 -0.11523 0.993339
    outer loop
      vertex 1.40442 68.093 45.6861
      vertex 3.04381 66.0332 45.4469
      vertex 1.62634 68.2864 45.7085
    endloop
  endfacet
  facet normal -0.0096732 -0.12294 0.992367
    outer loop
      vertex 1.40015 68.0893 45.6856
      vertex 3.04381 66.0332 45.4469
      vertex 1.40442 68.093 45.6861
    endloop
  endfacet
  facet normal -2.76292e-05 -0.115341 0.993326
    outer loop
      vertex 3.04381 66.0332 45.4469
      vertex 1.40015 68.0893 45.6856
      vertex 2.5 65.6699 45.4047
    endloop
  endfacet
  facet normal 0.000223082 -0.115228 0.993339
    outer loop
      vertex 1.15 67.9233 45.6664
      vertex 2.5 65.6699 45.4047
      vertex 1.40015 68.0893 45.6856
    endloop
  endfacet
  facet normal -0.00145657 -0.116221 0.993222
    outer loop
      vertex 1.14491 67.9208 45.6661
      vertex 2.5 65.6699 45.4047
      vertex 1.15 67.9233 45.6664
    endloop
  endfacet
  facet normal -4.18825e-06 -0.115359 0.993324
    outer loop
      vertex 2.5 65.6699 45.4047
      vertex 1.14491 67.9208 45.6661
      vertex 1.91342 65.3806 45.3711
    endloop
  endfacet
  facet normal -0.000122878 -0.115394 0.99332
    outer loop
      vertex 0.880172 67.7911 45.651
      vertex 1.91342 65.3806 45.3711
      vertex 1.14491 67.9208 45.6661
    endloop
  endfacet
  facet normal 1.09088e-05 -0.115337 0.993326
    outer loop
      vertex 1.91342 65.3806 45.3711
      vertex 0.880172 67.7911 45.651
      vertex 1.2941 65.1704 45.3467
    endloop
  endfacet
  facet normal 0.000128017 -0.115319 0.993328
    outer loop
      vertex 0.600659 67.6969 45.6401
      vertex 1.2941 65.1704 45.3467
      vertex 0.880172 67.7911 45.651
    endloop
  endfacet
  facet normal 0.00347825 -0.114411 0.993427
    outer loop
      vertex 0.595284 67.695 45.6399
      vertex 1.2941 65.1704 45.3467
      vertex 0.600659 67.6969 45.6401
    endloop
  endfacet
  facet normal -0.000118725 -0.115394 0.99332
    outer loop
      vertex 1.2941 65.1704 45.3467
      vertex 0.595284 67.695 45.6399
      vertex 0.652631 65.0428 45.3318
    endloop
  endfacet
  facet normal -9.19209e-05 -0.115394 0.99332
    outer loop
      vertex 0.30021 67.6367 45.6331
      vertex 0.652631 65.0428 45.3318
      vertex 0.595284 67.695 45.6399
    endloop
  endfacet
  facet normal -0.000114583 -0.115397 0.993319
    outer loop
      vertex 0 67.6172 45.6308
      vertex 0.652631 65.0428 45.3318
      vertex 0.30021 67.6367 45.6331
    endloop
  endfacet
  facet normal 0.000106214 -0.115341 0.993326
    outer loop
      vertex 0 67.6172 45.6308
      vertex 0 65 45.3269
      vertex 0.652631 65.0428 45.3318
    endloop
  endfacet
  facet normal 0.000118219 -0.115341 0.993326
    outer loop
      vertex -0.30021 67.6367 45.6331
      vertex 0 65 45.3269
      vertex 0 67.6172 45.6308
    endloop
  endfacet
  facet normal 9.19209e-05 -0.115394 0.99332
    outer loop
      vertex -0.652631 65.0428 45.3318
      vertex -0.30021 67.6367 45.6331
      vertex -0.595284 67.695 45.6399
    endloop
  endfacet
  facet normal -0.00347825 -0.114411 0.993427
    outer loop
      vertex -1.2941 65.1704 45.3467
      vertex -0.595284 67.695 45.6399
      vertex -0.600659 67.6969 45.6401
    endloop
  endfacet
  facet normal -0.000107902 -0.115367 0.993323
    outer loop
      vertex -0.30021 67.6367 45.6331
      vertex -0.652631 65.0428 45.3318
      vertex 0 65 45.3269
    endloop
  endfacet
  facet normal -0.000128017 -0.115319 0.993328
    outer loop
      vertex -1.2941 65.1704 45.3467
      vertex -0.600659 67.6969 45.6401
      vertex -0.880172 67.7911 45.651
    endloop
  endfacet
  facet normal 0.000122878 -0.115394 0.99332
    outer loop
      vertex -1.91342 65.3806 45.3711
      vertex -0.880172 67.7911 45.651
      vertex -1.14491 67.9208 45.6661
    endloop
  endfacet
  facet normal 0.00145657 -0.116221 0.993222
    outer loop
      vertex -2.5 65.6699 45.4047
      vertex -1.14491 67.9208 45.6661
      vertex -1.15 67.9233 45.6664
    endloop
  endfacet
  facet normal 0.000118725 -0.115394 0.99332
    outer loop
      vertex -0.595284 67.695 45.6399
      vertex -1.2941 65.1704 45.3467
      vertex -0.652631 65.0428 45.3318
    endloop
  endfacet
  facet normal -0.000223082 -0.115228 0.993339
    outer loop
      vertex -2.5 65.6699 45.4047
      vertex -1.15 67.9233 45.6664
      vertex -1.40015 68.0893 45.6856
    endloop
  endfacet
  facet normal 0.0096732 -0.12294 0.992367
    outer loop
      vertex -3.04381 66.0332 45.4469
      vertex -1.40015 68.0893 45.6856
      vertex -1.40442 68.093 45.6861
    endloop
  endfacet
  facet normal -0.000156231 -0.11523 0.993339
    outer loop
      vertex -3.04381 66.0332 45.4469
      vertex -1.40442 68.093 45.6861
      vertex -1.62634 68.2864 45.7085
    endloop
  endfacet
  facet normal 5.1243e-06 -0.115372 0.993322
    outer loop
      vertex -3.53553 66.4645 45.4969
      vertex -1.62634 68.2864 45.7085
      vertex -1.82097 68.5068 45.7341
    endloop
  endfacet
  facet normal 0.00129407 -0.117076 0.993122
    outer loop
      vertex -3.96677 66.9562 45.5541
      vertex -1.82097 68.5068 45.7341
      vertex -1.82471 68.511 45.7346
    endloop
  endfacet
  facet normal 0.00559965 -0.122925 0.9924
    outer loop
      vertex -3.96677 66.9562 45.5541
      vertex -1.82471 68.511 45.7346
      vertex -1.82787 68.5157 45.7352
    endloop
  endfacet
  facet normal -1.09088e-05 -0.115337 0.993326
    outer loop
      vertex -0.880172 67.7911 45.651
      vertex -1.91342 65.3806 45.3711
      vertex -1.2941 65.1704 45.3467
    endloop
  endfacet
  facet normal -2.34271e-05 -0.11532 0.993328
    outer loop
      vertex -3.96677 66.9562 45.5541
      vertex -1.82787 68.5157 45.7352
      vertex -1.99186 68.7595 45.7635
    endloop
  endfacet
  facet normal -4.72244e-05 -0.115294 0.993331
    outer loop
      vertex -3.96677 66.9562 45.5541
      vertex -1.99186 68.7595 45.7635
      vertex -2.12492 69.0275 45.7946
    endloop
  endfacet
  facet normal -0.00012766 -0.115224 0.99334
    outer loop
      vertex -3.96677 66.9562 45.5541
      vertex -2.12492 69.0275 45.7946
      vertex -2.2198 69.3052 45.8268
    endloop
  endfacet
  facet normal 0.0145589 -0.125982 0.991926
    outer loop
      vertex -3.96677 66.9562 45.5541
      vertex -2.2198 69.3052 45.8268
      vertex -2.22163 69.3105 45.8275
    endloop
  endfacet
  facet normal -0.0095072 -0.108391 0.994063
    outer loop
      vertex -3.96677 66.9562 45.5541
      vertex -2.22163 69.3105 45.8275
      vertex -2.22274 69.3161 45.8281
    endloop
  endfacet
  facet normal 7.11684e-05 -0.115384 0.993321
    outer loop
      vertex -3.96677 66.9562 45.5541
      vertex -2.22274 69.3161 45.8281
      vertex -2.28032 69.6036 45.8615
    endloop
  endfacet
  facet normal 4.18825e-06 -0.115359 0.993324
    outer loop
      vertex -1.14491 67.9208 45.6661
      vertex -2.5 65.6699 45.4047
      vertex -1.91342 65.3806 45.3711
    endloop
  endfacet
  facet normal -0.000119272 -0.115264 0.993335
    outer loop
      vertex -3.96677 66.9562 45.5541
      vertex -2.28032 69.6036 45.8615
      vertex -2.3 69.9018 45.8961
    endloop
  endfacet
  facet normal 0.0158465 -0.10652 0.994184
    outer loop
      vertex 110 -77.5 28.7785
      vertex 105.3 -69.158 29.7472
      vertex 105.3 -69.1636 29.7466
    endloop
  endfacet
  facet normal -1.34868e-06 -0.115353 0.993325
    outer loop
      vertex 110 77.5 46.7785
      vertex 105.28 69.6036 45.8615
      vertex 105.2 65.5219 45.3875
    endloop
  endfacet
  facet normal 1.26335e-06 -0.115354 0.993324
    outer loop
      vertex 105.2 -65.5219 30.1695
      vertex 110 77.5 46.7785
      vertex 105.2 65.5219 45.3875
    endloop
  endfacet
  facet normal -0.000254802 -0.115348 0.993325
    outer loop
      vertex 105.2 65.5219 45.3875
      vertex 105.28 69.6036 45.8615
      vertex 105.223 69.3161 45.8281
    endloop
  endfacet
  facet normal 0.000192796 -0.11536 0.993324
    outer loop
      vertex 110 77.5 46.7785
      vertex 105.2 -65.5219 30.1695
      vertex 105.3 -69.158 29.7472
    endloop
  endfacet
  facet normal 0.0516468 -0.115504 0.991963
    outer loop
      vertex 105.2 65.5219 45.3875
      vertex 105.223 69.3161 45.8281
      vertex 105.222 69.3105 45.8275
    endloop
  endfacet
  facet normal 0.00142661 -0.115327 0.993327
    outer loop
      vertex 105.3 -69.158 29.7472
      vertex 105.2 -65.5219 30.1695
      vertex 105.28 -68.8654 29.7812
    endloop
  endfacet
  facet normal -0.0425709 -0.115014 0.992451
    outer loop
      vertex 105.2 65.5219 45.3875
      vertex 105.222 69.3105 45.8275
      vertex 105.22 69.3052 45.8268
    endloop
  endfacet
  facet normal -1.29225e-05 -0.115361 0.993324
    outer loop
      vertex 105.28 -68.8654 29.7812
      vertex 105.2 -65.5219 30.1695
      vertex 105.223 -68.5778 29.8146
    endloop
  endfacet
  facet normal 0.0633465 -0.114659 0.991383
    outer loop
      vertex 105.223 -68.5778 29.8146
      vertex 105.2 -65.5219 30.1695
      vertex 105.222 -68.5723 29.8153
    endloop
  endfacet
  facet normal 0.000481 -0.115343 0.993326
    outer loop
      vertex 105.125 69.0275 45.7946
      vertex 105.2 65.5219 45.3875
      vertex 105.22 69.3052 45.8268
    endloop
  endfacet
  facet normal 0.000160617 -0.11535 0.993325
    outer loop
      vertex 104.992 68.7595 45.7635
      vertex 105.2 65.5219 45.3875
      vertex 105.125 69.0275 45.7946
    endloop
  endfacet
  facet normal 7.63679e-05 -0.115355 0.993324
    outer loop
      vertex 104.828 68.5157 45.7352
      vertex 105.2 65.5219 45.3875
      vertex 104.992 68.7595 45.7635
    endloop
  endfacet
  facet normal -0.0150007 -0.117191 0.992996
    outer loop
      vertex 104.825 68.511 45.7346
      vertex 105.2 65.5219 45.3875
      vertex 104.828 68.5157 45.7352
    endloop
  endfacet
  facet normal -0.00269619 -0.11568 0.993283
    outer loop
      vertex 104.821 68.5068 45.7341
      vertex 105.2 65.5219 45.3875
      vertex 104.825 68.511 45.7346
    endloop
  endfacet
  facet normal -3.40268e-05 -0.115347 0.993325
    outer loop
      vertex 104.626 68.2864 45.7085
      vertex 105.2 65.5219 45.3875
      vertex 104.821 68.5068 45.7341
    endloop
  endfacet
  facet normal 0.000214639 -0.115296 0.993331
    outer loop
      vertex 104.404 68.093 45.6861
      vertex 105.2 65.5219 45.3875
      vertex 104.626 68.2864 45.7085
    endloop
  endfacet
  facet normal -0.0135619 -0.119493 0.992742
    outer loop
      vertex 104.4 68.0893 45.6856
      vertex 105.2 65.5219 45.3875
      vertex 104.404 68.093 45.6861
    endloop
  endfacet
  facet normal 0.000244304 -0.11526 0.993335
    outer loop
      vertex 104.15 67.9233 45.6664
      vertex 105.2 65.5219 45.3875
      vertex 104.4 68.0893 45.6856
    endloop
  endfacet
  facet normal -0.00157282 -0.116044 0.993243
    outer loop
      vertex 104.145 67.9208 45.6661
      vertex 105.2 65.5219 45.3875
      vertex 104.15 67.9233 45.6664
    endloop
  endfacet
  facet normal -0.000114396 -0.115411 0.993318
    outer loop
      vertex 103.88 67.7911 45.651
      vertex 105.2 65.5219 45.3875
      vertex 104.145 67.9208 45.6661
    endloop
  endfacet
  facet normal 2.09508e-05 -0.115333 0.993327
    outer loop
      vertex 105.2 65.5219 45.3875
      vertex 103.88 67.7911 45.651
      vertex 104.913 65.3806 45.3711
    endloop
  endfacet
  facet normal 1.0914e-05 -0.115337 0.993326
    outer loop
      vertex 104.913 65.3806 45.3711
      vertex 103.88 67.7911 45.651
      vertex 104.294 65.1704 45.3467
    endloop
  endfacet
  facet normal 0.000128239 -0.115319 0.993328
    outer loop
      vertex 103.601 67.6969 45.6401
      vertex 104.294 65.1704 45.3467
      vertex 103.88 67.7911 45.651
    endloop
  endfacet
  facet normal 0.00314504 -0.114502 0.993418
    outer loop
      vertex 103.595 67.695 45.6399
      vertex 104.294 65.1704 45.3467
      vertex 103.601 67.6969 45.6401
    endloop
  endfacet
  facet normal -0.000118806 -0.115394 0.99332
    outer loop
      vertex 104.294 65.1704 45.3467
      vertex 103.595 67.695 45.6399
      vertex 103.653 65.0428 45.3318
    endloop
  endfacet
  facet normal -9.19394e-05 -0.115394 0.99332
    outer loop
      vertex 103.3 67.6367 45.6331
      vertex 103.653 65.0428 45.3318
      vertex 103.595 67.695 45.6399
    endloop
  endfacet
  facet normal -0.00011466 -0.115397 0.993319
    outer loop
      vertex 103 67.6172 45.6308
      vertex 103.653 65.0428 45.3318
      vertex 103.3 67.6367 45.6331
    endloop
  endfacet
  facet normal 0.000106154 -0.115341 0.993326
    outer loop
      vertex 103 67.6172 45.6308
      vertex 103 65 45.3269
      vertex 103.653 65.0428 45.3318
    endloop
  endfacet
  facet normal 0.000118302 -0.115341 0.993326
    outer loop
      vertex 102.7 67.6367 45.6331
      vertex 103 65 45.3269
      vertex 103 67.6172 45.6308
    endloop
  endfacet
  facet normal 9.19394e-05 -0.115394 0.99332
    outer loop
      vertex 102.347 65.0428 45.3318
      vertex 102.7 67.6367 45.6331
      vertex 102.405 67.695 45.6399
    endloop
  endfacet
  facet normal -0.00314504 -0.114502 0.993418
    outer loop
      vertex 101.706 65.1704 45.3467
      vertex 102.405 67.695 45.6399
      vertex 102.399 67.6969 45.6401
    endloop
  endfacet
  facet normal -0.00010784 -0.115367 0.993323
    outer loop
      vertex 102.7 67.6367 45.6331
      vertex 102.347 65.0428 45.3318
      vertex 103 65 45.3269
    endloop
  endfacet
  facet normal -0.000128239 -0.115319 0.993328
    outer loop
      vertex 101.706 65.1704 45.3467
      vertex 102.399 67.6969 45.6401
      vertex 102.12 67.7911 45.651
    endloop
  endfacet
  facet normal 0.000122783 -0.115394 0.99332
    outer loop
      vertex 101.087 65.3806 45.3711
      vertex 102.12 67.7911 45.651
      vertex 101.855 67.9208 45.6661
    endloop
  endfacet
  facet normal 0.00147674 -0.116233 0.993221
    outer loop
      vertex 100.5 65.6699 45.4047
      vertex 101.855 67.9208 45.6661
      vertex 101.85 67.9233 45.6664
    endloop
  endfacet
  facet normal 0.000118806 -0.115394 0.99332
    outer loop
      vertex 102.405 67.695 45.6399
      vertex 101.706 65.1704 45.3467
      vertex 102.347 65.0428 45.3318
    endloop
  endfacet
  facet normal -0.000223178 -0.115228 0.993339
    outer loop
      vertex 100.5 65.6699 45.4047
      vertex 101.85 67.9233 45.6664
      vertex 101.6 68.0893 45.6856
    endloop
  endfacet
  facet normal 0.0100478 -0.123236 0.992327
    outer loop
      vertex 99.9562 66.0332 45.4469
      vertex 101.6 68.0893 45.6856
      vertex 101.596 68.093 45.6861
    endloop
  endfacet
  facet normal -0.000156181 -0.11523 0.993339
    outer loop
      vertex 99.9562 66.0332 45.4469
      vertex 101.596 68.093 45.6861
      vertex 101.374 68.2864 45.7085
    endloop
  endfacet
  facet normal 5.1194e-06 -0.115372 0.993322
    outer loop
      vertex 99.4645 66.4645 45.4969
      vertex 101.374 68.2864 45.7085
      vertex 101.179 68.5068 45.7341
    endloop
  endfacet
  facet normal 0.00125979 -0.11703 0.993128
    outer loop
      vertex 99.0332 66.9562 45.5541
      vertex 101.179 68.5068 45.7341
      vertex 101.175 68.511 45.7346
    endloop
  endfacet
  facet normal 0.00569459 -0.123052 0.992384
    outer loop
      vertex 99.0332 66.9562 45.5541
      vertex 101.175 68.511 45.7346
      vertex 101.172 68.5157 45.7352
    endloop
  endfacet
  facet normal -1.0914e-05 -0.115337 0.993326
    outer loop
      vertex 102.12 67.7911 45.651
      vertex 101.087 65.3806 45.3711
      vertex 101.706 65.1704 45.3467
    endloop
  endfacet
  facet normal -2.34274e-05 -0.11532 0.993328
    outer loop
      vertex 99.0332 66.9562 45.5541
      vertex 101.172 68.5157 45.7352
      vertex 101.008 68.7595 45.7635
    endloop
  endfacet
  facet normal -4.72329e-05 -0.115294 0.993331
    outer loop
      vertex 99.0332 66.9562 45.5541
      vertex 101.008 68.7595 45.7635
      vertex 100.875 69.0275 45.7946
    endloop
  endfacet
  facet normal -0.000127617 -0.115224 0.99334
    outer loop
      vertex 99.0332 66.9562 45.5541
      vertex 100.875 69.0275 45.7946
      vertex 100.78 69.3052 45.8268
    endloop
  endfacet
  facet normal 0.0141439 -0.125678 0.99197
    outer loop
      vertex 99.0332 66.9562 45.5541
      vertex 100.78 69.3052 45.8268
      vertex 100.778 69.3105 45.8275
    endloop
  endfacet
  facet normal -0.00971189 -0.108243 0.994077
    outer loop
      vertex 99.0332 66.9562 45.5541
      vertex 100.778 69.3105 45.8275
      vertex 100.777 69.3161 45.8281
    endloop
  endfacet
  facet normal 7.1329e-05 -0.115384 0.993321
    outer loop
      vertex 99.0332 66.9562 45.5541
      vertex 100.777 69.3161 45.8281
      vertex 100.72 69.6036 45.8615
    endloop
  endfacet
  facet normal 4.18601e-06 -0.115359 0.993324
    outer loop
      vertex 101.855 67.9208 45.6661
      vertex 100.5 65.6699 45.4047
      vertex 101.087 65.3806 45.3711
    endloop
  endfacet
  facet normal -0.000119068 -0.115264 0.993335
    outer loop
      vertex 99.0332 66.9562 45.5541
      vertex 100.72 69.6036 45.8615
      vertex 100.7 69.9018 45.8961
    endloop
  endfacet
  facet normal -0.000185984 -0.115244 0.993337
    outer loop
      vertex 105.28 69.6036 45.8615
      vertex 110 77.5 46.7785
      vertex 105.3 69.9018 45.8961
    endloop
  endfacet
  facet normal 0.0107088 -0.121884 0.992487
    outer loop
      vertex 110 77.5 46.7785
      vertex 105.3 69.9075 45.8968
      vertex 105.3 69.9018 45.8961
    endloop
  endfacet
  facet normal 0.000103802 -0.115416 0.993317
    outer loop
      vertex 110 77.5 46.7785
      vertex 105.28 70.2001 45.9308
      vertex 105.3 69.9075 45.8968
    endloop
  endfacet
  facet normal -0.00843921 -0.10996 0.9939
    outer loop
      vertex 110 77.5 46.7785
      vertex 105.279 70.2056 45.9314
      vertex 105.28 70.2001 45.9308
    endloop
  endfacet
  facet normal 3.92056e-06 -0.115357 0.993324
    outer loop
      vertex 110 77.5 46.7785
      vertex 105.222 70.4932 45.9648
      vertex 105.279 70.2056 45.9314
    endloop
  endfacet
  facet normal -0.000131725 -0.115266 0.993335
    outer loop
      vertex 110 77.5 46.7785
      vertex 105.127 70.7708 45.997
      vertex 105.222 70.4932 45.9648
    endloop
  endfacet
  facet normal 0.0143547 -0.125599 0.991977
    outer loop
      vertex 110 77.5 46.7785
      vertex 105.125 70.7761 45.9977
      vertex 105.127 70.7708 45.997
    endloop
  endfacet
  facet normal -0.013692 -0.105537 0.994321
    outer loop
      vertex 110 77.5 46.7785
      vertex 105.122 70.7812 45.9982
      vertex 105.125 70.7761 45.9977
    endloop
  endfacet
  facet normal 0.000173376 -0.115486 0.993309
    outer loop
      vertex 110 77.5 46.7785
      vertex 104.992 71.0442 46.0288
      vertex 105.122 70.7812 45.9982
    endloop
  endfacet
  facet normal -3.38647e-05 -0.115327 0.993328
    outer loop
      vertex 110 77.5 46.7785
      vertex 104.828 71.288 46.0571
      vertex 104.992 71.0442 46.0288
    endloop
  endfacet
  facet normal -0.00497601 -0.111265 0.993778
    outer loop
      vertex 110 77.5 46.7785
      vertex 104.825 71.2926 46.0576
      vertex 104.828 71.288 46.0571
    endloop
  endfacet
  facet normal 1.11465e-05 -0.115369 0.993323
    outer loop
      vertex 110 77.5 46.7785
      vertex 104.626 71.5173 46.0837
      vertex 104.825 71.2926 46.0576
    endloop
  endfacet
  facet normal 2.42017e-05 -0.115381 0.993321
    outer loop
      vertex 110 77.5 46.7785
      vertex 104.4 71.7144 46.1066
      vertex 104.626 71.5173 46.0837
    endloop
  endfacet
  facet normal 0.00496182 -0.120094 0.99275
    outer loop
      vertex 110 77.5 46.7785
      vertex 104.395 71.7175 46.107
      vertex 104.4 71.7144 46.1066
    endloop
  endfacet
  facet normal -4.18263e-05 -0.115311 0.993329
    outer loop
      vertex 110 77.5 46.7785
      vertex 104.15 71.8804 46.1259
      vertex 104.395 71.7175 46.107
    endloop
  endfacet
  facet normal 9.44468e-05 -0.115451 0.993313
    outer loop
      vertex 110 77.5 46.7785
      vertex 103.885 72.0101 46.141
      vertex 104.15 71.8804 46.1259
    endloop
  endfacet
  facet normal -0.0115384 -0.102649 0.994651
    outer loop
      vertex 110 77.5 46.7785
      vertex 103.88 72.0126 46.1412
      vertex 103.885 72.0101 46.141
    endloop
  endfacet
  facet normal 0.000128389 -0.115505 0.993307
    outer loop
      vertex 110 77.5 46.7785
      vertex 103.595 72.1086 46.1524
      vertex 103.88 72.0126 46.1412
    endloop
  endfacet
  facet normal -0.00437195 -0.110227 0.993897
    outer loop
      vertex 110 77.5 46.7785
      vertex 103.59 72.1097 46.1525
      vertex 103.595 72.1086 46.1524
    endloop
  endfacet
  facet normal 0.000158432 -0.115545 0.993302
    outer loop
      vertex 110 77.5 46.7785
      vertex 103.3 72.1669 46.1592
      vertex 103.59 72.1097 46.1525
    endloop
  endfacet
  facet normal -0.000232645 -0.11506 0.993358
    outer loop
      vertex 110 77.5 46.7785
      vertex 103 72.1865 46.1614
      vertex 103.3 72.1669 46.1592
    endloop
  endfacet
  facet normal 0.000276443 -0.115722 0.993282
    outer loop
      vertex 110 77.5 46.7785
      vertex 102.7 72.1669 46.1592
      vertex 103 72.1865 46.1614
    endloop
  endfacet
  facet normal -1.20542e-06 -0.115347 0.993325
    outer loop
      vertex 98.8035 72.7 46.2211
      vertex 102.7 72.1669 46.1592
      vertex 110 77.5 46.7785
    endloop
  endfacet
  facet normal -8.18069e-05 -0.115928 0.993258
    outer loop
      vertex 102.7 72.1669 46.1592
      vertex 98.8035 72.7 46.2211
      vertex 102.41 72.1097 46.1525
    endloop
  endfacet
  facet normal 0.00236255 -0.101181 0.994865
    outer loop
      vertex 102.41 72.1097 46.1525
      vertex 98.8035 72.7 46.2211
      vertex 102.405 72.1086 46.1524
    endloop
  endfacet
  facet normal -5.5005e-05 -0.11572 0.993282
    outer loop
      vertex 102.405 72.1086 46.1524
      vertex 98.8035 72.7 46.2211
      vertex 102.12 72.0126 46.1412
    endloop
  endfacet
  facet normal 0.00528766 -0.0902477 0.995905
    outer loop
      vertex 102.12 72.0126 46.1412
      vertex 98.8035 72.7 46.2211
      vertex 102.115 72.0101 46.141
    endloop
  endfacet
  facet normal -4.62646e-05 -0.115548 0.993302
    outer loop
      vertex 102.115 72.0101 46.141
      vertex 98.8035 72.7 46.2211
      vertex 101.85 71.8804 46.1259
    endloop
  endfacet
  facet normal 2.51369e-05 -0.115286 0.993332
    outer loop
      vertex 101.85 71.8804 46.1259
      vertex 98.8035 72.7 46.2211
      vertex 101.605 71.7175 46.107
    endloop
  endfacet
  facet normal 0.00317924 -0.110108 0.993915
    outer loop
      vertex 98.8035 72.7 46.2211
      vertex 101.172 71.288 46.0571
      vertex 101.175 71.2926 46.0576
    endloop
  endfacet
  facet normal -0.00617662 -0.128645 0.991672
    outer loop
      vertex 100.875 70.7761 45.9977
      vertex 98.3806 71.9134 46.1297
      vertex 100.873 70.7708 45.997
    endloop
  endfacet
  facet normal 3.45453e-05 -0.115233 0.993338
    outer loop
      vertex 100.873 70.7708 45.997
      vertex 98.1704 71.2941 46.0578
      vertex 100.778 70.4932 45.9648
    endloop
  endfacet
  facet normal 2.76287e-05 -0.115341 0.993326
    outer loop
      vertex 101.6 68.0893 45.6856
      vertex 99.9562 66.0332 45.4469
      vertex 100.5 65.6699 45.4047
    endloop
  endfacet
  facet normal -4.2252e-06 -0.115358 0.993324
    outer loop
      vertex 98.0428 70.6526 45.9833
      vertex 100.778 70.4932 45.9648
      vertex 98.1704 71.2941 46.0578
    endloop
  endfacet
  facet normal -9.71037e-05 -0.115267 0.993335
    outer loop
      vertex 101.374 68.2864 45.7085
      vertex 99.4645 66.4645 45.4969
      vertex 99.9562 66.0332 45.4469
    endloop
  endfacet
  facet normal 1.56875e-05 -0.115329 0.993327
    outer loop
      vertex 98.1704 71.2941 46.0578
      vertex 100.873 70.7708 45.997
      vertex 98.3806 71.9134 46.1297
    endloop
  endfacet
  facet normal 0.000108512 -0.115458 0.993312
    outer loop
      vertex 101.179 68.5068 45.7341
      vertex 99.0332 66.9562 45.5541
      vertex 99.4645 66.4645 45.4969
    endloop
  endfacet
  facet normal 0.00644688 -0.101325 0.994833
    outer loop
      vertex 100.878 70.7812 45.9982
      vertex 98.3806 71.9134 46.1297
      vertex 100.875 70.7761 45.9977
    endloop
  endfacet
  facet normal -7.514e-05 -0.115534 0.993304
    outer loop
      vertex 101.008 71.0442 46.0288
      vertex 98.3806 71.9134 46.1297
      vertex 100.878 70.7812 45.9982
    endloop
  endfacet
  facet normal -4.19435e-06 -0.115357 0.993324
    outer loop
      vertex 100.778 70.4932 45.9648
      vertex 98.0428 70.6526 45.9833
      vertex 100.721 70.2056 45.9314
    endloop
  endfacet
  facet normal -2.53777e-06 -0.115317 0.993329
    outer loop
      vertex 98.3806 71.9134 46.1297
      vertex 101.008 71.0442 46.0288
      vertex 98.6699 72.5 46.1978
    endloop
  endfacet
  facet normal -0.000180232 -0.115599 0.993296
    outer loop
      vertex 98.6699 72.5 46.1978
      vertex 101.008 71.0442 46.0288
      vertex 98.8035 72.7 46.2211
    endloop
  endfacet
  facet normal 2.89769e-05 -0.115324 0.993328
    outer loop
      vertex 101.172 71.288 46.0571
      vertex 98.8035 72.7 46.2211
      vertex 101.008 71.0442 46.0288
    endloop
  endfacet
  facet normal 6.48815e-06 -0.115385 0.993321
    outer loop
      vertex 101.374 71.5173 46.0837
      vertex 98.8035 72.7 46.2211
      vertex 101.175 71.2926 46.0576
    endloop
  endfacet
  facet normal -2.93913e-06 -0.115405 0.993319
    outer loop
      vertex 101.6 71.7144 46.1066
      vertex 98.8035 72.7 46.2211
      vertex 101.374 71.5173 46.0837
    endloop
  endfacet
  facet normal -0.00286747 -0.12342 0.99235
    outer loop
      vertex 101.605 71.7175 46.107
      vertex 98.8035 72.7 46.2211
      vertex 101.6 71.7144 46.1066
    endloop
  endfacet
  facet normal 0 -0.11535 0.993325
    outer loop
      vertex 110 77.5 46.7785
      vertex 4.19649 72.7 46.2211
      vertex 98.8035 72.7 46.2211
    endloop
  endfacet
  facet normal 0.00201249 -0.106927 0.994265
    outer loop
      vertex 2.22163 69.3105 45.8275
      vertex 4.82963 68.7059 45.7572
      vertex 2.22274 69.3161 45.8281
    endloop
  endfacet
  facet normal -0.00336272 -0.129796 0.991535
    outer loop
      vertex 2.2198 69.3052 45.8268
      vertex 4.82963 68.7059 45.7572
      vertex 2.22163 69.3105 45.8275
    endloop
  endfacet
  facet normal 7.75958e-06 -0.115327 0.993328
    outer loop
      vertex 4.82963 68.7059 45.7572
      vertex 2.2198 69.3052 45.8268
      vertex 4.6194 68.0866 45.6853
    endloop
  endfacet
  facet normal 7.06654e-05 -0.115205 0.993342
    outer loop
      vertex 2.12492 69.0275 45.7946
      vertex 4.6194 68.0866 45.6853
      vertex 2.2198 69.3052 45.8268
    endloop
  endfacet
  facet normal 3.8866e-06 -0.115399 0.993319
    outer loop
      vertex 2.22274 69.3161 45.8281
      vertex 4.82963 68.7059 45.7572
      vertex 2.28032 69.6036 45.8615
    endloop
  endfacet
  facet normal 2.70069e-05 -0.115258 0.993336
    outer loop
      vertex 2.28032 69.6036 45.8615
      vertex 4.95722 69.3474 45.8317
      vertex 2.3 69.9018 45.8961
    endloop
  endfacet
  facet normal -0.00112661 -0.10867 0.994077
    outer loop
      vertex 4.95722 70.6526 45.9833
      vertex 2.27922 70.2056 45.9314
      vertex 2.28032 70.2001 45.9308
    endloop
  endfacet
  facet normal 4.19327e-06 -0.115357 0.993324
    outer loop
      vertex 4.95722 70.6526 45.9833
      vertex 2.22163 70.4932 45.9648
      vertex 2.27922 70.2056 45.9314
    endloop
  endfacet
  facet normal -3.45446e-05 -0.115233 0.993338
    outer loop
      vertex 4.82963 71.2941 46.0578
      vertex 2.12675 70.7708 45.997
      vertex 2.22163 70.4932 45.9648
    endloop
  endfacet
  facet normal 0.00625435 -0.128813 0.991649
    outer loop
      vertex 4.6194 71.9134 46.1297
      vertex 2.12492 70.7761 45.9977
      vertex 2.12675 70.7708 45.997
    endloop
  endfacet
  facet normal -0.00667769 -0.100824 0.994882
    outer loop
      vertex 4.6194 71.9134 46.1297
      vertex 2.12241 70.7812 45.9982
      vertex 2.12492 70.7761 45.9977
    endloop
  endfacet
  facet normal 7.50919e-05 -0.115533 0.993304
    outer loop
      vertex 4.6194 71.9134 46.1297
      vertex 1.99186 71.0442 46.0288
      vertex 2.12241 70.7812 45.9982
    endloop
  endfacet
  facet normal -2.89763e-05 -0.115324 0.993328
    outer loop
      vertex 4.19649 72.7 46.2211
      vertex 1.82787 71.288 46.0571
      vertex 1.99186 71.0442 46.0288
    endloop
  endfacet
  facet normal -0.00313233 -0.110185 0.993906
    outer loop
      vertex 4.19649 72.7 46.2211
      vertex 1.82471 71.2926 46.0576
      vertex 1.82787 71.288 46.0571
    endloop
  endfacet
  facet normal -6.49473e-06 -0.115385 0.993321
    outer loop
      vertex 4.19649 72.7 46.2211
      vertex 1.62634 71.5173 46.0837
      vertex 1.82471 71.2926 46.0576
    endloop
  endfacet
  facet normal 2.93854e-06 -0.115405 0.993319
    outer loop
      vertex 4.19649 72.7 46.2211
      vertex 1.40015 71.7144 46.1066
      vertex 1.62634 71.5173 46.0837
    endloop
  endfacet
  facet normal 0.00292692 -0.123586 0.99233
    outer loop
      vertex 4.19649 72.7 46.2211
      vertex 1.39543 71.7175 46.107
      vertex 1.40015 71.7144 46.1066
    endloop
  endfacet
  facet normal -2.51243e-05 -0.115286 0.993332
    outer loop
      vertex 4.19649 72.7 46.2211
      vertex 1.15 71.8804 46.1259
      vertex 1.39543 71.7175 46.107
    endloop
  endfacet
  facet normal 4.6281e-05 -0.115548 0.993302
    outer loop
      vertex 4.19649 72.7 46.2211
      vertex 0.885263 72.0101 46.141
      vertex 1.15 71.8804 46.1259
    endloop
  endfacet
  facet normal -0.00525975 -0.0903824 0.995893
    outer loop
      vertex 4.19649 72.7 46.2211
      vertex 0.880172 72.0126 46.1412
      vertex 0.885263 72.0101 46.141
    endloop
  endfacet
  facet normal 5.50151e-05 -0.11572 0.993282
    outer loop
      vertex 4.19649 72.7 46.2211
      vertex 0.595284 72.1086 46.1524
      vertex 0.880172 72.0126 46.1412
    endloop
  endfacet
  facet normal -0.0022531 -0.101841 0.994798
    outer loop
      vertex 4.19649 72.7 46.2211
      vertex 0.589716 72.1097 46.1525
      vertex 0.595284 72.1086 46.1524
    endloop
  endfacet
  facet normal 8.18668e-05 -0.115929 0.993258
    outer loop
      vertex 4.19649 72.7 46.2211
      vertex 0.30021 72.1669 46.1592
      vertex 0.589716 72.1097 46.1525
    endloop
  endfacet
  facet normal -0.000169858 -0.114113 0.993468
    outer loop
      vertex 4.19649 72.7 46.2211
      vertex 0 72.1865 46.1614
      vertex 0.30021 72.1669 46.1592
    endloop
  endfacet
  facet normal 0 -0.115483 0.993309
    outer loop
      vertex -4.19649 72.7 46.2211
      vertex 0 72.1865 46.1614
      vertex 4.19649 72.7 46.2211
    endloop
  endfacet
  facet normal -8.18668e-05 -0.115929 0.993258
    outer loop
      vertex -4.19649 72.7 46.2211
      vertex -0.589716 72.1097 46.1525
      vertex -0.30021 72.1669 46.1592
    endloop
  endfacet
  facet normal 0.00525975 -0.0903824 0.995893
    outer loop
      vertex -4.19649 72.7 46.2211
      vertex -0.885263 72.0101 46.141
      vertex -0.880172 72.0126 46.1412
    endloop
  endfacet
  facet normal 2.51243e-05 -0.115286 0.993332
    outer loop
      vertex -4.19649 72.7 46.2211
      vertex -1.39543 71.7175 46.107
      vertex -1.15 71.8804 46.1259
    endloop
  endfacet
  facet normal 3.45446e-05 -0.115233 0.993338
    outer loop
      vertex -2.12675 70.7708 45.997
      vertex -4.82963 71.2941 46.0578
      vertex -2.22163 70.4932 45.9648
    endloop
  endfacet
  facet normal 2.76292e-05 -0.115341 0.993326
    outer loop
      vertex -1.40015 68.0893 45.6856
      vertex -3.04381 66.0332 45.4469
      vertex -2.5 65.6699 45.4047
    endloop
  endfacet
  facet normal -4.2246e-06 -0.115358 0.993324
    outer loop
      vertex -4.95722 70.6526 45.9833
      vertex -2.22163 70.4932 45.9648
      vertex -4.82963 71.2941 46.0578
    endloop
  endfacet
  facet normal -9.71092e-05 -0.115267 0.993335
    outer loop
      vertex -1.62634 68.2864 45.7085
      vertex -3.53553 66.4645 45.4969
      vertex -3.04381 66.0332 45.4469
    endloop
  endfacet
  facet normal 1.56858e-05 -0.115329 0.993327
    outer loop
      vertex -4.82963 71.2941 46.0578
      vertex -2.12675 70.7708 45.997
      vertex -4.6194 71.9134 46.1297
    endloop
  endfacet
  facet normal -0.00625435 -0.128813 0.991649
    outer loop
      vertex -2.12492 70.7761 45.9977
      vertex -4.6194 71.9134 46.1297
      vertex -2.12675 70.7708 45.997
    endloop
  endfacet
  facet normal 0.000108518 -0.115458 0.993312
    outer loop
      vertex -1.82097 68.5068 45.7341
      vertex -3.96677 66.9562 45.5541
      vertex -3.53553 66.4645 45.4969
    endloop
  endfacet
  facet normal 0.00667769 -0.100824 0.994882
    outer loop
      vertex -2.12241 70.7812 45.9982
      vertex -4.6194 71.9134 46.1297
      vertex -2.12492 70.7761 45.9977
    endloop
  endfacet
  facet normal -7.50919e-05 -0.115533 0.993304
    outer loop
      vertex -1.99186 71.0442 46.0288
      vertex -4.6194 71.9134 46.1297
      vertex -2.12241 70.7812 45.9982
    endloop
  endfacet
  facet normal -4.19327e-06 -0.115357 0.993324
    outer loop
      vertex -2.22163 70.4932 45.9648
      vertex -4.95722 70.6526 45.9833
      vertex -2.27922 70.2056 45.9314
    endloop
  endfacet
  facet normal -2.53769e-06 -0.115317 0.993329
    outer loop
      vertex -4.6194 71.9134 46.1297
      vertex -1.99186 71.0442 46.0288
      vertex -4.33013 72.5 46.1978
    endloop
  endfacet
  facet normal -0.000180207 -0.115599 0.993296
    outer loop
      vertex -4.33013 72.5 46.1978
      vertex -1.99186 71.0442 46.0288
      vertex -4.19649 72.7 46.2211
    endloop
  endfacet
  facet normal 2.89763e-05 -0.115324 0.993328
    outer loop
      vertex -1.82787 71.288 46.0571
      vertex -4.19649 72.7 46.2211
      vertex -1.99186 71.0442 46.0288
    endloop
  endfacet
  facet normal 0.00313233 -0.110185 0.993906
    outer loop
      vertex -1.82471 71.2926 46.0576
      vertex -4.19649 72.7 46.2211
      vertex -1.82787 71.288 46.0571
    endloop
  endfacet
  facet normal 6.49473e-06 -0.115385 0.993321
    outer loop
      vertex -1.62634 71.5173 46.0837
      vertex -4.19649 72.7 46.2211
      vertex -1.82471 71.2926 46.0576
    endloop
  endfacet
  facet normal -2.93854e-06 -0.115405 0.993319
    outer loop
      vertex -1.40015 71.7144 46.1066
      vertex -4.19649 72.7 46.2211
      vertex -1.62634 71.5173 46.0837
    endloop
  endfacet
  facet normal -0.00292692 -0.123586 0.99233
    outer loop
      vertex -1.39543 71.7175 46.107
      vertex -4.19649 72.7 46.2211
      vertex -1.40015 71.7144 46.1066
    endloop
  endfacet
  facet normal -4.6281e-05 -0.115548 0.993302
    outer loop
      vertex -0.885263 72.0101 46.141
      vertex -4.19649 72.7 46.2211
      vertex -1.15 71.8804 46.1259
    endloop
  endfacet
  facet normal -5.50151e-05 -0.11572 0.993282
    outer loop
      vertex -0.595284 72.1086 46.1524
      vertex -4.19649 72.7 46.2211
      vertex -0.880172 72.0126 46.1412
    endloop
  endfacet
  facet normal 0.0022531 -0.101841 0.994798
    outer loop
      vertex -0.589716 72.1097 46.1525
      vertex -4.19649 72.7 46.2211
      vertex -0.595284 72.1086 46.1524
    endloop
  endfacet
  facet normal 0.000169858 -0.114113 0.993468
    outer loop
      vertex 0 72.1865 46.1614
      vertex -4.19649 72.7 46.2211
      vertex -0.30021 72.1669 46.1592
    endloop
  endfacet
  facet normal 0 -0.11535 0.993325
    outer loop
      vertex 110 77.5 46.7785
      vertex -4.19649 72.7 46.2211
      vertex 4.19649 72.7 46.2211
    endloop
  endfacet
  facet normal 0 -0.11535 0.993325
    outer loop
      vertex -110 77.5 46.7785
      vertex -4.19649 72.7 46.2211
      vertex 110 77.5 46.7785
    endloop
  endfacet
  facet normal 0.0020216 -0.10689 0.994269
    outer loop
      vertex -100.778 69.3105 45.8275
      vertex -98.1704 68.7059 45.7572
      vertex -100.777 69.3161 45.8281
    endloop
  endfacet
  facet normal -0.00334024 -0.129699 0.991548
    outer loop
      vertex -100.78 69.3052 45.8268
      vertex -98.1704 68.7059 45.7572
      vertex -100.778 69.3105 45.8275
    endloop
  endfacet
  facet normal 7.76029e-06 -0.115327 0.993328
    outer loop
      vertex -98.1704 68.7059 45.7572
      vertex -100.78 69.3052 45.8268
      vertex -98.3806 68.0866 45.6853
    endloop
  endfacet
  facet normal 7.06572e-05 -0.115205 0.993342
    outer loop
      vertex -100.875 69.0275 45.7946
      vertex -98.3806 68.0866 45.6853
      vertex -100.78 69.3052 45.8268
    endloop
  endfacet
  facet normal 3.88877e-06 -0.115399 0.993319
    outer loop
      vertex -100.777 69.3161 45.8281
      vertex -98.1704 68.7059 45.7572
      vertex -100.72 69.6036 45.8615
    endloop
  endfacet
  facet normal 2.70011e-05 -0.115258 0.993336
    outer loop
      vertex -100.72 69.6036 45.8615
      vertex -98.0428 69.3474 45.8317
      vertex -100.7 69.9018 45.8961
    endloop
  endfacet
  facet normal -0.00112985 -0.10865 0.994079
    outer loop
      vertex -98.0428 70.6526 45.9833
      vertex -100.721 70.2056 45.9314
      vertex -100.72 70.2001 45.9308
    endloop
  endfacet
  facet normal 4.19435e-06 -0.115357 0.993324
    outer loop
      vertex -98.0428 70.6526 45.9833
      vertex -100.778 70.4932 45.9648
      vertex -100.721 70.2056 45.9314
    endloop
  endfacet
  facet normal -3.45453e-05 -0.115233 0.993338
    outer loop
      vertex -98.1704 71.2941 46.0578
      vertex -100.873 70.7708 45.997
      vertex -100.778 70.4932 45.9648
    endloop
  endfacet
  facet normal 0.00617662 -0.128645 0.991672
    outer loop
      vertex -98.3806 71.9134 46.1297
      vertex -100.875 70.7761 45.9977
      vertex -100.873 70.7708 45.997
    endloop
  endfacet
  facet normal -0.00644688 -0.101325 0.994833
    outer loop
      vertex -98.3806 71.9134 46.1297
      vertex -100.878 70.7812 45.9982
      vertex -100.875 70.7761 45.9977
    endloop
  endfacet
  facet normal 7.514e-05 -0.115534 0.993304
    outer loop
      vertex -98.3806 71.9134 46.1297
      vertex -101.008 71.0442 46.0288
      vertex -100.878 70.7812 45.9982
    endloop
  endfacet
  facet normal -2.89769e-05 -0.115324 0.993328
    outer loop
      vertex -98.8035 72.7 46.2211
      vertex -101.172 71.288 46.0571
      vertex -101.008 71.0442 46.0288
    endloop
  endfacet
  facet normal -0.00317924 -0.110108 0.993915
    outer loop
      vertex -98.8035 72.7 46.2211
      vertex -101.175 71.2926 46.0576
      vertex -101.172 71.288 46.0571
    endloop
  endfacet
  facet normal -6.48815e-06 -0.115385 0.993321
    outer loop
      vertex -98.8035 72.7 46.2211
      vertex -101.374 71.5173 46.0837
      vertex -101.175 71.2926 46.0576
    endloop
  endfacet
  facet normal 2.93913e-06 -0.115405 0.993319
    outer loop
      vertex -98.8035 72.7 46.2211
      vertex -101.6 71.7144 46.1066
      vertex -101.374 71.5173 46.0837
    endloop
  endfacet
  facet normal 0.00286747 -0.12342 0.99235
    outer loop
      vertex -98.8035 72.7 46.2211
      vertex -101.605 71.7175 46.107
      vertex -101.6 71.7144 46.1066
    endloop
  endfacet
  facet normal -2.51369e-05 -0.115286 0.993332
    outer loop
      vertex -98.8035 72.7 46.2211
      vertex -101.85 71.8804 46.1259
      vertex -101.605 71.7175 46.107
    endloop
  endfacet
  facet normal 4.62646e-05 -0.115548 0.993302
    outer loop
      vertex -98.8035 72.7 46.2211
      vertex -102.115 72.0101 46.141
      vertex -101.85 71.8804 46.1259
    endloop
  endfacet
  facet normal -0.00528766 -0.0902477 0.995905
    outer loop
      vertex -98.8035 72.7 46.2211
      vertex -102.12 72.0126 46.1412
      vertex -102.115 72.0101 46.141
    endloop
  endfacet
  facet normal 5.5005e-05 -0.11572 0.993282
    outer loop
      vertex -98.8035 72.7 46.2211
      vertex -102.405 72.1086 46.1524
      vertex -102.12 72.0126 46.1412
    endloop
  endfacet
  facet normal -0.00236255 -0.101181 0.994865
    outer loop
      vertex -98.8035 72.7 46.2211
      vertex -102.41 72.1097 46.1525
      vertex -102.405 72.1086 46.1524
    endloop
  endfacet
  facet normal 8.18069e-05 -0.115928 0.993258
    outer loop
      vertex -98.8035 72.7 46.2211
      vertex -102.7 72.1669 46.1592
      vertex -102.41 72.1097 46.1525
    endloop
  endfacet
  facet normal 1.20542e-06 -0.115347 0.993325
    outer loop
      vertex -110 77.5 46.7785
      vertex -102.7 72.1669 46.1592
      vertex -98.8035 72.7 46.2211
    endloop
  endfacet
  facet normal -0.000276443 -0.115722 0.993282
    outer loop
      vertex -102.7 72.1669 46.1592
      vertex -110 77.5 46.7785
      vertex -103 72.1865 46.1614
    endloop
  endfacet
  facet normal -0.000158432 -0.115545 0.993302
    outer loop
      vertex -110 77.5 46.7785
      vertex -103.59 72.1097 46.1525
      vertex -103.3 72.1669 46.1592
    endloop
  endfacet
  facet normal 0.0115384 -0.102649 0.994651
    outer loop
      vertex -110 77.5 46.7785
      vertex -103.885 72.0101 46.141
      vertex -103.88 72.0126 46.1412
    endloop
  endfacet
  facet normal 4.18263e-05 -0.115311 0.993329
    outer loop
      vertex -110 77.5 46.7785
      vertex -104.395 71.7175 46.107
      vertex -104.15 71.8804 46.1259
    endloop
  endfacet
  facet normal 0.00497601 -0.111265 0.993778
    outer loop
      vertex -110 77.5 46.7785
      vertex -104.828 71.288 46.0571
      vertex -104.825 71.2926 46.0576
    endloop
  endfacet
  facet normal -0.000103802 -0.115416 0.993317
    outer loop
      vertex -110 77.5 46.7785
      vertex -105.3 69.9075 45.8968
      vertex -105.28 70.2001 45.9308
    endloop
  endfacet
  facet normal 0.000153209 -0.115433 0.993315
    outer loop
      vertex -105.28 -68.8654 29.7812
      vertex -110 -77.5 28.7785
      vertex -105.3 -69.158 29.7472
    endloop
  endfacet
  facet normal -0.0107088 -0.121884 0.992487
    outer loop
      vertex -105.3 69.9075 45.8968
      vertex -110 77.5 46.7785
      vertex -105.3 69.9018 45.8961
    endloop
  endfacet
  facet normal 0.00843921 -0.10996 0.9939
    outer loop
      vertex -105.279 70.2056 45.9314
      vertex -110 77.5 46.7785
      vertex -105.28 70.2001 45.9308
    endloop
  endfacet
  facet normal -3.92056e-06 -0.115357 0.993324
    outer loop
      vertex -105.222 70.4932 45.9648
      vertex -110 77.5 46.7785
      vertex -105.279 70.2056 45.9314
    endloop
  endfacet
  facet normal 0.000131725 -0.115266 0.993335
    outer loop
      vertex -105.127 70.7708 45.997
      vertex -110 77.5 46.7785
      vertex -105.222 70.4932 45.9648
    endloop
  endfacet
  facet normal -0.0143547 -0.125599 0.991977
    outer loop
      vertex -105.125 70.7761 45.9977
      vertex -110 77.5 46.7785
      vertex -105.127 70.7708 45.997
    endloop
  endfacet
  facet normal 0.013692 -0.105537 0.994321
    outer loop
      vertex -105.122 70.7812 45.9982
      vertex -110 77.5 46.7785
      vertex -105.125 70.7761 45.9977
    endloop
  endfacet
  facet normal -0.000173376 -0.115486 0.993309
    outer loop
      vertex -104.992 71.0442 46.0288
      vertex -110 77.5 46.7785
      vertex -105.122 70.7812 45.9982
    endloop
  endfacet
  facet normal 3.38647e-05 -0.115327 0.993328
    outer loop
      vertex -104.828 71.288 46.0571
      vertex -110 77.5 46.7785
      vertex -104.992 71.0442 46.0288
    endloop
  endfacet
  facet normal -1.11465e-05 -0.115369 0.993323
    outer loop
      vertex -104.626 71.5173 46.0837
      vertex -110 77.5 46.7785
      vertex -104.825 71.2926 46.0576
    endloop
  endfacet
  facet normal -2.42017e-05 -0.115381 0.993321
    outer loop
      vertex -104.4 71.7144 46.1066
      vertex -110 77.5 46.7785
      vertex -104.626 71.5173 46.0837
    endloop
  endfacet
  facet normal -0.00496182 -0.120094 0.99275
    outer loop
      vertex -104.395 71.7175 46.107
      vertex -110 77.5 46.7785
      vertex -104.4 71.7144 46.1066
    endloop
  endfacet
  facet normal -9.44468e-05 -0.115451 0.993313
    outer loop
      vertex -103.885 72.0101 46.141
      vertex -110 77.5 46.7785
      vertex -104.15 71.8804 46.1259
    endloop
  endfacet
  facet normal -0.000128389 -0.115505 0.993307
    outer loop
      vertex -103.595 72.1086 46.1524
      vertex -110 77.5 46.7785
      vertex -103.88 72.0126 46.1412
    endloop
  endfacet
  facet normal 0.00437195 -0.110227 0.993897
    outer loop
      vertex -103.59 72.1097 46.1525
      vertex -110 77.5 46.7785
      vertex -103.595 72.1086 46.1524
    endloop
  endfacet
  facet normal 0.000232645 -0.11506 0.993358
    outer loop
      vertex -103 72.1865 46.1614
      vertex -110 77.5 46.7785
      vertex -103.3 72.1669 46.1592
    endloop
  endfacet
  facet normal 0 -0.11535 0.993325
    outer loop
      vertex -4.19649 72.7 46.2211
      vertex -110 77.5 46.7785
      vertex -98.8035 72.7 46.2211
    endloop
  endfacet
  facet normal -1.02264e-05 -0.115354 0.993324
    outer loop
      vertex 105.3 -69.158 29.7472
      vertex 110 -77.5 28.7785
      vertex 110 77.5 46.7785
    endloop
  endfacet
  facet normal -0.000111106 -0.115416 0.993317
    outer loop
      vertex 105.281 -69.4562 29.7126
      vertex 110 -77.5 28.7785
      vertex 105.3 -69.1636 29.7466
    endloop
  endfacet
  facet normal 0.0116698 -0.108586 0.994019
    outer loop
      vertex 105.28 -69.4618 29.712
      vertex 110 -77.5 28.7785
      vertex 105.281 -69.4562 29.7126
    endloop
  endfacet
  facet normal -0.0143731 -0.123669 0.992219
    outer loop
      vertex 105.279 -69.4673 29.7113
      vertex 110 -77.5 28.7785
      vertex 105.28 -69.4618 29.712
    endloop
  endfacet
  facet normal -1.03402e-05 -0.115356 0.993324
    outer loop
      vertex 105.222 -69.7549 29.6779
      vertex 110 -77.5 28.7785
      vertex 105.279 -69.4673 29.7113
    endloop
  endfacet
  facet normal 0.000231834 -0.115209 0.993341
    outer loop
      vertex 105.125 -70.0379 29.6451
      vertex 110 -77.5 28.7785
      vertex 105.222 -69.7549 29.6779
    endloop
  endfacet
  facet normal -0.000224728 -0.115503 0.993307
    outer loop
      vertex 104.994 -70.3008 29.6145
      vertex 110 -77.5 28.7785
      vertex 105.125 -70.0379 29.6451
    endloop
  endfacet
  facet normal -0.00139098 -0.116303 0.993213
    outer loop
      vertex 104.992 -70.3059 29.6139
      vertex 110 -77.5 28.7785
      vertex 104.994 -70.3008 29.6145
    endloop
  endfacet
  facet normal 0.00725422 -0.110361 0.993865
    outer loop
      vertex 104.989 -70.3106 29.6134
      vertex 110 -77.5 28.7785
      vertex 104.992 -70.3059 29.6139
    endloop
  endfacet
  facet normal 3.6659e-05 -0.115329 0.993327
    outer loop
      vertex 104.825 -70.5544 29.5851
      vertex 110 -77.5 28.7785
      vertex 104.989 -70.3106 29.6134
    endloop
  endfacet
  facet normal -1.30269e-05 -0.115365 0.993323
    outer loop
      vertex 104.63 -70.7748 29.5595
      vertex 110 -77.5 28.7785
      vertex 104.825 -70.5544 29.5851
    endloop
  endfacet
  facet normal -8.54392e-05 -0.115422 0.993316
    outer loop
      vertex 104.626 -70.7791 29.559
      vertex 110 -77.5 28.7785
      vertex 104.63 -70.7748 29.5595
    endloop
  endfacet
  facet normal 0.0042387 -0.112009 0.993698
    outer loop
      vertex 104.622 -70.7828 29.5586
      vertex 110 -77.5 28.7785
      vertex 104.626 -70.7791 29.559
    endloop
  endfacet
  facet normal -0.000134887 -0.115466 0.993311
    outer loop
      vertex 104.4 -70.9761 29.5361
      vertex 110 -77.5 28.7785
      vertex 104.622 -70.7828 29.5586
    endloop
  endfacet
  facet normal -5.80612e-05 -0.115401 0.993319
    outer loop
      vertex 104.15 -71.1421 29.5168
      vertex 110 -77.5 28.7785
      vertex 104.4 -70.9761 29.5361
    endloop
  endfacet
  facet normal 0.000130606 -0.11523 0.993339
    outer loop
      vertex 103.88 -71.2743 29.5015
      vertex 110 -77.5 28.7785
      vertex 104.15 -71.1421 29.5168
    endloop
  endfacet
  facet normal -0.00010408 -0.115457 0.993312
    outer loop
      vertex 103.595 -71.3704 29.4903
      vertex 110 -77.5 28.7785
      vertex 103.88 -71.2743 29.5015
    endloop
  endfacet
  facet normal 0.000195615 -0.115148 0.993348
    outer loop
      vertex 103.3 -71.4287 29.4836
      vertex 110 -77.5 28.7785
      vertex 103.595 -71.3704 29.4903
    endloop
  endfacet
  facet normal -0.00010917 -0.11548 0.99331
    outer loop
      vertex 103 -71.4482 29.4813
      vertex 110 -77.5 28.7785
      vertex 103.3 -71.4287 29.4836
    endloop
  endfacet
  facet normal 9.52084e-05 -0.115692 0.993285
    outer loop
      vertex 98.8035 -72.7 29.3359
      vertex 103 -71.4482 29.4813
      vertex 102.7 -71.4287 29.4836
    endloop
  endfacet
  facet normal -0.00015374 -0.114939 0.993373
    outer loop
      vertex 98.8035 -72.7 29.3359
      vertex 102.7 -71.4287 29.4836
      vertex 102.405 -71.3704 29.4903
    endloop
  endfacet
  facet normal 7.35414e-05 -0.115547 0.993302
    outer loop
      vertex 98.8035 -72.7 29.3359
      vertex 102.405 -71.3704 29.4903
      vertex 102.12 -71.2743 29.5015
    endloop
  endfacet
  facet normal -9.54403e-05 -0.115159 0.993347
    outer loop
      vertex 98.8035 -72.7 29.3359
      vertex 102.12 -71.2743 29.5015
      vertex 101.85 -71.1421 29.5168
    endloop
  endfacet
  facet normal 4.22429e-05 -0.115424 0.993316
    outer loop
      vertex 98.8035 -72.7 29.3359
      vertex 101.85 -71.1421 29.5168
      vertex 101.6 -70.9761 29.5361
    endloop
  endfacet
  facet normal 6.36371e-06 -0.115207 0.993341
    outer loop
      vertex 98.0428 -69.3474 29.7253
      vertex 100.7 -69.1636 29.7466
      vertex 98.1704 -68.7059 29.7997
    endloop
  endfacet
  facet normal -1.66014e-05 -0.115477 0.99331
    outer loop
      vertex 98.1704 -68.7059 29.7997
      vertex 100.72 -68.8654 29.7812
      vertex 98.3806 -68.0866 29.8717
    endloop
  endfacet
  facet normal 5.18232e-06 -0.115321 0.993328
    outer loop
      vertex 98.3806 -68.0866 29.8717
      vertex 100.778 -68.5723 29.8153
      vertex 98.6699 -67.5 29.9398
    endloop
  endfacet
  facet normal -0.00216167 -0.125867 0.992045
    outer loop
      vertex 100.778 -68.5723 29.8153
      vertex 98.3806 -68.0866 29.8717
      vertex 100.777 -68.5778 29.8146
    endloop
  endfacet
  facet normal 2.19937e-05 -0.115363 0.993323
    outer loop
      vertex 100.777 -68.5778 29.8146
      vertex 98.3806 -68.0866 29.8717
      vertex 100.72 -68.8654 29.7812
    endloop
  endfacet
  facet normal -1.31257e-05 -0.115422 0.993317
    outer loop
      vertex 100.72 -68.8654 29.7812
      vertex 98.1704 -68.7059 29.7997
      vertex 100.7 -69.158 29.7472
    endloop
  endfacet
  facet normal 0.00159614 -0.106533 0.994308
    outer loop
      vertex 100.7 -69.158 29.7472
      vertex 98.1704 -68.7059 29.7997
      vertex 100.7 -69.1636 29.7466
    endloop
  endfacet
  facet normal 9.63977e-06 -0.115356 0.993324
    outer loop
      vertex 100.721 -69.4673 29.7113
      vertex 98.8035 -72.7 29.3359
      vertex 100.778 -69.7549 29.6779
    endloop
  endfacet
  facet normal -0.00021964 -0.115205 0.993342
    outer loop
      vertex 100.778 -69.7549 29.6779
      vertex 98.8035 -72.7 29.3359
      vertex 100.875 -70.0379 29.6451
    endloop
  endfacet
  facet normal 0.000190781 -0.11552 0.993305
    outer loop
      vertex 100.875 -70.0379 29.6451
      vertex 98.8035 -72.7 29.3359
      vertex 101.006 -70.3008 29.6145
    endloop
  endfacet
  facet normal 0.00115607 -0.116394 0.993202
    outer loop
      vertex 101.006 -70.3008 29.6145
      vertex 98.8035 -72.7 29.3359
      vertex 101.008 -70.3059 29.6139
    endloop
  endfacet
  facet normal -0.00620669 -0.109701 0.993945
    outer loop
      vertex 98.8035 -72.7 29.3359
      vertex 101.011 -70.3106 29.6134
      vertex 101.008 -70.3059 29.6139
    endloop
  endfacet
  facet normal -3.68259e-05 -0.115329 0.993327
    outer loop
      vertex 98.8035 -72.7 29.3359
      vertex 101.175 -70.5544 29.5851
      vertex 101.011 -70.3106 29.6134
    endloop
  endfacet
  facet normal 3.88433e-06 -0.115373 0.993322
    outer loop
      vertex 98.8035 -72.7 29.3359
      vertex 101.37 -70.7748 29.5595
      vertex 101.175 -70.5544 29.5851
    endloop
  endfacet
  facet normal 5.93759e-05 -0.115446 0.993314
    outer loop
      vertex 98.8035 -72.7 29.3359
      vertex 101.374 -70.7791 29.559
      vertex 101.37 -70.7748 29.5595
    endloop
  endfacet
  facet normal -0.00330087 -0.111008 0.993814
    outer loop
      vertex 98.8035 -72.7 29.3359
      vertex 101.378 -70.7828 29.5586
      vertex 101.374 -70.7791 29.559
    endloop
  endfacet
  facet normal 9.58482e-05 -0.11551 0.993306
    outer loop
      vertex 98.8035 -72.7 29.3359
      vertex 101.6 -70.9761 29.5361
      vertex 101.378 -70.7828 29.5586
    endloop
  endfacet
  facet normal -4.84696e-06 -0.115361 0.993324
    outer loop
      vertex 103 -71.4482 29.4813
      vertex 98.8035 -72.7 29.3359
      vertex 110 -77.5 28.7785
    endloop
  endfacet
  facet normal 0 -0.11535 0.993325
    outer loop
      vertex 4.19649 -72.7 29.3359
      vertex 110 -77.5 28.7785
      vertex 98.8035 -72.7 29.3359
    endloop
  endfacet
  facet normal -2.75668e-06 -0.115355 0.993324
    outer loop
      vertex 2.29963 -69.158 29.7472
      vertex 3.96677 -66.9562 30.0029
      vertex 3.53553 -66.4645 30.06
    endloop
  endfacet
  facet normal 1.8027e-05 -0.115364 0.993323
    outer loop
      vertex 2.29963 -69.158 29.7472
      vertex 3.53553 -66.4645 30.06
      vertex 3.04381 -66.0332 30.1101
    endloop
  endfacet
  facet normal 1.00125e-05 -0.115367 0.993323
    outer loop
      vertex 1.62208 -67.5444 29.9346
      vertex 3.04381 -66.0332 30.1101
      vertex 2.5 -65.6699 30.1523
    endloop
  endfacet
  facet normal -2.13911e-05 -0.115422 0.993317
    outer loop
      vertex 4.95722 -69.3474 29.7253
      vertex 2.3 -69.1636 29.7466
      vertex 2.28069 -69.4562 29.7126
    endloop
  endfacet
  facet normal -0.000388457 -0.106508 0.994312
    outer loop
      vertex 4.95722 -69.3474 29.7253
      vertex 2.28069 -69.4562 29.7126
      vertex 2.28032 -69.4618 29.712
    endloop
  endfacet
  facet normal 5.08103e-05 -0.115147 0.993348
    outer loop
      vertex 2.12492 -70.0379 29.6451
      vertex 4.95722 -70.6526 29.5737
      vertex 2.22163 -69.7549 29.6779
    endloop
  endfacet
  facet normal -9.37719e-05 -0.115568 0.9933
    outer loop
      vertex 1.99437 -70.3008 29.6145
      vertex 4.82963 -71.2941 29.4992
      vertex 2.12492 -70.0379 29.6451
    endloop
  endfacet
  facet normal -0.000465744 -0.116615 0.993177
    outer loop
      vertex 1.99186 -70.3059 29.6139
      vertex 4.82963 -71.2941 29.4992
      vertex 1.99437 -70.3008 29.6145
    endloop
  endfacet
  facet normal -9.03265e-06 -0.115321 0.993328
    outer loop
      vertex 4.82963 -71.2941 29.4992
      vertex 1.99186 -70.3059 29.6139
      vertex 4.6194 -71.9134 29.4273
    endloop
  endfacet
  facet normal 0.004179 -0.108563 0.994081
    outer loop
      vertex 1.9887 -70.3106 29.6134
      vertex 4.6194 -71.9134 29.4273
      vertex 1.99186 -70.3059 29.6139
    endloop
  endfacet
  facet normal 1.31168e-05 -0.115313 0.993329
    outer loop
      vertex 1.82471 -70.5544 29.5851
      vertex 4.6194 -71.9134 29.4273
      vertex 1.9887 -70.3106 29.6134
    endloop
  endfacet
  facet normal -5.78252e-05 -0.115457 0.993312
    outer loop
      vertex 4.6194 -71.9134 29.4273
      vertex 1.82471 -70.5544 29.5851
      vertex 4.33013 -72.5 29.3591
    endloop
  endfacet
  facet normal 8.1023e-05 -0.115281 0.993333
    outer loop
      vertex 4.33013 -72.5 29.3591
      vertex 1.82471 -70.5544 29.5851
      vertex 4.19649 -72.7 29.3359
    endloop
  endfacet
  facet normal -3.88744e-06 -0.115373 0.993322
    outer loop
      vertex 1.63009 -70.7748 29.5595
      vertex 4.19649 -72.7 29.3359
      vertex 1.82471 -70.5544 29.5851
    endloop
  endfacet
  facet normal -6.09427e-05 -0.115448 0.993313
    outer loop
      vertex 1.62634 -70.7791 29.559
      vertex 4.19649 -72.7 29.3359
      vertex 1.63009 -70.7748 29.5595
    endloop
  endfacet
  facet normal 0.00320789 -0.111131 0.993801
    outer loop
      vertex 1.62208 -70.7828 29.5586
      vertex 4.19649 -72.7 29.3359
      vertex 1.62634 -70.7791 29.559
    endloop
  endfacet
  facet normal -9.58639e-05 -0.11551 0.993306
    outer loop
      vertex 1.40015 -70.9761 29.5361
      vertex 4.19649 -72.7 29.3359
      vertex 1.62208 -70.7828 29.5586
    endloop
  endfacet
  facet normal -4.22319e-05 -0.115424 0.993316
    outer loop
      vertex 1.15 -71.1421 29.5168
      vertex 4.19649 -72.7 29.3359
      vertex 1.40015 -70.9761 29.5361
    endloop
  endfacet
  facet normal 9.54716e-05 -0.115159 0.993347
    outer loop
      vertex 0.880172 -71.2743 29.5015
      vertex 4.19649 -72.7 29.3359
      vertex 1.15 -71.1421 29.5168
    endloop
  endfacet
  facet normal -7.35594e-05 -0.115547 0.993302
    outer loop
      vertex 0.595284 -71.3704 29.4903
      vertex 4.19649 -72.7 29.3359
      vertex 0.880172 -71.2743 29.5015
    endloop
  endfacet
  facet normal 0.00015372 -0.114939 0.993373
    outer loop
      vertex 0.30021 -71.4287 29.4836
      vertex 4.19649 -72.7 29.3359
      vertex 0.595284 -71.3704 29.4903
    endloop
  endfacet
  facet normal -9.51537e-05 -0.115692 0.993285
    outer loop
      vertex 0 -71.4482 29.4813
      vertex 4.19649 -72.7 29.3359
      vertex 0.30021 -71.4287 29.4836
    endloop
  endfacet
  facet normal 9.51537e-05 -0.115692 0.993285
    outer loop
      vertex -4.19649 -72.7 29.3359
      vertex 0 -71.4482 29.4813
      vertex -0.30021 -71.4287 29.4836
    endloop
  endfacet
  facet normal -0.00015372 -0.114939 0.993373
    outer loop
      vertex -4.19649 -72.7 29.3359
      vertex -0.30021 -71.4287 29.4836
      vertex -0.595284 -71.3704 29.4903
    endloop
  endfacet
  facet normal -0.00320789 -0.111131 0.993801
    outer loop
      vertex -4.19649 -72.7 29.3359
      vertex -1.62208 -70.7828 29.5586
      vertex -1.62634 -70.7791 29.559
    endloop
  endfacet
  facet normal 3.88744e-06 -0.115373 0.993322
    outer loop
      vertex -4.19649 -72.7 29.3359
      vertex -1.63009 -70.7748 29.5595
      vertex -1.82471 -70.5544 29.5851
    endloop
  endfacet
  facet normal 5.18164e-06 -0.115321 0.993328
    outer loop
      vertex -4.6194 -68.0866 29.8717
      vertex -2.22163 -68.5723 29.8153
      vertex -4.33013 -67.5 29.9398
    endloop
  endfacet
  facet normal -0.00215294 -0.125826 0.99205
    outer loop
      vertex -2.22163 -68.5723 29.8153
      vertex -4.6194 -68.0866 29.8717
      vertex -2.22274 -68.5778 29.8146
    endloop
  endfacet
  facet normal 2.19827e-05 -0.115363 0.993323
    outer loop
      vertex -2.22274 -68.5778 29.8146
      vertex -4.6194 -68.0866 29.8717
      vertex -2.28032 -68.8654 29.7812
    endloop
  endfacet
  facet normal -1.66032e-05 -0.115477 0.99331
    outer loop
      vertex -4.82963 -68.7059 29.7997
      vertex -2.28032 -68.8654 29.7812
      vertex -4.6194 -68.0866 29.8717
    endloop
  endfacet
  facet normal -1.31291e-05 -0.115422 0.993317
    outer loop
      vertex -2.28032 -68.8654 29.7812
      vertex -4.82963 -68.7059 29.7997
      vertex -2.29963 -69.158 29.7472
    endloop
  endfacet
  facet normal 0.00157725 -0.106636 0.994297
    outer loop
      vertex -2.29963 -69.158 29.7472
      vertex -4.82963 -68.7059 29.7997
      vertex -2.3 -69.1636 29.7466
    endloop
  endfacet
  facet normal 6.36365e-06 -0.115207 0.993341
    outer loop
      vertex -4.95722 -69.3474 29.7253
      vertex -2.3 -69.1636 29.7466
      vertex -4.82963 -68.7059 29.7997
    endloop
  endfacet
  facet normal 9.61571e-06 -0.115356 0.993324
    outer loop
      vertex -2.27922 -69.4673 29.7113
      vertex -4.19649 -72.7 29.3359
      vertex -2.22163 -69.7549 29.6779
    endloop
  endfacet
  facet normal -0.000219836 -0.115204 0.993342
    outer loop
      vertex -2.22163 -69.7549 29.6779
      vertex -4.19649 -72.7 29.3359
      vertex -2.12492 -70.0379 29.6451
    endloop
  endfacet
  facet normal 0.000191034 -0.11552 0.993305
    outer loop
      vertex -2.12492 -70.0379 29.6451
      vertex -4.19649 -72.7 29.3359
      vertex -1.99437 -70.3008 29.6145
    endloop
  endfacet
  facet normal 0.00107422 -0.11632 0.993211
    outer loop
      vertex -1.99437 -70.3008 29.6145
      vertex -4.19649 -72.7 29.3359
      vertex -1.99186 -70.3059 29.6139
    endloop
  endfacet
  facet normal -0.00607378 -0.109821 0.993933
    outer loop
      vertex -4.19649 -72.7 29.3359
      vertex -1.9887 -70.3106 29.6134
      vertex -1.99186 -70.3059 29.6139
    endloop
  endfacet
  facet normal -3.6824e-05 -0.115329 0.993327
    outer loop
      vertex -4.19649 -72.7 29.3359
      vertex -1.82471 -70.5544 29.5851
      vertex -1.9887 -70.3106 29.6134
    endloop
  endfacet
  facet normal 6.09427e-05 -0.115448 0.993313
    outer loop
      vertex -1.63009 -70.7748 29.5595
      vertex -4.19649 -72.7 29.3359
      vertex -1.62634 -70.7791 29.559
    endloop
  endfacet
  facet normal 9.58639e-05 -0.11551 0.993306
    outer loop
      vertex -1.62208 -70.7828 29.5586
      vertex -4.19649 -72.7 29.3359
      vertex -1.40015 -70.9761 29.5361
    endloop
  endfacet
  facet normal 4.22319e-05 -0.115424 0.993316
    outer loop
      vertex -4.19649 -72.7 29.3359
      vertex -1.15 -71.1421 29.5168
      vertex -1.40015 -70.9761 29.5361
    endloop
  endfacet
  facet normal -9.54716e-05 -0.115159 0.993347
    outer loop
      vertex -4.19649 -72.7 29.3359
      vertex -0.880172 -71.2743 29.5015
      vertex -1.15 -71.1421 29.5168
    endloop
  endfacet
  facet normal 7.35594e-05 -0.115547 0.993302
    outer loop
      vertex -4.19649 -72.7 29.3359
      vertex -0.595284 -71.3704 29.4903
      vertex -0.880172 -71.2743 29.5015
    endloop
  endfacet
  facet normal 0 -0.115377 0.993322
    outer loop
      vertex 0 -71.4482 29.4813
      vertex -4.19649 -72.7 29.3359
      vertex 4.19649 -72.7 29.3359
    endloop
  endfacet
  facet normal 0 -0.11535 0.993325
    outer loop
      vertex -4.19649 -72.7 29.3359
      vertex 110 -77.5 28.7785
      vertex 4.19649 -72.7 29.3359
    endloop
  endfacet
  facet normal 0 -0.11535 0.993325
    outer loop
      vertex -110 -77.5 28.7785
      vertex -4.19649 -72.7 29.3359
      vertex -98.8035 -72.7 29.3359
    endloop
  endfacet
  facet normal -2.75674e-06 -0.115355 0.993324
    outer loop
      vertex -100.7 -69.158 29.7472
      vertex -99.0332 -66.9562 30.0029
      vertex -99.4645 -66.4645 30.06
    endloop
  endfacet
  facet normal 1.80292e-05 -0.115364 0.993323
    outer loop
      vertex -100.7 -69.158 29.7472
      vertex -99.4645 -66.4645 30.06
      vertex -99.9562 -66.0332 30.1101
    endloop
  endfacet
  facet normal 1.00124e-05 -0.115367 0.993323
    outer loop
      vertex -101.378 -67.5444 29.9346
      vertex -99.9562 -66.0332 30.1101
      vertex -100.5 -65.6699 30.1523
    endloop
  endfacet
  facet normal -2.13929e-05 -0.115422 0.993317
    outer loop
      vertex -98.0428 -69.3474 29.7253
      vertex -100.7 -69.1636 29.7466
      vertex -100.719 -69.4562 29.7126
    endloop
  endfacet
  facet normal -0.000390297 -0.106464 0.994316
    outer loop
      vertex -98.0428 -69.3474 29.7253
      vertex -100.719 -69.4562 29.7126
      vertex -100.72 -69.4618 29.712
    endloop
  endfacet
  facet normal 5.08014e-05 -0.115148 0.993348
    outer loop
      vertex -100.875 -70.0379 29.6451
      vertex -98.0428 -70.6526 29.5737
      vertex -100.778 -69.7549 29.6779
    endloop
  endfacet
  facet normal -9.37144e-05 -0.115567 0.9933
    outer loop
      vertex -101.006 -70.3008 29.6145
      vertex -98.1704 -71.2941 29.4992
      vertex -100.875 -70.0379 29.6451
    endloop
  endfacet
  facet normal -0.000480037 -0.116656 0.993172
    outer loop
      vertex -101.008 -70.3059 29.6139
      vertex -98.1704 -71.2941 29.4992
      vertex -101.006 -70.3008 29.6145
    endloop
  endfacet
  facet normal -9.03327e-06 -0.115321 0.993328
    outer loop
      vertex -98.1704 -71.2941 29.4992
      vertex -101.008 -70.3059 29.6139
      vertex -98.3806 -71.9134 29.4273
    endloop
  endfacet
  facet normal 0.0042418 -0.108462 0.994092
    outer loop
      vertex -101.011 -70.3106 29.6134
      vertex -98.3806 -71.9134 29.4273
      vertex -101.008 -70.3059 29.6139
    endloop
  endfacet
  facet normal 1.31177e-05 -0.115313 0.993329
    outer loop
      vertex -101.175 -70.5544 29.5851
      vertex -98.3806 -71.9134 29.4273
      vertex -101.011 -70.3106 29.6134
    endloop
  endfacet
  facet normal -5.78289e-05 -0.115457 0.993312
    outer loop
      vertex -98.3806 -71.9134 29.4273
      vertex -101.175 -70.5544 29.5851
      vertex -98.6699 -72.5 29.3591
    endloop
  endfacet
  facet normal 8.10381e-05 -0.115281 0.993333
    outer loop
      vertex -98.6699 -72.5 29.3591
      vertex -101.175 -70.5544 29.5851
      vertex -98.8035 -72.7 29.3359
    endloop
  endfacet
  facet normal -3.88433e-06 -0.115373 0.993322
    outer loop
      vertex -101.37 -70.7748 29.5595
      vertex -98.8035 -72.7 29.3359
      vertex -101.175 -70.5544 29.5851
    endloop
  endfacet
  facet normal -5.93759e-05 -0.115446 0.993314
    outer loop
      vertex -101.374 -70.7791 29.559
      vertex -98.8035 -72.7 29.3359
      vertex -101.37 -70.7748 29.5595
    endloop
  endfacet
  facet normal 0.00330087 -0.111008 0.993814
    outer loop
      vertex -101.378 -70.7828 29.5586
      vertex -98.8035 -72.7 29.3359
      vertex -101.374 -70.7791 29.559
    endloop
  endfacet
  facet normal -9.58482e-05 -0.11551 0.993306
    outer loop
      vertex -101.6 -70.9761 29.5361
      vertex -98.8035 -72.7 29.3359
      vertex -101.378 -70.7828 29.5586
    endloop
  endfacet
  facet normal -4.22429e-05 -0.115424 0.993316
    outer loop
      vertex -101.85 -71.1421 29.5168
      vertex -98.8035 -72.7 29.3359
      vertex -101.6 -70.9761 29.5361
    endloop
  endfacet
  facet normal 9.54403e-05 -0.115159 0.993347
    outer loop
      vertex -102.12 -71.2743 29.5015
      vertex -98.8035 -72.7 29.3359
      vertex -101.85 -71.1421 29.5168
    endloop
  endfacet
  facet normal -7.35414e-05 -0.115547 0.993302
    outer loop
      vertex -102.405 -71.3704 29.4903
      vertex -98.8035 -72.7 29.3359
      vertex -102.12 -71.2743 29.5015
    endloop
  endfacet
  facet normal 0.00015374 -0.114939 0.993373
    outer loop
      vertex -102.7 -71.4287 29.4836
      vertex -98.8035 -72.7 29.3359
      vertex -102.405 -71.3704 29.4903
    endloop
  endfacet
  facet normal -9.52084e-05 -0.115692 0.993285
    outer loop
      vertex -103 -71.4482 29.4813
      vertex -98.8035 -72.7 29.3359
      vertex -102.7 -71.4287 29.4836
    endloop
  endfacet
  facet normal 0.00010917 -0.11548 0.99331
    outer loop
      vertex -110 -77.5 28.7785
      vertex -103 -71.4482 29.4813
      vertex -103.3 -71.4287 29.4836
    endloop
  endfacet
  facet normal -0.000195615 -0.115148 0.993348
    outer loop
      vertex -110 -77.5 28.7785
      vertex -103.3 -71.4287 29.4836
      vertex -103.595 -71.3704 29.4903
    endloop
  endfacet
  facet normal -0.00725422 -0.110361 0.993865
    outer loop
      vertex -110 -77.5 28.7785
      vertex -104.989 -70.3106 29.6134
      vertex -104.992 -70.3059 29.6139
    endloop
  endfacet
  facet normal 0 -0.11535 0.993325
    outer loop
      vertex -4.19649 -72.7 29.3359
      vertex -110 -77.5 28.7785
      vertex 110 -77.5 28.7785
    endloop
  endfacet
  facet normal 4.84696e-06 -0.115361 0.993324
    outer loop
      vertex -103 -71.4482 29.4813
      vertex -110 -77.5 28.7785
      vertex -98.8035 -72.7 29.3359
    endloop
  endfacet
  facet normal 0.00010408 -0.115457 0.993312
    outer loop
      vertex -103.88 -71.2743 29.5015
      vertex -110 -77.5 28.7785
      vertex -103.595 -71.3704 29.4903
    endloop
  endfacet
  facet normal -0.000130606 -0.11523 0.993339
    outer loop
      vertex -104.15 -71.1421 29.5168
      vertex -110 -77.5 28.7785
      vertex -103.88 -71.2743 29.5015
    endloop
  endfacet
  facet normal 5.80612e-05 -0.115401 0.993319
    outer loop
      vertex -104.4 -70.9761 29.5361
      vertex -110 -77.5 28.7785
      vertex -104.15 -71.1421 29.5168
    endloop
  endfacet
  facet normal 0.000134887 -0.115466 0.993311
    outer loop
      vertex -104.622 -70.7828 29.5586
      vertex -110 -77.5 28.7785
      vertex -104.4 -70.9761 29.5361
    endloop
  endfacet
  facet normal -0.0042387 -0.112009 0.993698
    outer loop
      vertex -104.626 -70.7791 29.559
      vertex -110 -77.5 28.7785
      vertex -104.622 -70.7828 29.5586
    endloop
  endfacet
  facet normal 8.54392e-05 -0.115422 0.993316
    outer loop
      vertex -104.63 -70.7748 29.5595
      vertex -110 -77.5 28.7785
      vertex -104.626 -70.7791 29.559
    endloop
  endfacet
  facet normal 1.30269e-05 -0.115365 0.993323
    outer loop
      vertex -104.825 -70.5544 29.5851
      vertex -110 -77.5 28.7785
      vertex -104.63 -70.7748 29.5595
    endloop
  endfacet
  facet normal -3.6659e-05 -0.115329 0.993327
    outer loop
      vertex -104.989 -70.3106 29.6134
      vertex -110 -77.5 28.7785
      vertex -104.825 -70.5544 29.5851
    endloop
  endfacet
  facet normal 0.00139098 -0.116303 0.993213
    outer loop
      vertex -104.994 -70.3008 29.6145
      vertex -110 -77.5 28.7785
      vertex -104.992 -70.3059 29.6139
    endloop
  endfacet
  facet normal 0.000224728 -0.115503 0.993307
    outer loop
      vertex -105.125 -70.0379 29.6451
      vertex -110 -77.5 28.7785
      vertex -104.994 -70.3008 29.6145
    endloop
  endfacet
  facet normal -0.000231834 -0.115209 0.993341
    outer loop
      vertex -105.222 -69.7549 29.6779
      vertex -110 -77.5 28.7785
      vertex -105.125 -70.0379 29.6451
    endloop
  endfacet
  facet normal 1.03402e-05 -0.115356 0.993324
    outer loop
      vertex -105.279 -69.4673 29.7113
      vertex -110 -77.5 28.7785
      vertex -105.222 -69.7549 29.6779
    endloop
  endfacet
  facet normal 0.0143731 -0.123669 0.992219
    outer loop
      vertex -105.28 -69.4618 29.712
      vertex -110 -77.5 28.7785
      vertex -105.279 -69.4673 29.7113
    endloop
  endfacet
  facet normal -0.0116698 -0.108586 0.994019
    outer loop
      vertex -105.281 -69.4562 29.7126
      vertex -110 -77.5 28.7785
      vertex -105.28 -69.4618 29.712
    endloop
  endfacet
  facet normal 0.000111106 -0.115416 0.993317
    outer loop
      vertex -105.3 -69.1636 29.7466
      vertex -110 -77.5 28.7785
      vertex -105.281 -69.4562 29.7126
    endloop
  endfacet
  facet normal -0.0158465 -0.10652 0.994184
    outer loop
      vertex -105.3 -69.158 29.7472
      vertex -110 -77.5 28.7785
      vertex -105.3 -69.1636 29.7466
    endloop
  endfacet
  facet normal -0.0136879 -0.115428 0.993222
    outer loop
      vertex 105.222 -68.5723 29.8153
      vertex 105.2 -65.5219 30.1695
      vertex 105.22 -68.5669 29.8159
    endloop
  endfacet
  facet normal -0.000386374 -0.115352 0.993325
    outer loop
      vertex 105.2 -65.5219 30.1695
      vertex 105.125 -68.2893 29.8481
      vertex 105.22 -68.5669 29.8159
    endloop
  endfacet
  facet normal 0.000400806 -0.115373 0.993322
    outer loop
      vertex 105.2 -65.5219 30.1695
      vertex 104.994 -68.0263 29.8787
      vertex 105.125 -68.2893 29.8481
    endloop
  endfacet
  facet normal 0.00799996 -0.115986 0.993219
    outer loop
      vertex 105.2 -65.5219 30.1695
      vertex 104.992 -68.0213 29.8793
      vertex 104.994 -68.0263 29.8787
    endloop
  endfacet
  facet normal -0.0133889 -0.114223 0.993365
    outer loop
      vertex 105.2 -65.5219 30.1695
      vertex 104.989 -68.0166 29.8798
      vertex 104.992 -68.0213 29.8793
    endloop
  endfacet
  facet normal -1.61778e-05 -0.115324 0.993328
    outer loop
      vertex 104.15 -67.185 29.9764
      vertex 105.2 -65.5219 30.1695
      vertex 104.913 -65.3806 30.1859
    endloop
  endfacet
  facet normal -6.22213e-05 -0.115346 0.993325
    outer loop
      vertex 105.2 -65.5219 30.1695
      vertex 104.825 -67.7728 29.9081
      vertex 104.989 -68.0166 29.8798
    endloop
  endfacet
  facet normal -2.98219e-05 -0.115351 0.993325
    outer loop
      vertex 105.2 -65.5219 30.1695
      vertex 104.63 -67.5523 29.9337
      vertex 104.825 -67.7728 29.9081
    endloop
  endfacet
  facet normal 0.00234625 -0.116009 0.993245
    outer loop
      vertex 105.2 -65.5219 30.1695
      vertex 104.626 -67.5481 29.9342
      vertex 104.63 -67.5523 29.9337
    endloop
  endfacet
  facet normal -0.00584038 -0.113719 0.993496
    outer loop
      vertex 105.2 -65.5219 30.1695
      vertex 104.622 -67.5444 29.9346
      vertex 104.626 -67.5481 29.9342
    endloop
  endfacet
  facet normal 0.000177291 -0.115418 0.993317
    outer loop
      vertex 105.2 -65.5219 30.1695
      vertex 104.4 -67.3511 29.9571
      vertex 104.622 -67.5444 29.9346
    endloop
  endfacet
  facet normal -0.0111148 -0.110537 0.99381
    outer loop
      vertex 105.2 -65.5219 30.1695
      vertex 104.395 -67.3479 29.9574
      vertex 104.4 -67.3511 29.9571
    endloop
  endfacet
  facet normal -1.51986e-05 -0.11535 0.993325
    outer loop
      vertex 103.88 -67.0528 29.9917
      vertex 104.913 -65.3806 30.1859
      vertex 104.294 -65.1704 30.2103
    endloop
  endfacet
  facet normal 0.000245381 -0.115487 0.993309
    outer loop
      vertex 105.2 -65.5219 30.1695
      vertex 104.15 -67.185 29.9764
      vertex 104.395 -67.3479 29.9574
    endloop
  endfacet
  facet normal -0.000182703 -0.115254 0.993336
    outer loop
      vertex 104.913 -65.3806 30.1859
      vertex 103.885 -67.0553 29.9914
      vertex 104.15 -67.185 29.9764
    endloop
  endfacet
  facet normal 0.00146666 -0.116253 0.993219
    outer loop
      vertex 104.913 -65.3806 30.1859
      vertex 103.88 -67.0528 29.9917
      vertex 103.885 -67.0553 29.9914
    endloop
  endfacet
  facet normal -2.05382e-05 -0.115317 0.993329
    outer loop
      vertex 103.595 -66.9568 30.0029
      vertex 104.294 -65.1704 30.2103
      vertex 103.653 -65.0428 30.2251
    endloop
  endfacet
  facet normal 0.000167694 -0.11539 0.99332
    outer loop
      vertex 104.294 -65.1704 30.2103
      vertex 103.595 -66.9568 30.0029
      vertex 103.88 -67.0528 29.9917
    endloop
  endfacet
  facet normal -0.00546685 -0.115152 0.993333
    outer loop
      vertex 103.653 -65.0428 30.2251
      vertex 103.59 -66.9557 30.003
      vertex 103.595 -66.9568 30.0029
    endloop
  endfacet
  facet normal -0.00014051 -0.115327 0.993328
    outer loop
      vertex 103.653 -65.0428 30.2251
      vertex 103.3 -66.8985 30.0096
      vertex 103.59 -66.9557 30.003
    endloop
  endfacet
  facet normal 4.46108e-05 -0.115362 0.993324
    outer loop
      vertex 103 -65 30.2301
      vertex 103.3 -66.8985 30.0096
      vertex 103.653 -65.0428 30.2251
    endloop
  endfacet
  facet normal 7.88604e-05 -0.115357 0.993324
    outer loop
      vertex 103 -65 30.2301
      vertex 103 -66.8789 30.0119
      vertex 103.3 -66.8985 30.0096
    endloop
  endfacet
  facet normal -7.88604e-05 -0.115357 0.993324
    outer loop
      vertex 103 -65 30.2301
      vertex 102.7 -66.8985 30.0096
      vertex 103 -66.8789 30.0119
    endloop
  endfacet
  facet normal -4.46108e-05 -0.115362 0.993324
    outer loop
      vertex 102.347 -65.0428 30.2251
      vertex 102.7 -66.8985 30.0096
      vertex 103 -65 30.2301
    endloop
  endfacet
  facet normal 0.00014051 -0.115327 0.993328
    outer loop
      vertex 102.7 -66.8985 30.0096
      vertex 102.347 -65.0428 30.2251
      vertex 102.41 -66.9557 30.003
    endloop
  endfacet
  facet normal 0.00546685 -0.115152 0.993333
    outer loop
      vertex 102.41 -66.9557 30.003
      vertex 102.347 -65.0428 30.2251
      vertex 102.405 -66.9568 30.0029
    endloop
  endfacet
  facet normal 2.05382e-05 -0.115317 0.993329
    outer loop
      vertex 101.706 -65.1704 30.2103
      vertex 102.405 -66.9568 30.0029
      vertex 102.347 -65.0428 30.2251
    endloop
  endfacet
  facet normal -0.000167694 -0.11539 0.99332
    outer loop
      vertex 102.405 -66.9568 30.0029
      vertex 101.706 -65.1704 30.2103
      vertex 102.12 -67.0528 29.9917
    endloop
  endfacet
  facet normal 1.51986e-05 -0.11535 0.993325
    outer loop
      vertex 101.087 -65.3806 30.1859
      vertex 102.12 -67.0528 29.9917
      vertex 101.706 -65.1704 30.2103
    endloop
  endfacet
  facet normal -0.00146666 -0.116253 0.993219
    outer loop
      vertex 102.12 -67.0528 29.9917
      vertex 101.087 -65.3806 30.1859
      vertex 102.115 -67.0553 29.9914
    endloop
  endfacet
  facet normal 0.000182703 -0.115254 0.993336
    outer loop
      vertex 102.115 -67.0553 29.9914
      vertex 101.087 -65.3806 30.1859
      vertex 101.85 -67.185 29.9764
    endloop
  endfacet
  facet normal -1.51259e-05 -0.115337 0.993326
    outer loop
      vertex 100.5 -65.6699 30.1523
      vertex 101.85 -67.185 29.9764
      vertex 101.087 -65.3806 30.1859
    endloop
  endfacet
  facet normal -0.00022314 -0.11552 0.993305
    outer loop
      vertex 101.85 -67.185 29.9764
      vertex 100.5 -65.6699 30.1523
      vertex 101.605 -67.3479 29.9574
    endloop
  endfacet
  facet normal 0.0100251 -0.108852 0.994007
    outer loop
      vertex 101.605 -67.3479 29.9574
      vertex 100.5 -65.6699 30.1523
      vertex 101.6 -67.3511 29.9571
    endloop
  endfacet
  facet normal -0.0001608 -0.115437 0.993315
    outer loop
      vertex 101.6 -67.3511 29.9571
      vertex 100.5 -65.6699 30.1523
      vertex 101.378 -67.5444 29.9346
    endloop
  endfacet
  facet normal -1.00124e-05 -0.115367 0.993323
    outer loop
      vertex 99.9562 -66.0332 30.1101
      vertex 101.378 -67.5444 29.9346
      vertex 100.5 -65.6699 30.1523
    endloop
  endfacet
  facet normal 0.00394401 -0.111695 0.993735
    outer loop
      vertex 101.378 -67.5444 29.9346
      vertex 99.9562 -66.0332 30.1101
      vertex 101.374 -67.5481 29.9342
    endloop
  endfacet
  facet normal -0.00154334 -0.116763 0.993159
    outer loop
      vertex 101.374 -67.5481 29.9342
      vertex 99.9562 -66.0332 30.1101
      vertex 101.37 -67.5523 29.9337
    endloop
  endfacet
  facet normal 1.18291e-05 -0.115335 0.993327
    outer loop
      vertex 101.37 -67.5523 29.9337
      vertex 99.9562 -66.0332 30.1101
      vertex 101.175 -67.7728 29.9081
    endloop
  endfacet
  facet normal -2.25561e-05 -0.115359 0.993324
    outer loop
      vertex 99.4645 -66.4645 30.06
      vertex 101.175 -67.7728 29.9081
      vertex 99.9562 -66.0332 30.1101
    endloop
  endfacet
  facet normal 1.31011e-05 -0.115313 0.993329
    outer loop
      vertex 101.175 -67.7728 29.9081
      vertex 99.4645 -66.4645 30.06
      vertex 101.011 -68.0166 29.8798
    endloop
  endfacet
  facet normal 0.00590887 -0.109513 0.993968
    outer loop
      vertex 101.011 -68.0166 29.8798
      vertex 99.4645 -66.4645 30.06
      vertex 101.008 -68.0213 29.8793
    endloop
  endfacet
  facet normal -2.99237e-05 -0.115327 0.993328
    outer loop
      vertex 99.0332 -66.9562 30.0029
      vertex 101.008 -68.0213 29.8793
      vertex 99.4645 -66.4645 30.06
    endloop
  endfacet
  facet normal -0.00174203 -0.118458 0.992958
    outer loop
      vertex 101.008 -68.0213 29.8793
      vertex 99.0332 -66.9562 30.0029
      vertex 101.006 -68.0263 29.8787
    endloop
  endfacet
  facet normal -0.000121271 -0.115511 0.993306
    outer loop
      vertex 101.006 -68.0263 29.8787
      vertex 99.0332 -66.9562 30.0029
      vertex 100.875 -68.2893 29.8481
    endloop
  endfacet
  facet normal 5.84912e-05 -0.115241 0.993338
    outer loop
      vertex 100.875 -68.2893 29.8481
      vertex 98.6699 -67.5 29.9398
      vertex 100.78 -68.5669 29.8159
    endloop
  endfacet
  facet normal 0.00212447 -0.111208 0.993795
    outer loop
      vertex 100.78 -68.5669 29.8159
      vertex 98.6699 -67.5 29.9398
      vertex 100.778 -68.5723 29.8153
    endloop
  endfacet
  facet normal 4.12004e-05 -0.115289 0.993332
    outer loop
      vertex 98.6699 -67.5 29.9398
      vertex 100.875 -68.2893 29.8481
      vertex 99.0332 -66.9562 30.0029
    endloop
  endfacet
  facet normal 1 -0 0
    outer loop
      vertex 110 -77.5 28.7785
      vertex 110 77.5 0
      vertex 110 77.5 46.7785
    endloop
  endfacet
  facet normal 1 0 0
    outer loop
      vertex 110 77.5 0
      vertex 110 -77.5 28.7785
      vertex 110 -77.5 0
    endloop
  endfacet
  facet normal 0 1 0
    outer loop
      vertex -29.9194 77.5 18.4194
      vertex -46.0432 77.5 17.4701
      vertex -46.5 77.5 17.5
    endloop
  endfacet
  facet normal 0 1 0
    outer loop
      vertex -29.9194 77.5 18.4194
      vertex -45.5941 77.5 17.3807
      vertex -46.0432 77.5 17.4701
    endloop
  endfacet
  facet normal 0 1 0
    outer loop
      vertex -29.9194 77.5 18.4194
      vertex -45.1606 77.5 17.2336
      vertex -45.5941 77.5 17.3807
    endloop
  endfacet
  facet normal 0 1 0
    outer loop
      vertex -44.0251 77.5 16.4749
      vertex -30.4585 77.5 17.8048
      vertex -30.9127 77.5 17.125
    endloop
  endfacet
  facet normal 0 1 0
    outer loop
      vertex -29.9194 77.5 18.4194
      vertex -44.75 77.5 17.0311
      vertex -45.1606 77.5 17.2336
    endloop
  endfacet
  facet normal 0 1 0
    outer loop
      vertex -29.9194 77.5 18.4194
      vertex -44.3693 77.5 16.7767
      vertex -44.75 77.5 17.0311
    endloop
  endfacet
  facet normal 0 1 0
    outer loop
      vertex -30.4585 77.5 17.8048
      vertex -44.0251 77.5 16.4749
      vertex -44.3693 77.5 16.7767
    endloop
  endfacet
  facet normal 0 1 0
    outer loop
      vertex -43.7233 77.5 16.1307
      vertex -30.9127 77.5 17.125
      vertex -31.2742 77.5 16.3918
    endloop
  endfacet
  facet normal 0 1 0
    outer loop
      vertex -30.9127 77.5 17.125
      vertex -43.7233 77.5 16.1307
      vertex -44.0251 77.5 16.4749
    endloop
  endfacet
  facet normal 0 1 0
    outer loop
      vertex -31.2742 77.5 16.3918
      vertex -43.4689 77.5 15.75
      vertex -43.7233 77.5 16.1307
    endloop
  endfacet
  facet normal 0 1 0
    outer loop
      vertex -43.2664 77.5 15.3394
      vertex -31.2742 77.5 16.3918
      vertex -31.537 77.5 15.6176
    endloop
  endfacet
  facet normal 0 1 0
    outer loop
      vertex -31.2742 77.5 16.3918
      vertex -43.2664 77.5 15.3394
      vertex -43.4689 77.5 15.75
    endloop
  endfacet
  facet normal 0 1 0
    outer loop
      vertex -31.537 77.5 15.6176
      vertex -43.1193 77.5 14.9059
      vertex -43.2664 77.5 15.3394
    endloop
  endfacet
  facet normal 0 1 -0
    outer loop
      vertex -31.6965 77.5 14.8158
      vertex -43.1193 77.5 14.9059
      vertex -31.537 77.5 15.6176
    endloop
  endfacet
  facet normal 0 1 0
    outer loop
      vertex -31.6965 77.5 14.8158
      vertex -43.0299 77.5 14.4568
      vertex -43.1193 77.5 14.9059
    endloop
  endfacet
  facet normal 0 1 -0
    outer loop
      vertex -31.75 77.5 14
      vertex -43.0299 77.5 14.4568
      vertex -31.6965 77.5 14.8158
    endloop
  endfacet
  facet normal 0 1 0
    outer loop
      vertex -31.75 77.5 14
      vertex -43 77.5 14
      vertex -43.0299 77.5 14.4568
    endloop
  endfacet
  facet normal 0 1 0
    outer loop
      vertex -31.75 77.5 14
      vertex -43.0299 77.5 13.5432
      vertex -43 77.5 14
    endloop
  endfacet
  facet normal 0 1 0
    outer loop
      vertex -31.6965 77.5 13.1842
      vertex -43.0299 77.5 13.5432
      vertex -31.75 77.5 14
    endloop
  endfacet
  facet normal 0 1 0
    outer loop
      vertex -31.6965 77.5 13.1842
      vertex -43.1193 77.5 13.0941
      vertex -43.0299 77.5 13.5432
    endloop
  endfacet
  facet normal 0 1 0
    outer loop
      vertex -31.537 77.5 12.3824
      vertex -43.1193 77.5 13.0941
      vertex -31.6965 77.5 13.1842
    endloop
  endfacet
  facet normal 0 1 0
    outer loop
      vertex -43.1193 77.5 13.0941
      vertex -31.537 77.5 12.3824
      vertex -43.2664 77.5 12.6606
    endloop
  endfacet
  facet normal 0 1 0
    outer loop
      vertex -31.2742 77.5 11.6082
      vertex -43.2664 77.5 12.6606
      vertex -31.537 77.5 12.3824
    endloop
  endfacet
  facet normal 0 1 0
    outer loop
      vertex -43.2664 77.5 12.6606
      vertex -31.2742 77.5 11.6082
      vertex -43.4689 77.5 12.25
    endloop
  endfacet
  facet normal 0 1 0
    outer loop
      vertex -43.4689 77.5 12.25
      vertex -31.2742 77.5 11.6082
      vertex -43.7233 77.5 11.8693
    endloop
  endfacet
  facet normal 0 1 0
    outer loop
      vertex -30.9127 77.5 10.875
      vertex -43.7233 77.5 11.8693
      vertex -31.2742 77.5 11.6082
    endloop
  endfacet
  facet normal 0 1 0
    outer loop
      vertex -43.7233 77.5 11.8693
      vertex -30.9127 77.5 10.875
      vertex -44.0251 77.5 11.5251
    endloop
  endfacet
  facet normal 0 1 0
    outer loop
      vertex -30.4585 77.5 10.1952
      vertex -44.0251 77.5 11.5251
      vertex -30.9127 77.5 10.875
    endloop
  endfacet
  facet normal 0 1 0
    outer loop
      vertex -44.0251 77.5 11.5251
      vertex -30.4585 77.5 10.1952
      vertex -44.3693 77.5 11.2233
    endloop
  endfacet
  facet normal 0 1 0
    outer loop
      vertex -29.9194 77.5 9.58058
      vertex -44.3693 77.5 11.2233
      vertex -30.4585 77.5 10.1952
    endloop
  endfacet
  facet normal 0 1 0
    outer loop
      vertex -44.3693 77.5 11.2233
      vertex -29.9194 77.5 9.58058
      vertex -44.75 77.5 10.9689
    endloop
  endfacet
  facet normal 0 1 0
    outer loop
      vertex -29.3048 77.5 9.04154
      vertex -44.75 77.5 10.9689
      vertex -29.9194 77.5 9.58058
    endloop
  endfacet
  facet normal 0 1 0
    outer loop
      vertex -44.75 77.5 10.9689
      vertex -29.3048 77.5 9.04154
      vertex -45.1606 77.5 10.7664
    endloop
  endfacet
  facet normal 0 1 0
    outer loop
      vertex -28.625 77.5 8.58734
      vertex -45.1606 77.5 10.7664
      vertex -29.3048 77.5 9.04154
    endloop
  endfacet
  facet normal 0 1 0
    outer loop
      vertex -44.3693 77.5 16.7767
      vertex -29.9194 77.5 18.4194
      vertex -30.4585 77.5 17.8048
    endloop
  endfacet
  facet normal 0 1 0
    outer loop
      vertex -29.9194 77.5 18.4194
      vertex -46.5 77.5 17.5
      vertex -67.5 77.5 18
    endloop
  endfacet
  facet normal 0 1 -0
    outer loop
      vertex -46.9568 77.5 17.4701
      vertex -67.5 77.5 18
      vertex -46.5 77.5 17.5
    endloop
  endfacet
  facet normal 0 1 -0
    outer loop
      vertex -47.4059 77.5 17.3807
      vertex -67.5 77.5 18
      vertex -46.9568 77.5 17.4701
    endloop
  endfacet
  facet normal 0 1 -0
    outer loop
      vertex -47.8394 77.5 17.2336
      vertex -67.5 77.5 18
      vertex -47.4059 77.5 17.3807
    endloop
  endfacet
  facet normal 0 1 -0
    outer loop
      vertex -48.25 77.5 17.0311
      vertex -67.5 77.5 18
      vertex -47.8394 77.5 17.2336
    endloop
  endfacet
  facet normal 0 1 -0
    outer loop
      vertex -48.6307 77.5 16.7767
      vertex -67.5 77.5 18
      vertex -48.25 77.5 17.0311
    endloop
  endfacet
  facet normal 0 1 -0
    outer loop
      vertex -48.9749 77.5 16.4749
      vertex -67.5 77.5 18
      vertex -48.6307 77.5 16.7767
    endloop
  endfacet
  facet normal 0 1 -0
    outer loop
      vertex -49.2767 77.5 16.1307
      vertex -67.5 77.5 18
      vertex -48.9749 77.5 16.4749
    endloop
  endfacet
  facet normal 0 1 -0
    outer loop
      vertex -49.5311 77.5 15.75
      vertex -67.5 77.5 18
      vertex -49.2767 77.5 16.1307
    endloop
  endfacet
  facet normal 0 1 -0
    outer loop
      vertex -49.7336 77.5 15.3394
      vertex -67.5 77.5 18
      vertex -49.5311 77.5 15.75
    endloop
  endfacet
  facet normal 0 1 -0
    outer loop
      vertex -49.8807 77.5 14.9059
      vertex -67.5 77.5 18
      vertex -49.7336 77.5 15.3394
    endloop
  endfacet
  facet normal 0 1 -0
    outer loop
      vertex -49.9701 77.5 14.4568
      vertex -67.5 77.5 18
      vertex -49.8807 77.5 14.9059
    endloop
  endfacet
  facet normal 0 1 -0
    outer loop
      vertex -50 77.5 14
      vertex -67.5 77.5 18
      vertex -49.9701 77.5 14.4568
    endloop
  endfacet
  facet normal 0 1 0
    outer loop
      vertex -67.5 77.5 10
      vertex -50 77.5 14
      vertex -49.9701 77.5 13.5432
    endloop
  endfacet
  facet normal 0 1 0
    outer loop
      vertex -67.5 77.5 10
      vertex -49.9701 77.5 13.5432
      vertex -49.8807 77.5 13.0941
    endloop
  endfacet
  facet normal 0 1 0
    outer loop
      vertex -67.5 77.5 10
      vertex -49.8807 77.5 13.0941
      vertex -49.7336 77.5 12.6606
    endloop
  endfacet
  facet normal 0 1 0
    outer loop
      vertex -67.5 77.5 10
      vertex -49.7336 77.5 12.6606
      vertex -49.5311 77.5 12.25
    endloop
  endfacet
  facet normal 0 1 0
    outer loop
      vertex -67.5 77.5 10
      vertex -49.5311 77.5 12.25
      vertex -49.2767 77.5 11.8693
    endloop
  endfacet
  facet normal 0 1 0
    outer loop
      vertex -67.5 77.5 10
      vertex -49.2767 77.5 11.8693
      vertex -48.9749 77.5 11.5251
    endloop
  endfacet
  facet normal 0 1 0
    outer loop
      vertex -67.5 77.5 10
      vertex -48.9749 77.5 11.5251
      vertex -48.6307 77.5 11.2233
    endloop
  endfacet
  facet normal 0 1 0
    outer loop
      vertex -67.5 77.5 10
      vertex -48.6307 77.5 11.2233
      vertex -48.25 77.5 10.9689
    endloop
  endfacet
  facet normal 0 1 0
    outer loop
      vertex -67.5 77.5 10
      vertex -48.25 77.5 10.9689
      vertex -47.8394 77.5 10.7664
    endloop
  endfacet
  facet normal 0 1 0
    outer loop
      vertex -50 77.5 14
      vertex -67.5 77.5 10
      vertex -67.5 77.5 18
    endloop
  endfacet
  facet normal 0 1 0
    outer loop
      vertex -47.4059 77.5 10.6193
      vertex -67.5 77.5 10
      vertex -47.8394 77.5 10.7664
    endloop
  endfacet
  facet normal 0 1 0
    outer loop
      vertex -46.9568 77.5 10.5299
      vertex -67.5 77.5 10
      vertex -47.4059 77.5 10.6193
    endloop
  endfacet
  facet normal 0 1 0
    outer loop
      vertex -46.5 77.5 10.5
      vertex -67.5 77.5 10
      vertex -46.9568 77.5 10.5299
    endloop
  endfacet
  facet normal 0 1 0
    outer loop
      vertex -45.1606 77.5 10.7664
      vertex -28.625 77.5 8.58734
      vertex -45.5941 77.5 10.6193
    endloop
  endfacet
  facet normal 0 1 0
    outer loop
      vertex -45.5941 77.5 10.6193
      vertex -27.8918 77.5 8.22575
      vertex -46.0432 77.5 10.5299
    endloop
  endfacet
  facet normal 0 1 0
    outer loop
      vertex -27.8918 77.5 8.22575
      vertex -45.5941 77.5 10.6193
      vertex -28.625 77.5 8.58734
    endloop
  endfacet
  facet normal 0 1 -0
    outer loop
      vertex -24.6842 77.5 20.1965
      vertex -110 77.5 46.7785
      vertex 110 77.5 46.7785
    endloop
  endfacet
  facet normal 0 1 0
    outer loop
      vertex -110 77.5 46.7785
      vertex -24.6842 77.5 20.1965
      vertex -25.5 77.5 20.25
    endloop
  endfacet
  facet normal 0 1 0
    outer loop
      vertex 110 77.5 46.7785
      vertex -23.8824 77.5 20.037
      vertex -24.6842 77.5 20.1965
    endloop
  endfacet
  facet normal 0 1 0
    outer loop
      vertex 110 77.5 46.7785
      vertex -23.1082 77.5 19.7742
      vertex -23.8824 77.5 20.037
    endloop
  endfacet
  facet normal 0 1 0
    outer loop
      vertex 110 77.5 46.7785
      vertex -22.375 77.5 19.4127
      vertex -23.1082 77.5 19.7742
    endloop
  endfacet
  facet normal 0 1 0
    outer loop
      vertex 110 77.5 46.7785
      vertex -21.6952 77.5 18.9585
      vertex -22.375 77.5 19.4127
    endloop
  endfacet
  facet normal 0 1 0
    outer loop
      vertex 110 77.5 46.7785
      vertex -21.0806 77.5 18.4194
      vertex -21.6952 77.5 18.9585
    endloop
  endfacet
  facet normal 0 1 0
    outer loop
      vertex 110 77.5 46.7785
      vertex -20.5415 77.5 17.8048
      vertex -21.0806 77.5 18.4194
    endloop
  endfacet
  facet normal 0 1 0
    outer loop
      vertex 110 77.5 46.7785
      vertex -20.0873 77.5 17.125
      vertex -20.5415 77.5 17.8048
    endloop
  endfacet
  facet normal 0 1 0
    outer loop
      vertex 110 77.5 46.7785
      vertex -19.7258 77.5 16.3918
      vertex -20.0873 77.5 17.125
    endloop
  endfacet
  facet normal 0 1 0
    outer loop
      vertex 110 77.5 46.7785
      vertex -19.463 77.5 15.6176
      vertex -19.7258 77.5 16.3918
    endloop
  endfacet
  facet normal 0 1 0
    outer loop
      vertex 110 77.5 46.7785
      vertex -19.3035 77.5 14.8158
      vertex -19.463 77.5 15.6176
    endloop
  endfacet
  facet normal 0 1 -0
    outer loop
      vertex 110 77.5 0
      vertex -19.3035 77.5 14.8158
      vertex 110 77.5 46.7785
    endloop
  endfacet
  facet normal 0 1 0
    outer loop
      vertex -19.3035 77.5 14.8158
      vertex 110 77.5 0
      vertex -19.25 77.5 14
    endloop
  endfacet
  facet normal 0 1 0
    outer loop
      vertex -19.25 77.5 14
      vertex 110 77.5 0
      vertex -19.3035 77.5 13.1842
    endloop
  endfacet
  facet normal 0 1 0
    outer loop
      vertex -19.3035 77.5 13.1842
      vertex 110 77.5 0
      vertex -19.463 77.5 12.3824
    endloop
  endfacet
  facet normal 0 1 0
    outer loop
      vertex -19.463 77.5 12.3824
      vertex 110 77.5 0
      vertex -19.7258 77.5 11.6082
    endloop
  endfacet
  facet normal 0 1 0
    outer loop
      vertex -19.7258 77.5 11.6082
      vertex 110 77.5 0
      vertex -20.0873 77.5 10.875
    endloop
  endfacet
  facet normal 0 1 0
    outer loop
      vertex -20.0873 77.5 10.875
      vertex 110 77.5 0
      vertex -20.5415 77.5 10.1952
    endloop
  endfacet
  facet normal 0 1 0
    outer loop
      vertex -20.5415 77.5 10.1952
      vertex 110 77.5 0
      vertex -21.0806 77.5 9.58058
    endloop
  endfacet
  facet normal 0 1 0
    outer loop
      vertex -21.0806 77.5 9.58058
      vertex 110 77.5 0
      vertex -21.6952 77.5 9.04154
    endloop
  endfacet
  facet normal 0 1 0
    outer loop
      vertex -21.6952 77.5 9.04154
      vertex 110 77.5 0
      vertex -22.375 77.5 8.58734
    endloop
  endfacet
  facet normal 0 1 0
    outer loop
      vertex -22.375 77.5 8.58734
      vertex 110 77.5 0
      vertex -23.1082 77.5 8.22575
    endloop
  endfacet
  facet normal 0 1 0
    outer loop
      vertex -24.6842 77.5 7.80347
      vertex 110 77.5 0
      vertex -25.5 77.5 7.75
    endloop
  endfacet
  facet normal 0 1 0
    outer loop
      vertex -23.8824 77.5 7.96296
      vertex 110 77.5 0
      vertex -24.6842 77.5 7.80347
    endloop
  endfacet
  facet normal 0 1 0
    outer loop
      vertex -23.1082 77.5 8.22575
      vertex 110 77.5 0
      vertex -23.8824 77.5 7.96296
    endloop
  endfacet
  facet normal 0 1 -0
    outer loop
      vertex -26.3158 77.5 20.1965
      vertex -110 77.5 46.7785
      vertex -25.5 77.5 20.25
    endloop
  endfacet
  facet normal 0 1 -0
    outer loop
      vertex -27.1176 77.5 20.037
      vertex -110 77.5 46.7785
      vertex -26.3158 77.5 20.1965
    endloop
  endfacet
  facet normal 0 1 -0
    outer loop
      vertex -27.8918 77.5 19.7742
      vertex -110 77.5 46.7785
      vertex -27.1176 77.5 20.037
    endloop
  endfacet
  facet normal 0 1 0
    outer loop
      vertex -67.5 77.5 18
      vertex -27.8918 77.5 19.7742
      vertex -28.625 77.5 19.4127
    endloop
  endfacet
  facet normal 0 1 0
    outer loop
      vertex -67.5 77.5 18
      vertex -28.625 77.5 19.4127
      vertex -29.3048 77.5 18.9585
    endloop
  endfacet
  facet normal 0 1 0
    outer loop
      vertex -67.5 77.5 18
      vertex -29.3048 77.5 18.9585
      vertex -29.9194 77.5 18.4194
    endloop
  endfacet
  facet normal 0 1 0
    outer loop
      vertex -27.8918 77.5 19.7742
      vertex -67.5 77.5 18
      vertex -110 77.5 46.7785
    endloop
  endfacet
  facet normal 0 1 -0
    outer loop
      vertex -81.5 77.5 18
      vertex -110 77.5 46.7785
      vertex -67.5 77.5 18
    endloop
  endfacet
  facet normal 0 1 0
    outer loop
      vertex -110 77.5 0
      vertex -81.5 77.5 18
      vertex -81.5 77.5 10
    endloop
  endfacet
  facet normal 0 1 0
    outer loop
      vertex -46.0432 77.5 10.5299
      vertex -27.8918 77.5 8.22575
      vertex -46.5 77.5 10.5
    endloop
  endfacet
  facet normal 0 1 0
    outer loop
      vertex -27.1176 77.5 7.96296
      vertex -46.5 77.5 10.5
      vertex -27.8918 77.5 8.22575
    endloop
  endfacet
  facet normal 0 1 0
    outer loop
      vertex -46.5 77.5 10.5
      vertex -27.1176 77.5 7.96296
      vertex -67.5 77.5 10
    endloop
  endfacet
  facet normal 0 1 0
    outer loop
      vertex -110 77.5 0
      vertex -67.5 77.5 10
      vertex -27.1176 77.5 7.96296
    endloop
  endfacet
  facet normal 0 1 0
    outer loop
      vertex -110 77.5 0
      vertex -27.1176 77.5 7.96296
      vertex -26.3158 77.5 7.80347
    endloop
  endfacet
  facet normal 0 1 0
    outer loop
      vertex -110 77.5 0
      vertex -26.3158 77.5 7.80347
      vertex -25.5 77.5 7.75
    endloop
  endfacet
  facet normal 0 1 0
    outer loop
      vertex -110 77.5 0
      vertex -25.5 77.5 7.75
      vertex 110 77.5 0
    endloop
  endfacet
  facet normal 0 1 0
    outer loop
      vertex -81.5 77.5 18
      vertex -110 77.5 0
      vertex -110 77.5 46.7785
    endloop
  endfacet
  facet normal 0 1 0
    outer loop
      vertex -67.5 77.5 10
      vertex -110 77.5 0
      vertex -81.5 77.5 10
    endloop
  endfacet
  facet normal 0 0 1
    outer loop
      vertex -99.0332 66.9562 3
      vertex -3.96677 66.9562 3
      vertex -98.6699 67.5 3
    endloop
  endfacet
  facet normal 0 0 1
    outer loop
      vertex -3.04381 -66.0332 3
      vertex -98.0428 -69.3474 3
      vertex -98 -70 3
    endloop
  endfacet
  facet normal 0 0 1
    outer loop
      vertex -3.96677 66.9562 3
      vertex -99.0332 66.9562 3
      vertex -3.53553 66.4645 3
    endloop
  endfacet
  facet normal 0 0 1
    outer loop
      vertex -3.04381 -66.0332 3
      vertex -98.1704 -68.7059 3
      vertex -98.0428 -69.3474 3
    endloop
  endfacet
  facet normal 0 0 1
    outer loop
      vertex -99.4645 66.4645 3
      vertex -3.53553 66.4645 3
      vertex -99.0332 66.9562 3
    endloop
  endfacet
  facet normal 0 0 1
    outer loop
      vertex -3.04381 -66.0332 3
      vertex -98.3806 -68.0866 3
      vertex -98.1704 -68.7059 3
    endloop
  endfacet
  facet normal 0 0 1
    outer loop
      vertex -3.53553 66.4645 3
      vertex -99.4645 66.4645 3
      vertex -3.04381 66.0332 3
    endloop
  endfacet
  facet normal 0 0 1
    outer loop
      vertex -3.04381 -66.0332 3
      vertex -98.6699 -67.5 3
      vertex -98.3806 -68.0866 3
    endloop
  endfacet
  facet normal 0 0 1
    outer loop
      vertex -99.9562 66.0332 3
      vertex -3.04381 66.0332 3
      vertex -99.4645 66.4645 3
    endloop
  endfacet
  facet normal 0 0 1
    outer loop
      vertex -3.04381 -66.0332 3
      vertex -99.0332 -66.9562 3
      vertex -98.6699 -67.5 3
    endloop
  endfacet
  facet normal 0 0 1
    outer loop
      vertex -3.04381 66.0332 3
      vertex -99.9562 66.0332 3
      vertex -3.04381 -66.0332 3
    endloop
  endfacet
  facet normal 0 0 1
    outer loop
      vertex -3.04381 -66.0332 3
      vertex -99.4645 -66.4645 3
      vertex -99.0332 -66.9562 3
    endloop
  endfacet
  facet normal 0 0 1
    outer loop
      vertex -99.9562 -66.0332 3
      vertex -3.04381 -66.0332 3
      vertex -99.9562 66.0332 3
    endloop
  endfacet
  facet normal 0 0 1
    outer loop
      vertex -3.04381 -66.0332 3
      vertex -99.9562 -66.0332 3
      vertex -99.4645 -66.4645 3
    endloop
  endfacet
  facet normal -0 0 1
    outer loop
      vertex -100.5 65.6699 3
      vertex -99.9562 -66.0332 3
      vertex -99.9562 66.0332 3
    endloop
  endfacet
  facet normal 0 0 1
    outer loop
      vertex -100.5 65.6699 3
      vertex -100.5 -65.6699 3
      vertex -99.9562 -66.0332 3
    endloop
  endfacet
  facet normal -0 0 1
    outer loop
      vertex -101.087 65.3806 3
      vertex -100.5 -65.6699 3
      vertex -100.5 65.6699 3
    endloop
  endfacet
  facet normal 0 0 1
    outer loop
      vertex -101.087 65.3806 3
      vertex -101.087 -65.3806 3
      vertex -100.5 -65.6699 3
    endloop
  endfacet
  facet normal -0 0 1
    outer loop
      vertex -101.706 65.1704 3
      vertex -101.087 -65.3806 3
      vertex -101.087 65.3806 3
    endloop
  endfacet
  facet normal 0 0 1
    outer loop
      vertex -101.706 65.1704 3
      vertex -101.706 -65.1704 3
      vertex -101.087 -65.3806 3
    endloop
  endfacet
  facet normal -0 0 1
    outer loop
      vertex -102.347 65.0428 3
      vertex -101.706 -65.1704 3
      vertex -101.706 65.1704 3
    endloop
  endfacet
  facet normal 0 0 1
    outer loop
      vertex -102.347 65.0428 3
      vertex -102.347 -65.0428 3
      vertex -101.706 -65.1704 3
    endloop
  endfacet
  facet normal -0 0 1
    outer loop
      vertex -103 65 3
      vertex -102.347 -65.0428 3
      vertex -102.347 65.0428 3
    endloop
  endfacet
  facet normal 0 0 1
    outer loop
      vertex -103 65 3
      vertex -103 -65 3
      vertex -102.347 -65.0428 3
    endloop
  endfacet
  facet normal 0 0 1
    outer loop
      vertex -103.653 65.0428 3
      vertex -103 -65 3
      vertex -103 65 3
    endloop
  endfacet
  facet normal 0 0 1
    outer loop
      vertex -103.653 65.0428 3
      vertex -103.653 -65.0428 3
      vertex -103 -65 3
    endloop
  endfacet
  facet normal 0 0 1
    outer loop
      vertex -104.294 65.1704 3
      vertex -103.653 -65.0428 3
      vertex -103.653 65.0428 3
    endloop
  endfacet
  facet normal 0 0 1
    outer loop
      vertex -104.294 65.1704 3
      vertex -104.294 -65.1704 3
      vertex -103.653 -65.0428 3
    endloop
  endfacet
  facet normal 0 0 1
    outer loop
      vertex -104.913 65.3806 3
      vertex -104.294 -65.1704 3
      vertex -104.294 65.1704 3
    endloop
  endfacet
  facet normal 0 0 1
    outer loop
      vertex -104.913 65.3806 3
      vertex -104.913 -65.3806 3
      vertex -104.294 -65.1704 3
    endloop
  endfacet
  facet normal 0 0 1
    outer loop
      vertex -105.2 65.5219 3
      vertex -104.913 -65.3806 3
      vertex -104.913 65.3806 3
    endloop
  endfacet
  facet normal 0 0 1
    outer loop
      vertex -104.913 -65.3806 3
      vertex -105.2 65.5219 3
      vertex -105.2 -65.5219 3
    endloop
  endfacet
  facet normal 0 0 1
    outer loop
      vertex -4.82963 -68.7059 3
      vertex -98 -70 3
      vertex -4.95722 -69.3474 3
    endloop
  endfacet
  facet normal 0 0 1
    outer loop
      vertex -4.95722 70.6526 3
      vertex -98 70 3
      vertex -5 70 3
    endloop
  endfacet
  facet normal 0 0 1
    outer loop
      vertex -98.0428 70.6526 3
      vertex -4.95722 70.6526 3
      vertex -4.82963 71.2941 3
    endloop
  endfacet
  facet normal 0 0 1
    outer loop
      vertex -98.1704 71.2941 3
      vertex -4.82963 71.2941 3
      vertex -4.6194 71.9134 3
    endloop
  endfacet
  facet normal 0 0 1
    outer loop
      vertex -98.3806 71.9134 3
      vertex -4.6194 71.9134 3
      vertex -4.33013 72.5 3
    endloop
  endfacet
  facet normal 0 0 1
    outer loop
      vertex -98.6699 72.5 3
      vertex -4.33013 72.5 3
      vertex -4.19649 72.7 3
    endloop
  endfacet
  facet normal 0 0 1
    outer loop
      vertex -4.95722 70.6526 3
      vertex -98.0428 70.6526 3
      vertex -98 70 3
    endloop
  endfacet
  facet normal 0 0 1
    outer loop
      vertex -4.82963 71.2941 3
      vertex -98.1704 71.2941 3
      vertex -98.0428 70.6526 3
    endloop
  endfacet
  facet normal 0 0 1
    outer loop
      vertex -4.6194 71.9134 3
      vertex -98.3806 71.9134 3
      vertex -98.1704 71.2941 3
    endloop
  endfacet
  facet normal 0 0 1
    outer loop
      vertex -4.33013 72.5 3
      vertex -98.6699 72.5 3
      vertex -98.3806 71.9134 3
    endloop
  endfacet
  facet normal 0 -0 1
    outer loop
      vertex -98.6699 72.5 3
      vertex -4.19649 72.7 3
      vertex -98.8035 72.7 3
    endloop
  endfacet
  facet normal 0 0 1
    outer loop
      vertex 3.96677 66.9562 3
      vertex 99.0332 66.9562 3
      vertex 4.33013 67.5 3
    endloop
  endfacet
  facet normal 0 0 1
    outer loop
      vertex 99.9562 -66.0332 3
      vertex 4.95722 -69.3474 3
      vertex 5 -70 3
    endloop
  endfacet
  facet normal 0 0 1
    outer loop
      vertex 99.0332 66.9562 3
      vertex 3.96677 66.9562 3
      vertex 99.4645 66.4645 3
    endloop
  endfacet
  facet normal 0 0 1
    outer loop
      vertex 99.9562 -66.0332 3
      vertex 4.82963 -68.7059 3
      vertex 4.95722 -69.3474 3
    endloop
  endfacet
  facet normal 0 0 1
    outer loop
      vertex 3.53553 66.4645 3
      vertex 99.4645 66.4645 3
      vertex 3.96677 66.9562 3
    endloop
  endfacet
  facet normal 0 0 1
    outer loop
      vertex 99.9562 -66.0332 3
      vertex 4.6194 -68.0866 3
      vertex 4.82963 -68.7059 3
    endloop
  endfacet
  facet normal 0 0 1
    outer loop
      vertex 99.4645 66.4645 3
      vertex 3.53553 66.4645 3
      vertex 99.9562 66.0332 3
    endloop
  endfacet
  facet normal 0 0 1
    outer loop
      vertex 99.9562 -66.0332 3
      vertex 4.33013 -67.5 3
      vertex 4.6194 -68.0866 3
    endloop
  endfacet
  facet normal 0 0 1
    outer loop
      vertex 3.04381 66.0332 3
      vertex 99.9562 66.0332 3
      vertex 3.53553 66.4645 3
    endloop
  endfacet
  facet normal 0 0 1
    outer loop
      vertex 99.9562 -66.0332 3
      vertex 3.96677 -66.9562 3
      vertex 4.33013 -67.5 3
    endloop
  endfacet
  facet normal 0 0 1
    outer loop
      vertex 99.9562 66.0332 3
      vertex 3.04381 66.0332 3
      vertex 99.9562 -66.0332 3
    endloop
  endfacet
  facet normal 0 0 1
    outer loop
      vertex 99.9562 -66.0332 3
      vertex 3.53553 -66.4645 3
      vertex 3.96677 -66.9562 3
    endloop
  endfacet
  facet normal 0 0 1
    outer loop
      vertex 3.04381 -66.0332 3
      vertex 99.9562 -66.0332 3
      vertex 3.04381 66.0332 3
    endloop
  endfacet
  facet normal 0 0 1
    outer loop
      vertex 99.9562 -66.0332 3
      vertex 3.04381 -66.0332 3
      vertex 3.53553 -66.4645 3
    endloop
  endfacet
  facet normal -0 0 1
    outer loop
      vertex 2.5 65.6699 3
      vertex 3.04381 -66.0332 3
      vertex 3.04381 66.0332 3
    endloop
  endfacet
  facet normal 0 0 1
    outer loop
      vertex 2.5 65.6699 3
      vertex 2.5 -65.6699 3
      vertex 3.04381 -66.0332 3
    endloop
  endfacet
  facet normal -0 0 1
    outer loop
      vertex 1.91342 65.3806 3
      vertex 2.5 -65.6699 3
      vertex 2.5 65.6699 3
    endloop
  endfacet
  facet normal 0 0 1
    outer loop
      vertex 1.91342 65.3806 3
      vertex 1.91342 -65.3806 3
      vertex 2.5 -65.6699 3
    endloop
  endfacet
  facet normal -0 0 1
    outer loop
      vertex 1.2941 65.1704 3
      vertex 1.91342 -65.3806 3
      vertex 1.91342 65.3806 3
    endloop
  endfacet
  facet normal 0 0 1
    outer loop
      vertex 1.2941 65.1704 3
      vertex 1.2941 -65.1704 3
      vertex 1.91342 -65.3806 3
    endloop
  endfacet
  facet normal -0 0 1
    outer loop
      vertex 0.652631 65.0428 3
      vertex 1.2941 -65.1704 3
      vertex 1.2941 65.1704 3
    endloop
  endfacet
  facet normal 0 0 1
    outer loop
      vertex 0.652631 65.0428 3
      vertex 0.652631 -65.0428 3
      vertex 1.2941 -65.1704 3
    endloop
  endfacet
  facet normal -0 0 1
    outer loop
      vertex 0 65 3
      vertex 0.652631 -65.0428 3
      vertex 0.652631 65.0428 3
    endloop
  endfacet
  facet normal 0 0 1
    outer loop
      vertex 0 65 3
      vertex 0 -65 3
      vertex 0.652631 -65.0428 3
    endloop
  endfacet
  facet normal 0 0 1
    outer loop
      vertex -0.652631 65.0428 3
      vertex 0 -65 3
      vertex 0 65 3
    endloop
  endfacet
  facet normal 0 0 1
    outer loop
      vertex -0.652631 65.0428 3
      vertex -0.652631 -65.0428 3
      vertex 0 -65 3
    endloop
  endfacet
  facet normal 0 0 1
    outer loop
      vertex -1.2941 65.1704 3
      vertex -0.652631 -65.0428 3
      vertex -0.652631 65.0428 3
    endloop
  endfacet
  facet normal 0 0 1
    outer loop
      vertex -1.2941 65.1704 3
      vertex -1.2941 -65.1704 3
      vertex -0.652631 -65.0428 3
    endloop
  endfacet
  facet normal 0 0 1
    outer loop
      vertex -1.91342 65.3806 3
      vertex -1.2941 -65.1704 3
      vertex -1.2941 65.1704 3
    endloop
  endfacet
  facet normal 0 0 1
    outer loop
      vertex -1.91342 65.3806 3
      vertex -1.91342 -65.3806 3
      vertex -1.2941 -65.1704 3
    endloop
  endfacet
  facet normal 0 0 1
    outer loop
      vertex -2.5 65.6699 3
      vertex -1.91342 -65.3806 3
      vertex -1.91342 65.3806 3
    endloop
  endfacet
  facet normal 0 0 1
    outer loop
      vertex -2.5 65.6699 3
      vertex -2.5 -65.6699 3
      vertex -1.91342 -65.3806 3
    endloop
  endfacet
  facet normal 0 0 1
    outer loop
      vertex -3.04381 66.0332 3
      vertex -2.5 -65.6699 3
      vertex -2.5 65.6699 3
    endloop
  endfacet
  facet normal 0 0 1
    outer loop
      vertex -3.04381 66.0332 3
      vertex -3.04381 -66.0332 3
      vertex -2.5 -65.6699 3
    endloop
  endfacet
  facet normal 0 0 1
    outer loop
      vertex -4.6194 68.0866 3
      vertex -98.3806 68.0866 3
      vertex -4.33013 67.5 3
    endloop
  endfacet
  facet normal 0 0 1
    outer loop
      vertex -98.6699 67.5 3
      vertex -4.33013 67.5 3
      vertex -98.3806 68.0866 3
    endloop
  endfacet
  facet normal 0 0 1
    outer loop
      vertex -98.3806 68.0866 3
      vertex -4.6194 68.0866 3
      vertex -98.1704 68.7059 3
    endloop
  endfacet
  facet normal 0 0 1
    outer loop
      vertex -4.33013 67.5 3
      vertex -98.6699 67.5 3
      vertex -3.96677 66.9562 3
    endloop
  endfacet
  facet normal 0 0 1
    outer loop
      vertex -4.82963 68.7059 3
      vertex -98.1704 68.7059 3
      vertex -4.6194 68.0866 3
    endloop
  endfacet
  facet normal 0 0 1
    outer loop
      vertex -3.04381 -66.0332 3
      vertex -98 -70 3
      vertex -3.53553 -66.4645 3
    endloop
  endfacet
  facet normal 0 0 1
    outer loop
      vertex -98.1704 68.7059 3
      vertex -4.82963 68.7059 3
      vertex -98.0428 69.3474 3
    endloop
  endfacet
  facet normal 0 0 1
    outer loop
      vertex -3.53553 -66.4645 3
      vertex -98 -70 3
      vertex -3.96677 -66.9562 3
    endloop
  endfacet
  facet normal 0 0 1
    outer loop
      vertex -4.95722 69.3474 3
      vertex -98.0428 69.3474 3
      vertex -4.82963 68.7059 3
    endloop
  endfacet
  facet normal 0 0 1
    outer loop
      vertex -3.96677 -66.9562 3
      vertex -98 -70 3
      vertex -4.33013 -67.5 3
    endloop
  endfacet
  facet normal 0 0 1
    outer loop
      vertex -98.0428 69.3474 3
      vertex -4.95722 69.3474 3
      vertex -98 70 3
    endloop
  endfacet
  facet normal 0 0 1
    outer loop
      vertex -4.33013 -67.5 3
      vertex -98 -70 3
      vertex -4.6194 -68.0866 3
    endloop
  endfacet
  facet normal -0 0 1
    outer loop
      vertex -98 70 3
      vertex -4.95722 69.3474 3
      vertex -5 70 3
    endloop
  endfacet
  facet normal 0 0 1
    outer loop
      vertex -4.6194 -68.0866 3
      vertex -98 -70 3
      vertex -4.82963 -68.7059 3
    endloop
  endfacet
  facet normal 0 0 1
    outer loop
      vertex 98.1704 -68.7059 3
      vertex 5 -70 3
      vertex 98.0428 -69.3474 3
    endloop
  endfacet
  facet normal 0 0 1
    outer loop
      vertex 98.0428 70.6526 3
      vertex 5 70 3
      vertex 98 70 3
    endloop
  endfacet
  facet normal 0 0 1
    outer loop
      vertex 4.95722 70.6526 3
      vertex 98.0428 70.6526 3
      vertex 98.1704 71.2941 3
    endloop
  endfacet
  facet normal 0 0 1
    outer loop
      vertex 4.82963 71.2941 3
      vertex 98.1704 71.2941 3
      vertex 98.3806 71.9134 3
    endloop
  endfacet
  facet normal 0 0 1
    outer loop
      vertex 4.6194 71.9134 3
      vertex 98.3806 71.9134 3
      vertex 98.6699 72.5 3
    endloop
  endfacet
  facet normal 0 0 1
    outer loop
      vertex 4.33013 72.5 3
      vertex 98.6699 72.5 3
      vertex 98.8035 72.7 3
    endloop
  endfacet
  facet normal 0 0 1
    outer loop
      vertex 98.0428 70.6526 3
      vertex 4.95722 70.6526 3
      vertex 5 70 3
    endloop
  endfacet
  facet normal 0 0 1
    outer loop
      vertex 98.1704 71.2941 3
      vertex 4.82963 71.2941 3
      vertex 4.95722 70.6526 3
    endloop
  endfacet
  facet normal 0 0 1
    outer loop
      vertex 98.3806 71.9134 3
      vertex 4.6194 71.9134 3
      vertex 4.82963 71.2941 3
    endloop
  endfacet
  facet normal 0 0 1
    outer loop
      vertex 98.6699 72.5 3
      vertex 4.33013 72.5 3
      vertex 4.6194 71.9134 3
    endloop
  endfacet
  facet normal 0 -0 1
    outer loop
      vertex 4.33013 72.5 3
      vertex 98.8035 72.7 3
      vertex 4.19649 72.7 3
    endloop
  endfacet
  facet normal -0 0 1
    outer loop
      vertex 104.913 65.3806 3
      vertex 105.2 -65.5219 3
      vertex 105.2 65.5219 3
    endloop
  endfacet
  facet normal 0 0 1
    outer loop
      vertex 104.913 65.3806 3
      vertex 104.913 -65.3806 3
      vertex 105.2 -65.5219 3
    endloop
  endfacet
  facet normal -0 0 1
    outer loop
      vertex 104.294 65.1704 3
      vertex 104.913 -65.3806 3
      vertex 104.913 65.3806 3
    endloop
  endfacet
  facet normal 0 0 1
    outer loop
      vertex 104.294 65.1704 3
      vertex 104.294 -65.1704 3
      vertex 104.913 -65.3806 3
    endloop
  endfacet
  facet normal -0 0 1
    outer loop
      vertex 103.653 65.0428 3
      vertex 104.294 -65.1704 3
      vertex 104.294 65.1704 3
    endloop
  endfacet
  facet normal 0 0 1
    outer loop
      vertex 103.653 65.0428 3
      vertex 103.653 -65.0428 3
      vertex 104.294 -65.1704 3
    endloop
  endfacet
  facet normal -0 0 1
    outer loop
      vertex 103 65 3
      vertex 103.653 -65.0428 3
      vertex 103.653 65.0428 3
    endloop
  endfacet
  facet normal 0 0 1
    outer loop
      vertex 103 65 3
      vertex 103 -65 3
      vertex 103.653 -65.0428 3
    endloop
  endfacet
  facet normal 0 0 1
    outer loop
      vertex 102.347 65.0428 3
      vertex 103 -65 3
      vertex 103 65 3
    endloop
  endfacet
  facet normal 0 0 1
    outer loop
      vertex 102.347 65.0428 3
      vertex 102.347 -65.0428 3
      vertex 103 -65 3
    endloop
  endfacet
  facet normal 0 0 1
    outer loop
      vertex 101.706 65.1704 3
      vertex 102.347 -65.0428 3
      vertex 102.347 65.0428 3
    endloop
  endfacet
  facet normal 0 0 1
    outer loop
      vertex 101.706 65.1704 3
      vertex 101.706 -65.1704 3
      vertex 102.347 -65.0428 3
    endloop
  endfacet
  facet normal 0 0 1
    outer loop
      vertex 101.087 65.3806 3
      vertex 101.706 -65.1704 3
      vertex 101.706 65.1704 3
    endloop
  endfacet
  facet normal 0 0 1
    outer loop
      vertex 101.087 65.3806 3
      vertex 101.087 -65.3806 3
      vertex 101.706 -65.1704 3
    endloop
  endfacet
  facet normal 0 0 1
    outer loop
      vertex 100.5 65.6699 3
      vertex 101.087 -65.3806 3
      vertex 101.087 65.3806 3
    endloop
  endfacet
  facet normal 0 0 1
    outer loop
      vertex 100.5 65.6699 3
      vertex 100.5 -65.6699 3
      vertex 101.087 -65.3806 3
    endloop
  endfacet
  facet normal 0 0 1
    outer loop
      vertex 99.9562 66.0332 3
      vertex 100.5 -65.6699 3
      vertex 100.5 65.6699 3
    endloop
  endfacet
  facet normal 0 0 1
    outer loop
      vertex 99.9562 66.0332 3
      vertex 99.9562 -66.0332 3
      vertex 100.5 -65.6699 3
    endloop
  endfacet
  facet normal 0 0 1
    outer loop
      vertex 98.3806 68.0866 3
      vertex 4.6194 68.0866 3
      vertex 98.6699 67.5 3
    endloop
  endfacet
  facet normal 0 0 1
    outer loop
      vertex 4.33013 67.5 3
      vertex 98.6699 67.5 3
      vertex 4.6194 68.0866 3
    endloop
  endfacet
  facet normal 0 0 1
    outer loop
      vertex 4.6194 68.0866 3
      vertex 98.3806 68.0866 3
      vertex 4.82963 68.7059 3
    endloop
  endfacet
  facet normal 0 0 1
    outer loop
      vertex 98.6699 67.5 3
      vertex 4.33013 67.5 3
      vertex 99.0332 66.9562 3
    endloop
  endfacet
  facet normal 0 0 1
    outer loop
      vertex 98.1704 68.7059 3
      vertex 4.82963 68.7059 3
      vertex 98.3806 68.0866 3
    endloop
  endfacet
  facet normal 0 0 1
    outer loop
      vertex 99.9562 -66.0332 3
      vertex 5 -70 3
      vertex 99.4645 -66.4645 3
    endloop
  endfacet
  facet normal 0 0 1
    outer loop
      vertex 4.82963 68.7059 3
      vertex 98.1704 68.7059 3
      vertex 4.95722 69.3474 3
    endloop
  endfacet
  facet normal 0 0 1
    outer loop
      vertex 99.4645 -66.4645 3
      vertex 5 -70 3
      vertex 99.0332 -66.9562 3
    endloop
  endfacet
  facet normal 0 0 1
    outer loop
      vertex 98.0428 69.3474 3
      vertex 4.95722 69.3474 3
      vertex 98.1704 68.7059 3
    endloop
  endfacet
  facet normal 0 0 1
    outer loop
      vertex 99.0332 -66.9562 3
      vertex 5 -70 3
      vertex 98.6699 -67.5 3
    endloop
  endfacet
  facet normal 0 0 1
    outer loop
      vertex 4.95722 69.3474 3
      vertex 98.0428 69.3474 3
      vertex 5 70 3
    endloop
  endfacet
  facet normal 0 0 1
    outer loop
      vertex 98.6699 -67.5 3
      vertex 5 -70 3
      vertex 98.3806 -68.0866 3
    endloop
  endfacet
  facet normal -0 0 1
    outer loop
      vertex 5 70 3
      vertex 98.0428 69.3474 3
      vertex 98 70 3
    endloop
  endfacet
  facet normal 0 0 1
    outer loop
      vertex 98.3806 -68.0866 3
      vertex 5 -70 3
      vertex 98.1704 -68.7059 3
    endloop
  endfacet
  facet normal 0 0 1
    outer loop
      vertex 98.0428 -69.3474 3
      vertex 5 -70 3
      vertex 98 -70 3
    endloop
  endfacet
  facet normal 0 0 1
    outer loop
      vertex 98 -70 3
      vertex 5 -70 3
      vertex 98.0428 -70.6526 3
    endloop
  endfacet
  facet normal 0 0 1
    outer loop
      vertex 4.95722 -70.6526 3
      vertex 98.0428 -70.6526 3
      vertex 5 -70 3
    endloop
  endfacet
  facet normal 0 0 1
    outer loop
      vertex 98.0428 -70.6526 3
      vertex 4.95722 -70.6526 3
      vertex 98.1704 -71.2941 3
    endloop
  endfacet
  facet normal 0 0 1
    outer loop
      vertex 4.82963 -71.2941 3
      vertex 98.1704 -71.2941 3
      vertex 4.95722 -70.6526 3
    endloop
  endfacet
  facet normal 0 0 1
    outer loop
      vertex 98.1704 -71.2941 3
      vertex 4.82963 -71.2941 3
      vertex 98.3806 -71.9134 3
    endloop
  endfacet
  facet normal 0 0 1
    outer loop
      vertex 4.6194 -71.9134 3
      vertex 98.3806 -71.9134 3
      vertex 4.82963 -71.2941 3
    endloop
  endfacet
  facet normal 0 0 1
    outer loop
      vertex 98.3806 -71.9134 3
      vertex 4.6194 -71.9134 3
      vertex 98.6699 -72.5 3
    endloop
  endfacet
  facet normal 0 0 1
    outer loop
      vertex 4.33013 -72.5 3
      vertex 98.6699 -72.5 3
      vertex 4.6194 -71.9134 3
    endloop
  endfacet
  facet normal 0 0 1
    outer loop
      vertex 98.6699 -72.5 3
      vertex 4.33013 -72.5 3
      vertex 98.8035 -72.7 3
    endloop
  endfacet
  facet normal 0 0 1
    outer loop
      vertex 98.8035 -72.7 3
      vertex 4.33013 -72.5 3
      vertex 4.19649 -72.7 3
    endloop
  endfacet
  facet normal 0 0 1
    outer loop
      vertex -4.95722 -69.3474 3
      vertex -98 -70 3
      vertex -5 -70 3
    endloop
  endfacet
  facet normal 0 0 1
    outer loop
      vertex -5 -70 3
      vertex -98 -70 3
      vertex -4.95722 -70.6526 3
    endloop
  endfacet
  facet normal 0 0 1
    outer loop
      vertex -98.0428 -70.6526 3
      vertex -4.95722 -70.6526 3
      vertex -98 -70 3
    endloop
  endfacet
  facet normal 0 0 1
    outer loop
      vertex -4.95722 -70.6526 3
      vertex -98.0428 -70.6526 3
      vertex -4.82963 -71.2941 3
    endloop
  endfacet
  facet normal 0 0 1
    outer loop
      vertex -98.1704 -71.2941 3
      vertex -4.82963 -71.2941 3
      vertex -98.0428 -70.6526 3
    endloop
  endfacet
  facet normal 0 0 1
    outer loop
      vertex -4.82963 -71.2941 3
      vertex -98.1704 -71.2941 3
      vertex -4.6194 -71.9134 3
    endloop
  endfacet
  facet normal 0 0 1
    outer loop
      vertex -98.3806 -71.9134 3
      vertex -4.6194 -71.9134 3
      vertex -98.1704 -71.2941 3
    endloop
  endfacet
  facet normal 0 0 1
    outer loop
      vertex -4.6194 -71.9134 3
      vertex -98.3806 -71.9134 3
      vertex -4.33013 -72.5 3
    endloop
  endfacet
  facet normal 0 0 1
    outer loop
      vertex -98.6699 -72.5 3
      vertex -4.33013 -72.5 3
      vertex -98.3806 -71.9134 3
    endloop
  endfacet
  facet normal 0 0 1
    outer loop
      vertex -4.33013 -72.5 3
      vertex -98.6699 -72.5 3
      vertex -4.19649 -72.7 3
    endloop
  endfacet
  facet normal 0 0 1
    outer loop
      vertex -4.19649 -72.7 3
      vertex -98.6699 -72.5 3
      vertex -98.8035 -72.7 3
    endloop
  endfacet
  facet normal 0 1 -0
    outer loop
      vertex -4.19649 -72.7 3
      vertex -98.8035 -72.7 29.3359
      vertex -4.19649 -72.7 29.3359
    endloop
  endfacet
  facet normal 0 1 0
    outer loop
      vertex -98.8035 -72.7 29.3359
      vertex -4.19649 -72.7 3
      vertex -98.8035 -72.7 3
    endloop
  endfacet
  facet normal 0 1 -0
    outer loop
      vertex 98.8035 -72.7 3
      vertex 4.19649 -72.7 29.3359
      vertex 98.8035 -72.7 29.3359
    endloop
  endfacet
  facet normal 0 1 0
    outer loop
      vertex 4.19649 -72.7 29.3359
      vertex 98.8035 -72.7 3
      vertex 4.19649 -72.7 3
    endloop
  endfacet
  facet normal 1 -0 0
    outer loop
      vertex -105.2 -65.5219 30.1695
      vertex -105.2 65.5219 3
      vertex -105.2 65.5219 45.3875
    endloop
  endfacet
  facet normal 1 0 0
    outer loop
      vertex -105.2 65.5219 3
      vertex -105.2 -65.5219 30.1695
      vertex -105.2 -65.5219 3
    endloop
  endfacet
  facet normal -1 0 0
    outer loop
      vertex 105.2 -65.5219 30.1695
      vertex 105.2 65.5219 3
      vertex 105.2 -65.5219 3
    endloop
  endfacet
  facet normal -1 0 0
    outer loop
      vertex 105.2 65.5219 3
      vertex 105.2 -65.5219 30.1695
      vertex 105.2 65.5219 45.3875
    endloop
  endfacet
  facet normal 0 -1 0
    outer loop
      vertex -46.9568 72.7 17.4701
      vertex -4.19649 72.7 46.2211
      vertex -98.8035 72.7 46.2211
    endloop
  endfacet
  facet normal 0 -1 0
    outer loop
      vertex -4.19649 72.7 46.2211
      vertex -26.3158 72.7 20.1965
      vertex -25.5 72.7 20.25
    endloop
  endfacet
  facet normal 0 -1 0
    outer loop
      vertex -4.19649 72.7 46.2211
      vertex -27.1176 72.7 20.037
      vertex -26.3158 72.7 20.1965
    endloop
  endfacet
  facet normal 0 -1 0
    outer loop
      vertex -46.0432 72.7 17.4701
      vertex -4.19649 72.7 46.2211
      vertex -46.5 72.7 17.5
    endloop
  endfacet
  facet normal 0 -1 0
    outer loop
      vertex -4.19649 72.7 46.2211
      vertex -27.8918 72.7 19.7742
      vertex -27.1176 72.7 20.037
    endloop
  endfacet
  facet normal 0 -1 0
    outer loop
      vertex -4.19649 72.7 46.2211
      vertex -46.0432 72.7 17.4701
      vertex -27.8918 72.7 19.7742
    endloop
  endfacet
  facet normal 0 -1 0
    outer loop
      vertex -45.5941 72.7 17.3807
      vertex -27.8918 72.7 19.7742
      vertex -46.0432 72.7 17.4701
    endloop
  endfacet
  facet normal 0 -1 0
    outer loop
      vertex -67.5 72.7 18
      vertex -98.8035 72.7 46.2211
      vertex -81.5 72.7 18
    endloop
  endfacet
  facet normal 0 -1 0
    outer loop
      vertex -98.8035 72.7 3
      vertex -81.5 72.7 18
      vertex -98.8035 72.7 46.2211
    endloop
  endfacet
  facet normal 0 -1 0
    outer loop
      vertex -98.8035 72.7 3
      vertex -67.5 72.7 10
      vertex -81.5 72.7 10
    endloop
  endfacet
  facet normal 0 -1 0
    outer loop
      vertex -67.5 72.7 10
      vertex -29.3048 72.7 9.04154
      vertex -29.9194 72.7 9.58058
    endloop
  endfacet
  facet normal 0 -1 0
    outer loop
      vertex -67.5 72.7 10
      vertex -28.625 72.7 8.58734
      vertex -29.3048 72.7 9.04154
    endloop
  endfacet
  facet normal 0 -1 0
    outer loop
      vertex -67.5 72.7 10
      vertex -27.8918 72.7 8.22575
      vertex -28.625 72.7 8.58734
    endloop
  endfacet
  facet normal -0 -1 0
    outer loop
      vertex -27.1176 72.7 7.96296
      vertex -67.5 72.7 10
      vertex -98.8035 72.7 3
    endloop
  endfacet
  facet normal 0 -1 0
    outer loop
      vertex -67.5 72.7 10
      vertex -27.1176 72.7 7.96296
      vertex -27.8918 72.7 8.22575
    endloop
  endfacet
  facet normal 0 -1 -0
    outer loop
      vertex -27.1176 72.7 7.96296
      vertex -98.8035 72.7 3
      vertex -26.3158 72.7 7.80347
    endloop
  endfacet
  facet normal 0 -1 0
    outer loop
      vertex -4.19649 72.7 3
      vertex -26.3158 72.7 7.80347
      vertex -98.8035 72.7 3
    endloop
  endfacet
  facet normal 0 -1 -0
    outer loop
      vertex -81.5 72.7 18
      vertex -98.8035 72.7 3
      vertex -81.5 72.7 10
    endloop
  endfacet
  facet normal 0 -1 0
    outer loop
      vertex -24.6842 72.7 20.1965
      vertex -4.19649 72.7 46.2211
      vertex -25.5 72.7 20.25
    endloop
  endfacet
  facet normal 0 -1 0
    outer loop
      vertex -23.8824 72.7 20.037
      vertex -4.19649 72.7 46.2211
      vertex -24.6842 72.7 20.1965
    endloop
  endfacet
  facet normal 0 -1 0
    outer loop
      vertex -23.1082 72.7 19.7742
      vertex -4.19649 72.7 46.2211
      vertex -23.8824 72.7 20.037
    endloop
  endfacet
  facet normal 0 -1 0
    outer loop
      vertex -22.375 72.7 19.4127
      vertex -4.19649 72.7 46.2211
      vertex -23.1082 72.7 19.7742
    endloop
  endfacet
  facet normal 0 -1 0
    outer loop
      vertex -21.6952 72.7 18.9585
      vertex -4.19649 72.7 46.2211
      vertex -22.375 72.7 19.4127
    endloop
  endfacet
  facet normal 0 -1 0
    outer loop
      vertex -21.0806 72.7 18.4194
      vertex -4.19649 72.7 46.2211
      vertex -21.6952 72.7 18.9585
    endloop
  endfacet
  facet normal 0 -1 0
    outer loop
      vertex -20.5415 72.7 17.8048
      vertex -4.19649 72.7 46.2211
      vertex -21.0806 72.7 18.4194
    endloop
  endfacet
  facet normal 0 -1 0
    outer loop
      vertex -20.0873 72.7 17.125
      vertex -4.19649 72.7 46.2211
      vertex -20.5415 72.7 17.8048
    endloop
  endfacet
  facet normal 0 -1 0
    outer loop
      vertex -19.7258 72.7 16.3918
      vertex -4.19649 72.7 46.2211
      vertex -20.0873 72.7 17.125
    endloop
  endfacet
  facet normal 0 -1 0
    outer loop
      vertex -4.19649 72.7 3
      vertex -19.7258 72.7 16.3918
      vertex -19.463 72.7 15.6176
    endloop
  endfacet
  facet normal 0 -1 0
    outer loop
      vertex -4.19649 72.7 3
      vertex -19.463 72.7 15.6176
      vertex -19.3035 72.7 14.8158
    endloop
  endfacet
  facet normal 0 -1 0
    outer loop
      vertex -4.19649 72.7 3
      vertex -19.3035 72.7 14.8158
      vertex -19.25 72.7 14
    endloop
  endfacet
  facet normal 0 -1 0
    outer loop
      vertex -4.19649 72.7 3
      vertex -19.25 72.7 14
      vertex -19.3035 72.7 13.1842
    endloop
  endfacet
  facet normal 0 -1 0
    outer loop
      vertex -4.19649 72.7 3
      vertex -19.3035 72.7 13.1842
      vertex -19.463 72.7 12.3824
    endloop
  endfacet
  facet normal 0 -1 0
    outer loop
      vertex -4.19649 72.7 3
      vertex -19.463 72.7 12.3824
      vertex -19.7258 72.7 11.6082
    endloop
  endfacet
  facet normal 0 -1 0
    outer loop
      vertex -19.7258 72.7 16.3918
      vertex -4.19649 72.7 3
      vertex -4.19649 72.7 46.2211
    endloop
  endfacet
  facet normal 0 -1 0
    outer loop
      vertex -20.0873 72.7 10.875
      vertex -4.19649 72.7 3
      vertex -19.7258 72.7 11.6082
    endloop
  endfacet
  facet normal 0 -1 0
    outer loop
      vertex -20.5415 72.7 10.1952
      vertex -4.19649 72.7 3
      vertex -20.0873 72.7 10.875
    endloop
  endfacet
  facet normal 0 -1 0
    outer loop
      vertex -21.0806 72.7 9.58058
      vertex -4.19649 72.7 3
      vertex -20.5415 72.7 10.1952
    endloop
  endfacet
  facet normal 0 -1 0
    outer loop
      vertex -21.6952 72.7 9.04154
      vertex -4.19649 72.7 3
      vertex -21.0806 72.7 9.58058
    endloop
  endfacet
  facet normal 0 -1 0
    outer loop
      vertex -22.375 72.7 8.58734
      vertex -4.19649 72.7 3
      vertex -21.6952 72.7 9.04154
    endloop
  endfacet
  facet normal 0 -1 0
    outer loop
      vertex -23.1082 72.7 8.22575
      vertex -4.19649 72.7 3
      vertex -22.375 72.7 8.58734
    endloop
  endfacet
  facet normal 0 -1 0
    outer loop
      vertex -23.8824 72.7 7.96296
      vertex -4.19649 72.7 3
      vertex -23.1082 72.7 8.22575
    endloop
  endfacet
  facet normal 0 -1 0
    outer loop
      vertex -24.6842 72.7 7.80347
      vertex -4.19649 72.7 3
      vertex -23.8824 72.7 7.96296
    endloop
  endfacet
  facet normal 0 -1 0
    outer loop
      vertex -25.5 72.7 7.75
      vertex -4.19649 72.7 3
      vertex -24.6842 72.7 7.80347
    endloop
  endfacet
  facet normal 0 -1 0
    outer loop
      vertex -26.3158 72.7 7.80347
      vertex -4.19649 72.7 3
      vertex -25.5 72.7 7.75
    endloop
  endfacet
  facet normal 0 -1 0
    outer loop
      vertex -46.9568 72.7 17.4701
      vertex -98.8035 72.7 46.2211
      vertex -67.5 72.7 18
    endloop
  endfacet
  facet normal 0 -1 0
    outer loop
      vertex -27.8918 72.7 19.7742
      vertex -45.5941 72.7 17.3807
      vertex -28.625 72.7 19.4127
    endloop
  endfacet
  facet normal 0 -1 0
    outer loop
      vertex -45.1606 72.7 17.2336
      vertex -28.625 72.7 19.4127
      vertex -45.5941 72.7 17.3807
    endloop
  endfacet
  facet normal 0 -1 0
    outer loop
      vertex -4.19649 72.7 46.2211
      vertex -46.9568 72.7 17.4701
      vertex -46.5 72.7 17.5
    endloop
  endfacet
  facet normal 0 -1 0
    outer loop
      vertex -67.5 72.7 18
      vertex -47.4059 72.7 17.3807
      vertex -46.9568 72.7 17.4701
    endloop
  endfacet
  facet normal 0 -1 0
    outer loop
      vertex -67.5 72.7 18
      vertex -47.8394 72.7 17.2336
      vertex -47.4059 72.7 17.3807
    endloop
  endfacet
  facet normal 0 -1 0
    outer loop
      vertex -67.5 72.7 18
      vertex -48.25 72.7 17.0311
      vertex -47.8394 72.7 17.2336
    endloop
  endfacet
  facet normal 0 -1 0
    outer loop
      vertex -67.5 72.7 18
      vertex -48.6307 72.7 16.7767
      vertex -48.25 72.7 17.0311
    endloop
  endfacet
  facet normal 0 -1 0
    outer loop
      vertex -67.5 72.7 18
      vertex -48.9749 72.7 16.4749
      vertex -48.6307 72.7 16.7767
    endloop
  endfacet
  facet normal 0 -1 0
    outer loop
      vertex -67.5 72.7 18
      vertex -49.2767 72.7 16.1307
      vertex -48.9749 72.7 16.4749
    endloop
  endfacet
  facet normal 0 -1 0
    outer loop
      vertex -67.5 72.7 18
      vertex -49.5311 72.7 15.75
      vertex -49.2767 72.7 16.1307
    endloop
  endfacet
  facet normal 0 -1 0
    outer loop
      vertex -67.5 72.7 18
      vertex -49.7336 72.7 15.3394
      vertex -49.5311 72.7 15.75
    endloop
  endfacet
  facet normal 0 -1 0
    outer loop
      vertex -67.5 72.7 18
      vertex -49.8807 72.7 14.9059
      vertex -49.7336 72.7 15.3394
    endloop
  endfacet
  facet normal 0 -1 0
    outer loop
      vertex -67.5 72.7 18
      vertex -49.9701 72.7 14.4568
      vertex -49.8807 72.7 14.9059
    endloop
  endfacet
  facet normal 0 -1 0
    outer loop
      vertex -67.5 72.7 18
      vertex -50 72.7 14
      vertex -49.9701 72.7 14.4568
    endloop
  endfacet
  facet normal 0 -1 0
    outer loop
      vertex -67.5 72.7 10
      vertex -50 72.7 14
      vertex -67.5 72.7 18
    endloop
  endfacet
  facet normal 0 -1 -0
    outer loop
      vertex -50 72.7 14
      vertex -67.5 72.7 10
      vertex -49.9701 72.7 13.5432
    endloop
  endfacet
  facet normal 0 -1 -0
    outer loop
      vertex -49.9701 72.7 13.5432
      vertex -67.5 72.7 10
      vertex -49.8807 72.7 13.0941
    endloop
  endfacet
  facet normal 0 -1 -0
    outer loop
      vertex -49.8807 72.7 13.0941
      vertex -67.5 72.7 10
      vertex -49.7336 72.7 12.6606
    endloop
  endfacet
  facet normal 0 -1 -0
    outer loop
      vertex -49.7336 72.7 12.6606
      vertex -67.5 72.7 10
      vertex -49.5311 72.7 12.25
    endloop
  endfacet
  facet normal 0 -1 -0
    outer loop
      vertex -49.5311 72.7 12.25
      vertex -67.5 72.7 10
      vertex -49.2767 72.7 11.8693
    endloop
  endfacet
  facet normal 0 -1 -0
    outer loop
      vertex -49.2767 72.7 11.8693
      vertex -67.5 72.7 10
      vertex -48.9749 72.7 11.5251
    endloop
  endfacet
  facet normal 0 -1 -0
    outer loop
      vertex -48.9749 72.7 11.5251
      vertex -67.5 72.7 10
      vertex -48.6307 72.7 11.2233
    endloop
  endfacet
  facet normal 0 -1 -0
    outer loop
      vertex -48.6307 72.7 11.2233
      vertex -67.5 72.7 10
      vertex -48.25 72.7 10.9689
    endloop
  endfacet
  facet normal 0 -1 -0
    outer loop
      vertex -48.25 72.7 10.9689
      vertex -67.5 72.7 10
      vertex -47.8394 72.7 10.7664
    endloop
  endfacet
  facet normal 0 -1 0
    outer loop
      vertex -67.5 72.7 10
      vertex -47.4059 72.7 10.6193
      vertex -47.8394 72.7 10.7664
    endloop
  endfacet
  facet normal 0 -1 0
    outer loop
      vertex -67.5 72.7 10
      vertex -46.9568 72.7 10.5299
      vertex -47.4059 72.7 10.6193
    endloop
  endfacet
  facet normal 0 -1 0
    outer loop
      vertex -67.5 72.7 10
      vertex -46.5 72.7 10.5
      vertex -46.9568 72.7 10.5299
    endloop
  endfacet
  facet normal 0 -1 0
    outer loop
      vertex -29.9194 72.7 9.58058
      vertex -46.5 72.7 10.5
      vertex -67.5 72.7 10
    endloop
  endfacet
  facet normal 0 -1 0
    outer loop
      vertex -46.5 72.7 10.5
      vertex -29.9194 72.7 9.58058
      vertex -30.4585 72.7 10.1952
    endloop
  endfacet
  facet normal 0 -1 0
    outer loop
      vertex -28.625 72.7 19.4127
      vertex -45.1606 72.7 17.2336
      vertex -29.3048 72.7 18.9585
    endloop
  endfacet
  facet normal 0 -1 0
    outer loop
      vertex -44.75 72.7 17.0311
      vertex -29.3048 72.7 18.9585
      vertex -45.1606 72.7 17.2336
    endloop
  endfacet
  facet normal 0 -1 0
    outer loop
      vertex -29.3048 72.7 18.9585
      vertex -44.75 72.7 17.0311
      vertex -29.9194 72.7 18.4194
    endloop
  endfacet
  facet normal 0 -1 0
    outer loop
      vertex -44.3693 72.7 16.7767
      vertex -29.9194 72.7 18.4194
      vertex -44.75 72.7 17.0311
    endloop
  endfacet
  facet normal 0 -1 0
    outer loop
      vertex -29.9194 72.7 18.4194
      vertex -44.3693 72.7 16.7767
      vertex -30.4585 72.7 17.8048
    endloop
  endfacet
  facet normal 0 -1 0
    outer loop
      vertex -44.0251 72.7 16.4749
      vertex -30.4585 72.7 17.8048
      vertex -44.3693 72.7 16.7767
    endloop
  endfacet
  facet normal 0 -1 0
    outer loop
      vertex -30.4585 72.7 17.8048
      vertex -44.0251 72.7 16.4749
      vertex -30.9127 72.7 17.125
    endloop
  endfacet
  facet normal 0 -1 0
    outer loop
      vertex -43.7233 72.7 16.1307
      vertex -30.9127 72.7 17.125
      vertex -44.0251 72.7 16.4749
    endloop
  endfacet
  facet normal 0 -1 0
    outer loop
      vertex -30.9127 72.7 17.125
      vertex -43.7233 72.7 16.1307
      vertex -31.2742 72.7 16.3918
    endloop
  endfacet
  facet normal 0 -1 0
    outer loop
      vertex -43.4689 72.7 15.75
      vertex -31.2742 72.7 16.3918
      vertex -43.7233 72.7 16.1307
    endloop
  endfacet
  facet normal 0 -1 0
    outer loop
      vertex -43.2664 72.7 15.3394
      vertex -31.2742 72.7 16.3918
      vertex -43.4689 72.7 15.75
    endloop
  endfacet
  facet normal 0 -1 0
    outer loop
      vertex -31.2742 72.7 16.3918
      vertex -43.2664 72.7 15.3394
      vertex -31.537 72.7 15.6176
    endloop
  endfacet
  facet normal 0 -1 0
    outer loop
      vertex -43.1193 72.7 14.9059
      vertex -31.537 72.7 15.6176
      vertex -43.2664 72.7 15.3394
    endloop
  endfacet
  facet normal 0 -1 0
    outer loop
      vertex -43.1193 72.7 14.9059
      vertex -31.6965 72.7 14.8158
      vertex -31.537 72.7 15.6176
    endloop
  endfacet
  facet normal 0 -1 0
    outer loop
      vertex -43.0299 72.7 14.4568
      vertex -31.6965 72.7 14.8158
      vertex -43.1193 72.7 14.9059
    endloop
  endfacet
  facet normal 0 -1 0
    outer loop
      vertex -31.75 72.7 14
      vertex -43.0299 72.7 14.4568
      vertex -43 72.7 14
    endloop
  endfacet
  facet normal 0 -1 0
    outer loop
      vertex -43.0299 72.7 14.4568
      vertex -31.75 72.7 14
      vertex -31.6965 72.7 14.8158
    endloop
  endfacet
  facet normal 0 -1 0
    outer loop
      vertex -43.0299 72.7 13.5432
      vertex -31.75 72.7 14
      vertex -43 72.7 14
    endloop
  endfacet
  facet normal 0 -1 0
    outer loop
      vertex -43.0299 72.7 13.5432
      vertex -31.6965 72.7 13.1842
      vertex -31.75 72.7 14
    endloop
  endfacet
  facet normal 0 -1 0
    outer loop
      vertex -43.1193 72.7 13.0941
      vertex -31.6965 72.7 13.1842
      vertex -43.0299 72.7 13.5432
    endloop
  endfacet
  facet normal 0 -1 0
    outer loop
      vertex -31.537 72.7 12.3824
      vertex -43.1193 72.7 13.0941
      vertex -43.2664 72.7 12.6606
    endloop
  endfacet
  facet normal 0 -1 0
    outer loop
      vertex -43.1193 72.7 13.0941
      vertex -31.537 72.7 12.3824
      vertex -31.6965 72.7 13.1842
    endloop
  endfacet
  facet normal 0 -1 0
    outer loop
      vertex -31.2742 72.7 11.6082
      vertex -43.2664 72.7 12.6606
      vertex -43.4689 72.7 12.25
    endloop
  endfacet
  facet normal 0 -1 0
    outer loop
      vertex -31.2742 72.7 11.6082
      vertex -43.4689 72.7 12.25
      vertex -43.7233 72.7 11.8693
    endloop
  endfacet
  facet normal 0 -1 0
    outer loop
      vertex -43.2664 72.7 12.6606
      vertex -31.2742 72.7 11.6082
      vertex -31.537 72.7 12.3824
    endloop
  endfacet
  facet normal 0 -1 0
    outer loop
      vertex -30.9127 72.7 10.875
      vertex -43.7233 72.7 11.8693
      vertex -44.0251 72.7 11.5251
    endloop
  endfacet
  facet normal 0 -1 0
    outer loop
      vertex -30.4585 72.7 10.1952
      vertex -44.0251 72.7 11.5251
      vertex -44.3693 72.7 11.2233
    endloop
  endfacet
  facet normal 0 -1 0
    outer loop
      vertex -30.4585 72.7 10.1952
      vertex -44.3693 72.7 11.2233
      vertex -44.75 72.7 10.9689
    endloop
  endfacet
  facet normal 0 -1 0
    outer loop
      vertex -43.7233 72.7 11.8693
      vertex -30.9127 72.7 10.875
      vertex -31.2742 72.7 11.6082
    endloop
  endfacet
  facet normal 0 -1 0
    outer loop
      vertex -30.4585 72.7 10.1952
      vertex -44.75 72.7 10.9689
      vertex -45.1606 72.7 10.7664
    endloop
  endfacet
  facet normal 0 -1 0
    outer loop
      vertex -30.4585 72.7 10.1952
      vertex -45.1606 72.7 10.7664
      vertex -45.5941 72.7 10.6193
    endloop
  endfacet
  facet normal 0 -1 0
    outer loop
      vertex -30.4585 72.7 10.1952
      vertex -45.5941 72.7 10.6193
      vertex -46.0432 72.7 10.5299
    endloop
  endfacet
  facet normal 0 -1 0
    outer loop
      vertex -30.4585 72.7 10.1952
      vertex -46.0432 72.7 10.5299
      vertex -46.5 72.7 10.5
    endloop
  endfacet
  facet normal 0 -1 0
    outer loop
      vertex -44.0251 72.7 11.5251
      vertex -30.4585 72.7 10.1952
      vertex -30.9127 72.7 10.875
    endloop
  endfacet
  facet normal 0 -1 0
    outer loop
      vertex 4.19649 72.7 3
      vertex 98.8035 72.7 46.2211
      vertex 4.19649 72.7 46.2211
    endloop
  endfacet
  facet normal 0 -1 -0
    outer loop
      vertex 98.8035 72.7 46.2211
      vertex 4.19649 72.7 3
      vertex 98.8035 72.7 3
    endloop
  endfacet
  facet normal 0.980786 0.195087 0
    outer loop
      vertex -98.0428 -69.3474 29.7253
      vertex -98.1704 -68.7059 3
      vertex -98.1704 -68.7059 29.7997
    endloop
  endfacet
  facet normal 0.980786 0.195087 0
    outer loop
      vertex -98.1704 -68.7059 3
      vertex -98.0428 -69.3474 29.7253
      vertex -98.0428 -69.3474 3
    endloop
  endfacet
  facet normal 0.997856 0.0654432 0
    outer loop
      vertex -98 -70 29.6495
      vertex -98.0428 -69.3474 3
      vertex -98.0428 -69.3474 29.7253
    endloop
  endfacet
  facet normal 0.997856 0.0654432 0
    outer loop
      vertex -98.0428 -69.3474 3
      vertex -98 -70 29.6495
      vertex -98 -70 3
    endloop
  endfacet
  facet normal 0.980786 -0.195087 0
    outer loop
      vertex -98.1704 -71.2941 29.4992
      vertex -98.0428 -70.6526 3
      vertex -98.0428 -70.6526 29.5737
    endloop
  endfacet
  facet normal 0.980786 -0.195087 0
    outer loop
      vertex -98.0428 -70.6526 3
      vertex -98.1704 -71.2941 29.4992
      vertex -98.1704 -71.2941 3
    endloop
  endfacet
  facet normal 0.442072 0.89698 0
    outer loop
      vertex -101.087 -65.3806 3
      vertex -100.5 -65.6699 30.1523
      vertex -100.5 -65.6699 3
    endloop
  endfacet
  facet normal 0.442072 0.89698 0
    outer loop
      vertex -100.5 -65.6699 30.1523
      vertex -101.087 -65.3806 3
      vertex -101.087 -65.3806 30.1859
    endloop
  endfacet
  facet normal 0.89686 0.442314 0
    outer loop
      vertex -98.3806 -68.0866 29.8717
      vertex -98.6699 -67.5 3
      vertex -98.6699 -67.5 29.9398
    endloop
  endfacet
  facet normal 0.89686 0.442314 0
    outer loop
      vertex -98.6699 -67.5 3
      vertex -98.3806 -68.0866 29.8717
      vertex -98.3806 -68.0866 3
    endloop
  endfacet
  facet normal -0.441703 0.897161 0
    outer loop
      vertex -104.913 -65.3806 3
      vertex -105.2 -65.5219 30.1695
      vertex -104.913 -65.3806 30.1859
    endloop
  endfacet
  facet normal -0.441703 0.897161 0
    outer loop
      vertex -105.2 -65.5219 30.1695
      vertex -104.913 -65.3806 3
      vertex -105.2 -65.5219 3
    endloop
  endfacet
  facet normal -0.321546 0.946894 0
    outer loop
      vertex -104.294 -65.1704 3
      vertex -104.913 -65.3806 30.1859
      vertex -104.294 -65.1704 30.2103
    endloop
  endfacet
  facet normal -0.321546 0.946894 0
    outer loop
      vertex -104.913 -65.3806 30.1859
      vertex -104.294 -65.1704 3
      vertex -104.913 -65.3806 3
    endloop
  endfacet
  facet normal 0.0654033 0.997859 -0
    outer loop
      vertex -102.347 -65.0428 3
      vertex -103 -65 30.2301
      vertex -102.347 -65.0428 30.2251
    endloop
  endfacet
  facet normal 0.0654033 0.997859 0
    outer loop
      vertex -103 -65 30.2301
      vertex -102.347 -65.0428 3
      vertex -103 -65 3
    endloop
  endfacet
  facet normal 0.946941 -0.321407 0
    outer loop
      vertex -98.3806 -71.9134 29.4273
      vertex -98.1704 -71.2941 3
      vertex -98.1704 -71.2941 29.4992
    endloop
  endfacet
  facet normal 0.946941 -0.321407 0
    outer loop
      vertex -98.1704 -71.2941 3
      vertex -98.3806 -71.9134 29.4273
      vertex -98.3806 -71.9134 3
    endloop
  endfacet
  facet normal 0.89686 -0.442314 0
    outer loop
      vertex -98.6699 -72.5 29.3591
      vertex -98.3806 -71.9134 3
      vertex -98.3806 -71.9134 29.4273
    endloop
  endfacet
  facet normal 0.89686 -0.442314 0
    outer loop
      vertex -98.3806 -71.9134 3
      vertex -98.6699 -72.5 29.3591
      vertex -98.6699 -72.5 3
    endloop
  endfacet
  facet normal 0.997856 -0.0654432 0
    outer loop
      vertex -98.0428 -70.6526 29.5737
      vertex -98 -70 3
      vertex -98 -70 29.6495
    endloop
  endfacet
  facet normal 0.997856 -0.0654432 0
    outer loop
      vertex -98 -70 3
      vertex -98.0428 -70.6526 29.5737
      vertex -98.0428 -70.6526 3
    endloop
  endfacet
  facet normal 0.321546 0.946894 0
    outer loop
      vertex -101.706 -65.1704 3
      vertex -101.087 -65.3806 30.1859
      vertex -101.087 -65.3806 3
    endloop
  endfacet
  facet normal 0.321546 0.946894 0
    outer loop
      vertex -101.087 -65.3806 30.1859
      vertex -101.706 -65.1704 3
      vertex -101.706 -65.1704 30.2103
    endloop
  endfacet
  facet normal 0.659424 0.751771 0
    outer loop
      vertex -99.9562 -66.0332 3
      vertex -99.4645 -66.4645 30.06
      vertex -99.4645 -66.4645 3
    endloop
  endfacet
  facet normal 0.659424 0.751771 0
    outer loop
      vertex -99.4645 -66.4645 30.06
      vertex -99.9562 -66.0332 3
      vertex -99.9562 -66.0332 30.1101
    endloop
  endfacet
  facet normal -0.195233 0.980757 0
    outer loop
      vertex -103.653 -65.0428 3
      vertex -104.294 -65.1704 30.2103
      vertex -103.653 -65.0428 30.2251
    endloop
  endfacet
  facet normal -0.195233 0.980757 0
    outer loop
      vertex -104.294 -65.1704 30.2103
      vertex -103.653 -65.0428 3
      vertex -104.294 -65.1704 3
    endloop
  endfacet
  facet normal 0.831509 0.555512 0
    outer loop
      vertex -98.6699 -67.5 29.9398
      vertex -99.0332 -66.9562 3
      vertex -99.0332 -66.9562 30.0029
    endloop
  endfacet
  facet normal 0.831509 0.555512 0
    outer loop
      vertex -99.0332 -66.9562 3
      vertex -98.6699 -67.5 29.9398
      vertex -98.6699 -67.5 3
    endloop
  endfacet
  facet normal 0.831538 -0.555468 0
    outer loop
      vertex -98.8035 -72.7 29.3359
      vertex -98.6699 -72.5 3
      vertex -98.6699 -72.5 29.3591
    endloop
  endfacet
  facet normal 0.831538 -0.555468 0
    outer loop
      vertex -98.6699 -72.5 3
      vertex -98.8035 -72.7 29.3359
      vertex -98.8035 -72.7 3
    endloop
  endfacet
  facet normal 0.555512 0.831509 0
    outer loop
      vertex -100.5 -65.6699 3
      vertex -99.9562 -66.0332 30.1101
      vertex -99.9562 -66.0332 3
    endloop
  endfacet
  facet normal 0.555512 0.831509 0
    outer loop
      vertex -99.9562 -66.0332 30.1101
      vertex -100.5 -65.6699 3
      vertex -100.5 -65.6699 30.1523
    endloop
  endfacet
  facet normal -0.0654033 0.997859 0
    outer loop
      vertex -103 -65 3
      vertex -103.653 -65.0428 30.2251
      vertex -103 -65 30.2301
    endloop
  endfacet
  facet normal -0.0654033 0.997859 0
    outer loop
      vertex -103.653 -65.0428 30.2251
      vertex -103 -65 3
      vertex -103.653 -65.0428 3
    endloop
  endfacet
  facet normal 0.195233 0.980757 0
    outer loop
      vertex -102.347 -65.0428 3
      vertex -101.706 -65.1704 30.2103
      vertex -101.706 -65.1704 3
    endloop
  endfacet
  facet normal 0.195233 0.980757 0
    outer loop
      vertex -101.706 -65.1704 30.2103
      vertex -102.347 -65.0428 3
      vertex -102.347 -65.0428 30.2251
    endloop
  endfacet
  facet normal 0.751771 0.659424 0
    outer loop
      vertex -99.0332 -66.9562 30.0029
      vertex -99.4645 -66.4645 3
      vertex -99.4645 -66.4645 30.06
    endloop
  endfacet
  facet normal 0.751771 0.659424 0
    outer loop
      vertex -99.4645 -66.4645 3
      vertex -99.0332 -66.9562 30.0029
      vertex -99.0332 -66.9562 3
    endloop
  endfacet
  facet normal 0.946941 0.321407 0
    outer loop
      vertex -98.1704 -68.7059 29.7997
      vertex -98.3806 -68.0866 3
      vertex -98.3806 -68.0866 29.8717
    endloop
  endfacet
  facet normal 0.946941 0.321407 0
    outer loop
      vertex -98.3806 -68.0866 3
      vertex -98.1704 -68.7059 29.7997
      vertex -98.1704 -68.7059 3
    endloop
  endfacet
  facet normal -0.555512 0.831509 0
    outer loop
      vertex 100.5 -65.6699 3
      vertex 99.9562 -66.0332 30.1101
      vertex 100.5 -65.6699 30.1523
    endloop
  endfacet
  facet normal -0.555512 0.831509 0
    outer loop
      vertex 99.9562 -66.0332 30.1101
      vertex 100.5 -65.6699 3
      vertex 99.9562 -66.0332 3
    endloop
  endfacet
  facet normal -0.946941 -0.321407 -0
    outer loop
      vertex 98.3806 -71.9134 29.4273
      vertex 98.1704 -71.2941 3
      vertex 98.3806 -71.9134 3
    endloop
  endfacet
  facet normal -0.946941 -0.321407 0
    outer loop
      vertex 98.1704 -71.2941 3
      vertex 98.3806 -71.9134 29.4273
      vertex 98.1704 -71.2941 29.4992
    endloop
  endfacet
  facet normal -0.89686 -0.442314 -0
    outer loop
      vertex 98.6699 -72.5 29.3591
      vertex 98.3806 -71.9134 3
      vertex 98.6699 -72.5 3
    endloop
  endfacet
  facet normal -0.89686 -0.442314 0
    outer loop
      vertex 98.3806 -71.9134 3
      vertex 98.6699 -72.5 29.3591
      vertex 98.3806 -71.9134 29.4273
    endloop
  endfacet
  facet normal 0.321546 0.946894 0
    outer loop
      vertex 104.294 -65.1704 3
      vertex 104.913 -65.3806 30.1859
      vertex 104.913 -65.3806 3
    endloop
  endfacet
  facet normal 0.321546 0.946894 0
    outer loop
      vertex 104.913 -65.3806 30.1859
      vertex 104.294 -65.1704 3
      vertex 104.294 -65.1704 30.2103
    endloop
  endfacet
  facet normal -0.980786 0.195087 0
    outer loop
      vertex 98.0428 -69.3474 29.7253
      vertex 98.1704 -68.7059 3
      vertex 98.0428 -69.3474 3
    endloop
  endfacet
  facet normal -0.980786 0.195087 0
    outer loop
      vertex 98.1704 -68.7059 3
      vertex 98.0428 -69.3474 29.7253
      vertex 98.1704 -68.7059 29.7997
    endloop
  endfacet
  facet normal -0.751771 0.659424 0
    outer loop
      vertex 99.0332 -66.9562 30.0029
      vertex 99.4645 -66.4645 3
      vertex 99.0332 -66.9562 3
    endloop
  endfacet
  facet normal -0.751771 0.659424 0
    outer loop
      vertex 99.4645 -66.4645 3
      vertex 99.0332 -66.9562 30.0029
      vertex 99.4645 -66.4645 30.06
    endloop
  endfacet
  facet normal -0.0654033 0.997859 0
    outer loop
      vertex 103 -65 3
      vertex 102.347 -65.0428 30.2251
      vertex 103 -65 30.2301
    endloop
  endfacet
  facet normal -0.0654033 0.997859 0
    outer loop
      vertex 102.347 -65.0428 30.2251
      vertex 103 -65 3
      vertex 102.347 -65.0428 3
    endloop
  endfacet
  facet normal -0.89686 0.442314 0
    outer loop
      vertex 98.3806 -68.0866 29.8717
      vertex 98.6699 -67.5 3
      vertex 98.3806 -68.0866 3
    endloop
  endfacet
  facet normal -0.89686 0.442314 0
    outer loop
      vertex 98.6699 -67.5 3
      vertex 98.3806 -68.0866 29.8717
      vertex 98.6699 -67.5 29.9398
    endloop
  endfacet
  facet normal -0.946941 0.321407 0
    outer loop
      vertex 98.1704 -68.7059 29.7997
      vertex 98.3806 -68.0866 3
      vertex 98.1704 -68.7059 3
    endloop
  endfacet
  facet normal -0.946941 0.321407 0
    outer loop
      vertex 98.3806 -68.0866 3
      vertex 98.1704 -68.7059 29.7997
      vertex 98.3806 -68.0866 29.8717
    endloop
  endfacet
  facet normal -0.997856 -0.0654432 -0
    outer loop
      vertex 98.0428 -70.6526 29.5737
      vertex 98 -70 3
      vertex 98.0428 -70.6526 3
    endloop
  endfacet
  facet normal -0.997856 -0.0654432 0
    outer loop
      vertex 98 -70 3
      vertex 98.0428 -70.6526 29.5737
      vertex 98 -70 29.6495
    endloop
  endfacet
  facet normal 0.441703 0.897161 0
    outer loop
      vertex 104.913 -65.3806 3
      vertex 105.2 -65.5219 30.1695
      vertex 105.2 -65.5219 3
    endloop
  endfacet
  facet normal 0.441703 0.897161 0
    outer loop
      vertex 105.2 -65.5219 30.1695
      vertex 104.913 -65.3806 3
      vertex 104.913 -65.3806 30.1859
    endloop
  endfacet
  facet normal -0.195233 0.980757 0
    outer loop
      vertex 102.347 -65.0428 3
      vertex 101.706 -65.1704 30.2103
      vertex 102.347 -65.0428 30.2251
    endloop
  endfacet
  facet normal -0.195233 0.980757 0
    outer loop
      vertex 101.706 -65.1704 30.2103
      vertex 102.347 -65.0428 3
      vertex 101.706 -65.1704 3
    endloop
  endfacet
  facet normal 0.0654033 0.997859 -0
    outer loop
      vertex 103.653 -65.0428 3
      vertex 103 -65 30.2301
      vertex 103.653 -65.0428 30.2251
    endloop
  endfacet
  facet normal 0.0654033 0.997859 0
    outer loop
      vertex 103 -65 30.2301
      vertex 103.653 -65.0428 3
      vertex 103 -65 3
    endloop
  endfacet
  facet normal 0.195233 0.980757 0
    outer loop
      vertex 103.653 -65.0428 3
      vertex 104.294 -65.1704 30.2103
      vertex 104.294 -65.1704 3
    endloop
  endfacet
  facet normal 0.195233 0.980757 0
    outer loop
      vertex 104.294 -65.1704 30.2103
      vertex 103.653 -65.0428 3
      vertex 103.653 -65.0428 30.2251
    endloop
  endfacet
  facet normal -0.442072 0.89698 0
    outer loop
      vertex 101.087 -65.3806 3
      vertex 100.5 -65.6699 30.1523
      vertex 101.087 -65.3806 30.1859
    endloop
  endfacet
  facet normal -0.442072 0.89698 0
    outer loop
      vertex 100.5 -65.6699 30.1523
      vertex 101.087 -65.3806 3
      vertex 100.5 -65.6699 3
    endloop
  endfacet
  facet normal -0.831538 -0.555468 -0
    outer loop
      vertex 98.8035 -72.7 29.3359
      vertex 98.6699 -72.5 3
      vertex 98.8035 -72.7 3
    endloop
  endfacet
  facet normal -0.831538 -0.555468 0
    outer loop
      vertex 98.6699 -72.5 3
      vertex 98.8035 -72.7 29.3359
      vertex 98.6699 -72.5 29.3591
    endloop
  endfacet
  facet normal -0.321546 0.946894 0
    outer loop
      vertex 101.706 -65.1704 3
      vertex 101.087 -65.3806 30.1859
      vertex 101.706 -65.1704 30.2103
    endloop
  endfacet
  facet normal -0.321546 0.946894 0
    outer loop
      vertex 101.087 -65.3806 30.1859
      vertex 101.706 -65.1704 3
      vertex 101.087 -65.3806 3
    endloop
  endfacet
  facet normal -0.659424 0.751771 0
    outer loop
      vertex 99.9562 -66.0332 3
      vertex 99.4645 -66.4645 30.06
      vertex 99.9562 -66.0332 30.1101
    endloop
  endfacet
  facet normal -0.659424 0.751771 0
    outer loop
      vertex 99.4645 -66.4645 30.06
      vertex 99.9562 -66.0332 3
      vertex 99.4645 -66.4645 3
    endloop
  endfacet
  facet normal -0.997856 0.0654432 0
    outer loop
      vertex 98 -70 29.6495
      vertex 98.0428 -69.3474 3
      vertex 98 -70 3
    endloop
  endfacet
  facet normal -0.997856 0.0654432 0
    outer loop
      vertex 98.0428 -69.3474 3
      vertex 98 -70 29.6495
      vertex 98.0428 -69.3474 29.7253
    endloop
  endfacet
  facet normal -0.980786 -0.195087 -0
    outer loop
      vertex 98.1704 -71.2941 29.4992
      vertex 98.0428 -70.6526 3
      vertex 98.1704 -71.2941 3
    endloop
  endfacet
  facet normal -0.980786 -0.195087 0
    outer loop
      vertex 98.0428 -70.6526 3
      vertex 98.1704 -71.2941 29.4992
      vertex 98.0428 -70.6526 29.5737
    endloop
  endfacet
  facet normal -0.831509 0.555512 0
    outer loop
      vertex 98.6699 -67.5 29.9398
      vertex 99.0332 -66.9562 3
      vertex 98.6699 -67.5 3
    endloop
  endfacet
  facet normal -0.831509 0.555512 0
    outer loop
      vertex 99.0332 -66.9562 3
      vertex 98.6699 -67.5 29.9398
      vertex 99.0332 -66.9562 30.0029
    endloop
  endfacet
  facet normal 0.89686 -0.442314 0
    outer loop
      vertex -98.6699 67.5 45.6172
      vertex -98.3806 68.0866 3
      vertex -98.3806 68.0866 45.6853
    endloop
  endfacet
  facet normal 0.89686 -0.442314 0
    outer loop
      vertex -98.3806 68.0866 3
      vertex -98.6699 67.5 45.6172
      vertex -98.6699 67.5 3
    endloop
  endfacet
  facet normal 0.980786 0.195087 0
    outer loop
      vertex -98.0428 70.6526 45.9833
      vertex -98.1704 71.2941 3
      vertex -98.1704 71.2941 46.0578
    endloop
  endfacet
  facet normal 0.980786 0.195087 0
    outer loop
      vertex -98.1704 71.2941 3
      vertex -98.0428 70.6526 45.9833
      vertex -98.0428 70.6526 3
    endloop
  endfacet
  facet normal 0.997856 0.0654432 0
    outer loop
      vertex -98 70 45.9075
      vertex -98.0428 70.6526 3
      vertex -98.0428 70.6526 45.9833
    endloop
  endfacet
  facet normal 0.997856 0.0654432 0
    outer loop
      vertex -98.0428 70.6526 3
      vertex -98 70 45.9075
      vertex -98 70 3
    endloop
  endfacet
  facet normal -0.195233 -0.980757 0
    outer loop
      vertex -104.294 65.1704 3
      vertex -103.653 65.0428 45.3318
      vertex -104.294 65.1704 45.3467
    endloop
  endfacet
  facet normal -0.195233 -0.980757 -0
    outer loop
      vertex -103.653 65.0428 45.3318
      vertex -104.294 65.1704 3
      vertex -103.653 65.0428 3
    endloop
  endfacet
  facet normal 0.195233 -0.980757 0
    outer loop
      vertex -101.706 65.1704 3
      vertex -102.347 65.0428 45.3318
      vertex -102.347 65.0428 3
    endloop
  endfacet
  facet normal 0.195233 -0.980757 0
    outer loop
      vertex -102.347 65.0428 45.3318
      vertex -101.706 65.1704 3
      vertex -101.706 65.1704 45.3467
    endloop
  endfacet
  facet normal 0.659424 -0.751771 0
    outer loop
      vertex -99.4645 66.4645 3
      vertex -99.9562 66.0332 45.4469
      vertex -99.9562 66.0332 3
    endloop
  endfacet
  facet normal 0.659424 -0.751771 0
    outer loop
      vertex -99.9562 66.0332 45.4469
      vertex -99.4645 66.4645 3
      vertex -99.4645 66.4645 45.4969
    endloop
  endfacet
  facet normal 0.997856 -0.0654432 0
    outer loop
      vertex -98.0428 69.3474 45.8317
      vertex -98 70 3
      vertex -98 70 45.9075
    endloop
  endfacet
  facet normal 0.997856 -0.0654432 0
    outer loop
      vertex -98 70 3
      vertex -98.0428 69.3474 45.8317
      vertex -98.0428 69.3474 3
    endloop
  endfacet
  facet normal 0.555512 -0.831509 0
    outer loop
      vertex -99.9562 66.0332 3
      vertex -100.5 65.6699 45.4047
      vertex -100.5 65.6699 3
    endloop
  endfacet
  facet normal 0.555512 -0.831509 0
    outer loop
      vertex -100.5 65.6699 45.4047
      vertex -99.9562 66.0332 3
      vertex -99.9562 66.0332 45.4469
    endloop
  endfacet
  facet normal -0.441703 -0.897161 0
    outer loop
      vertex -105.2 65.5219 3
      vertex -104.913 65.3806 45.3711
      vertex -105.2 65.5219 45.3875
    endloop
  endfacet
  facet normal -0.441703 -0.897161 -0
    outer loop
      vertex -104.913 65.3806 45.3711
      vertex -105.2 65.5219 3
      vertex -104.913 65.3806 3
    endloop
  endfacet
  facet normal 0.751771 -0.659424 0
    outer loop
      vertex -99.4645 66.4645 45.4969
      vertex -99.0332 66.9562 3
      vertex -99.0332 66.9562 45.5541
    endloop
  endfacet
  facet normal 0.751771 -0.659424 0
    outer loop
      vertex -99.0332 66.9562 3
      vertex -99.4645 66.4645 45.4969
      vertex -99.4645 66.4645 3
    endloop
  endfacet
  facet normal -0.0654033 -0.997859 0
    outer loop
      vertex -103.653 65.0428 3
      vertex -103 65 45.3269
      vertex -103.653 65.0428 45.3318
    endloop
  endfacet
  facet normal -0.0654033 -0.997859 -0
    outer loop
      vertex -103 65 45.3269
      vertex -103.653 65.0428 3
      vertex -103 65 3
    endloop
  endfacet
  facet normal 0.831538 0.555468 0
    outer loop
      vertex -98.6699 72.5 46.1978
      vertex -98.8035 72.7 3
      vertex -98.8035 72.7 46.2211
    endloop
  endfacet
  facet normal 0.831538 0.555468 0
    outer loop
      vertex -98.8035 72.7 3
      vertex -98.6699 72.5 46.1978
      vertex -98.6699 72.5 3
    endloop
  endfacet
  facet normal 0.980786 -0.195087 0
    outer loop
      vertex -98.1704 68.7059 45.7572
      vertex -98.0428 69.3474 3
      vertex -98.0428 69.3474 45.8317
    endloop
  endfacet
  facet normal 0.980786 -0.195087 0
    outer loop
      vertex -98.0428 69.3474 3
      vertex -98.1704 68.7059 45.7572
      vertex -98.1704 68.7059 3
    endloop
  endfacet
  facet normal 0.321546 -0.946894 0
    outer loop
      vertex -101.087 65.3806 3
      vertex -101.706 65.1704 45.3467
      vertex -101.706 65.1704 3
    endloop
  endfacet
  facet normal 0.321546 -0.946894 0
    outer loop
      vertex -101.706 65.1704 45.3467
      vertex -101.087 65.3806 3
      vertex -101.087 65.3806 45.3711
    endloop
  endfacet
  facet normal 0.89686 0.442314 0
    outer loop
      vertex -98.3806 71.9134 46.1297
      vertex -98.6699 72.5 3
      vertex -98.6699 72.5 46.1978
    endloop
  endfacet
  facet normal 0.89686 0.442314 0
    outer loop
      vertex -98.6699 72.5 3
      vertex -98.3806 71.9134 46.1297
      vertex -98.3806 71.9134 3
    endloop
  endfacet
  facet normal 0.946941 -0.321407 0
    outer loop
      vertex -98.3806 68.0866 45.6853
      vertex -98.1704 68.7059 3
      vertex -98.1704 68.7059 45.7572
    endloop
  endfacet
  facet normal 0.946941 -0.321407 0
    outer loop
      vertex -98.1704 68.7059 3
      vertex -98.3806 68.0866 45.6853
      vertex -98.3806 68.0866 3
    endloop
  endfacet
  facet normal 0.442072 -0.89698 0
    outer loop
      vertex -100.5 65.6699 3
      vertex -101.087 65.3806 45.3711
      vertex -101.087 65.3806 3
    endloop
  endfacet
  facet normal 0.442072 -0.89698 0
    outer loop
      vertex -101.087 65.3806 45.3711
      vertex -100.5 65.6699 3
      vertex -100.5 65.6699 45.4047
    endloop
  endfacet
  facet normal 0.831509 -0.555512 0
    outer loop
      vertex -99.0332 66.9562 45.5541
      vertex -98.6699 67.5 3
      vertex -98.6699 67.5 45.6172
    endloop
  endfacet
  facet normal 0.831509 -0.555512 0
    outer loop
      vertex -98.6699 67.5 3
      vertex -99.0332 66.9562 45.5541
      vertex -99.0332 66.9562 3
    endloop
  endfacet
  facet normal 0.946941 0.321407 0
    outer loop
      vertex -98.1704 71.2941 46.0578
      vertex -98.3806 71.9134 3
      vertex -98.3806 71.9134 46.1297
    endloop
  endfacet
  facet normal 0.946941 0.321407 0
    outer loop
      vertex -98.3806 71.9134 3
      vertex -98.1704 71.2941 46.0578
      vertex -98.1704 71.2941 3
    endloop
  endfacet
  facet normal 0.0654033 -0.997859 0
    outer loop
      vertex -103 65 3
      vertex -102.347 65.0428 45.3318
      vertex -103 65 45.3269
    endloop
  endfacet
  facet normal 0.0654033 -0.997859 0
    outer loop
      vertex -102.347 65.0428 45.3318
      vertex -103 65 3
      vertex -102.347 65.0428 3
    endloop
  endfacet
  facet normal -0.321546 -0.946894 0
    outer loop
      vertex -104.913 65.3806 3
      vertex -104.294 65.1704 45.3467
      vertex -104.913 65.3806 45.3711
    endloop
  endfacet
  facet normal -0.321546 -0.946894 -0
    outer loop
      vertex -104.294 65.1704 45.3467
      vertex -104.913 65.3806 3
      vertex -104.294 65.1704 3
    endloop
  endfacet
  facet normal 0.195233 -0.980757 0
    outer loop
      vertex 104.294 65.1704 3
      vertex 103.653 65.0428 45.3318
      vertex 103.653 65.0428 3
    endloop
  endfacet
  facet normal 0.195233 -0.980757 0
    outer loop
      vertex 103.653 65.0428 45.3318
      vertex 104.294 65.1704 3
      vertex 104.294 65.1704 45.3467
    endloop
  endfacet
  facet normal -0.997856 -0.0654432 -0
    outer loop
      vertex 98.0428 69.3474 45.8317
      vertex 98 70 3
      vertex 98.0428 69.3474 3
    endloop
  endfacet
  facet normal -0.997856 -0.0654432 0
    outer loop
      vertex 98 70 3
      vertex 98.0428 69.3474 45.8317
      vertex 98 70 45.9075
    endloop
  endfacet
  facet normal -0.321546 -0.946894 0
    outer loop
      vertex 101.087 65.3806 3
      vertex 101.706 65.1704 45.3467
      vertex 101.087 65.3806 45.3711
    endloop
  endfacet
  facet normal -0.321546 -0.946894 -0
    outer loop
      vertex 101.706 65.1704 45.3467
      vertex 101.087 65.3806 3
      vertex 101.706 65.1704 3
    endloop
  endfacet
  facet normal -0.195233 -0.980757 0
    outer loop
      vertex 101.706 65.1704 3
      vertex 102.347 65.0428 45.3318
      vertex 101.706 65.1704 45.3467
    endloop
  endfacet
  facet normal -0.195233 -0.980757 -0
    outer loop
      vertex 102.347 65.0428 45.3318
      vertex 101.706 65.1704 3
      vertex 102.347 65.0428 3
    endloop
  endfacet
  facet normal -0.997856 0.0654432 0
    outer loop
      vertex 98 70 45.9075
      vertex 98.0428 70.6526 3
      vertex 98 70 3
    endloop
  endfacet
  facet normal -0.997856 0.0654432 0
    outer loop
      vertex 98.0428 70.6526 3
      vertex 98 70 45.9075
      vertex 98.0428 70.6526 45.9833
    endloop
  endfacet
  facet normal -0.831538 0.555468 0
    outer loop
      vertex 98.6699 72.5 46.1978
      vertex 98.8035 72.7 3
      vertex 98.6699 72.5 3
    endloop
  endfacet
  facet normal -0.831538 0.555468 0
    outer loop
      vertex 98.8035 72.7 3
      vertex 98.6699 72.5 46.1978
      vertex 98.8035 72.7 46.2211
    endloop
  endfacet
  facet normal -0.555512 -0.831509 0
    outer loop
      vertex 99.9562 66.0332 3
      vertex 100.5 65.6699 45.4047
      vertex 99.9562 66.0332 45.4469
    endloop
  endfacet
  facet normal -0.555512 -0.831509 -0
    outer loop
      vertex 100.5 65.6699 45.4047
      vertex 99.9562 66.0332 3
      vertex 100.5 65.6699 3
    endloop
  endfacet
  facet normal -0.980786 -0.195087 -0
    outer loop
      vertex 98.1704 68.7059 45.7572
      vertex 98.0428 69.3474 3
      vertex 98.1704 68.7059 3
    endloop
  endfacet
  facet normal -0.980786 -0.195087 0
    outer loop
      vertex 98.0428 69.3474 3
      vertex 98.1704 68.7059 45.7572
      vertex 98.0428 69.3474 45.8317
    endloop
  endfacet
  facet normal -0.751771 -0.659424 -0
    outer loop
      vertex 99.4645 66.4645 45.4969
      vertex 99.0332 66.9562 3
      vertex 99.4645 66.4645 3
    endloop
  endfacet
  facet normal -0.751771 -0.659424 0
    outer loop
      vertex 99.0332 66.9562 3
      vertex 99.4645 66.4645 45.4969
      vertex 99.0332 66.9562 45.5541
    endloop
  endfacet
  facet normal -0.946941 0.321407 0
    outer loop
      vertex 98.1704 71.2941 46.0578
      vertex 98.3806 71.9134 3
      vertex 98.1704 71.2941 3
    endloop
  endfacet
  facet normal -0.946941 0.321407 0
    outer loop
      vertex 98.3806 71.9134 3
      vertex 98.1704 71.2941 46.0578
      vertex 98.3806 71.9134 46.1297
    endloop
  endfacet
  facet normal -0.831509 -0.555512 -0
    outer loop
      vertex 99.0332 66.9562 45.5541
      vertex 98.6699 67.5 3
      vertex 99.0332 66.9562 3
    endloop
  endfacet
  facet normal -0.831509 -0.555512 0
    outer loop
      vertex 98.6699 67.5 3
      vertex 99.0332 66.9562 45.5541
      vertex 98.6699 67.5 45.6172
    endloop
  endfacet
  facet normal 0.321546 -0.946894 0
    outer loop
      vertex 104.913 65.3806 3
      vertex 104.294 65.1704 45.3467
      vertex 104.294 65.1704 3
    endloop
  endfacet
  facet normal 0.321546 -0.946894 0
    outer loop
      vertex 104.294 65.1704 45.3467
      vertex 104.913 65.3806 3
      vertex 104.913 65.3806 45.3711
    endloop
  endfacet
  facet normal -0.89686 -0.442314 -0
    outer loop
      vertex 98.6699 67.5 45.6172
      vertex 98.3806 68.0866 3
      vertex 98.6699 67.5 3
    endloop
  endfacet
  facet normal -0.89686 -0.442314 0
    outer loop
      vertex 98.3806 68.0866 3
      vertex 98.6699 67.5 45.6172
      vertex 98.3806 68.0866 45.6853
    endloop
  endfacet
  facet normal -0.659424 -0.751771 0
    outer loop
      vertex 99.4645 66.4645 3
      vertex 99.9562 66.0332 45.4469
      vertex 99.4645 66.4645 45.4969
    endloop
  endfacet
  facet normal -0.659424 -0.751771 -0
    outer loop
      vertex 99.9562 66.0332 45.4469
      vertex 99.4645 66.4645 3
      vertex 99.9562 66.0332 3
    endloop
  endfacet
  facet normal -0.946941 -0.321407 -0
    outer loop
      vertex 98.3806 68.0866 45.6853
      vertex 98.1704 68.7059 3
      vertex 98.3806 68.0866 3
    endloop
  endfacet
  facet normal -0.946941 -0.321407 0
    outer loop
      vertex 98.1704 68.7059 3
      vertex 98.3806 68.0866 45.6853
      vertex 98.1704 68.7059 45.7572
    endloop
  endfacet
  facet normal -0.980786 0.195087 0
    outer loop
      vertex 98.0428 70.6526 45.9833
      vertex 98.1704 71.2941 3
      vertex 98.0428 70.6526 3
    endloop
  endfacet
  facet normal -0.980786 0.195087 0
    outer loop
      vertex 98.1704 71.2941 3
      vertex 98.0428 70.6526 45.9833
      vertex 98.1704 71.2941 46.0578
    endloop
  endfacet
  facet normal 0.0654033 -0.997859 0
    outer loop
      vertex 103 65 3
      vertex 103.653 65.0428 45.3318
      vertex 103 65 45.3269
    endloop
  endfacet
  facet normal 0.0654033 -0.997859 0
    outer loop
      vertex 103.653 65.0428 45.3318
      vertex 103 65 3
      vertex 103.653 65.0428 3
    endloop
  endfacet
  facet normal -0.442072 -0.89698 0
    outer loop
      vertex 100.5 65.6699 3
      vertex 101.087 65.3806 45.3711
      vertex 100.5 65.6699 45.4047
    endloop
  endfacet
  facet normal -0.442072 -0.89698 -0
    outer loop
      vertex 101.087 65.3806 45.3711
      vertex 100.5 65.6699 3
      vertex 101.087 65.3806 3
    endloop
  endfacet
  facet normal -0.89686 0.442314 0
    outer loop
      vertex 98.3806 71.9134 46.1297
      vertex 98.6699 72.5 3
      vertex 98.3806 71.9134 3
    endloop
  endfacet
  facet normal -0.89686 0.442314 0
    outer loop
      vertex 98.6699 72.5 3
      vertex 98.3806 71.9134 46.1297
      vertex 98.6699 72.5 46.1978
    endloop
  endfacet
  facet normal 0.441703 -0.897161 0
    outer loop
      vertex 105.2 65.5219 3
      vertex 104.913 65.3806 45.3711
      vertex 104.913 65.3806 3
    endloop
  endfacet
  facet normal 0.441703 -0.897161 0
    outer loop
      vertex 104.913 65.3806 45.3711
      vertex 105.2 65.5219 3
      vertex 105.2 65.5219 45.3875
    endloop
  endfacet
  facet normal -0.0654033 -0.997859 0
    outer loop
      vertex 102.347 65.0428 3
      vertex 103 65 45.3269
      vertex 102.347 65.0428 45.3318
    endloop
  endfacet
  facet normal -0.0654033 -0.997859 -0
    outer loop
      vertex 103 65 45.3269
      vertex 102.347 65.0428 3
      vertex 103 65 3
    endloop
  endfacet
  facet normal 0.980789 0.195072 0
    outer loop
      vertex 4.95722 -69.3474 29.7253
      vertex 4.82963 -68.7059 3
      vertex 4.82963 -68.7059 29.7997
    endloop
  endfacet
  facet normal 0.980789 0.195072 0
    outer loop
      vertex 4.82963 -68.7059 3
      vertex 4.95722 -69.3474 29.7253
      vertex 4.95722 -69.3474 3
    endloop
  endfacet
  facet normal 0.997858 0.0654128 0
    outer loop
      vertex 5 -70 29.6495
      vertex 4.95722 -69.3474 3
      vertex 4.95722 -69.3474 29.7253
    endloop
  endfacet
  facet normal 0.997858 0.0654128 0
    outer loop
      vertex 4.95722 -69.3474 3
      vertex 5 -70 29.6495
      vertex 5 -70 3
    endloop
  endfacet
  facet normal 0.831466 0.555575 0
    outer loop
      vertex 4.33013 -67.5 29.9398
      vertex 3.96677 -66.9562 3
      vertex 3.96677 -66.9562 30.0029
    endloop
  endfacet
  facet normal 0.831466 0.555575 0
    outer loop
      vertex 3.96677 -66.9562 3
      vertex 4.33013 -67.5 29.9398
      vertex 4.33013 -67.5 3
    endloop
  endfacet
  facet normal 0.946927 -0.321448 0
    outer loop
      vertex 4.6194 -71.9134 29.4273
      vertex 4.82963 -71.2941 3
      vertex 4.82963 -71.2941 29.4992
    endloop
  endfacet
  facet normal 0.946927 -0.321448 0
    outer loop
      vertex 4.82963 -71.2941 3
      vertex 4.6194 -71.9134 29.4273
      vertex 4.6194 -71.9134 3
    endloop
  endfacet
  facet normal -0.442327 0.896854 0
    outer loop
      vertex -1.91342 -65.3806 3
      vertex -2.5 -65.6699 30.1523
      vertex -1.91342 -65.3806 30.1859
    endloop
  endfacet
  facet normal -0.442327 0.896854 0
    outer loop
      vertex -2.5 -65.6699 30.1523
      vertex -1.91342 -65.3806 3
      vertex -2.5 -65.6699 3
    endloop
  endfacet
  facet normal 0.442327 0.896854 0
    outer loop
      vertex 1.91342 -65.3806 3
      vertex 2.5 -65.6699 30.1523
      vertex 2.5 -65.6699 3
    endloop
  endfacet
  facet normal 0.442327 0.896854 0
    outer loop
      vertex 2.5 -65.6699 30.1523
      vertex 1.91342 -65.3806 3
      vertex 1.91342 -65.3806 30.1859
    endloop
  endfacet
  facet normal -0.997858 -0.0654128 -0
    outer loop
      vertex -4.95722 -70.6526 29.5737
      vertex -5 -70 3
      vertex -4.95722 -70.6526 3
    endloop
  endfacet
  facet normal -0.997858 -0.0654128 0
    outer loop
      vertex -5 -70 3
      vertex -4.95722 -70.6526 29.5737
      vertex -5 -70 29.6495
    endloop
  endfacet
  facet normal -0.896878 0.442277 0
    outer loop
      vertex -4.6194 -68.0866 29.8717
      vertex -4.33013 -67.5 3
      vertex -4.6194 -68.0866 3
    endloop
  endfacet
  facet normal -0.896878 0.442277 0
    outer loop
      vertex -4.33013 -67.5 3
      vertex -4.6194 -68.0866 29.8717
      vertex -4.33013 -67.5 29.9398
    endloop
  endfacet
  facet normal -0.751817 0.659372 0
    outer loop
      vertex -3.96677 -66.9562 30.0029
      vertex -3.53553 -66.4645 3
      vertex -3.96677 -66.9562 3
    endloop
  endfacet
  facet normal -0.751817 0.659372 0
    outer loop
      vertex -3.53553 -66.4645 3
      vertex -3.96677 -66.9562 30.0029
      vertex -3.53553 -66.4645 30.06
    endloop
  endfacet
  facet normal 0.321397 0.946944 0
    outer loop
      vertex 1.2941 -65.1704 3
      vertex 1.91342 -65.3806 30.1859
      vertex 1.91342 -65.3806 3
    endloop
  endfacet
  facet normal 0.321397 0.946944 0
    outer loop
      vertex 1.91342 -65.3806 30.1859
      vertex 1.2941 -65.1704 3
      vertex 1.2941 -65.1704 30.2103
    endloop
  endfacet
  facet normal -0.946927 0.321448 0
    outer loop
      vertex -4.82963 -68.7059 29.7997
      vertex -4.6194 -68.0866 3
      vertex -4.82963 -68.7059 3
    endloop
  endfacet
  facet normal -0.946927 0.321448 0
    outer loop
      vertex -4.6194 -68.0866 3
      vertex -4.82963 -68.7059 29.7997
      vertex -4.6194 -68.0866 29.8717
    endloop
  endfacet
  facet normal 0.195096 0.980784 0
    outer loop
      vertex 0.652631 -65.0428 3
      vertex 1.2941 -65.1704 30.2103
      vertex 1.2941 -65.1704 3
    endloop
  endfacet
  facet normal 0.195096 0.980784 0
    outer loop
      vertex 1.2941 -65.1704 30.2103
      vertex 0.652631 -65.0428 3
      vertex 0.652631 -65.0428 30.2251
    endloop
  endfacet
  facet normal 0.980789 -0.195072 0
    outer loop
      vertex 4.82963 -71.2941 29.4992
      vertex 4.95722 -70.6526 3
      vertex 4.95722 -70.6526 29.5737
    endloop
  endfacet
  facet normal 0.980789 -0.195072 0
    outer loop
      vertex 4.95722 -70.6526 3
      vertex 4.82963 -71.2941 29.4992
      vertex 4.82963 -71.2941 3
    endloop
  endfacet
  facet normal -0.555504 0.831514 0
    outer loop
      vertex -2.5 -65.6699 3
      vertex -3.04381 -66.0332 30.1101
      vertex -2.5 -65.6699 30.1523
    endloop
  endfacet
  facet normal -0.555504 0.831514 0
    outer loop
      vertex -3.04381 -66.0332 30.1101
      vertex -2.5 -65.6699 3
      vertex -3.04381 -66.0332 3
    endloop
  endfacet
  facet normal -0.659409 0.751784 0
    outer loop
      vertex -3.04381 -66.0332 3
      vertex -3.53553 -66.4645 30.06
      vertex -3.04381 -66.0332 30.1101
    endloop
  endfacet
  facet normal -0.659409 0.751784 0
    outer loop
      vertex -3.53553 -66.4645 30.06
      vertex -3.04381 -66.0332 3
      vertex -3.53553 -66.4645 3
    endloop
  endfacet
  facet normal -0.946927 -0.321448 -0
    outer loop
      vertex -4.6194 -71.9134 29.4273
      vertex -4.82963 -71.2941 3
      vertex -4.6194 -71.9134 3
    endloop
  endfacet
  facet normal -0.946927 -0.321448 0
    outer loop
      vertex -4.82963 -71.2941 3
      vertex -4.6194 -71.9134 29.4273
      vertex -4.82963 -71.2941 29.4992
    endloop
  endfacet
  facet normal -0.321397 0.946944 0
    outer loop
      vertex -1.2941 -65.1704 3
      vertex -1.91342 -65.3806 30.1859
      vertex -1.2941 -65.1704 30.2103
    endloop
  endfacet
  facet normal -0.321397 0.946944 0
    outer loop
      vertex -1.91342 -65.3806 30.1859
      vertex -1.2941 -65.1704 3
      vertex -1.91342 -65.3806 3
    endloop
  endfacet
  facet normal -0.980789 0.195072 0
    outer loop
      vertex -4.95722 -69.3474 29.7253
      vertex -4.82963 -68.7059 3
      vertex -4.95722 -69.3474 3
    endloop
  endfacet
  facet normal -0.980789 0.195072 0
    outer loop
      vertex -4.82963 -68.7059 3
      vertex -4.95722 -69.3474 29.7253
      vertex -4.82963 -68.7059 29.7997
    endloop
  endfacet
  facet normal 0.659409 0.751784 0
    outer loop
      vertex 3.04381 -66.0332 3
      vertex 3.53553 -66.4645 30.06
      vertex 3.53553 -66.4645 3
    endloop
  endfacet
  facet normal 0.659409 0.751784 0
    outer loop
      vertex 3.53553 -66.4645 30.06
      vertex 3.04381 -66.0332 3
      vertex 3.04381 -66.0332 30.1101
    endloop
  endfacet
  facet normal 0.997858 -0.0654128 0
    outer loop
      vertex 4.95722 -70.6526 29.5737
      vertex 5 -70 3
      vertex 5 -70 29.6495
    endloop
  endfacet
  facet normal 0.997858 -0.0654128 0
    outer loop
      vertex 5 -70 3
      vertex 4.95722 -70.6526 29.5737
      vertex 4.95722 -70.6526 3
    endloop
  endfacet
  facet normal -0.195096 0.980784 0
    outer loop
      vertex -0.652631 -65.0428 3
      vertex -1.2941 -65.1704 30.2103
      vertex -0.652631 -65.0428 30.2251
    endloop
  endfacet
  facet normal -0.195096 0.980784 0
    outer loop
      vertex -1.2941 -65.1704 30.2103
      vertex -0.652631 -65.0428 3
      vertex -1.2941 -65.1704 3
    endloop
  endfacet
  facet normal 0.555504 0.831514 0
    outer loop
      vertex 2.5 -65.6699 3
      vertex 3.04381 -66.0332 30.1101
      vertex 3.04381 -66.0332 3
    endloop
  endfacet
  facet normal 0.555504 0.831514 0
    outer loop
      vertex 3.04381 -66.0332 30.1101
      vertex 2.5 -65.6699 3
      vertex 2.5 -65.6699 30.1523
    endloop
  endfacet
  facet normal -0.980789 -0.195072 -0
    outer loop
      vertex -4.82963 -71.2941 29.4992
      vertex -4.95722 -70.6526 3
      vertex -4.82963 -71.2941 3
    endloop
  endfacet
  facet normal -0.980789 -0.195072 0
    outer loop
      vertex -4.95722 -70.6526 3
      vertex -4.82963 -71.2941 29.4992
      vertex -4.95722 -70.6526 29.5737
    endloop
  endfacet
  facet normal -0.896878 -0.442277 -0
    outer loop
      vertex -4.33013 -72.5 29.3591
      vertex -4.6194 -71.9134 3
      vertex -4.33013 -72.5 3
    endloop
  endfacet
  facet normal -0.896878 -0.442277 0
    outer loop
      vertex -4.6194 -71.9134 3
      vertex -4.33013 -72.5 29.3591
      vertex -4.6194 -71.9134 29.4273
    endloop
  endfacet
  facet normal 0.831461 -0.555583 0
    outer loop
      vertex 4.19649 -72.7 29.3359
      vertex 4.33013 -72.5 3
      vertex 4.33013 -72.5 29.3591
    endloop
  endfacet
  facet normal 0.831461 -0.555583 0
    outer loop
      vertex 4.33013 -72.5 3
      vertex 4.19649 -72.7 29.3359
      vertex 4.19649 -72.7 3
    endloop
  endfacet
  facet normal -0.831461 -0.555583 -0
    outer loop
      vertex -4.19649 -72.7 29.3359
      vertex -4.33013 -72.5 3
      vertex -4.19649 -72.7 3
    endloop
  endfacet
  facet normal -0.831461 -0.555583 0
    outer loop
      vertex -4.33013 -72.5 3
      vertex -4.19649 -72.7 29.3359
      vertex -4.33013 -72.5 29.3591
    endloop
  endfacet
  facet normal 0.0654401 0.997856 -0
    outer loop
      vertex 0.652631 -65.0428 3
      vertex 0 -65 30.2301
      vertex 0.652631 -65.0428 30.2251
    endloop
  endfacet
  facet normal 0.0654401 0.997856 0
    outer loop
      vertex 0 -65 30.2301
      vertex 0.652631 -65.0428 3
      vertex 0 -65 3
    endloop
  endfacet
  facet normal 0.896878 -0.442277 0
    outer loop
      vertex 4.33013 -72.5 29.3591
      vertex 4.6194 -71.9134 3
      vertex 4.6194 -71.9134 29.4273
    endloop
  endfacet
  facet normal 0.896878 -0.442277 0
    outer loop
      vertex 4.6194 -71.9134 3
      vertex 4.33013 -72.5 29.3591
      vertex 4.33013 -72.5 3
    endloop
  endfacet
  facet normal -0.997858 0.0654128 0
    outer loop
      vertex -5 -70 29.6495
      vertex -4.95722 -69.3474 3
      vertex -5 -70 3
    endloop
  endfacet
  facet normal -0.997858 0.0654128 0
    outer loop
      vertex -4.95722 -69.3474 3
      vertex -5 -70 29.6495
      vertex -4.95722 -69.3474 29.7253
    endloop
  endfacet
  facet normal 0.896878 0.442277 0
    outer loop
      vertex 4.6194 -68.0866 29.8717
      vertex 4.33013 -67.5 3
      vertex 4.33013 -67.5 29.9398
    endloop
  endfacet
  facet normal 0.896878 0.442277 0
    outer loop
      vertex 4.33013 -67.5 3
      vertex 4.6194 -68.0866 29.8717
      vertex 4.6194 -68.0866 3
    endloop
  endfacet
  facet normal 0.751817 0.659372 0
    outer loop
      vertex 3.96677 -66.9562 30.0029
      vertex 3.53553 -66.4645 3
      vertex 3.53553 -66.4645 30.06
    endloop
  endfacet
  facet normal 0.751817 0.659372 0
    outer loop
      vertex 3.53553 -66.4645 3
      vertex 3.96677 -66.9562 30.0029
      vertex 3.96677 -66.9562 3
    endloop
  endfacet
  facet normal 0.946927 0.321448 0
    outer loop
      vertex 4.82963 -68.7059 29.7997
      vertex 4.6194 -68.0866 3
      vertex 4.6194 -68.0866 29.8717
    endloop
  endfacet
  facet normal 0.946927 0.321448 0
    outer loop
      vertex 4.6194 -68.0866 3
      vertex 4.82963 -68.7059 29.7997
      vertex 4.82963 -68.7059 3
    endloop
  endfacet
  facet normal -0.831466 0.555575 0
    outer loop
      vertex -4.33013 -67.5 29.9398
      vertex -3.96677 -66.9562 3
      vertex -4.33013 -67.5 3
    endloop
  endfacet
  facet normal -0.831466 0.555575 0
    outer loop
      vertex -3.96677 -66.9562 3
      vertex -4.33013 -67.5 29.9398
      vertex -3.96677 -66.9562 30.0029
    endloop
  endfacet
  facet normal -0.0654401 0.997856 0
    outer loop
      vertex 0 -65 3
      vertex -0.652631 -65.0428 30.2251
      vertex 0 -65 30.2301
    endloop
  endfacet
  facet normal -0.0654401 0.997856 0
    outer loop
      vertex -0.652631 -65.0428 30.2251
      vertex 0 -65 3
      vertex -0.652631 -65.0428 3
    endloop
  endfacet
  facet normal 0.195096 -0.980784 0
    outer loop
      vertex 1.2941 65.1704 3
      vertex 0.652631 65.0428 45.3318
      vertex 0.652631 65.0428 3
    endloop
  endfacet
  facet normal 0.195096 -0.980784 0
    outer loop
      vertex 0.652631 65.0428 45.3318
      vertex 1.2941 65.1704 3
      vertex 1.2941 65.1704 45.3467
    endloop
  endfacet
  facet normal 0.980789 0.195072 0
    outer loop
      vertex 4.95722 70.6526 45.9833
      vertex 4.82963 71.2941 3
      vertex 4.82963 71.2941 46.0578
    endloop
  endfacet
  facet normal 0.980789 0.195072 0
    outer loop
      vertex 4.82963 71.2941 3
      vertex 4.95722 70.6526 45.9833
      vertex 4.95722 70.6526 3
    endloop
  endfacet
  facet normal 0.997858 0.0654128 0
    outer loop
      vertex 5 70 45.9075
      vertex 4.95722 70.6526 3
      vertex 4.95722 70.6526 45.9833
    endloop
  endfacet
  facet normal 0.997858 0.0654128 0
    outer loop
      vertex 4.95722 70.6526 3
      vertex 5 70 45.9075
      vertex 5 70 3
    endloop
  endfacet
  facet normal -0.0654401 -0.997856 0
    outer loop
      vertex -0.652631 65.0428 3
      vertex 0 65 45.3269
      vertex -0.652631 65.0428 45.3318
    endloop
  endfacet
  facet normal -0.0654401 -0.997856 -0
    outer loop
      vertex 0 65 45.3269
      vertex -0.652631 65.0428 3
      vertex 0 65 3
    endloop
  endfacet
  facet normal -0.195096 -0.980784 0
    outer loop
      vertex -1.2941 65.1704 3
      vertex -0.652631 65.0428 45.3318
      vertex -1.2941 65.1704 45.3467
    endloop
  endfacet
  facet normal -0.195096 -0.980784 -0
    outer loop
      vertex -0.652631 65.0428 45.3318
      vertex -1.2941 65.1704 3
      vertex -0.652631 65.0428 3
    endloop
  endfacet
  facet normal -0.321397 -0.946944 0
    outer loop
      vertex -1.91342 65.3806 3
      vertex -1.2941 65.1704 45.3467
      vertex -1.91342 65.3806 45.3711
    endloop
  endfacet
  facet normal -0.321397 -0.946944 -0
    outer loop
      vertex -1.2941 65.1704 45.3467
      vertex -1.91342 65.3806 3
      vertex -1.2941 65.1704 3
    endloop
  endfacet
  facet normal 0.946927 -0.321448 0
    outer loop
      vertex 4.6194 68.0866 45.6853
      vertex 4.82963 68.7059 3
      vertex 4.82963 68.7059 45.7572
    endloop
  endfacet
  facet normal 0.946927 -0.321448 0
    outer loop
      vertex 4.82963 68.7059 3
      vertex 4.6194 68.0866 45.6853
      vertex 4.6194 68.0866 3
    endloop
  endfacet
  facet normal -0.831461 0.555583 0
    outer loop
      vertex -4.33013 72.5 46.1978
      vertex -4.19649 72.7 3
      vertex -4.33013 72.5 3
    endloop
  endfacet
  facet normal -0.831461 0.555583 0
    outer loop
      vertex -4.19649 72.7 3
      vertex -4.33013 72.5 46.1978
      vertex -4.19649 72.7 46.2211
    endloop
  endfacet
  facet normal 0.980789 -0.195072 0
    outer loop
      vertex 4.82963 68.7059 45.7572
      vertex 4.95722 69.3474 3
      vertex 4.95722 69.3474 45.8317
    endloop
  endfacet
  facet normal 0.980789 -0.195072 0
    outer loop
      vertex 4.95722 69.3474 3
      vertex 4.82963 68.7059 45.7572
      vertex 4.82963 68.7059 3
    endloop
  endfacet
  facet normal 0.659409 -0.751784 0
    outer loop
      vertex 3.53553 66.4645 3
      vertex 3.04381 66.0332 45.4469
      vertex 3.04381 66.0332 3
    endloop
  endfacet
  facet normal 0.659409 -0.751784 0
    outer loop
      vertex 3.04381 66.0332 45.4469
      vertex 3.53553 66.4645 3
      vertex 3.53553 66.4645 45.4969
    endloop
  endfacet
  facet normal -0.980789 -0.195072 -0
    outer loop
      vertex -4.82963 68.7059 45.7572
      vertex -4.95722 69.3474 3
      vertex -4.82963 68.7059 3
    endloop
  endfacet
  facet normal -0.980789 -0.195072 0
    outer loop
      vertex -4.95722 69.3474 3
      vertex -4.82963 68.7059 45.7572
      vertex -4.95722 69.3474 45.8317
    endloop
  endfacet
  facet normal -0.980789 0.195072 0
    outer loop
      vertex -4.95722 70.6526 45.9833
      vertex -4.82963 71.2941 3
      vertex -4.95722 70.6526 3
    endloop
  endfacet
  facet normal -0.980789 0.195072 0
    outer loop
      vertex -4.82963 71.2941 3
      vertex -4.95722 70.6526 45.9833
      vertex -4.82963 71.2941 46.0578
    endloop
  endfacet
  facet normal 0.0654401 -0.997856 0
    outer loop
      vertex 0 65 3
      vertex 0.652631 65.0428 45.3318
      vertex 0 65 45.3269
    endloop
  endfacet
  facet normal 0.0654401 -0.997856 0
    outer loop
      vertex 0.652631 65.0428 45.3318
      vertex 0 65 3
      vertex 0.652631 65.0428 3
    endloop
  endfacet
  facet normal -0.997858 -0.0654128 -0
    outer loop
      vertex -4.95722 69.3474 45.8317
      vertex -5 70 3
      vertex -4.95722 69.3474 3
    endloop
  endfacet
  facet normal -0.997858 -0.0654128 0
    outer loop
      vertex -5 70 3
      vertex -4.95722 69.3474 45.8317
      vertex -5 70 45.9075
    endloop
  endfacet
  facet normal 0.831461 0.555583 0
    outer loop
      vertex 4.33013 72.5 46.1978
      vertex 4.19649 72.7 3
      vertex 4.19649 72.7 46.2211
    endloop
  endfacet
  facet normal 0.831461 0.555583 0
    outer loop
      vertex 4.19649 72.7 3
      vertex 4.33013 72.5 46.1978
      vertex 4.33013 72.5 3
    endloop
  endfacet
  facet normal 0.321397 -0.946944 0
    outer loop
      vertex 1.91342 65.3806 3
      vertex 1.2941 65.1704 45.3467
      vertex 1.2941 65.1704 3
    endloop
  endfacet
  facet normal 0.321397 -0.946944 0
    outer loop
      vertex 1.2941 65.1704 45.3467
      vertex 1.91342 65.3806 3
      vertex 1.91342 65.3806 45.3711
    endloop
  endfacet
  facet normal -0.831466 -0.555575 -0
    outer loop
      vertex -3.96677 66.9562 45.5541
      vertex -4.33013 67.5 3
      vertex -3.96677 66.9562 3
    endloop
  endfacet
  facet normal -0.831466 -0.555575 0
    outer loop
      vertex -4.33013 67.5 3
      vertex -3.96677 66.9562 45.5541
      vertex -4.33013 67.5 45.6172
    endloop
  endfacet
  facet normal 0.896878 -0.442277 0
    outer loop
      vertex 4.33013 67.5 45.6172
      vertex 4.6194 68.0866 3
      vertex 4.6194 68.0866 45.6853
    endloop
  endfacet
  facet normal 0.896878 -0.442277 0
    outer loop
      vertex 4.6194 68.0866 3
      vertex 4.33013 67.5 45.6172
      vertex 4.33013 67.5 3
    endloop
  endfacet
  facet normal -0.946927 -0.321448 -0
    outer loop
      vertex -4.6194 68.0866 45.6853
      vertex -4.82963 68.7059 3
      vertex -4.6194 68.0866 3
    endloop
  endfacet
  facet normal -0.946927 -0.321448 0
    outer loop
      vertex -4.82963 68.7059 3
      vertex -4.6194 68.0866 45.6853
      vertex -4.82963 68.7059 45.7572
    endloop
  endfacet
  facet normal -0.751817 -0.659372 -0
    outer loop
      vertex -3.53553 66.4645 45.4969
      vertex -3.96677 66.9562 3
      vertex -3.53553 66.4645 3
    endloop
  endfacet
  facet normal -0.751817 -0.659372 0
    outer loop
      vertex -3.96677 66.9562 3
      vertex -3.53553 66.4645 45.4969
      vertex -3.96677 66.9562 45.5541
    endloop
  endfacet
  facet normal 0.997858 -0.0654128 0
    outer loop
      vertex 4.95722 69.3474 45.8317
      vertex 5 70 3
      vertex 5 70 45.9075
    endloop
  endfacet
  facet normal 0.997858 -0.0654128 0
    outer loop
      vertex 5 70 3
      vertex 4.95722 69.3474 45.8317
      vertex 4.95722 69.3474 3
    endloop
  endfacet
  facet normal 0.442327 -0.896854 0
    outer loop
      vertex 2.5 65.6699 3
      vertex 1.91342 65.3806 45.3711
      vertex 1.91342 65.3806 3
    endloop
  endfacet
  facet normal 0.442327 -0.896854 0
    outer loop
      vertex 1.91342 65.3806 45.3711
      vertex 2.5 65.6699 3
      vertex 2.5 65.6699 45.4047
    endloop
  endfacet
  facet normal -0.896878 -0.442277 -0
    outer loop
      vertex -4.33013 67.5 45.6172
      vertex -4.6194 68.0866 3
      vertex -4.33013 67.5 3
    endloop
  endfacet
  facet normal -0.896878 -0.442277 0
    outer loop
      vertex -4.6194 68.0866 3
      vertex -4.33013 67.5 45.6172
      vertex -4.6194 68.0866 45.6853
    endloop
  endfacet
  facet normal 0.555504 -0.831514 0
    outer loop
      vertex 3.04381 66.0332 3
      vertex 2.5 65.6699 45.4047
      vertex 2.5 65.6699 3
    endloop
  endfacet
  facet normal 0.555504 -0.831514 0
    outer loop
      vertex 2.5 65.6699 45.4047
      vertex 3.04381 66.0332 3
      vertex 3.04381 66.0332 45.4469
    endloop
  endfacet
  facet normal -0.659409 -0.751784 0
    outer loop
      vertex -3.53553 66.4645 3
      vertex -3.04381 66.0332 45.4469
      vertex -3.53553 66.4645 45.4969
    endloop
  endfacet
  facet normal -0.659409 -0.751784 -0
    outer loop
      vertex -3.04381 66.0332 45.4469
      vertex -3.53553 66.4645 3
      vertex -3.04381 66.0332 3
    endloop
  endfacet
  facet normal 0.751817 -0.659372 0
    outer loop
      vertex 3.53553 66.4645 45.4969
      vertex 3.96677 66.9562 3
      vertex 3.96677 66.9562 45.5541
    endloop
  endfacet
  facet normal 0.751817 -0.659372 0
    outer loop
      vertex 3.96677 66.9562 3
      vertex 3.53553 66.4645 45.4969
      vertex 3.53553 66.4645 3
    endloop
  endfacet
  facet normal -0.997858 0.0654128 0
    outer loop
      vertex -5 70 45.9075
      vertex -4.95722 70.6526 3
      vertex -5 70 3
    endloop
  endfacet
  facet normal -0.997858 0.0654128 0
    outer loop
      vertex -4.95722 70.6526 3
      vertex -5 70 45.9075
      vertex -4.95722 70.6526 45.9833
    endloop
  endfacet
  facet normal 0.831466 -0.555575 0
    outer loop
      vertex 3.96677 66.9562 45.5541
      vertex 4.33013 67.5 3
      vertex 4.33013 67.5 45.6172
    endloop
  endfacet
  facet normal 0.831466 -0.555575 0
    outer loop
      vertex 4.33013 67.5 3
      vertex 3.96677 66.9562 45.5541
      vertex 3.96677 66.9562 3
    endloop
  endfacet
  facet normal -0.896878 0.442277 0
    outer loop
      vertex -4.6194 71.9134 46.1297
      vertex -4.33013 72.5 3
      vertex -4.6194 71.9134 3
    endloop
  endfacet
  facet normal -0.896878 0.442277 0
    outer loop
      vertex -4.33013 72.5 3
      vertex -4.6194 71.9134 46.1297
      vertex -4.33013 72.5 46.1978
    endloop
  endfacet
  facet normal 0.896878 0.442277 0
    outer loop
      vertex 4.6194 71.9134 46.1297
      vertex 4.33013 72.5 3
      vertex 4.33013 72.5 46.1978
    endloop
  endfacet
  facet normal 0.896878 0.442277 0
    outer loop
      vertex 4.33013 72.5 3
      vertex 4.6194 71.9134 46.1297
      vertex 4.6194 71.9134 3
    endloop
  endfacet
  facet normal 0.946927 0.321448 0
    outer loop
      vertex 4.82963 71.2941 46.0578
      vertex 4.6194 71.9134 3
      vertex 4.6194 71.9134 46.1297
    endloop
  endfacet
  facet normal 0.946927 0.321448 0
    outer loop
      vertex 4.6194 71.9134 3
      vertex 4.82963 71.2941 46.0578
      vertex 4.82963 71.2941 3
    endloop
  endfacet
  facet normal -0.442327 -0.896854 0
    outer loop
      vertex -2.5 65.6699 3
      vertex -1.91342 65.3806 45.3711
      vertex -2.5 65.6699 45.4047
    endloop
  endfacet
  facet normal -0.442327 -0.896854 -0
    outer loop
      vertex -1.91342 65.3806 45.3711
      vertex -2.5 65.6699 3
      vertex -1.91342 65.3806 3
    endloop
  endfacet
  facet normal -0.555504 -0.831514 0
    outer loop
      vertex -3.04381 66.0332 3
      vertex -2.5 65.6699 45.4047
      vertex -3.04381 66.0332 45.4469
    endloop
  endfacet
  facet normal -0.555504 -0.831514 -0
    outer loop
      vertex -2.5 65.6699 45.4047
      vertex -3.04381 66.0332 3
      vertex -2.5 65.6699 3
    endloop
  endfacet
  facet normal -0.946927 0.321448 0
    outer loop
      vertex -4.82963 71.2941 46.0578
      vertex -4.6194 71.9134 3
      vertex -4.82963 71.2941 3
    endloop
  endfacet
  facet normal -0.946927 0.321448 0
    outer loop
      vertex -4.6194 71.9134 3
      vertex -4.82963 71.2941 46.0578
      vertex -4.6194 71.9134 46.1297
    endloop
  endfacet
  facet normal -1 0 0
    outer loop
      vertex -67.5 72.7 10
      vertex -67.5 77.5 18
      vertex -67.5 77.5 10
    endloop
  endfacet
  facet normal -1 -0 0
    outer loop
      vertex -67.5 77.5 18
      vertex -67.5 72.7 10
      vertex -67.5 72.7 18
    endloop
  endfacet
  facet normal 0 0 -1
    outer loop
      vertex -81.5 72.7 18
      vertex -67.5 77.5 18
      vertex -67.5 72.7 18
    endloop
  endfacet
  facet normal -0 0 -1
    outer loop
      vertex -67.5 77.5 18
      vertex -81.5 72.7 18
      vertex -81.5 77.5 18
    endloop
  endfacet
  facet normal -0 0 1
    outer loop
      vertex -81.5 77.5 10
      vertex -67.5 72.7 10
      vertex -67.5 77.5 10
    endloop
  endfacet
  facet normal 0 0 1
    outer loop
      vertex -67.5 72.7 10
      vertex -81.5 77.5 10
      vertex -81.5 72.7 10
    endloop
  endfacet
  facet normal 1 -0 0
    outer loop
      vertex -81.5 72.7 18
      vertex -81.5 77.5 10
      vertex -81.5 77.5 18
    endloop
  endfacet
  facet normal 1 0 0
    outer loop
      vertex -81.5 77.5 10
      vertex -81.5 72.7 18
      vertex -81.5 72.7 10
    endloop
  endfacet
  facet normal 0.896909 -0 0.442216
    outer loop
      vertex -31.2742 72.7 11.6082
      vertex -30.9127 77.5 10.875
      vertex -31.2742 77.5 11.6082
    endloop
  endfacet
  facet normal 0.896909 0 0.442216
    outer loop
      vertex -30.9127 77.5 10.875
      vertex -31.2742 72.7 11.6082
      vertex -30.9127 72.7 10.875
    endloop
  endfacet
  facet normal 0.0654392 0 -0.997857
    outer loop
      vertex -26.3158 72.7 20.1965
      vertex -25.5 77.5 20.25
      vertex -25.5 72.7 20.25
    endloop
  endfacet
  facet normal 0.0654392 0 -0.997857
    outer loop
      vertex -25.5 77.5 20.25
      vertex -26.3158 72.7 20.1965
      vertex -26.3158 77.5 20.1965
    endloop
  endfacet
  facet normal -0.980782 0 -0.195105
    outer loop
      vertex -19.3035 72.7 14.8158
      vertex -19.463 77.5 15.6176
      vertex -19.3035 77.5 14.8158
    endloop
  endfacet
  facet normal -0.980782 -0 -0.195105
    outer loop
      vertex -19.463 77.5 15.6176
      vertex -19.3035 72.7 14.8158
      vertex -19.463 72.7 15.6176
    endloop
  endfacet
  facet normal -0.997857 0 -0.0654392
    outer loop
      vertex -19.25 72.7 14
      vertex -19.3035 77.5 14.8158
      vertex -19.25 77.5 14
    endloop
  endfacet
  facet normal -0.997857 -0 -0.0654392
    outer loop
      vertex -19.3035 77.5 14.8158
      vertex -19.25 72.7 14
      vertex -19.3035 72.7 14.8158
    endloop
  endfacet
  facet normal 0.980782 0 -0.195105
    outer loop
      vertex -31.537 72.7 15.6176
      vertex -31.6965 77.5 14.8158
      vertex -31.537 77.5 15.6176
    endloop
  endfacet
  facet normal 0.980782 0 -0.195105
    outer loop
      vertex -31.6965 77.5 14.8158
      vertex -31.537 72.7 15.6176
      vertex -31.6965 72.7 14.8158
    endloop
  endfacet
  facet normal -0.751773 0 -0.659422
    outer loop
      vertex -20.5415 72.7 17.8048
      vertex -21.0806 77.5 18.4194
      vertex -20.5415 77.5 17.8048
    endloop
  endfacet
  facet normal -0.751773 -0 -0.659422
    outer loop
      vertex -21.0806 77.5 18.4194
      vertex -20.5415 72.7 17.8048
      vertex -21.0806 72.7 18.4194
    endloop
  endfacet
  facet normal -0.321433 0 -0.946932
    outer loop
      vertex -23.8824 72.7 20.037
      vertex -23.1082 77.5 19.7742
      vertex -23.1082 72.7 19.7742
    endloop
  endfacet
  facet normal -0.321433 0 -0.946932
    outer loop
      vertex -23.1082 77.5 19.7742
      vertex -23.8824 72.7 20.037
      vertex -23.8824 77.5 20.037
    endloop
  endfacet
  facet normal 0.997857 -0 0.0654392
    outer loop
      vertex -31.75 72.7 14
      vertex -31.6965 77.5 13.1842
      vertex -31.75 77.5 14
    endloop
  endfacet
  facet normal 0.997857 0 0.0654392
    outer loop
      vertex -31.6965 77.5 13.1842
      vertex -31.75 72.7 14
      vertex -31.6965 72.7 13.1842
    endloop
  endfacet
  facet normal -0.946932 0 -0.321433
    outer loop
      vertex -19.463 72.7 15.6176
      vertex -19.7258 77.5 16.3918
      vertex -19.463 77.5 15.6176
    endloop
  endfacet
  facet normal -0.946932 -0 -0.321433
    outer loop
      vertex -19.7258 77.5 16.3918
      vertex -19.463 72.7 15.6176
      vertex -19.7258 72.7 16.3918
    endloop
  endfacet
  facet normal -0.831485 0 -0.555547
    outer loop
      vertex -20.0873 72.7 17.125
      vertex -20.5415 77.5 17.8048
      vertex -20.0873 77.5 17.125
    endloop
  endfacet
  facet normal -0.831485 -0 -0.555547
    outer loop
      vertex -20.5415 77.5 17.8048
      vertex -20.0873 72.7 17.125
      vertex -20.5415 72.7 17.8048
    endloop
  endfacet
  facet normal -0.896909 0 -0.442216
    outer loop
      vertex -19.7258 72.7 16.3918
      vertex -20.0873 77.5 17.125
      vertex -19.7258 77.5 16.3918
    endloop
  endfacet
  facet normal -0.896909 -0 -0.442216
    outer loop
      vertex -20.0873 77.5 17.125
      vertex -19.7258 72.7 16.3918
      vertex -20.0873 72.7 17.125
    endloop
  endfacet
  facet normal -0.442216 0 -0.896909
    outer loop
      vertex -23.1082 72.7 19.7742
      vertex -22.375 77.5 19.4127
      vertex -22.375 72.7 19.4127
    endloop
  endfacet
  facet normal -0.442216 0 -0.896909
    outer loop
      vertex -22.375 77.5 19.4127
      vertex -23.1082 72.7 19.7742
      vertex -23.1082 77.5 19.7742
    endloop
  endfacet
  facet normal -0.751784 0 0.65941
    outer loop
      vertex -21.0806 72.7 9.58058
      vertex -20.5415 77.5 10.1952
      vertex -21.0806 77.5 9.58058
    endloop
  endfacet
  facet normal -0.751784 0 0.65941
    outer loop
      vertex -20.5415 77.5 10.1952
      vertex -21.0806 72.7 9.58058
      vertex -20.5415 72.7 10.1952
    endloop
  endfacet
  facet normal 0.659381 0 0.751809
    outer loop
      vertex -29.9194 77.5 9.58058
      vertex -29.3048 72.7 9.04154
      vertex -29.3048 77.5 9.04154
    endloop
  endfacet
  facet normal 0.659381 0 0.751809
    outer loop
      vertex -29.3048 72.7 9.04154
      vertex -29.9194 77.5 9.58058
      vertex -29.9194 72.7 9.58058
    endloop
  endfacet
  facet normal -0.0654392 0 -0.997857
    outer loop
      vertex -25.5 72.7 20.25
      vertex -24.6842 77.5 20.1965
      vertex -24.6842 72.7 20.1965
    endloop
  endfacet
  facet normal -0.0654392 0 -0.997857
    outer loop
      vertex -24.6842 77.5 20.1965
      vertex -25.5 72.7 20.25
      vertex -25.5 77.5 20.25
    endloop
  endfacet
  facet normal 0.997857 0 -0.0654392
    outer loop
      vertex -31.6965 72.7 14.8158
      vertex -31.75 77.5 14
      vertex -31.6965 77.5 14.8158
    endloop
  endfacet
  facet normal 0.997857 0 -0.0654392
    outer loop
      vertex -31.75 77.5 14
      vertex -31.6965 72.7 14.8158
      vertex -31.75 72.7 14
    endloop
  endfacet
  facet normal -0.195093 0 0.980785
    outer loop
      vertex -24.6842 77.5 7.80347
      vertex -23.8824 72.7 7.96296
      vertex -23.8824 77.5 7.96296
    endloop
  endfacet
  facet normal -0.195093 0 0.980785
    outer loop
      vertex -23.8824 72.7 7.96296
      vertex -24.6842 77.5 7.80347
      vertex -24.6842 72.7 7.80347
    endloop
  endfacet
  facet normal 0.751784 -0 0.65941
    outer loop
      vertex -30.4585 72.7 10.1952
      vertex -29.9194 77.5 9.58058
      vertex -30.4585 77.5 10.1952
    endloop
  endfacet
  facet normal 0.751784 0 0.65941
    outer loop
      vertex -29.9194 77.5 9.58058
      vertex -30.4585 72.7 10.1952
      vertex -29.9194 72.7 9.58058
    endloop
  endfacet
  facet normal -0.980782 0 0.195105
    outer loop
      vertex -19.463 72.7 12.3824
      vertex -19.3035 77.5 13.1842
      vertex -19.463 77.5 12.3824
    endloop
  endfacet
  facet normal -0.980782 0 0.195105
    outer loop
      vertex -19.3035 77.5 13.1842
      vertex -19.463 72.7 12.3824
      vertex -19.3035 72.7 13.1842
    endloop
  endfacet
  facet normal 0.980782 -0 0.195105
    outer loop
      vertex -31.6965 72.7 13.1842
      vertex -31.537 77.5 12.3824
      vertex -31.6965 77.5 13.1842
    endloop
  endfacet
  facet normal 0.980782 0 0.195105
    outer loop
      vertex -31.537 77.5 12.3824
      vertex -31.6965 72.7 13.1842
      vertex -31.537 72.7 12.3824
    endloop
  endfacet
  facet normal -0.442304 0 0.896865
    outer loop
      vertex -23.1082 77.5 8.22575
      vertex -22.375 72.7 8.58734
      vertex -22.375 77.5 8.58734
    endloop
  endfacet
  facet normal -0.442304 0 0.896865
    outer loop
      vertex -22.375 72.7 8.58734
      vertex -23.1082 77.5 8.22575
      vertex -23.1082 72.7 8.22575
    endloop
  endfacet
  facet normal -0.997857 0 0.0654392
    outer loop
      vertex -19.3035 72.7 13.1842
      vertex -19.25 77.5 14
      vertex -19.3035 77.5 13.1842
    endloop
  endfacet
  facet normal -0.997857 0 0.0654392
    outer loop
      vertex -19.25 77.5 14
      vertex -19.3035 72.7 13.1842
      vertex -19.25 72.7 14
    endloop
  endfacet
  facet normal -0.321422 0 0.946936
    outer loop
      vertex -23.8824 77.5 7.96296
      vertex -23.1082 72.7 8.22575
      vertex -23.1082 77.5 8.22575
    endloop
  endfacet
  facet normal -0.321422 0 0.946936
    outer loop
      vertex -23.1082 72.7 8.22575
      vertex -23.8824 77.5 7.96296
      vertex -23.8824 72.7 7.96296
    endloop
  endfacet
  facet normal 0.0654027 0 0.997859
    outer loop
      vertex -26.3158 77.5 7.80347
      vertex -25.5 72.7 7.75
      vertex -25.5 77.5 7.75
    endloop
  endfacet
  facet normal 0.0654027 0 0.997859
    outer loop
      vertex -25.5 72.7 7.75
      vertex -26.3158 77.5 7.80347
      vertex -26.3158 72.7 7.80347
    endloop
  endfacet
  facet normal 0.442216 0 -0.896909
    outer loop
      vertex -28.625 72.7 19.4127
      vertex -27.8918 77.5 19.7742
      vertex -27.8918 72.7 19.7742
    endloop
  endfacet
  facet normal 0.442216 0 -0.896909
    outer loop
      vertex -27.8918 77.5 19.7742
      vertex -28.625 72.7 19.4127
      vertex -28.625 77.5 19.4127
    endloop
  endfacet
  facet normal 0.195105 0 -0.980782
    outer loop
      vertex -27.1176 72.7 20.037
      vertex -26.3158 77.5 20.1965
      vertex -26.3158 72.7 20.1965
    endloop
  endfacet
  facet normal 0.195105 0 -0.980782
    outer loop
      vertex -26.3158 77.5 20.1965
      vertex -27.1176 72.7 20.037
      vertex -27.1176 77.5 20.037
    endloop
  endfacet
  facet normal 0.831485 -0 0.555547
    outer loop
      vertex -30.9127 72.7 10.875
      vertex -30.4585 77.5 10.1952
      vertex -30.9127 77.5 10.875
    endloop
  endfacet
  facet normal 0.831485 0 0.555547
    outer loop
      vertex -30.4585 77.5 10.1952
      vertex -30.9127 72.7 10.875
      vertex -30.4585 72.7 10.1952
    endloop
  endfacet
  facet normal 0.195093 0 0.980785
    outer loop
      vertex -27.1176 77.5 7.96296
      vertex -26.3158 72.7 7.80347
      vertex -26.3158 77.5 7.80347
    endloop
  endfacet
  facet normal 0.195093 0 0.980785
    outer loop
      vertex -26.3158 72.7 7.80347
      vertex -27.1176 77.5 7.96296
      vertex -27.1176 72.7 7.96296
    endloop
  endfacet
  facet normal 0.946932 0 -0.321433
    outer loop
      vertex -31.2742 72.7 16.3918
      vertex -31.537 77.5 15.6176
      vertex -31.2742 77.5 16.3918
    endloop
  endfacet
  facet normal 0.946932 0 -0.321433
    outer loop
      vertex -31.537 77.5 15.6176
      vertex -31.2742 72.7 16.3918
      vertex -31.537 72.7 15.6176
    endloop
  endfacet
  facet normal 0.659422 0 -0.751773
    outer loop
      vertex -29.9194 72.7 18.4194
      vertex -29.3048 77.5 18.9585
      vertex -29.3048 72.7 18.9585
    endloop
  endfacet
  facet normal 0.659422 0 -0.751773
    outer loop
      vertex -29.3048 77.5 18.9585
      vertex -29.9194 72.7 18.4194
      vertex -29.9194 77.5 18.4194
    endloop
  endfacet
  facet normal -0.831485 0 0.555547
    outer loop
      vertex -20.5415 72.7 10.1952
      vertex -20.0873 77.5 10.875
      vertex -20.5415 77.5 10.1952
    endloop
  endfacet
  facet normal -0.831485 0 0.555547
    outer loop
      vertex -20.0873 77.5 10.875
      vertex -20.5415 72.7 10.1952
      vertex -20.0873 72.7 10.875
    endloop
  endfacet
  facet normal 0.442304 0 0.896865
    outer loop
      vertex -28.625 77.5 8.58734
      vertex -27.8918 72.7 8.22575
      vertex -27.8918 77.5 8.22575
    endloop
  endfacet
  facet normal 0.442304 0 0.896865
    outer loop
      vertex -27.8918 72.7 8.22575
      vertex -28.625 77.5 8.58734
      vertex -28.625 72.7 8.58734
    endloop
  endfacet
  facet normal -0.659381 0 0.751809
    outer loop
      vertex -21.6952 77.5 9.04154
      vertex -21.0806 72.7 9.58058
      vertex -21.0806 77.5 9.58058
    endloop
  endfacet
  facet normal -0.659381 0 0.751809
    outer loop
      vertex -21.0806 72.7 9.58058
      vertex -21.6952 77.5 9.04154
      vertex -21.6952 72.7 9.04154
    endloop
  endfacet
  facet normal 0.896909 0 -0.442216
    outer loop
      vertex -30.9127 72.7 17.125
      vertex -31.2742 77.5 16.3918
      vertex -30.9127 77.5 17.125
    endloop
  endfacet
  facet normal 0.896909 0 -0.442216
    outer loop
      vertex -31.2742 77.5 16.3918
      vertex -30.9127 72.7 17.125
      vertex -31.2742 72.7 16.3918
    endloop
  endfacet
  facet normal -0.555547 0 0.831485
    outer loop
      vertex -22.375 77.5 8.58734
      vertex -21.6952 72.7 9.04154
      vertex -21.6952 77.5 9.04154
    endloop
  endfacet
  facet normal -0.555547 0 0.831485
    outer loop
      vertex -21.6952 72.7 9.04154
      vertex -22.375 77.5 8.58734
      vertex -22.375 72.7 8.58734
    endloop
  endfacet
  facet normal 0.555547 0 -0.831485
    outer loop
      vertex -29.3048 72.7 18.9585
      vertex -28.625 77.5 19.4127
      vertex -28.625 72.7 19.4127
    endloop
  endfacet
  facet normal 0.555547 0 -0.831485
    outer loop
      vertex -28.625 77.5 19.4127
      vertex -29.3048 72.7 18.9585
      vertex -29.3048 77.5 18.9585
    endloop
  endfacet
  facet normal 0.946932 -0 0.321433
    outer loop
      vertex -31.537 72.7 12.3824
      vertex -31.2742 77.5 11.6082
      vertex -31.537 77.5 12.3824
    endloop
  endfacet
  facet normal 0.946932 0 0.321433
    outer loop
      vertex -31.2742 77.5 11.6082
      vertex -31.537 72.7 12.3824
      vertex -31.2742 72.7 11.6082
    endloop
  endfacet
  facet normal 0.321433 0 -0.946932
    outer loop
      vertex -27.8918 72.7 19.7742
      vertex -27.1176 77.5 20.037
      vertex -27.1176 72.7 20.037
    endloop
  endfacet
  facet normal 0.321433 0 -0.946932
    outer loop
      vertex -27.1176 77.5 20.037
      vertex -27.8918 72.7 19.7742
      vertex -27.8918 77.5 19.7742
    endloop
  endfacet
  facet normal -0.659422 0 -0.751773
    outer loop
      vertex -21.6952 72.7 18.9585
      vertex -21.0806 77.5 18.4194
      vertex -21.0806 72.7 18.4194
    endloop
  endfacet
  facet normal -0.659422 0 -0.751773
    outer loop
      vertex -21.0806 77.5 18.4194
      vertex -21.6952 72.7 18.9585
      vertex -21.6952 77.5 18.9585
    endloop
  endfacet
  facet normal -0.555547 0 -0.831485
    outer loop
      vertex -22.375 72.7 19.4127
      vertex -21.6952 77.5 18.9585
      vertex -21.6952 72.7 18.9585
    endloop
  endfacet
  facet normal -0.555547 0 -0.831485
    outer loop
      vertex -21.6952 77.5 18.9585
      vertex -22.375 72.7 19.4127
      vertex -22.375 77.5 19.4127
    endloop
  endfacet
  facet normal -0.946932 0 0.321433
    outer loop
      vertex -19.7258 72.7 11.6082
      vertex -19.463 77.5 12.3824
      vertex -19.7258 77.5 11.6082
    endloop
  endfacet
  facet normal -0.946932 0 0.321433
    outer loop
      vertex -19.463 77.5 12.3824
      vertex -19.7258 72.7 11.6082
      vertex -19.463 72.7 12.3824
    endloop
  endfacet
  facet normal 0.555547 0 0.831485
    outer loop
      vertex -29.3048 77.5 9.04154
      vertex -28.625 72.7 8.58734
      vertex -28.625 77.5 8.58734
    endloop
  endfacet
  facet normal 0.555547 0 0.831485
    outer loop
      vertex -28.625 72.7 8.58734
      vertex -29.3048 77.5 9.04154
      vertex -29.3048 72.7 9.04154
    endloop
  endfacet
  facet normal -0.0654027 0 0.997859
    outer loop
      vertex -25.5 77.5 7.75
      vertex -24.6842 72.7 7.80347
      vertex -24.6842 77.5 7.80347
    endloop
  endfacet
  facet normal -0.0654027 0 0.997859
    outer loop
      vertex -24.6842 72.7 7.80347
      vertex -25.5 77.5 7.75
      vertex -25.5 72.7 7.75
    endloop
  endfacet
  facet normal 0.831485 0 -0.555547
    outer loop
      vertex -30.4585 72.7 17.8048
      vertex -30.9127 77.5 17.125
      vertex -30.4585 77.5 17.8048
    endloop
  endfacet
  facet normal 0.831485 0 -0.555547
    outer loop
      vertex -30.9127 77.5 17.125
      vertex -30.4585 72.7 17.8048
      vertex -30.9127 72.7 17.125
    endloop
  endfacet
  facet normal -0.896909 0 0.442216
    outer loop
      vertex -20.0873 72.7 10.875
      vertex -19.7258 77.5 11.6082
      vertex -20.0873 77.5 10.875
    endloop
  endfacet
  facet normal -0.896909 0 0.442216
    outer loop
      vertex -19.7258 77.5 11.6082
      vertex -20.0873 72.7 10.875
      vertex -19.7258 72.7 11.6082
    endloop
  endfacet
  facet normal -0.195105 0 -0.980782
    outer loop
      vertex -24.6842 72.7 20.1965
      vertex -23.8824 77.5 20.037
      vertex -23.8824 72.7 20.037
    endloop
  endfacet
  facet normal -0.195105 0 -0.980782
    outer loop
      vertex -23.8824 77.5 20.037
      vertex -24.6842 72.7 20.1965
      vertex -24.6842 77.5 20.1965
    endloop
  endfacet
  facet normal 0.321422 0 0.946936
    outer loop
      vertex -27.8918 77.5 8.22575
      vertex -27.1176 72.7 7.96296
      vertex -27.1176 77.5 7.96296
    endloop
  endfacet
  facet normal 0.321422 0 0.946936
    outer loop
      vertex -27.1176 72.7 7.96296
      vertex -27.8918 77.5 8.22575
      vertex -27.8918 72.7 8.22575
    endloop
  endfacet
  facet normal 0.751773 0 -0.659422
    outer loop
      vertex -29.9194 72.7 18.4194
      vertex -30.4585 77.5 17.8048
      vertex -29.9194 77.5 18.4194
    endloop
  endfacet
  facet normal 0.751773 0 -0.659422
    outer loop
      vertex -30.4585 77.5 17.8048
      vertex -29.9194 72.7 18.4194
      vertex -30.4585 72.7 17.8048
    endloop
  endfacet
  facet normal 0.89686 -0 0.442314
    outer loop
      vertex -49.7336 72.7 12.6606
      vertex -49.5311 77.5 12.25
      vertex -49.7336 77.5 12.6606
    endloop
  endfacet
  facet normal 0.89686 0 0.442314
    outer loop
      vertex -49.5311 77.5 12.25
      vertex -49.7336 72.7 12.6606
      vertex -49.5311 72.7 12.25
    endloop
  endfacet
  facet normal 0.980757 -0 0.195234
    outer loop
      vertex -49.9701 72.7 13.5432
      vertex -49.8807 77.5 13.0941
      vertex -49.9701 77.5 13.5432
    endloop
  endfacet
  facet normal 0.980757 0 0.195234
    outer loop
      vertex -49.8807 77.5 13.0941
      vertex -49.9701 72.7 13.5432
      vertex -49.8807 72.7 13.0941
    endloop
  endfacet
  facet normal -0.980757 0 -0.195234
    outer loop
      vertex -43.0299 72.7 14.4568
      vertex -43.1193 77.5 14.9059
      vertex -43.0299 77.5 14.4568
    endloop
  endfacet
  facet normal -0.980757 -0 -0.195234
    outer loop
      vertex -43.1193 77.5 14.9059
      vertex -43.0299 72.7 14.4568
      vertex -43.1193 72.7 14.9059
    endloop
  endfacet
  facet normal -0.997865 0 -0.0653156
    outer loop
      vertex -43 72.7 14
      vertex -43.0299 77.5 14.4568
      vertex -43 77.5 14
    endloop
  endfacet
  facet normal -0.997865 -0 -0.0653156
    outer loop
      vertex -43.0299 77.5 14.4568
      vertex -43 72.7 14
      vertex -43.0299 72.7 14.4568
    endloop
  endfacet
  facet normal 0.321335 0 0.946966
    outer loop
      vertex -47.8394 77.5 10.7664
      vertex -47.4059 72.7 10.6193
      vertex -47.4059 77.5 10.6193
    endloop
  endfacet
  facet normal 0.321335 0 0.946966
    outer loop
      vertex -47.4059 72.7 10.6193
      vertex -47.8394 77.5 10.7664
      vertex -47.8394 72.7 10.7664
    endloop
  endfacet
  facet normal 0.946966 0 -0.321335
    outer loop
      vertex -49.7336 72.7 15.3394
      vertex -49.8807 77.5 14.9059
      vertex -49.7336 77.5 15.3394
    endloop
  endfacet
  facet normal 0.946966 0 -0.321335
    outer loop
      vertex -49.8807 77.5 14.9059
      vertex -49.7336 72.7 15.3394
      vertex -49.8807 72.7 14.9059
    endloop
  endfacet
  facet normal -0.7519 0 -0.659278
    outer loop
      vertex -43.7233 72.7 16.1307
      vertex -44.0251 77.5 16.4749
      vertex -43.7233 77.5 16.1307
    endloop
  endfacet
  facet normal -0.7519 -0 -0.659278
    outer loop
      vertex -44.0251 77.5 16.4749
      vertex -43.7233 72.7 16.1307
      vertex -44.0251 72.7 16.4749
    endloop
  endfacet
  facet normal -0.555607 0 0.831445
    outer loop
      vertex -44.75 77.5 10.9689
      vertex -44.3693 72.7 11.2233
      vertex -44.3693 77.5 11.2233
    endloop
  endfacet
  facet normal -0.555607 0 0.831445
    outer loop
      vertex -44.3693 72.7 11.2233
      vertex -44.75 77.5 10.9689
      vertex -44.75 72.7 10.9689
    endloop
  endfacet
  facet normal -0.831445 0 -0.555607
    outer loop
      vertex -43.4689 72.7 15.75
      vertex -43.7233 77.5 16.1307
      vertex -43.4689 77.5 15.75
    endloop
  endfacet
  facet normal -0.831445 -0 -0.555607
    outer loop
      vertex -43.7233 77.5 16.1307
      vertex -43.4689 72.7 15.75
      vertex -43.7233 72.7 16.1307
    endloop
  endfacet
  facet normal -0.659278 0 0.7519
    outer loop
      vertex -44.3693 77.5 11.2233
      vertex -44.0251 72.7 11.5251
      vertex -44.0251 77.5 11.5251
    endloop
  endfacet
  facet normal -0.659278 0 0.7519
    outer loop
      vertex -44.0251 72.7 11.5251
      vertex -44.3693 77.5 11.2233
      vertex -44.3693 72.7 11.2233
    endloop
  endfacet
  facet normal 0.442314 0 0.89686
    outer loop
      vertex -48.25 77.5 10.9689
      vertex -47.8394 72.7 10.7664
      vertex -47.8394 77.5 10.7664
    endloop
  endfacet
  facet normal 0.442314 0 0.89686
    outer loop
      vertex -47.8394 72.7 10.7664
      vertex -48.25 77.5 10.9689
      vertex -48.25 72.7 10.9689
    endloop
  endfacet
  facet normal -0.442314 0 -0.89686
    outer loop
      vertex -45.1606 72.7 17.2336
      vertex -44.75 77.5 17.0311
      vertex -44.75 72.7 17.0311
    endloop
  endfacet
  facet normal -0.442314 0 -0.89686
    outer loop
      vertex -44.75 77.5 17.0311
      vertex -45.1606 72.7 17.2336
      vertex -45.1606 77.5 17.2336
    endloop
  endfacet
  facet normal -0.946966 0 -0.321335
    outer loop
      vertex -43.1193 72.7 14.9059
      vertex -43.2664 77.5 15.3394
      vertex -43.1193 77.5 14.9059
    endloop
  endfacet
  facet normal -0.946966 -0 -0.321335
    outer loop
      vertex -43.2664 77.5 15.3394
      vertex -43.1193 72.7 14.9059
      vertex -43.2664 72.7 15.3394
    endloop
  endfacet
  facet normal -0.442314 0 0.89686
    outer loop
      vertex -45.1606 77.5 10.7664
      vertex -44.75 72.7 10.9689
      vertex -44.75 77.5 10.9689
    endloop
  endfacet
  facet normal -0.442314 0 0.89686
    outer loop
      vertex -44.75 72.7 10.9689
      vertex -45.1606 77.5 10.7664
      vertex -45.1606 72.7 10.7664
    endloop
  endfacet
  facet normal 0.555607 0 -0.831445
    outer loop
      vertex -48.6307 72.7 16.7767
      vertex -48.25 77.5 17.0311
      vertex -48.25 72.7 17.0311
    endloop
  endfacet
  facet normal 0.555607 0 -0.831445
    outer loop
      vertex -48.25 77.5 17.0311
      vertex -48.6307 72.7 16.7767
      vertex -48.6307 77.5 16.7767
    endloop
  endfacet
  facet normal -0.195234 0 0.980757
    outer loop
      vertex -46.0432 77.5 10.5299
      vertex -45.5941 72.7 10.6193
      vertex -45.5941 77.5 10.6193
    endloop
  endfacet
  facet normal -0.195234 0 0.980757
    outer loop
      vertex -45.5941 72.7 10.6193
      vertex -46.0432 77.5 10.5299
      vertex -46.0432 72.7 10.5299
    endloop
  endfacet
  facet normal 0.980757 0 -0.195234
    outer loop
      vertex -49.8807 72.7 14.9059
      vertex -49.9701 77.5 14.4568
      vertex -49.8807 77.5 14.9059
    endloop
  endfacet
  facet normal 0.980757 0 -0.195234
    outer loop
      vertex -49.9701 77.5 14.4568
      vertex -49.8807 72.7 14.9059
      vertex -49.9701 72.7 14.4568
    endloop
  endfacet
  facet normal -0.659278 0 -0.7519
    outer loop
      vertex -44.3693 72.7 16.7767
      vertex -44.0251 77.5 16.4749
      vertex -44.0251 72.7 16.4749
    endloop
  endfacet
  facet normal -0.659278 0 -0.7519
    outer loop
      vertex -44.0251 77.5 16.4749
      vertex -44.3693 72.7 16.7767
      vertex -44.3693 77.5 16.7767
    endloop
  endfacet
  facet normal 0.0653156 0 -0.997865
    outer loop
      vertex -46.9568 72.7 17.4701
      vertex -46.5 77.5 17.5
      vertex -46.5 72.7 17.5
    endloop
  endfacet
  facet normal 0.0653156 0 -0.997865
    outer loop
      vertex -46.5 77.5 17.5
      vertex -46.9568 72.7 17.4701
      vertex -46.9568 77.5 17.4701
    endloop
  endfacet
  facet normal -0.7519 0 0.659278
    outer loop
      vertex -44.0251 72.7 11.5251
      vertex -43.7233 77.5 11.8693
      vertex -44.0251 77.5 11.5251
    endloop
  endfacet
  facet normal -0.7519 0 0.659278
    outer loop
      vertex -43.7233 77.5 11.8693
      vertex -44.0251 72.7 11.5251
      vertex -43.7233 72.7 11.8693
    endloop
  endfacet
  facet normal -0.555607 0 -0.831445
    outer loop
      vertex -44.75 72.7 17.0311
      vertex -44.3693 77.5 16.7767
      vertex -44.3693 72.7 16.7767
    endloop
  endfacet
  facet normal -0.555607 0 -0.831445
    outer loop
      vertex -44.3693 77.5 16.7767
      vertex -44.75 72.7 17.0311
      vertex -44.75 77.5 17.0311
    endloop
  endfacet
  facet normal 0.195234 0 -0.980757
    outer loop
      vertex -47.4059 72.7 17.3807
      vertex -46.9568 77.5 17.4701
      vertex -46.9568 72.7 17.4701
    endloop
  endfacet
  facet normal 0.195234 0 -0.980757
    outer loop
      vertex -46.9568 77.5 17.4701
      vertex -47.4059 72.7 17.3807
      vertex -47.4059 77.5 17.3807
    endloop
  endfacet
  facet normal -0.997865 0 0.0653156
    outer loop
      vertex -43.0299 72.7 13.5432
      vertex -43 77.5 14
      vertex -43.0299 77.5 13.5432
    endloop
  endfacet
  facet normal -0.997865 0 0.0653156
    outer loop
      vertex -43 77.5 14
      vertex -43.0299 72.7 13.5432
      vertex -43 72.7 14
    endloop
  endfacet
  facet normal -0.321335 0 0.946966
    outer loop
      vertex -45.5941 77.5 10.6193
      vertex -45.1606 72.7 10.7664
      vertex -45.1606 77.5 10.7664
    endloop
  endfacet
  facet normal -0.321335 0 0.946966
    outer loop
      vertex -45.1606 72.7 10.7664
      vertex -45.5941 77.5 10.6193
      vertex -45.5941 72.7 10.6193
    endloop
  endfacet
  facet normal 0.555607 0 0.831445
    outer loop
      vertex -48.6307 77.5 11.2233
      vertex -48.25 72.7 10.9689
      vertex -48.25 77.5 10.9689
    endloop
  endfacet
  facet normal 0.555607 0 0.831445
    outer loop
      vertex -48.25 72.7 10.9689
      vertex -48.6307 77.5 11.2233
      vertex -48.6307 72.7 11.2233
    endloop
  endfacet
  facet normal -0.89686 0 -0.442314
    outer loop
      vertex -43.2664 72.7 15.3394
      vertex -43.4689 77.5 15.75
      vertex -43.2664 77.5 15.3394
    endloop
  endfacet
  facet normal -0.89686 -0 -0.442314
    outer loop
      vertex -43.4689 77.5 15.75
      vertex -43.2664 72.7 15.3394
      vertex -43.4689 72.7 15.75
    endloop
  endfacet
  facet normal 0.997865 0 -0.0653156
    outer loop
      vertex -49.9701 72.7 14.4568
      vertex -50 77.5 14
      vertex -49.9701 77.5 14.4568
    endloop
  endfacet
  facet normal 0.997865 0 -0.0653156
    outer loop
      vertex -50 77.5 14
      vertex -49.9701 72.7 14.4568
      vertex -50 72.7 14
    endloop
  endfacet
  facet normal 0.442314 0 -0.89686
    outer loop
      vertex -48.25 72.7 17.0311
      vertex -47.8394 77.5 17.2336
      vertex -47.8394 72.7 17.2336
    endloop
  endfacet
  facet normal 0.442314 0 -0.89686
    outer loop
      vertex -47.8394 77.5 17.2336
      vertex -48.25 72.7 17.0311
      vertex -48.25 77.5 17.0311
    endloop
  endfacet
  facet normal -0.980757 0 0.195234
    outer loop
      vertex -43.1193 72.7 13.0941
      vertex -43.0299 77.5 13.5432
      vertex -43.1193 77.5 13.0941
    endloop
  endfacet
  facet normal -0.980757 0 0.195234
    outer loop
      vertex -43.0299 77.5 13.5432
      vertex -43.1193 72.7 13.0941
      vertex -43.0299 72.7 13.5432
    endloop
  endfacet
  facet normal 0.321335 0 -0.946966
    outer loop
      vertex -47.8394 72.7 17.2336
      vertex -47.4059 77.5 17.3807
      vertex -47.4059 72.7 17.3807
    endloop
  endfacet
  facet normal 0.321335 0 -0.946966
    outer loop
      vertex -47.4059 77.5 17.3807
      vertex -47.8394 72.7 17.2336
      vertex -47.8394 77.5 17.2336
    endloop
  endfacet
  facet normal -0.321335 0 -0.946966
    outer loop
      vertex -45.5941 72.7 17.3807
      vertex -45.1606 77.5 17.2336
      vertex -45.1606 72.7 17.2336
    endloop
  endfacet
  facet normal -0.321335 0 -0.946966
    outer loop
      vertex -45.1606 77.5 17.2336
      vertex -45.5941 72.7 17.3807
      vertex -45.5941 77.5 17.3807
    endloop
  endfacet
  facet normal -0.831445 0 0.555607
    outer loop
      vertex -43.7233 72.7 11.8693
      vertex -43.4689 77.5 12.25
      vertex -43.7233 77.5 11.8693
    endloop
  endfacet
  facet normal -0.831445 0 0.555607
    outer loop
      vertex -43.4689 77.5 12.25
      vertex -43.7233 72.7 11.8693
      vertex -43.4689 72.7 12.25
    endloop
  endfacet
  facet normal -0.195234 0 -0.980757
    outer loop
      vertex -46.0432 72.7 17.4701
      vertex -45.5941 77.5 17.3807
      vertex -45.5941 72.7 17.3807
    endloop
  endfacet
  facet normal -0.195234 0 -0.980757
    outer loop
      vertex -45.5941 77.5 17.3807
      vertex -46.0432 72.7 17.4701
      vertex -46.0432 77.5 17.4701
    endloop
  endfacet
  facet normal 0.946966 -0 0.321335
    outer loop
      vertex -49.8807 72.7 13.0941
      vertex -49.7336 77.5 12.6606
      vertex -49.8807 77.5 13.0941
    endloop
  endfacet
  facet normal 0.946966 0 0.321335
    outer loop
      vertex -49.7336 77.5 12.6606
      vertex -49.8807 72.7 13.0941
      vertex -49.7336 72.7 12.6606
    endloop
  endfacet
  facet normal -0.946966 0 0.321335
    outer loop
      vertex -43.2664 72.7 12.6606
      vertex -43.1193 77.5 13.0941
      vertex -43.2664 77.5 12.6606
    endloop
  endfacet
  facet normal -0.946966 0 0.321335
    outer loop
      vertex -43.1193 77.5 13.0941
      vertex -43.2664 72.7 12.6606
      vertex -43.1193 72.7 13.0941
    endloop
  endfacet
  facet normal 0.195234 0 0.980757
    outer loop
      vertex -47.4059 77.5 10.6193
      vertex -46.9568 72.7 10.5299
      vertex -46.9568 77.5 10.5299
    endloop
  endfacet
  facet normal 0.195234 0 0.980757
    outer loop
      vertex -46.9568 72.7 10.5299
      vertex -47.4059 77.5 10.6193
      vertex -47.4059 72.7 10.6193
    endloop
  endfacet
  facet normal 0.89686 0 -0.442314
    outer loop
      vertex -49.5311 72.7 15.75
      vertex -49.7336 77.5 15.3394
      vertex -49.5311 77.5 15.75
    endloop
  endfacet
  facet normal 0.89686 0 -0.442314
    outer loop
      vertex -49.7336 77.5 15.3394
      vertex -49.5311 72.7 15.75
      vertex -49.7336 72.7 15.3394
    endloop
  endfacet
  facet normal 0.831445 0 -0.555607
    outer loop
      vertex -49.2767 72.7 16.1307
      vertex -49.5311 77.5 15.75
      vertex -49.2767 77.5 16.1307
    endloop
  endfacet
  facet normal 0.831445 0 -0.555607
    outer loop
      vertex -49.5311 77.5 15.75
      vertex -49.2767 72.7 16.1307
      vertex -49.5311 72.7 15.75
    endloop
  endfacet
  facet normal 0.659278 0 -0.7519
    outer loop
      vertex -48.9749 72.7 16.4749
      vertex -48.6307 77.5 16.7767
      vertex -48.6307 72.7 16.7767
    endloop
  endfacet
  facet normal 0.659278 0 -0.7519
    outer loop
      vertex -48.6307 77.5 16.7767
      vertex -48.9749 72.7 16.4749
      vertex -48.9749 77.5 16.4749
    endloop
  endfacet
  facet normal 0.0653156 0 0.997865
    outer loop
      vertex -46.9568 77.5 10.5299
      vertex -46.5 72.7 10.5
      vertex -46.5 77.5 10.5
    endloop
  endfacet
  facet normal 0.0653156 0 0.997865
    outer loop
      vertex -46.5 72.7 10.5
      vertex -46.9568 77.5 10.5299
      vertex -46.9568 72.7 10.5299
    endloop
  endfacet
  facet normal 0.831445 -0 0.555607
    outer loop
      vertex -49.5311 72.7 12.25
      vertex -49.2767 77.5 11.8693
      vertex -49.5311 77.5 12.25
    endloop
  endfacet
  facet normal 0.831445 0 0.555607
    outer loop
      vertex -49.2767 77.5 11.8693
      vertex -49.5311 72.7 12.25
      vertex -49.2767 72.7 11.8693
    endloop
  endfacet
  facet normal 0.997865 -0 0.0653156
    outer loop
      vertex -50 72.7 14
      vertex -49.9701 77.5 13.5432
      vertex -50 77.5 14
    endloop
  endfacet
  facet normal 0.997865 0 0.0653156
    outer loop
      vertex -49.9701 77.5 13.5432
      vertex -50 72.7 14
      vertex -49.9701 72.7 13.5432
    endloop
  endfacet
  facet normal -0.0653156 0 -0.997865
    outer loop
      vertex -46.5 72.7 17.5
      vertex -46.0432 77.5 17.4701
      vertex -46.0432 72.7 17.4701
    endloop
  endfacet
  facet normal -0.0653156 0 -0.997865
    outer loop
      vertex -46.0432 77.5 17.4701
      vertex -46.5 72.7 17.5
      vertex -46.5 77.5 17.5
    endloop
  endfacet
  facet normal 0.7519 -0 0.659278
    outer loop
      vertex -49.2767 72.7 11.8693
      vertex -48.9749 77.5 11.5251
      vertex -49.2767 77.5 11.8693
    endloop
  endfacet
  facet normal 0.7519 0 0.659278
    outer loop
      vertex -48.9749 77.5 11.5251
      vertex -49.2767 72.7 11.8693
      vertex -48.9749 72.7 11.5251
    endloop
  endfacet
  facet normal -0.0653156 0 0.997865
    outer loop
      vertex -46.5 77.5 10.5
      vertex -46.0432 72.7 10.5299
      vertex -46.0432 77.5 10.5299
    endloop
  endfacet
  facet normal -0.0653156 0 0.997865
    outer loop
      vertex -46.0432 72.7 10.5299
      vertex -46.5 77.5 10.5
      vertex -46.5 72.7 10.5
    endloop
  endfacet
  facet normal -0.89686 0 0.442314
    outer loop
      vertex -43.4689 72.7 12.25
      vertex -43.2664 77.5 12.6606
      vertex -43.4689 77.5 12.25
    endloop
  endfacet
  facet normal -0.89686 0 0.442314
    outer loop
      vertex -43.2664 77.5 12.6606
      vertex -43.4689 72.7 12.25
      vertex -43.2664 72.7 12.6606
    endloop
  endfacet
  facet normal 0.659278 0 0.7519
    outer loop
      vertex -48.9749 77.5 11.5251
      vertex -48.6307 72.7 11.2233
      vertex -48.6307 77.5 11.2233
    endloop
  endfacet
  facet normal 0.659278 0 0.7519
    outer loop
      vertex -48.6307 72.7 11.2233
      vertex -48.9749 77.5 11.5251
      vertex -48.9749 72.7 11.5251
    endloop
  endfacet
  facet normal 0.7519 0 -0.659278
    outer loop
      vertex -48.9749 72.7 16.4749
      vertex -49.2767 77.5 16.1307
      vertex -48.9749 77.5 16.4749
    endloop
  endfacet
  facet normal 0.7519 0 -0.659278
    outer loop
      vertex -49.2767 77.5 16.1307
      vertex -48.9749 72.7 16.4749
      vertex -49.2767 72.7 16.1307
    endloop
  endfacet
  facet normal -0.997788 0.0660171 0.00778795
    outer loop
      vertex -100.72 -68.8619 24.5467
      vertex -100.719 -69.4562 29.7126
      vertex -100.7 -68.5637 24.5813
    endloop
  endfacet
  facet normal -0.984599 0.17366 0.020169
    outer loop
      vertex -100.719 -69.4562 29.7126
      vertex -100.72 -68.8619 24.5467
      vertex -100.72 -69.4618 29.712
    endloop
  endfacet
  facet normal -0.997926 0.0639375 0.00742573
    outer loop
      vertex -100.7 -69.1636 29.7466
      vertex -100.7 -68.5637 24.5813
      vertex -100.719 -69.4562 29.7126
    endloop
  endfacet
  facet normal 0.0029525 -0.117082 0.993118
    outer loop
      vertex -104.825 -67.1729 24.7428
      vertex -104.992 -67.4214 24.714
      vertex -105.125 -67.6894 24.6828
    endloop
  endfacet
  facet normal 0.997926 0.0639375 0.00742573
    outer loop
      vertex -105.281 -69.4562 29.7126
      vertex -105.3 -68.5637 24.5813
      vertex -105.3 -69.1636 29.7466
    endloop
  endfacet
  facet normal 0.000198709 -0.115277 0.993333
    outer loop
      vertex -100.72 -68.8619 24.5467
      vertex -100.875 -67.6894 24.6828
      vertex -101.175 -67.1729 24.7428
    endloop
  endfacet
  facet normal -0.000229614 -0.115235 0.993338
    outer loop
      vertex -101.008 -69.7061 24.4487
      vertex -100.72 -68.8619 24.5467
      vertex -101.85 -70.5423 24.3515
    endloop
  endfacet
  facet normal 0 -0.115329 0.993327
    outer loop
      vertex -104.825 -67.1729 24.7428
      vertex -100.72 -68.8619 24.5467
      vertex -101.175 -67.1729 24.7428
    endloop
  endfacet
  facet normal 0 -0.115329 0.993327
    outer loop
      vertex -100.72 -68.8619 24.5467
      vertex -104.825 -67.1729 24.7428
      vertex -105.28 -68.8619 24.5467
    endloop
  endfacet
  facet normal 0.000883395 -0.116151 0.993231
    outer loop
      vertex -101.175 -69.9545 24.4198
      vertex -101.008 -69.7061 24.4487
      vertex -101.374 -70.1792 24.3937
    endloop
  endfacet
  facet normal 0.195105 0.974234 0.113148
    outer loop
      vertex -103.3 -71.4287 29.4836
      vertex -103.595 -70.7705 24.325
      vertex -103.595 -71.3704 29.4903
    endloop
  endfacet
  facet normal 0.195105 0.974234 0.113148
    outer loop
      vertex -103.595 -70.7705 24.325
      vertex -103.3 -71.4287 29.4836
      vertex -103.3 -70.8288 24.3183
    endloop
  endfacet
  facet normal 0.659186 -0.746959 -0.0867522
    outer loop
      vertex -104.4 -66.7512 24.7918
      vertex -104.4 -67.3511 29.9571
      vertex -104.622 -67.5444 29.9346
    endloop
  endfacet
  facet normal 0.997703 -0.0672876 -0.00781481
    outer loop
      vertex -105.28 -68.2655 24.6159
      vertex -105.28 -68.8654 29.7812
      vertex -105.3 -69.158 29.7472
    endloop
  endfacet
  facet normal 0.215643 -0.969953 -0.112651
    outer loop
      vertex -103.595 -66.3569 24.8376
      vertex -103.59 -66.9557 30.003
      vertex -103.595 -66.9568 30.0029
    endloop
  endfacet
  facet normal 0.195142 -0.974229 -0.113127
    outer loop
      vertex -103.59 -66.9557 30.003
      vertex -103.595 -66.3569 24.8376
      vertex -103.3 -66.2986 24.8444
    endloop
  endfacet
  facet normal 0.441965 -0.891045 -0.103469
    outer loop
      vertex -104.15 -66.5852 24.8111
      vertex -103.885 -67.0553 29.9914
      vertex -104.15 -67.185 29.9764
    endloop
  endfacet
  facet normal -0.659186 -0.746959 -0.0867522
    outer loop
      vertex -101.6 -66.7512 24.7918
      vertex -101.378 -67.5444 29.9346
      vertex -101.6 -67.3511 29.9571
    endloop
  endfacet
  facet normal 0.540623 -0.835527 -0.0980906
    outer loop
      vertex -104.4 -67.3511 29.9571
      vertex -104.15 -66.5852 24.8111
      vertex -104.395 -67.3479 29.9574
    endloop
  endfacet
  facet normal 0.555739 -0.825806 -0.0959094
    outer loop
      vertex -104.15 -66.5852 24.8111
      vertex -104.4 -67.3511 29.9571
      vertex -104.4 -66.7512 24.7918
    endloop
  endfacet
  facet normal -0.000222171 -0.115157 0.993347
    outer loop
      vertex -101.6 -70.3763 24.3708
      vertex -101.374 -70.1792 24.3937
      vertex -101.85 -70.5423 24.3515
    endloop
  endfacet
  facet normal -0.555739 0.825808 0.0958936
    outer loop
      vertex -101.6 -70.3763 24.3708
      vertex -101.85 -71.1421 29.5168
      vertex -101.6 -70.9761 29.5361
    endloop
  endfacet
  facet normal -0.555739 0.825808 0.0958936
    outer loop
      vertex -101.85 -71.1421 29.5168
      vertex -101.6 -70.3763 24.3708
      vertex -101.85 -70.5423 24.3515
    endloop
  endfacet
  facet normal 0 -0.116547 0.993185
    outer loop
      vertex -103 -70.8484 24.316
      vertex -102.7 -70.8288 24.3183
      vertex -103.3 -70.8288 24.3183
    endloop
  endfacet
  facet normal 0.000121867 -0.115468 0.993311
    outer loop
      vertex -101.85 -70.5423 24.3515
      vertex -100.72 -68.8619 24.5467
      vertex -102.7 -70.8288 24.3183
    endloop
  endfacet
  facet normal -0.831463 0.551871 0.0640945
    outer loop
      vertex -101.011 -70.3106 29.6134
      vertex -101.175 -69.9545 24.4198
      vertex -101.175 -70.5544 29.5851
    endloop
  endfacet
  facet normal 0.000367186 -0.117686 0.993051
    outer loop
      vertex -103 -66.2791 24.8466
      vertex -103.3 -66.2986 24.8444
      vertex -103.595 -66.3569 24.8376
    endloop
  endfacet
  facet normal -0.000337147 -0.115085 0.993356
    outer loop
      vertex -104.4 -66.7512 24.7918
      vertex -104.626 -66.9482 24.7689
      vertex -104.825 -67.1729 24.7428
    endloop
  endfacet
  facet normal 0.946635 -0.320152 -0.0372101
    outer loop
      vertex -105.22 -68.5669 29.8159
      vertex -105.222 -67.9724 24.65
      vertex -105.125 -67.6894 24.6828
    endloop
  endfacet
  facet normal 0.938438 -0.343142 -0.0398526
    outer loop
      vertex -105.222 -67.9724 24.65
      vertex -105.22 -68.5669 29.8159
      vertex -105.222 -68.5723 29.8153
    endloop
  endfacet
  facet normal -0.75129 -0.655566 -0.0761377
    outer loop
      vertex -101.175 -67.1729 24.7428
      vertex -101.175 -67.7728 29.9081
      vertex -101.37 -67.5523 29.9337
    endloop
  endfacet
  facet normal 0.000337147 -0.115085 0.993356
    outer loop
      vertex -101.175 -67.1729 24.7428
      vertex -101.374 -66.9482 24.7689
      vertex -101.6 -66.7512 24.7918
    endloop
  endfacet
  facet normal -0.750821 -0.6561 -0.0761591
    outer loop
      vertex -101.37 -67.5523 29.9337
      vertex -101.374 -66.9482 24.7689
      vertex -101.175 -67.1729 24.7428
    endloop
  endfacet
  facet normal -0.726555 -0.682521 -0.0792682
    outer loop
      vertex -101.374 -66.9482 24.7689
      vertex -101.37 -67.5523 29.9337
      vertex -101.374 -67.5481 29.9342
    endloop
  endfacet
  facet normal 0.000828011 -0.118305 0.992977
    outer loop
      vertex -102.405 -70.7705 24.325
      vertex -102.12 -70.6745 24.3362
      vertex -102.7 -70.8288 24.3183
    endloop
  endfacet
  facet normal -0.896231 0.440625 0.0511744
    outer loop
      vertex -100.875 -70.0379 29.6451
      vertex -100.875 -69.438 24.4798
      vertex -101.006 -70.3008 29.6145
    endloop
  endfacet
  facet normal -0.000385547 -0.11504 0.993361
    outer loop
      vertex -100.875 -69.438 24.4798
      vertex -100.778 -69.1551 24.5126
      vertex -101.008 -69.7061 24.4487
    endloop
  endfacet
  facet normal -0.831616 0.551642 0.0640836
    outer loop
      vertex -101.011 -70.3106 29.6134
      vertex -101.008 -69.7061 24.4487
      vertex -101.175 -69.9545 24.4198
    endloop
  endfacet
  facet normal -0.84428 0.532326 0.0618154
    outer loop
      vertex -101.008 -69.7061 24.4487
      vertex -101.011 -70.3106 29.6134
      vertex -101.008 -70.3059 29.6139
    endloop
  endfacet
  facet normal 6.11258e-05 -0.115523 0.993305
    outer loop
      vertex -101.374 -70.1792 24.3937
      vertex -101.008 -69.7061 24.4487
      vertex -101.85 -70.5423 24.3515
    endloop
  endfacet
  facet normal -0.000828861 -0.115411 0.993318
    outer loop
      vertex -100.72 -68.8619 24.5467
      vertex -100.778 -67.9724 24.65
      vertex -100.875 -67.6894 24.6828
    endloop
  endfacet
  facet normal -0.981167 -0.191871 -0.022284
    outer loop
      vertex -100.72 -68.2655 24.6159
      vertex -100.72 -68.8654 29.7812
      vertex -100.777 -68.5778 29.8146
    endloop
  endfacet
  facet normal -0.897003 0.439084 0.0508958
    outer loop
      vertex -101.008 -69.7061 24.4487
      vertex -101.006 -70.3008 29.6145
      vertex -100.875 -69.438 24.4798
    endloop
  endfacet
  facet normal -0.931821 0.360495 0.0418619
    outer loop
      vertex -101.006 -70.3008 29.6145
      vertex -101.008 -69.7061 24.4487
      vertex -101.008 -70.3059 29.6139
    endloop
  endfacet
  facet normal -0.000883395 -0.116151 0.993231
    outer loop
      vertex -104.825 -69.9545 24.4198
      vertex -104.626 -70.1792 24.3937
      vertex -104.992 -69.7061 24.4487
    endloop
  endfacet
  facet normal 0.94679 -0.319703 -0.0371304
    outer loop
      vertex -105.125 -67.6894 24.6828
      vertex -105.125 -68.2893 29.8481
      vertex -105.22 -68.5669 29.8159
    endloop
  endfacet
  facet normal 0.896297 -0.440492 -0.051159
    outer loop
      vertex -105.125 -67.6894 24.6828
      vertex -104.994 -68.0263 29.8787
      vertex -105.125 -68.2893 29.8481
    endloop
  endfacet
  facet normal -0.556275 -0.825452 -0.0958523
    outer loop
      vertex -101.85 -66.5852 24.8111
      vertex -101.605 -67.3479 29.9574
      vertex -101.85 -67.185 29.9764
    endloop
  endfacet
  facet normal 0.726555 -0.682521 -0.0792682
    outer loop
      vertex -104.63 -67.5523 29.9337
      vertex -104.626 -66.9482 24.7689
      vertex -104.626 -67.5481 29.9342
    endloop
  endfacet
  facet normal 0.750821 -0.6561 -0.0761591
    outer loop
      vertex -104.626 -66.9482 24.7689
      vertex -104.63 -67.5523 29.9337
      vertex -104.825 -67.1729 24.7428
    endloop
  endfacet
  facet normal 0.68116 -0.727438 -0.0827928
    outer loop
      vertex -104.626 -67.5481 29.9342
      vertex -104.4 -66.7512 24.7918
      vertex -104.622 -67.5444 29.9346
    endloop
  endfacet
  facet normal 0.65959 -0.746607 -0.0867113
    outer loop
      vertex -104.4 -66.7512 24.7918
      vertex -104.626 -67.5481 29.9342
      vertex -104.626 -66.9482 24.7689
    endloop
  endfacet
  facet normal 0.984119 0.176324 0.0204784
    outer loop
      vertex -105.279 -69.4673 29.7113
      vertex -105.28 -68.8619 24.5467
      vertex -105.28 -69.4618 29.712
    endloop
  endfacet
  facet normal 0.981237 0.191517 0.0222598
    outer loop
      vertex -105.28 -68.8619 24.5467
      vertex -105.279 -69.4673 29.7113
      vertex -105.222 -69.1551 24.5126
    endloop
  endfacet
  facet normal 0.000828861 -0.115411 0.993318
    outer loop
      vertex -105.125 -67.6894 24.6828
      vertex -105.222 -67.9724 24.65
      vertex -105.28 -68.8619 24.5467
    endloop
  endfacet
  facet normal 0.84428 0.532326 0.0618154
    outer loop
      vertex -104.989 -70.3106 29.6134
      vertex -104.992 -69.7061 24.4487
      vertex -104.992 -70.3059 29.6139
    endloop
  endfacet
  facet normal 0.831616 0.551642 0.0640836
    outer loop
      vertex -104.992 -69.7061 24.4487
      vertex -104.989 -70.3106 29.6134
      vertex -104.825 -69.9545 24.4198
    endloop
  endfacet
  facet normal -0.751143 0.655732 0.076157
    outer loop
      vertex -101.175 -70.5544 29.5851
      vertex -101.175 -69.9545 24.4198
      vertex -101.37 -70.7748 29.5595
    endloop
  endfacet
  facet normal 0 -0.114915 0.993375
    outer loop
      vertex -102.405 -66.3569 24.8376
      vertex -103 -66.2791 24.8466
      vertex -103.595 -66.3569 24.8376
    endloop
  endfacet
  facet normal 3.95265e-05 -0.115459 0.993312
    outer loop
      vertex -103.595 -66.3569 24.8376
      vertex -104.4 -66.7512 24.7918
      vertex -104.825 -67.1729 24.7428
    endloop
  endfacet
  facet normal -0.946635 -0.320152 -0.0372101
    outer loop
      vertex -100.778 -67.9724 24.65
      vertex -100.78 -68.5669 29.8159
      vertex -100.875 -67.6894 24.6828
    endloop
  endfacet
  facet normal -0.938438 -0.343142 -0.0398526
    outer loop
      vertex -100.78 -68.5669 29.8159
      vertex -100.778 -67.9724 24.65
      vertex -100.778 -68.5723 29.8153
    endloop
  endfacet
  facet normal -0.981225 -0.191579 -0.0222671
    outer loop
      vertex -100.777 -68.5778 29.8146
      vertex -100.778 -67.9724 24.65
      vertex -100.72 -68.2655 24.6159
    endloop
  endfacet
  facet normal -0.984119 -0.176324 -0.0204784
    outer loop
      vertex -100.778 -67.9724 24.65
      vertex -100.777 -68.5778 29.8146
      vertex -100.778 -68.5723 29.8153
    endloop
  endfacet
  facet normal 0 -0.1154 0.993319
    outer loop
      vertex -103.595 -66.3569 24.8376
      vertex -101.175 -67.1729 24.7428
      vertex -102.405 -66.3569 24.8376
    endloop
  endfacet
  facet normal 0 -0.1154 0.993319
    outer loop
      vertex -101.175 -67.1729 24.7428
      vertex -103.595 -66.3569 24.8376
      vertex -104.825 -67.1729 24.7428
    endloop
  endfacet
  facet normal -0.000158593 -0.114647 0.993406
    outer loop
      vertex -102.12 -70.6745 24.3362
      vertex -101.85 -70.5423 24.3515
      vertex -102.7 -70.8288 24.3183
    endloop
  endfacet
  facet normal 0.00150119 -0.115817 0.993269
    outer loop
      vertex -100.778 -69.1551 24.5126
      vertex -100.72 -68.8619 24.5467
      vertex -101.008 -69.7061 24.4487
    endloop
  endfacet
  facet normal -0.981237 0.191517 0.0222598
    outer loop
      vertex -100.721 -69.4673 29.7113
      vertex -100.72 -68.8619 24.5467
      vertex -100.778 -69.1551 24.5126
    endloop
  endfacet
  facet normal -0.984119 0.176324 0.0204784
    outer loop
      vertex -100.72 -68.8619 24.5467
      vertex -100.721 -69.4673 29.7113
      vertex -100.72 -69.4618 29.712
    endloop
  endfacet
  facet normal -0.681154 0.727252 0.0844633
    outer loop
      vertex -101.374 -70.1792 24.3937
      vertex -101.378 -70.7828 29.5586
      vertex -101.374 -70.7791 29.559
    endloop
  endfacet
  facet normal -0.659776 0.746441 0.0867224
    outer loop
      vertex -101.378 -70.7828 29.5586
      vertex -101.374 -70.1792 24.3937
      vertex -101.6 -70.3763 24.3708
    endloop
  endfacet
  facet normal 0.556275 -0.825452 -0.0958523
    outer loop
      vertex -104.15 -66.5852 24.8111
      vertex -104.15 -67.185 29.9764
      vertex -104.395 -67.3479 29.9574
    endloop
  endfacet
  facet normal 0.321161 -0.940701 -0.109253
    outer loop
      vertex -103.88 -67.0528 29.9917
      vertex -103.595 -66.3569 24.8376
      vertex -103.595 -66.9568 30.0029
    endloop
  endfacet
  facet normal 0.321457 -0.940604 -0.109224
    outer loop
      vertex -103.595 -66.3569 24.8376
      vertex -103.88 -67.0528 29.9917
      vertex -103.88 -66.453 24.8264
    endloop
  endfacet
  facet normal -0.000198709 -0.115277 0.993333
    outer loop
      vertex -104.825 -67.1729 24.7428
      vertex -105.125 -67.6894 24.6828
      vertex -105.28 -68.8619 24.5467
    endloop
  endfacet
  facet normal -0.441965 -0.891045 -0.103469
    outer loop
      vertex -101.85 -66.5852 24.8111
      vertex -101.85 -67.185 29.9764
      vertex -102.115 -67.0553 29.9914
    endloop
  endfacet
  facet normal 0.000419327 -0.114535 0.993419
    outer loop
      vertex -101.6 -66.7512 24.7918
      vertex -102.12 -66.453 24.8264
      vertex -102.405 -66.3569 24.8376
    endloop
  endfacet
  facet normal -0.750821 0.656092 0.0762267
    outer loop
      vertex -101.374 -70.1792 24.3937
      vertex -101.37 -70.7748 29.5595
      vertex -101.175 -69.9545 24.4198
    endloop
  endfacet
  facet normal -0.734463 0.674118 0.0782923
    outer loop
      vertex -101.37 -70.7748 29.5595
      vertex -101.374 -70.1792 24.3937
      vertex -101.374 -70.7791 29.559
    endloop
  endfacet
  facet normal 0.946601 0.320256 0.0371885
    outer loop
      vertex -105.222 -69.7549 29.6779
      vertex -105.125 -69.438 24.4798
      vertex -105.222 -69.1551 24.5126
    endloop
  endfacet
  facet normal 0.946635 0.320155 0.037183
    outer loop
      vertex -105.125 -69.438 24.4798
      vertex -105.222 -69.7549 29.6779
      vertex -105.125 -70.0379 29.6451
    endloop
  endfacet
  facet normal 0.896231 0.440625 0.0511744
    outer loop
      vertex -104.994 -70.3008 29.6145
      vertex -105.125 -69.438 24.4798
      vertex -105.125 -70.0379 29.6451
    endloop
  endfacet
  facet normal -0.00237704 -0.115099 0.993351
    outer loop
      vertex -105.222 -67.9724 24.65
      vertex -105.28 -68.2655 24.6159
      vertex -105.3 -68.5637 24.5813
    endloop
  endfacet
  facet normal -0.000774605 -0.115307 0.99333
    outer loop
      vertex -105.28 -68.8619 24.5467
      vertex -105.222 -67.9724 24.65
      vertex -105.3 -68.5637 24.5813
    endloop
  endfacet
  facet normal -3.95265e-05 -0.115459 0.993312
    outer loop
      vertex -101.175 -67.1729 24.7428
      vertex -101.6 -66.7512 24.7918
      vertex -102.405 -66.3569 24.8376
    endloop
  endfacet
  facet normal -0.0656397 -0.991183 -0.115097
    outer loop
      vertex -103 -66.2791 24.8466
      vertex -102.7 -66.8985 30.0096
      vertex -103 -66.8789 30.0119
    endloop
  endfacet
  facet normal -0.0652725 -0.991205 -0.115121
    outer loop
      vertex -102.7 -66.8985 30.0096
      vertex -103 -66.2791 24.8466
      vertex -102.7 -66.2986 24.8444
    endloop
  endfacet
  facet normal 0.321457 0.940604 0.109224
    outer loop
      vertex -103.595 -71.3704 29.4903
      vertex -103.88 -70.6745 24.3362
      vertex -103.88 -71.2743 29.5015
    endloop
  endfacet
  facet normal 0.321161 0.940701 0.109253
    outer loop
      vertex -103.88 -70.6745 24.3362
      vertex -103.595 -71.3704 29.4903
      vertex -103.595 -70.7705 24.325
    endloop
  endfacet
  facet normal -0.000419327 -0.114535 0.993419
    outer loop
      vertex -103.595 -66.3569 24.8376
      vertex -103.88 -66.453 24.8264
      vertex -104.4 -66.7512 24.7918
    endloop
  endfacet
  facet normal 0.194748 -0.974304 -0.113158
    outer loop
      vertex -103.3 -66.2986 24.8444
      vertex -103.3 -66.8985 30.0096
      vertex -103.59 -66.9557 30.003
    endloop
  endfacet
  facet normal 0.0656397 -0.991183 -0.115097
    outer loop
      vertex -103.3 -66.8985 30.0096
      vertex -103 -66.2791 24.8466
      vertex -103 -66.8789 30.0119
    endloop
  endfacet
  facet normal 0.0652725 -0.991205 -0.115121
    outer loop
      vertex -103 -66.2791 24.8466
      vertex -103.3 -66.8985 30.0096
      vertex -103.3 -66.2986 24.8444
    endloop
  endfacet
  facet normal -0.449772 -0.887182 -0.10302
    outer loop
      vertex -102.12 -66.453 24.8264
      vertex -102.115 -67.0553 29.9914
      vertex -102.12 -67.0528 29.9917
    endloop
  endfacet
  facet normal -0.44211 -0.890973 -0.10347
    outer loop
      vertex -102.115 -67.0553 29.9914
      vertex -102.12 -66.453 24.8264
      vertex -101.85 -66.5852 24.8111
    endloop
  endfacet
  facet normal -0.540623 -0.835527 -0.0980906
    outer loop
      vertex -101.85 -66.5852 24.8111
      vertex -101.6 -67.3511 29.9571
      vertex -101.605 -67.3479 29.9574
    endloop
  endfacet
  facet normal -0.555739 -0.825806 -0.0959094
    outer loop
      vertex -101.6 -67.3511 29.9571
      vertex -101.85 -66.5852 24.8111
      vertex -101.6 -66.7512 24.7918
    endloop
  endfacet
  facet normal -0.896946 -0.439178 -0.0510901
    outer loop
      vertex -101.006 -68.0263 29.8787
      vertex -101.008 -67.4214 24.714
      vertex -100.875 -67.6894 24.6828
    endloop
  endfacet
  facet normal -0.929386 -0.366645 -0.0425822
    outer loop
      vertex -101.008 -67.4214 24.714
      vertex -101.006 -68.0263 29.8787
      vertex -101.008 -68.0213 29.8793
    endloop
  endfacet
  facet normal -0.831463 -0.551871 -0.0640945
    outer loop
      vertex -101.175 -67.1729 24.7428
      vertex -101.011 -68.0166 29.8798
      vertex -101.175 -67.7728 29.9081
    endloop
  endfacet
  facet normal -0.997703 -0.0672876 -0.00781481
    outer loop
      vertex -100.72 -68.2655 24.6159
      vertex -100.7 -69.158 29.7472
      vertex -100.72 -68.8654 29.7812
    endloop
  endfacet
  facet normal -0.997788 -0.0660392 -0.00759734
    outer loop
      vertex -100.7 -68.5637 24.5813
      vertex -100.7 -69.158 29.7472
      vertex -100.72 -68.2655 24.6159
    endloop
  endfacet
  facet normal -1 0 -0
    outer loop
      vertex -100.7 -69.158 29.7472
      vertex -100.7 -68.5637 24.5813
      vertex -100.7 -69.1636 29.7466
    endloop
  endfacet
  facet normal 0 -0.115347 0.993325
    outer loop
      vertex -100.72 -68.8619 24.5467
      vertex -103.3 -70.8288 24.3183
      vertex -102.7 -70.8288 24.3183
    endloop
  endfacet
  facet normal 0 -0.115347 0.993325
    outer loop
      vertex -103.3 -70.8288 24.3183
      vertex -100.72 -68.8619 24.5467
      vertex -105.28 -68.8619 24.5467
    endloop
  endfacet
  facet normal -0.946601 0.320256 0.0371885
    outer loop
      vertex -100.875 -69.438 24.4798
      vertex -100.778 -69.7549 29.6779
      vertex -100.778 -69.1551 24.5126
    endloop
  endfacet
  facet normal -0.946635 0.320155 0.037183
    outer loop
      vertex -100.778 -69.7549 29.6779
      vertex -100.875 -69.438 24.4798
      vertex -100.875 -70.0379 29.6451
    endloop
  endfacet
  facet normal -0.981167 0.191872 0.0222804
    outer loop
      vertex -100.721 -69.4673 29.7113
      vertex -100.778 -69.1551 24.5126
      vertex -100.778 -69.7549 29.6779
    endloop
  endfacet
  facet normal 0.984119 -0.176324 -0.0204784
    outer loop
      vertex -105.223 -68.5778 29.8146
      vertex -105.222 -67.9724 24.65
      vertex -105.222 -68.5723 29.8153
    endloop
  endfacet
  facet normal 0.981225 -0.191579 -0.0222671
    outer loop
      vertex -105.222 -67.9724 24.65
      vertex -105.223 -68.5778 29.8146
      vertex -105.28 -68.2655 24.6159
    endloop
  endfacet
  facet normal 0.981167 -0.191871 -0.022284
    outer loop
      vertex -105.28 -68.2655 24.6159
      vertex -105.223 -68.5778 29.8146
      vertex -105.28 -68.8654 29.7812
    endloop
  endfacet
  facet normal 0.75129 -0.655566 -0.0761377
    outer loop
      vertex -104.825 -67.1729 24.7428
      vertex -104.63 -67.5523 29.9337
      vertex -104.825 -67.7728 29.9081
    endloop
  endfacet
  facet normal 0.981167 0.191872 0.0222804
    outer loop
      vertex -105.222 -69.7549 29.6779
      vertex -105.222 -69.1551 24.5126
      vertex -105.279 -69.4673 29.7113
    endloop
  endfacet
  facet normal 0.000158593 -0.114647 0.993406
    outer loop
      vertex -103.88 -70.6745 24.3362
      vertex -103.3 -70.8288 24.3183
      vertex -104.15 -70.5423 24.3515
    endloop
  endfacet
  facet normal 0.000222171 -0.115157 0.993347
    outer loop
      vertex -104.4 -70.3763 24.3708
      vertex -104.15 -70.5423 24.3515
      vertex -104.626 -70.1792 24.3937
    endloop
  endfacet
  facet normal 0.750821 0.656092 0.0762267
    outer loop
      vertex -104.63 -70.7748 29.5595
      vertex -104.626 -70.1792 24.3937
      vertex -104.825 -69.9545 24.4198
    endloop
  endfacet
  facet normal 0.734463 0.674118 0.0782923
    outer loop
      vertex -104.626 -70.1792 24.3937
      vertex -104.63 -70.7748 29.5595
      vertex -104.626 -70.7791 29.559
    endloop
  endfacet
  facet normal 0.751143 0.655732 0.076157
    outer loop
      vertex -104.63 -70.7748 29.5595
      vertex -104.825 -69.9545 24.4198
      vertex -104.825 -70.5544 29.5851
    endloop
  endfacet
  facet normal 0.997788 0.0660171 0.00778795
    outer loop
      vertex -105.281 -69.4562 29.7126
      vertex -105.28 -68.8619 24.5467
      vertex -105.3 -68.5637 24.5813
    endloop
  endfacet
  facet normal 0.984599 0.17366 0.020169
    outer loop
      vertex -105.28 -68.8619 24.5467
      vertex -105.281 -69.4562 29.7126
      vertex -105.28 -69.4618 29.712
    endloop
  endfacet
  facet normal 0.997788 -0.0660392 -0.00759734
    outer loop
      vertex -105.3 -69.158 29.7472
      vertex -105.3 -68.5637 24.5813
      vertex -105.28 -68.2655 24.6159
    endloop
  endfacet
  facet normal 1 0 0
    outer loop
      vertex -105.3 -68.5637 24.5813
      vertex -105.3 -69.158 29.7472
      vertex -105.3 -69.1636 29.7466
    endloop
  endfacet
  facet normal -0.000367186 -0.117686 0.993051
    outer loop
      vertex -102.405 -66.3569 24.8376
      vertex -102.7 -66.2986 24.8444
      vertex -103 -66.2791 24.8466
    endloop
  endfacet
  facet normal -0.321161 -0.940701 -0.109253
    outer loop
      vertex -102.405 -66.3569 24.8376
      vertex -102.12 -67.0528 29.9917
      vertex -102.405 -66.9568 30.0029
    endloop
  endfacet
  facet normal -0.321457 -0.940604 -0.109224
    outer loop
      vertex -102.12 -67.0528 29.9917
      vertex -102.405 -66.3569 24.8376
      vertex -102.12 -66.453 24.8264
    endloop
  endfacet
  facet normal -0.195142 -0.974229 -0.113127
    outer loop
      vertex -102.405 -66.3569 24.8376
      vertex -102.41 -66.9557 30.003
      vertex -102.7 -66.2986 24.8444
    endloop
  endfacet
  facet normal -0.215643 -0.969953 -0.112651
    outer loop
      vertex -102.41 -66.9557 30.003
      vertex -102.405 -66.3569 24.8376
      vertex -102.405 -66.9568 30.0029
    endloop
  endfacet
  facet normal -0.194748 -0.974304 -0.113158
    outer loop
      vertex -102.7 -66.2986 24.8444
      vertex -102.41 -66.9557 30.003
      vertex -102.7 -66.8985 30.0096
    endloop
  endfacet
  facet normal 0.681154 0.727252 0.0844633
    outer loop
      vertex -104.622 -70.7828 29.5586
      vertex -104.626 -70.1792 24.3937
      vertex -104.626 -70.7791 29.559
    endloop
  endfacet
  facet normal 0.659776 0.746441 0.0867224
    outer loop
      vertex -104.626 -70.1792 24.3937
      vertex -104.622 -70.7828 29.5586
      vertex -104.4 -70.3763 24.3708
    endloop
  endfacet
  facet normal 0.897003 0.439084 0.0508958
    outer loop
      vertex -104.994 -70.3008 29.6145
      vertex -104.992 -69.7061 24.4487
      vertex -105.125 -69.438 24.4798
    endloop
  endfacet
  facet normal 0.931821 0.360495 0.0418619
    outer loop
      vertex -104.992 -69.7061 24.4487
      vertex -104.994 -70.3008 29.6145
      vertex -104.992 -70.3059 29.6139
    endloop
  endfacet
  facet normal 0.449772 -0.887182 -0.10302
    outer loop
      vertex -103.885 -67.0553 29.9914
      vertex -103.88 -66.453 24.8264
      vertex -103.88 -67.0528 29.9917
    endloop
  endfacet
  facet normal 0.44211 -0.890973 -0.10347
    outer loop
      vertex -103.88 -66.453 24.8264
      vertex -103.885 -67.0553 29.9914
      vertex -104.15 -66.5852 24.8111
    endloop
  endfacet
  facet normal 0.000983856 -0.116949 0.993137
    outer loop
      vertex -103.88 -66.453 24.8264
      vertex -104.15 -66.5852 24.8111
      vertex -104.4 -66.7512 24.7918
    endloop
  endfacet
  facet normal -0.000983856 -0.116949 0.993137
    outer loop
      vertex -101.6 -66.7512 24.7918
      vertex -101.85 -66.5852 24.8111
      vertex -102.12 -66.453 24.8264
    endloop
  endfacet
  facet normal -0.68116 -0.727438 -0.0827928
    outer loop
      vertex -101.6 -66.7512 24.7918
      vertex -101.374 -67.5481 29.9342
      vertex -101.378 -67.5444 29.9346
    endloop
  endfacet
  facet normal -0.65959 -0.746607 -0.0867113
    outer loop
      vertex -101.374 -67.5481 29.9342
      vertex -101.6 -66.7512 24.7918
      vertex -101.374 -66.9482 24.7689
    endloop
  endfacet
  facet normal -0.94679 -0.319703 -0.0371304
    outer loop
      vertex -100.875 -67.6894 24.6828
      vertex -100.78 -68.5669 29.8159
      vertex -100.875 -68.2893 29.8481
    endloop
  endfacet
  facet normal -0.896297 -0.440492 -0.051159
    outer loop
      vertex -100.875 -67.6894 24.6828
      vertex -100.875 -68.2893 29.8481
      vertex -101.006 -68.0263 29.8787
    endloop
  endfacet
  facet normal -0.0029525 -0.117082 0.993118
    outer loop
      vertex -100.875 -67.6894 24.6828
      vertex -101.008 -67.4214 24.714
      vertex -101.175 -67.1729 24.7428
    endloop
  endfacet
  facet normal -0.831706 -0.551512 -0.0640279
    outer loop
      vertex -101.008 -67.4214 24.714
      vertex -101.011 -68.0166 29.8798
      vertex -101.175 -67.1729 24.7428
    endloop
  endfacet
  facet normal -0.84428 -0.532325 -0.0618244
    outer loop
      vertex -101.011 -68.0166 29.8798
      vertex -101.008 -67.4214 24.714
      vertex -101.008 -68.0213 29.8793
    endloop
  endfacet
  facet normal 0.00237704 -0.115099 0.993351
    outer loop
      vertex -100.7 -68.5637 24.5813
      vertex -100.72 -68.2655 24.6159
      vertex -100.778 -67.9724 24.65
    endloop
  endfacet
  facet normal 0.000774605 -0.115307 0.99333
    outer loop
      vertex -100.72 -68.8619 24.5467
      vertex -100.7 -68.5637 24.5813
      vertex -100.778 -67.9724 24.65
    endloop
  endfacet
  facet normal 0.831463 -0.551871 -0.0640945
    outer loop
      vertex -104.825 -67.1729 24.7428
      vertex -104.825 -67.7728 29.9081
      vertex -104.989 -68.0166 29.8798
    endloop
  endfacet
  facet normal -0.195105 0.974234 0.113148
    outer loop
      vertex -102.405 -70.7705 24.325
      vertex -102.7 -71.4287 29.4836
      vertex -102.405 -71.3704 29.4903
    endloop
  endfacet
  facet normal -0.195105 0.974234 0.113148
    outer loop
      vertex -102.7 -71.4287 29.4836
      vertex -102.405 -70.7705 24.325
      vertex -102.7 -70.8288 24.3183
    endloop
  endfacet
  facet normal -0.659186 0.746961 0.0867379
    outer loop
      vertex -101.378 -70.7828 29.5586
      vertex -101.6 -70.3763 24.3708
      vertex -101.6 -70.9761 29.5361
    endloop
  endfacet
  facet normal 0.000385547 -0.11504 0.993361
    outer loop
      vertex -105.125 -69.438 24.4798
      vertex -104.992 -69.7061 24.4487
      vertex -105.222 -69.1551 24.5126
    endloop
  endfacet
  facet normal 0.831463 0.551871 0.0640945
    outer loop
      vertex -104.825 -70.5544 29.5851
      vertex -104.825 -69.9545 24.4198
      vertex -104.989 -70.3106 29.6134
    endloop
  endfacet
  facet normal -0.00150119 -0.115817 0.993269
    outer loop
      vertex -105.222 -69.1551 24.5126
      vertex -104.992 -69.7061 24.4487
      vertex -105.28 -68.8619 24.5467
    endloop
  endfacet
  facet normal -6.11258e-05 -0.115523 0.993305
    outer loop
      vertex -104.626 -70.1792 24.3937
      vertex -104.15 -70.5423 24.3515
      vertex -104.992 -69.7061 24.4487
    endloop
  endfacet
  facet normal 0.659186 0.746961 0.0867379
    outer loop
      vertex -104.4 -70.9761 29.5361
      vertex -104.4 -70.3763 24.3708
      vertex -104.622 -70.7828 29.5586
    endloop
  endfacet
  facet normal -0.000828011 -0.118305 0.992977
    outer loop
      vertex -103.595 -70.7705 24.325
      vertex -103.3 -70.8288 24.3183
      vertex -103.88 -70.6745 24.3362
    endloop
  endfacet
  facet normal -0.0653107 0.991202 0.115119
    outer loop
      vertex -102.7 -70.8288 24.3183
      vertex -103 -71.4482 29.4813
      vertex -102.7 -71.4287 29.4836
    endloop
  endfacet
  facet normal -0.0656397 0.991183 0.115097
    outer loop
      vertex -103 -71.4482 29.4813
      vertex -102.7 -70.8288 24.3183
      vertex -103 -70.8484 24.316
    endloop
  endfacet
  facet normal -0.321457 0.940604 0.109224
    outer loop
      vertex -102.12 -70.6745 24.3362
      vertex -102.405 -71.3704 29.4903
      vertex -102.12 -71.2743 29.5015
    endloop
  endfacet
  facet normal -0.321161 0.940701 0.109253
    outer loop
      vertex -102.405 -71.3704 29.4903
      vertex -102.12 -70.6745 24.3362
      vertex -102.405 -70.7705 24.325
    endloop
  endfacet
  facet normal 0.929386 -0.366645 -0.0425822
    outer loop
      vertex -104.994 -68.0263 29.8787
      vertex -104.992 -67.4214 24.714
      vertex -104.992 -68.0213 29.8793
    endloop
  endfacet
  facet normal 0.896946 -0.439178 -0.0510901
    outer loop
      vertex -104.992 -67.4214 24.714
      vertex -104.994 -68.0263 29.8787
      vertex -105.125 -67.6894 24.6828
    endloop
  endfacet
  facet normal 0.831706 -0.551512 -0.0640279
    outer loop
      vertex -104.989 -68.0166 29.8798
      vertex -104.992 -67.4214 24.714
      vertex -104.825 -67.1729 24.7428
    endloop
  endfacet
  facet normal 0.84428 -0.532325 -0.0618244
    outer loop
      vertex -104.992 -67.4214 24.714
      vertex -104.989 -68.0166 29.8798
      vertex -104.992 -68.0213 29.8793
    endloop
  endfacet
  facet normal 0.555739 0.825808 0.0958936
    outer loop
      vertex -104.15 -71.1421 29.5168
      vertex -104.4 -70.3763 24.3708
      vertex -104.4 -70.9761 29.5361
    endloop
  endfacet
  facet normal 0.555739 0.825808 0.0958936
    outer loop
      vertex -104.4 -70.3763 24.3708
      vertex -104.15 -71.1421 29.5168
      vertex -104.15 -70.5423 24.3515
    endloop
  endfacet
  facet normal 0.44211 0.890974 0.103461
    outer loop
      vertex -103.88 -71.2743 29.5015
      vertex -104.15 -70.5423 24.3515
      vertex -104.15 -71.1421 29.5168
    endloop
  endfacet
  facet normal 0.44211 0.890974 0.103461
    outer loop
      vertex -104.15 -70.5423 24.3515
      vertex -103.88 -71.2743 29.5015
      vertex -103.88 -70.6745 24.3362
    endloop
  endfacet
  facet normal 0.0653107 0.991202 0.115119
    outer loop
      vertex -103 -71.4482 29.4813
      vertex -103.3 -70.8288 24.3183
      vertex -103.3 -71.4287 29.4836
    endloop
  endfacet
  facet normal 0.0656397 0.991183 0.115097
    outer loop
      vertex -103.3 -70.8288 24.3183
      vertex -103 -71.4482 29.4813
      vertex -103 -70.8484 24.316
    endloop
  endfacet
  facet normal -0.44211 0.890974 0.103461
    outer loop
      vertex -101.85 -70.5423 24.3515
      vertex -102.12 -71.2743 29.5015
      vertex -101.85 -71.1421 29.5168
    endloop
  endfacet
  facet normal -0.44211 0.890974 0.103461
    outer loop
      vertex -102.12 -71.2743 29.5015
      vertex -101.85 -70.5423 24.3515
      vertex -102.12 -70.6745 24.3362
    endloop
  endfacet
  facet normal 0.000229614 -0.115235 0.993338
    outer loop
      vertex -104.992 -69.7061 24.4487
      vertex -104.15 -70.5423 24.3515
      vertex -105.28 -68.8619 24.5467
    endloop
  endfacet
  facet normal -0.000121867 -0.115468 0.993311
    outer loop
      vertex -104.15 -70.5423 24.3515
      vertex -103.3 -70.8288 24.3183
      vertex -105.28 -68.8619 24.5467
    endloop
  endfacet
  facet normal -0.997788 0.0660171 0.00778795
    outer loop
      vertex 105.28 -68.8619 24.5467
      vertex 105.281 -69.4562 29.7126
      vertex 105.3 -68.5637 24.5813
    endloop
  endfacet
  facet normal -0.984599 0.17366 0.020169
    outer loop
      vertex 105.281 -69.4562 29.7126
      vertex 105.28 -68.8619 24.5467
      vertex 105.28 -69.4618 29.712
    endloop
  endfacet
  facet normal 0.0656397 -0.991183 -0.115097
    outer loop
      vertex 102.7 -66.8985 30.0096
      vertex 103 -66.2791 24.8466
      vertex 103 -66.8789 30.0119
    endloop
  endfacet
  facet normal 0.0652725 -0.991205 -0.115121
    outer loop
      vertex 103 -66.2791 24.8466
      vertex 102.7 -66.8985 30.0096
      vertex 102.7 -66.2986 24.8444
    endloop
  endfacet
  facet normal -0.997926 0.0639375 0.00742573
    outer loop
      vertex 105.3 -69.1636 29.7466
      vertex 105.3 -68.5637 24.5813
      vertex 105.281 -69.4562 29.7126
    endloop
  endfacet
  facet normal 0.0029525 -0.117082 0.993118
    outer loop
      vertex 101.175 -67.1729 24.7428
      vertex 101.008 -67.4214 24.714
      vertex 100.875 -67.6894 24.6828
    endloop
  endfacet
  facet normal 0.997926 0.0639375 0.00742573
    outer loop
      vertex 100.719 -69.4562 29.7126
      vertex 100.7 -68.5637 24.5813
      vertex 100.7 -69.1636 29.7466
    endloop
  endfacet
  facet normal 0.000198709 -0.115277 0.993333
    outer loop
      vertex 105.28 -68.8619 24.5467
      vertex 105.125 -67.6894 24.6828
      vertex 104.825 -67.1729 24.7428
    endloop
  endfacet
  facet normal -0.000229614 -0.115235 0.993338
    outer loop
      vertex 104.992 -69.7061 24.4487
      vertex 105.28 -68.8619 24.5467
      vertex 104.15 -70.5423 24.3515
    endloop
  endfacet
  facet normal 0 -0.115329 0.993327
    outer loop
      vertex 101.175 -67.1729 24.7428
      vertex 105.28 -68.8619 24.5467
      vertex 104.825 -67.1729 24.7428
    endloop
  endfacet
  facet normal 0 -0.115329 0.993327
    outer loop
      vertex 105.28 -68.8619 24.5467
      vertex 101.175 -67.1729 24.7428
      vertex 100.72 -68.8619 24.5467
    endloop
  endfacet
  facet normal -0.44211 0.890974 0.103461
    outer loop
      vertex 104.15 -70.5423 24.3515
      vertex 103.88 -71.2743 29.5015
      vertex 104.15 -71.1421 29.5168
    endloop
  endfacet
  facet normal -0.44211 0.890974 0.103461
    outer loop
      vertex 103.88 -71.2743 29.5015
      vertex 104.15 -70.5423 24.3515
      vertex 103.88 -70.6745 24.3362
    endloop
  endfacet
  facet normal 0.000883395 -0.116151 0.993231
    outer loop
      vertex 104.825 -69.9545 24.4198
      vertex 104.992 -69.7061 24.4487
      vertex 104.626 -70.1792 24.3937
    endloop
  endfacet
  facet normal 0.195105 0.974234 0.113148
    outer loop
      vertex 102.7 -71.4287 29.4836
      vertex 102.405 -70.7705 24.325
      vertex 102.405 -71.3704 29.4903
    endloop
  endfacet
  facet normal 0.195105 0.974234 0.113148
    outer loop
      vertex 102.405 -70.7705 24.325
      vertex 102.7 -71.4287 29.4836
      vertex 102.7 -70.8288 24.3183
    endloop
  endfacet
  facet normal 0.659186 -0.746959 -0.0867522
    outer loop
      vertex 101.6 -66.7512 24.7918
      vertex 101.6 -67.3511 29.9571
      vertex 101.378 -67.5444 29.9346
    endloop
  endfacet
  facet normal 0.997703 -0.0672876 -0.00781481
    outer loop
      vertex 100.72 -68.2655 24.6159
      vertex 100.72 -68.8654 29.7812
      vertex 100.7 -69.158 29.7472
    endloop
  endfacet
  facet normal 0.000367186 -0.117686 0.993051
    outer loop
      vertex 103 -66.2791 24.8466
      vertex 102.7 -66.2986 24.8444
      vertex 102.405 -66.3569 24.8376
    endloop
  endfacet
  facet normal 0.441965 -0.891045 -0.103469
    outer loop
      vertex 101.85 -66.5852 24.8111
      vertex 102.115 -67.0553 29.9914
      vertex 101.85 -67.185 29.9764
    endloop
  endfacet
  facet normal -0.94679 -0.319703 -0.0371304
    outer loop
      vertex 105.125 -67.6894 24.6828
      vertex 105.22 -68.5669 29.8159
      vertex 105.125 -68.2893 29.8481
    endloop
  endfacet
  facet normal -0.659186 -0.746959 -0.0867522
    outer loop
      vertex 104.4 -66.7512 24.7918
      vertex 104.622 -67.5444 29.9346
      vertex 104.4 -67.3511 29.9571
    endloop
  endfacet
  facet normal 0.540623 -0.835527 -0.0980906
    outer loop
      vertex 101.6 -67.3511 29.9571
      vertex 101.85 -66.5852 24.8111
      vertex 101.605 -67.3479 29.9574
    endloop
  endfacet
  facet normal 0.555739 -0.825806 -0.0959094
    outer loop
      vertex 101.85 -66.5852 24.8111
      vertex 101.6 -67.3511 29.9571
      vertex 101.6 -66.7512 24.7918
    endloop
  endfacet
  facet normal -0.000222171 -0.115157 0.993347
    outer loop
      vertex 104.4 -70.3763 24.3708
      vertex 104.626 -70.1792 24.3937
      vertex 104.15 -70.5423 24.3515
    endloop
  endfacet
  facet normal -0.555739 0.825808 0.0958936
    outer loop
      vertex 104.4 -70.3763 24.3708
      vertex 104.15 -71.1421 29.5168
      vertex 104.4 -70.9761 29.5361
    endloop
  endfacet
  facet normal -0.555739 0.825808 0.0958936
    outer loop
      vertex 104.15 -71.1421 29.5168
      vertex 104.4 -70.3763 24.3708
      vertex 104.15 -70.5423 24.3515
    endloop
  endfacet
  facet normal 0 -0.116547 0.993185
    outer loop
      vertex 103 -70.8484 24.316
      vertex 103.3 -70.8288 24.3183
      vertex 102.7 -70.8288 24.3183
    endloop
  endfacet
  facet normal 0.000121867 -0.115468 0.993311
    outer loop
      vertex 104.15 -70.5423 24.3515
      vertex 105.28 -68.8619 24.5467
      vertex 103.3 -70.8288 24.3183
    endloop
  endfacet
  facet normal -0.831463 0.551871 0.0640945
    outer loop
      vertex 104.989 -70.3106 29.6134
      vertex 104.825 -69.9545 24.4198
      vertex 104.825 -70.5544 29.5851
    endloop
  endfacet
  facet normal -0.000337147 -0.115085 0.993356
    outer loop
      vertex 101.6 -66.7512 24.7918
      vertex 101.374 -66.9482 24.7689
      vertex 101.175 -67.1729 24.7428
    endloop
  endfacet
  facet normal 0.946635 -0.320152 -0.0372101
    outer loop
      vertex 100.78 -68.5669 29.8159
      vertex 100.778 -67.9724 24.65
      vertex 100.875 -67.6894 24.6828
    endloop
  endfacet
  facet normal 0.938438 -0.343142 -0.0398526
    outer loop
      vertex 100.778 -67.9724 24.65
      vertex 100.78 -68.5669 29.8159
      vertex 100.778 -68.5723 29.8153
    endloop
  endfacet
  facet normal -0.75129 -0.655566 -0.0761377
    outer loop
      vertex 104.825 -67.1729 24.7428
      vertex 104.825 -67.7728 29.9081
      vertex 104.63 -67.5523 29.9337
    endloop
  endfacet
  facet normal 0.000337147 -0.115085 0.993356
    outer loop
      vertex 104.825 -67.1729 24.7428
      vertex 104.626 -66.9482 24.7689
      vertex 104.4 -66.7512 24.7918
    endloop
  endfacet
  facet normal -0.750821 -0.6561 -0.0761591
    outer loop
      vertex 104.63 -67.5523 29.9337
      vertex 104.626 -66.9482 24.7689
      vertex 104.825 -67.1729 24.7428
    endloop
  endfacet
  facet normal -0.726555 -0.682521 -0.0792682
    outer loop
      vertex 104.626 -66.9482 24.7689
      vertex 104.63 -67.5523 29.9337
      vertex 104.626 -67.5481 29.9342
    endloop
  endfacet
  facet normal 0.000828011 -0.118305 0.992977
    outer loop
      vertex 103.595 -70.7705 24.325
      vertex 103.88 -70.6745 24.3362
      vertex 103.3 -70.8288 24.3183
    endloop
  endfacet
  facet normal -0.000385547 -0.11504 0.993361
    outer loop
      vertex 105.125 -69.438 24.4798
      vertex 105.222 -69.1551 24.5126
      vertex 104.992 -69.7061 24.4487
    endloop
  endfacet
  facet normal -0.831616 0.551642 0.0640836
    outer loop
      vertex 104.989 -70.3106 29.6134
      vertex 104.992 -69.7061 24.4487
      vertex 104.825 -69.9545 24.4198
    endloop
  endfacet
  facet normal -0.84428 0.532326 0.0618154
    outer loop
      vertex 104.992 -69.7061 24.4487
      vertex 104.989 -70.3106 29.6134
      vertex 104.992 -70.3059 29.6139
    endloop
  endfacet
  facet normal 6.11258e-05 -0.115523 0.993305
    outer loop
      vertex 104.626 -70.1792 24.3937
      vertex 104.992 -69.7061 24.4487
      vertex 104.15 -70.5423 24.3515
    endloop
  endfacet
  facet normal -0.000828861 -0.115411 0.993318
    outer loop
      vertex 105.28 -68.8619 24.5467
      vertex 105.222 -67.9724 24.65
      vertex 105.125 -67.6894 24.6828
    endloop
  endfacet
  facet normal -0.981167 -0.191871 -0.022284
    outer loop
      vertex 105.28 -68.2655 24.6159
      vertex 105.28 -68.8654 29.7812
      vertex 105.223 -68.5778 29.8146
    endloop
  endfacet
  facet normal -0.897003 0.439084 0.0508958
    outer loop
      vertex 104.992 -69.7061 24.4487
      vertex 104.994 -70.3008 29.6145
      vertex 105.125 -69.438 24.4798
    endloop
  endfacet
  facet normal -0.931821 0.360495 0.0418619
    outer loop
      vertex 104.994 -70.3008 29.6145
      vertex 104.992 -69.7061 24.4487
      vertex 104.992 -70.3059 29.6139
    endloop
  endfacet
  facet normal -0.896231 0.440625 0.0511744
    outer loop
      vertex 105.125 -70.0379 29.6451
      vertex 105.125 -69.438 24.4798
      vertex 104.994 -70.3008 29.6145
    endloop
  endfacet
  facet normal 0.000158593 -0.114647 0.993406
    outer loop
      vertex 102.12 -70.6745 24.3362
      vertex 102.7 -70.8288 24.3183
      vertex 101.85 -70.5423 24.3515
    endloop
  endfacet
  facet normal -0.000883395 -0.116151 0.993231
    outer loop
      vertex 101.175 -69.9545 24.4198
      vertex 101.374 -70.1792 24.3937
      vertex 101.008 -69.7061 24.4487
    endloop
  endfacet
  facet normal 0.94679 -0.319703 -0.0371304
    outer loop
      vertex 100.875 -67.6894 24.6828
      vertex 100.875 -68.2893 29.8481
      vertex 100.78 -68.5669 29.8159
    endloop
  endfacet
  facet normal 0.896297 -0.440492 -0.051159
    outer loop
      vertex 100.875 -67.6894 24.6828
      vertex 101.006 -68.0263 29.8787
      vertex 100.875 -68.2893 29.8481
    endloop
  endfacet
  facet normal -0.556275 -0.825452 -0.0958523
    outer loop
      vertex 104.15 -66.5852 24.8111
      vertex 104.395 -67.3479 29.9574
      vertex 104.15 -67.185 29.9764
    endloop
  endfacet
  facet normal 0.726555 -0.682521 -0.0792682
    outer loop
      vertex 101.37 -67.5523 29.9337
      vertex 101.374 -66.9482 24.7689
      vertex 101.374 -67.5481 29.9342
    endloop
  endfacet
  facet normal 0.750821 -0.6561 -0.0761591
    outer loop
      vertex 101.374 -66.9482 24.7689
      vertex 101.37 -67.5523 29.9337
      vertex 101.175 -67.1729 24.7428
    endloop
  endfacet
  facet normal 0.68116 -0.727438 -0.0827928
    outer loop
      vertex 101.374 -67.5481 29.9342
      vertex 101.6 -66.7512 24.7918
      vertex 101.378 -67.5444 29.9346
    endloop
  endfacet
  facet normal 0.65959 -0.746607 -0.0867113
    outer loop
      vertex 101.6 -66.7512 24.7918
      vertex 101.374 -67.5481 29.9342
      vertex 101.374 -66.9482 24.7689
    endloop
  endfacet
  facet normal 0.946601 0.320256 0.0371885
    outer loop
      vertex 100.778 -69.7549 29.6779
      vertex 100.875 -69.438 24.4798
      vertex 100.778 -69.1551 24.5126
    endloop
  endfacet
  facet normal 0.946635 0.320155 0.037183
    outer loop
      vertex 100.875 -69.438 24.4798
      vertex 100.778 -69.7549 29.6779
      vertex 100.875 -70.0379 29.6451
    endloop
  endfacet
  facet normal 0.000828861 -0.115411 0.993318
    outer loop
      vertex 100.875 -67.6894 24.6828
      vertex 100.778 -67.9724 24.65
      vertex 100.72 -68.8619 24.5467
    endloop
  endfacet
  facet normal 0.84428 0.532326 0.0618154
    outer loop
      vertex 101.011 -70.3106 29.6134
      vertex 101.008 -69.7061 24.4487
      vertex 101.008 -70.3059 29.6139
    endloop
  endfacet
  facet normal 0.831616 0.551642 0.0640836
    outer loop
      vertex 101.008 -69.7061 24.4487
      vertex 101.011 -70.3106 29.6134
      vertex 101.175 -69.9545 24.4198
    endloop
  endfacet
  facet normal -0.751143 0.655732 0.076157
    outer loop
      vertex 104.825 -70.5544 29.5851
      vertex 104.825 -69.9545 24.4198
      vertex 104.63 -70.7748 29.5595
    endloop
  endfacet
  facet normal 0 -0.114915 0.993375
    outer loop
      vertex 103.595 -66.3569 24.8376
      vertex 103 -66.2791 24.8466
      vertex 102.405 -66.3569 24.8376
    endloop
  endfacet
  facet normal 3.95265e-05 -0.115459 0.993312
    outer loop
      vertex 102.405 -66.3569 24.8376
      vertex 101.6 -66.7512 24.7918
      vertex 101.175 -67.1729 24.7428
    endloop
  endfacet
  facet normal -0.946635 -0.320152 -0.0372101
    outer loop
      vertex 105.222 -67.9724 24.65
      vertex 105.22 -68.5669 29.8159
      vertex 105.125 -67.6894 24.6828
    endloop
  endfacet
  facet normal -0.938438 -0.343142 -0.0398526
    outer loop
      vertex 105.22 -68.5669 29.8159
      vertex 105.222 -67.9724 24.65
      vertex 105.222 -68.5723 29.8153
    endloop
  endfacet
  facet normal -0.981225 -0.191579 -0.0222671
    outer loop
      vertex 105.223 -68.5778 29.8146
      vertex 105.222 -67.9724 24.65
      vertex 105.28 -68.2655 24.6159
    endloop
  endfacet
  facet normal -0.984119 -0.176324 -0.0204784
    outer loop
      vertex 105.222 -67.9724 24.65
      vertex 105.223 -68.5778 29.8146
      vertex 105.222 -68.5723 29.8153
    endloop
  endfacet
  facet normal 0 -0.1154 0.993319
    outer loop
      vertex 102.405 -66.3569 24.8376
      vertex 104.825 -67.1729 24.7428
      vertex 103.595 -66.3569 24.8376
    endloop
  endfacet
  facet normal 0 -0.1154 0.993319
    outer loop
      vertex 104.825 -67.1729 24.7428
      vertex 102.405 -66.3569 24.8376
      vertex 101.175 -67.1729 24.7428
    endloop
  endfacet
  facet normal -0.000158593 -0.114647 0.993406
    outer loop
      vertex 103.88 -70.6745 24.3362
      vertex 104.15 -70.5423 24.3515
      vertex 103.3 -70.8288 24.3183
    endloop
  endfacet
  facet normal 0.00150119 -0.115817 0.993269
    outer loop
      vertex 105.222 -69.1551 24.5126
      vertex 105.28 -68.8619 24.5467
      vertex 104.992 -69.7061 24.4487
    endloop
  endfacet
  facet normal -0.981237 0.191517 0.0222598
    outer loop
      vertex 105.279 -69.4673 29.7113
      vertex 105.28 -68.8619 24.5467
      vertex 105.222 -69.1551 24.5126
    endloop
  endfacet
  facet normal -0.984119 0.176324 0.0204784
    outer loop
      vertex 105.28 -68.8619 24.5467
      vertex 105.279 -69.4673 29.7113
      vertex 105.28 -69.4618 29.712
    endloop
  endfacet
  facet normal -0.681154 0.727252 0.0844633
    outer loop
      vertex 104.626 -70.1792 24.3937
      vertex 104.622 -70.7828 29.5586
      vertex 104.626 -70.7791 29.559
    endloop
  endfacet
  facet normal -0.659776 0.746441 0.0867224
    outer loop
      vertex 104.622 -70.7828 29.5586
      vertex 104.626 -70.1792 24.3937
      vertex 104.4 -70.3763 24.3708
    endloop
  endfacet
  facet normal 0.556275 -0.825452 -0.0958523
    outer loop
      vertex 101.85 -66.5852 24.8111
      vertex 101.85 -67.185 29.9764
      vertex 101.605 -67.3479 29.9574
    endloop
  endfacet
  facet normal -0.946601 0.320256 0.0371885
    outer loop
      vertex 105.125 -69.438 24.4798
      vertex 105.222 -69.7549 29.6779
      vertex 105.222 -69.1551 24.5126
    endloop
  endfacet
  facet normal -0.946635 0.320155 0.037183
    outer loop
      vertex 105.222 -69.7549 29.6779
      vertex 105.125 -69.438 24.4798
      vertex 105.125 -70.0379 29.6451
    endloop
  endfacet
  facet normal 0.321161 -0.940701 -0.109253
    outer loop
      vertex 102.12 -67.0528 29.9917
      vertex 102.405 -66.3569 24.8376
      vertex 102.405 -66.9568 30.0029
    endloop
  endfacet
  facet normal 0.321457 -0.940604 -0.109224
    outer loop
      vertex 102.405 -66.3569 24.8376
      vertex 102.12 -67.0528 29.9917
      vertex 102.12 -66.453 24.8264
    endloop
  endfacet
  facet normal -0.000198709 -0.115277 0.993333
    outer loop
      vertex 101.175 -67.1729 24.7428
      vertex 100.875 -67.6894 24.6828
      vertex 100.72 -68.8619 24.5467
    endloop
  endfacet
  facet normal -0.441965 -0.891045 -0.103469
    outer loop
      vertex 104.15 -66.5852 24.8111
      vertex 104.15 -67.185 29.9764
      vertex 103.885 -67.0553 29.9914
    endloop
  endfacet
  facet normal 0.000419327 -0.114535 0.993419
    outer loop
      vertex 104.4 -66.7512 24.7918
      vertex 103.88 -66.453 24.8264
      vertex 103.595 -66.3569 24.8376
    endloop
  endfacet
  facet normal -0.750821 0.656092 0.0762267
    outer loop
      vertex 104.626 -70.1792 24.3937
      vertex 104.63 -70.7748 29.5595
      vertex 104.825 -69.9545 24.4198
    endloop
  endfacet
  facet normal -0.734463 0.674118 0.0782923
    outer loop
      vertex 104.63 -70.7748 29.5595
      vertex 104.626 -70.1792 24.3937
      vertex 104.626 -70.7791 29.559
    endloop
  endfacet
  facet normal 0.000222171 -0.115157 0.993347
    outer loop
      vertex 101.6 -70.3763 24.3708
      vertex 101.85 -70.5423 24.3515
      vertex 101.374 -70.1792 24.3937
    endloop
  endfacet
  facet normal 0.896231 0.440625 0.0511744
    outer loop
      vertex 101.006 -70.3008 29.6145
      vertex 100.875 -69.438 24.4798
      vertex 100.875 -70.0379 29.6451
    endloop
  endfacet
  facet normal -0.00237704 -0.115099 0.993351
    outer loop
      vertex 100.778 -67.9724 24.65
      vertex 100.72 -68.2655 24.6159
      vertex 100.7 -68.5637 24.5813
    endloop
  endfacet
  facet normal -0.000774605 -0.115307 0.99333
    outer loop
      vertex 100.72 -68.8619 24.5467
      vertex 100.778 -67.9724 24.65
      vertex 100.7 -68.5637 24.5813
    endloop
  endfacet
  facet normal -3.95265e-05 -0.115459 0.993312
    outer loop
      vertex 104.825 -67.1729 24.7428
      vertex 104.4 -66.7512 24.7918
      vertex 103.595 -66.3569 24.8376
    endloop
  endfacet
  facet normal -0.0656397 -0.991183 -0.115097
    outer loop
      vertex 103 -66.2791 24.8466
      vertex 103.3 -66.8985 30.0096
      vertex 103 -66.8789 30.0119
    endloop
  endfacet
  facet normal -0.0652725 -0.991205 -0.115121
    outer loop
      vertex 103.3 -66.8985 30.0096
      vertex 103 -66.2791 24.8466
      vertex 103.3 -66.2986 24.8444
    endloop
  endfacet
  facet normal 0.321457 0.940604 0.109224
    outer loop
      vertex 102.405 -71.3704 29.4903
      vertex 102.12 -70.6745 24.3362
      vertex 102.12 -71.2743 29.5015
    endloop
  endfacet
  facet normal 0.321161 0.940701 0.109253
    outer loop
      vertex 102.12 -70.6745 24.3362
      vertex 102.405 -71.3704 29.4903
      vertex 102.405 -70.7705 24.325
    endloop
  endfacet
  facet normal -0.000419327 -0.114535 0.993419
    outer loop
      vertex 102.405 -66.3569 24.8376
      vertex 102.12 -66.453 24.8264
      vertex 101.6 -66.7512 24.7918
    endloop
  endfacet
  facet normal 0.215643 -0.969953 -0.112651
    outer loop
      vertex 102.405 -66.3569 24.8376
      vertex 102.41 -66.9557 30.003
      vertex 102.405 -66.9568 30.0029
    endloop
  endfacet
  facet normal 0.195142 -0.974229 -0.113127
    outer loop
      vertex 102.41 -66.9557 30.003
      vertex 102.405 -66.3569 24.8376
      vertex 102.7 -66.2986 24.8444
    endloop
  endfacet
  facet normal 0.194748 -0.974304 -0.113158
    outer loop
      vertex 102.7 -66.2986 24.8444
      vertex 102.7 -66.8985 30.0096
      vertex 102.41 -66.9557 30.003
    endloop
  endfacet
  facet normal -0.449772 -0.887182 -0.10302
    outer loop
      vertex 103.88 -66.453 24.8264
      vertex 103.885 -67.0553 29.9914
      vertex 103.88 -67.0528 29.9917
    endloop
  endfacet
  facet normal -0.44211 -0.890973 -0.10347
    outer loop
      vertex 103.885 -67.0553 29.9914
      vertex 103.88 -66.453 24.8264
      vertex 104.15 -66.5852 24.8111
    endloop
  endfacet
  facet normal -0.540623 -0.835527 -0.0980906
    outer loop
      vertex 104.15 -66.5852 24.8111
      vertex 104.4 -67.3511 29.9571
      vertex 104.395 -67.3479 29.9574
    endloop
  endfacet
  facet normal -0.555739 -0.825806 -0.0959094
    outer loop
      vertex 104.4 -67.3511 29.9571
      vertex 104.15 -66.5852 24.8111
      vertex 104.4 -66.7512 24.7918
    endloop
  endfacet
  facet normal -0.831706 -0.551512 -0.0640279
    outer loop
      vertex 104.992 -67.4214 24.714
      vertex 104.989 -68.0166 29.8798
      vertex 104.825 -67.1729 24.7428
    endloop
  endfacet
  facet normal -0.84428 -0.532325 -0.0618244
    outer loop
      vertex 104.989 -68.0166 29.8798
      vertex 104.992 -67.4214 24.714
      vertex 104.992 -68.0213 29.8793
    endloop
  endfacet
  facet normal -0.831463 -0.551871 -0.0640945
    outer loop
      vertex 104.825 -67.1729 24.7428
      vertex 104.989 -68.0166 29.8798
      vertex 104.825 -67.7728 29.9081
    endloop
  endfacet
  facet normal -0.997703 -0.0672876 -0.00781481
    outer loop
      vertex 105.28 -68.2655 24.6159
      vertex 105.3 -69.158 29.7472
      vertex 105.28 -68.8654 29.7812
    endloop
  endfacet
  facet normal -0.997788 -0.0660392 -0.00759734
    outer loop
      vertex 105.3 -68.5637 24.5813
      vertex 105.3 -69.158 29.7472
      vertex 105.28 -68.2655 24.6159
    endloop
  endfacet
  facet normal -1 0 -0
    outer loop
      vertex 105.3 -69.158 29.7472
      vertex 105.3 -68.5637 24.5813
      vertex 105.3 -69.1636 29.7466
    endloop
  endfacet
  facet normal 0 -0.115347 0.993325
    outer loop
      vertex 105.28 -68.8619 24.5467
      vertex 102.7 -70.8288 24.3183
      vertex 103.3 -70.8288 24.3183
    endloop
  endfacet
  facet normal 0 -0.115347 0.993325
    outer loop
      vertex 102.7 -70.8288 24.3183
      vertex 105.28 -68.8619 24.5467
      vertex 100.72 -68.8619 24.5467
    endloop
  endfacet
  facet normal -0.981167 0.191872 0.0222804
    outer loop
      vertex 105.279 -69.4673 29.7113
      vertex 105.222 -69.1551 24.5126
      vertex 105.222 -69.7549 29.6779
    endloop
  endfacet
  facet normal 0.984119 -0.176324 -0.0204784
    outer loop
      vertex 100.777 -68.5778 29.8146
      vertex 100.778 -67.9724 24.65
      vertex 100.778 -68.5723 29.8153
    endloop
  endfacet
  facet normal 0.981225 -0.191579 -0.0222671
    outer loop
      vertex 100.778 -67.9724 24.65
      vertex 100.777 -68.5778 29.8146
      vertex 100.72 -68.2655 24.6159
    endloop
  endfacet
  facet normal 0.981167 -0.191871 -0.022284
    outer loop
      vertex 100.72 -68.2655 24.6159
      vertex 100.777 -68.5778 29.8146
      vertex 100.72 -68.8654 29.7812
    endloop
  endfacet
  facet normal 0.75129 -0.655566 -0.0761377
    outer loop
      vertex 101.175 -67.1729 24.7428
      vertex 101.37 -67.5523 29.9337
      vertex 101.175 -67.7728 29.9081
    endloop
  endfacet
  facet normal 0.981167 0.191872 0.0222804
    outer loop
      vertex 100.778 -69.7549 29.6779
      vertex 100.778 -69.1551 24.5126
      vertex 100.721 -69.4673 29.7113
    endloop
  endfacet
  facet normal 0.984119 0.176324 0.0204784
    outer loop
      vertex 100.721 -69.4673 29.7113
      vertex 100.72 -68.8619 24.5467
      vertex 100.72 -69.4618 29.712
    endloop
  endfacet
  facet normal 0.981237 0.191517 0.0222598
    outer loop
      vertex 100.72 -68.8619 24.5467
      vertex 100.721 -69.4673 29.7113
      vertex 100.778 -69.1551 24.5126
    endloop
  endfacet
  facet normal 0.750821 0.656092 0.0762267
    outer loop
      vertex 101.37 -70.7748 29.5595
      vertex 101.374 -70.1792 24.3937
      vertex 101.175 -69.9545 24.4198
    endloop
  endfacet
  facet normal 0.734463 0.674118 0.0782923
    outer loop
      vertex 101.374 -70.1792 24.3937
      vertex 101.37 -70.7748 29.5595
      vertex 101.374 -70.7791 29.559
    endloop
  endfacet
  facet normal 0.751143 0.655732 0.076157
    outer loop
      vertex 101.37 -70.7748 29.5595
      vertex 101.175 -69.9545 24.4198
      vertex 101.175 -70.5544 29.5851
    endloop
  endfacet
  facet normal 0.997788 0.0660171 0.00778795
    outer loop
      vertex 100.719 -69.4562 29.7126
      vertex 100.72 -68.8619 24.5467
      vertex 100.7 -68.5637 24.5813
    endloop
  endfacet
  facet normal 0.984599 0.17366 0.020169
    outer loop
      vertex 100.72 -68.8619 24.5467
      vertex 100.719 -69.4562 29.7126
      vertex 100.72 -69.4618 29.712
    endloop
  endfacet
  facet normal 0.997788 -0.0660392 -0.00759734
    outer loop
      vertex 100.7 -69.158 29.7472
      vertex 100.7 -68.5637 24.5813
      vertex 100.72 -68.2655 24.6159
    endloop
  endfacet
  facet normal 1 0 0
    outer loop
      vertex 100.7 -68.5637 24.5813
      vertex 100.7 -69.158 29.7472
      vertex 100.7 -69.1636 29.7466
    endloop
  endfacet
  facet normal -0.000367186 -0.117686 0.993051
    outer loop
      vertex 103.595 -66.3569 24.8376
      vertex 103.3 -66.2986 24.8444
      vertex 103 -66.2791 24.8466
    endloop
  endfacet
  facet normal -0.321161 -0.940701 -0.109253
    outer loop
      vertex 103.595 -66.3569 24.8376
      vertex 103.88 -67.0528 29.9917
      vertex 103.595 -66.9568 30.0029
    endloop
  endfacet
  facet normal -0.321457 -0.940604 -0.109224
    outer loop
      vertex 103.88 -67.0528 29.9917
      vertex 103.595 -66.3569 24.8376
      vertex 103.88 -66.453 24.8264
    endloop
  endfacet
  facet normal -0.195142 -0.974229 -0.113127
    outer loop
      vertex 103.595 -66.3569 24.8376
      vertex 103.59 -66.9557 30.003
      vertex 103.3 -66.2986 24.8444
    endloop
  endfacet
  facet normal -0.215643 -0.969953 -0.112651
    outer loop
      vertex 103.59 -66.9557 30.003
      vertex 103.595 -66.3569 24.8376
      vertex 103.595 -66.9568 30.0029
    endloop
  endfacet
  facet normal -0.194748 -0.974304 -0.113158
    outer loop
      vertex 103.3 -66.2986 24.8444
      vertex 103.59 -66.9557 30.003
      vertex 103.3 -66.8985 30.0096
    endloop
  endfacet
  facet normal 0.659186 0.746961 0.0867379
    outer loop
      vertex 101.6 -70.9761 29.5361
      vertex 101.6 -70.3763 24.3708
      vertex 101.378 -70.7828 29.5586
    endloop
  endfacet
  facet normal 0.681154 0.727252 0.0844633
    outer loop
      vertex 101.378 -70.7828 29.5586
      vertex 101.374 -70.1792 24.3937
      vertex 101.374 -70.7791 29.559
    endloop
  endfacet
  facet normal 0.659776 0.746441 0.0867224
    outer loop
      vertex 101.374 -70.1792 24.3937
      vertex 101.378 -70.7828 29.5586
      vertex 101.6 -70.3763 24.3708
    endloop
  endfacet
  facet normal 0.897003 0.439084 0.0508958
    outer loop
      vertex 101.006 -70.3008 29.6145
      vertex 101.008 -69.7061 24.4487
      vertex 100.875 -69.438 24.4798
    endloop
  endfacet
  facet normal 0.931821 0.360495 0.0418619
    outer loop
      vertex 101.008 -69.7061 24.4487
      vertex 101.006 -70.3008 29.6145
      vertex 101.008 -70.3059 29.6139
    endloop
  endfacet
  facet normal 0.449772 -0.887182 -0.10302
    outer loop
      vertex 102.115 -67.0553 29.9914
      vertex 102.12 -66.453 24.8264
      vertex 102.12 -67.0528 29.9917
    endloop
  endfacet
  facet normal 0.44211 -0.890973 -0.10347
    outer loop
      vertex 102.12 -66.453 24.8264
      vertex 102.115 -67.0553 29.9914
      vertex 101.85 -66.5852 24.8111
    endloop
  endfacet
  facet normal 0.000983856 -0.116949 0.993137
    outer loop
      vertex 102.12 -66.453 24.8264
      vertex 101.85 -66.5852 24.8111
      vertex 101.6 -66.7512 24.7918
    endloop
  endfacet
  facet normal -0.000983856 -0.116949 0.993137
    outer loop
      vertex 104.4 -66.7512 24.7918
      vertex 104.15 -66.5852 24.8111
      vertex 103.88 -66.453 24.8264
    endloop
  endfacet
  facet normal -0.68116 -0.727438 -0.0827928
    outer loop
      vertex 104.4 -66.7512 24.7918
      vertex 104.626 -67.5481 29.9342
      vertex 104.622 -67.5444 29.9346
    endloop
  endfacet
  facet normal -0.65959 -0.746607 -0.0867113
    outer loop
      vertex 104.626 -67.5481 29.9342
      vertex 104.4 -66.7512 24.7918
      vertex 104.626 -66.9482 24.7689
    endloop
  endfacet
  facet normal -0.896297 -0.440492 -0.051159
    outer loop
      vertex 105.125 -67.6894 24.6828
      vertex 105.125 -68.2893 29.8481
      vertex 104.994 -68.0263 29.8787
    endloop
  endfacet
  facet normal -0.896946 -0.439178 -0.0510901
    outer loop
      vertex 104.994 -68.0263 29.8787
      vertex 104.992 -67.4214 24.714
      vertex 105.125 -67.6894 24.6828
    endloop
  endfacet
  facet normal -0.929386 -0.366645 -0.0425822
    outer loop
      vertex 104.992 -67.4214 24.714
      vertex 104.994 -68.0263 29.8787
      vertex 104.992 -68.0213 29.8793
    endloop
  endfacet
  facet normal -0.0029525 -0.117082 0.993118
    outer loop
      vertex 105.125 -67.6894 24.6828
      vertex 104.992 -67.4214 24.714
      vertex 104.825 -67.1729 24.7428
    endloop
  endfacet
  facet normal 0.00237704 -0.115099 0.993351
    outer loop
      vertex 105.3 -68.5637 24.5813
      vertex 105.28 -68.2655 24.6159
      vertex 105.222 -67.9724 24.65
    endloop
  endfacet
  facet normal 0.000774605 -0.115307 0.99333
    outer loop
      vertex 105.28 -68.8619 24.5467
      vertex 105.3 -68.5637 24.5813
      vertex 105.222 -67.9724 24.65
    endloop
  endfacet
  facet normal 0.831463 -0.551871 -0.0640945
    outer loop
      vertex 101.175 -67.1729 24.7428
      vertex 101.175 -67.7728 29.9081
      vertex 101.011 -68.0166 29.8798
    endloop
  endfacet
  facet normal -0.659186 0.746961 0.0867379
    outer loop
      vertex 104.622 -70.7828 29.5586
      vertex 104.4 -70.3763 24.3708
      vertex 104.4 -70.9761 29.5361
    endloop
  endfacet
  facet normal 0.000385547 -0.11504 0.993361
    outer loop
      vertex 100.875 -69.438 24.4798
      vertex 101.008 -69.7061 24.4487
      vertex 100.778 -69.1551 24.5126
    endloop
  endfacet
  facet normal 0.831463 0.551871 0.0640945
    outer loop
      vertex 101.175 -70.5544 29.5851
      vertex 101.175 -69.9545 24.4198
      vertex 101.011 -70.3106 29.6134
    endloop
  endfacet
  facet normal -0.00150119 -0.115817 0.993269
    outer loop
      vertex 100.778 -69.1551 24.5126
      vertex 101.008 -69.7061 24.4487
      vertex 100.72 -68.8619 24.5467
    endloop
  endfacet
  facet normal -6.11258e-05 -0.115523 0.993305
    outer loop
      vertex 101.374 -70.1792 24.3937
      vertex 101.85 -70.5423 24.3515
      vertex 101.008 -69.7061 24.4487
    endloop
  endfacet
  facet normal -0.000828011 -0.118305 0.992977
    outer loop
      vertex 102.405 -70.7705 24.325
      vertex 102.7 -70.8288 24.3183
      vertex 102.12 -70.6745 24.3362
    endloop
  endfacet
  facet normal -0.0653107 0.991202 0.115119
    outer loop
      vertex 103.3 -70.8288 24.3183
      vertex 103 -71.4482 29.4813
      vertex 103.3 -71.4287 29.4836
    endloop
  endfacet
  facet normal -0.0656397 0.991183 0.115097
    outer loop
      vertex 103 -71.4482 29.4813
      vertex 103.3 -70.8288 24.3183
      vertex 103 -70.8484 24.316
    endloop
  endfacet
  facet normal -0.195105 0.974234 0.113148
    outer loop
      vertex 103.595 -70.7705 24.325
      vertex 103.3 -71.4287 29.4836
      vertex 103.595 -71.3704 29.4903
    endloop
  endfacet
  facet normal -0.195105 0.974234 0.113148
    outer loop
      vertex 103.3 -71.4287 29.4836
      vertex 103.595 -70.7705 24.325
      vertex 103.3 -70.8288 24.3183
    endloop
  endfacet
  facet normal 0.929386 -0.366645 -0.0425822
    outer loop
      vertex 101.006 -68.0263 29.8787
      vertex 101.008 -67.4214 24.714
      vertex 101.008 -68.0213 29.8793
    endloop
  endfacet
  facet normal 0.896946 -0.439178 -0.0510901
    outer loop
      vertex 101.008 -67.4214 24.714
      vertex 101.006 -68.0263 29.8787
      vertex 100.875 -67.6894 24.6828
    endloop
  endfacet
  facet normal 0.831706 -0.551512 -0.0640279
    outer loop
      vertex 101.011 -68.0166 29.8798
      vertex 101.008 -67.4214 24.714
      vertex 101.175 -67.1729 24.7428
    endloop
  endfacet
  facet normal 0.84428 -0.532325 -0.0618244
    outer loop
      vertex 101.008 -67.4214 24.714
      vertex 101.011 -68.0166 29.8798
      vertex 101.008 -68.0213 29.8793
    endloop
  endfacet
  facet normal 0.555739 0.825808 0.0958936
    outer loop
      vertex 101.85 -71.1421 29.5168
      vertex 101.6 -70.3763 24.3708
      vertex 101.6 -70.9761 29.5361
    endloop
  endfacet
  facet normal 0.555739 0.825808 0.0958936
    outer loop
      vertex 101.6 -70.3763 24.3708
      vertex 101.85 -71.1421 29.5168
      vertex 101.85 -70.5423 24.3515
    endloop
  endfacet
  facet normal 0.44211 0.890974 0.103461
    outer loop
      vertex 102.12 -71.2743 29.5015
      vertex 101.85 -70.5423 24.3515
      vertex 101.85 -71.1421 29.5168
    endloop
  endfacet
  facet normal 0.44211 0.890974 0.103461
    outer loop
      vertex 101.85 -70.5423 24.3515
      vertex 102.12 -71.2743 29.5015
      vertex 102.12 -70.6745 24.3362
    endloop
  endfacet
  facet normal 0.0653107 0.991202 0.115119
    outer loop
      vertex 103 -71.4482 29.4813
      vertex 102.7 -70.8288 24.3183
      vertex 102.7 -71.4287 29.4836
    endloop
  endfacet
  facet normal 0.0656397 0.991183 0.115097
    outer loop
      vertex 102.7 -70.8288 24.3183
      vertex 103 -71.4482 29.4813
      vertex 103 -70.8484 24.316
    endloop
  endfacet
  facet normal -0.321457 0.940604 0.109224
    outer loop
      vertex 103.88 -70.6745 24.3362
      vertex 103.595 -71.3704 29.4903
      vertex 103.88 -71.2743 29.5015
    endloop
  endfacet
  facet normal -0.321161 0.940701 0.109253
    outer loop
      vertex 103.595 -71.3704 29.4903
      vertex 103.88 -70.6745 24.3362
      vertex 103.595 -70.7705 24.325
    endloop
  endfacet
  facet normal 0.000229614 -0.115235 0.993338
    outer loop
      vertex 101.008 -69.7061 24.4487
      vertex 101.85 -70.5423 24.3515
      vertex 100.72 -68.8619 24.5467
    endloop
  endfacet
  facet normal -0.000121867 -0.115468 0.993311
    outer loop
      vertex 101.85 -70.5423 24.3515
      vertex 102.7 -70.8288 24.3183
      vertex 100.72 -68.8619 24.5467
    endloop
  endfacet
  facet normal -0.981223 -0.19159 -0.022231
    outer loop
      vertex -100.72 70.7999 40.7655
      vertex -100.721 70.2056 45.9314
      vertex -100.778 71.093 40.7995
    endloop
  endfacet
  facet normal -0.984054 -0.176681 -0.0205164
    outer loop
      vertex -100.721 70.2056 45.9314
      vertex -100.72 70.7999 40.7655
      vertex -100.72 70.2001 45.9308
    endloop
  endfacet
  facet normal -0.997788 0.0660309 0.00766886
    outer loop
      vertex -100.72 70.2035 40.6962
      vertex -100.7 69.9018 45.8961
      vertex -100.7 70.5017 40.7308
    endloop
  endfacet
  facet normal -0.997788 0.0660309 0.00766886
    outer loop
      vertex -100.7 69.9018 45.8961
      vertex -100.72 70.2035 40.6962
      vertex -100.72 69.6036 45.8615
    endloop
  endfacet
  facet normal -0.000774605 -0.115307 0.99333
    outer loop
      vertex -105.28 70.2035 40.6962
      vertex -105.222 71.093 40.7995
      vertex -105.3 70.5017 40.7308
    endloop
  endfacet
  facet normal -0.448126 -0.888003 -0.103118
    outer loop
      vertex -102.12 72.6124 40.976
      vertex -102.115 72.0101 46.141
      vertex -102.12 72.0126 46.1412
    endloop
  endfacet
  facet normal -0.442141 -0.890958 -0.103468
    outer loop
      vertex -102.115 72.0101 46.141
      vertex -102.12 72.6124 40.976
      vertex -101.85 72.4802 40.9606
    endloop
  endfacet
  facet normal 0.659354 0.746815 0.0867209
    outer loop
      vertex -104.404 68.093 45.6861
      vertex -104.626 68.8862 40.5432
      vertex -104.626 68.2864 45.7085
    endloop
  endfacet
  facet normal 0.751143 0.655733 0.0761444
    outer loop
      vertex -104.626 68.2864 45.7085
      vertex -104.626 68.8862 40.5432
      vertex -104.821 68.5068 45.7341
    endloop
  endfacet
  facet normal -0.659354 0.746815 0.0867209
    outer loop
      vertex -101.374 68.2864 45.7085
      vertex -101.374 68.8862 40.5432
      vertex -101.596 68.093 45.6861
    endloop
  endfacet
  facet normal -0.194786 -0.974297 -0.113155
    outer loop
      vertex -102.7 72.7668 40.9939
      vertex -102.41 72.1097 46.1525
      vertex -102.7 72.1669 46.1592
    endloop
  endfacet
  facet normal 0.00127422 -0.113526 0.993534
    outer loop
      vertex -104.4 68.6892 40.5204
      vertex -104.15 68.5231 40.5011
      vertex -104.626 68.8862 40.5432
    endloop
  endfacet
  facet normal -0.0653107 0.991202 0.115119
    outer loop
      vertex -102.7 68.2366 40.4678
      vertex -103 67.6172 45.6308
      vertex -102.7 67.6367 45.6331
    endloop
  endfacet
  facet normal -0.0656397 0.991183 0.115097
    outer loop
      vertex -103 67.6172 45.6308
      vertex -102.7 68.2366 40.4678
      vertex -103 68.217 40.4655
    endloop
  endfacet
  facet normal -0.831463 -0.551872 -0.0640839
    outer loop
      vertex -101.008 71.644 40.8635
      vertex -101.008 71.0442 46.0288
      vertex -101.172 71.288 46.0571
    endloop
  endfacet
  facet normal 0.195142 0.974227 0.113147
    outer loop
      vertex -103.3 67.6367 45.6331
      vertex -103.595 68.2949 40.4746
      vertex -103.595 67.695 45.6399
    endloop
  endfacet
  facet normal 0.195142 0.974227 0.113147
    outer loop
      vertex -103.595 68.2949 40.4746
      vertex -103.3 67.6367 45.6331
      vertex -103.3 68.2366 40.4678
    endloop
  endfacet
  facet normal -0.750805 -0.656114 -0.0762014
    outer loop
      vertex -101.175 71.8925 40.8924
      vertex -101.374 71.5173 46.0837
      vertex -101.374 72.1172 40.9184
    endloop
  endfacet
  facet normal -0.750821 -0.656095 -0.0762006
    outer loop
      vertex -101.374 71.5173 46.0837
      vertex -101.175 71.8925 40.8924
      vertex -101.175 71.2926 46.0576
    endloop
  endfacet
  facet normal 0.000416933 -0.114868 0.993381
    outer loop
      vertex -101.6 72.3142 40.9413
      vertex -101.85 72.4802 40.9606
      vertex -102.12 72.6124 40.976
    endloop
  endfacet
  facet normal -0.94679 -0.319703 -0.0371243
    outer loop
      vertex -100.778 71.093 40.7995
      vertex -100.778 70.4932 45.9648
      vertex -100.873 70.7708 45.997
    endloop
  endfacet
  facet normal -0.303387 0.94638 0.111001
    outer loop
      vertex -102.12 68.3909 40.4857
      vertex -102.405 67.695 45.6399
      vertex -102.399 67.6969 45.6401
    endloop
  endfacet
  facet normal -0.321127 0.940713 0.109255
    outer loop
      vertex -102.405 67.695 45.6399
      vertex -102.12 68.3909 40.4857
      vertex -102.405 68.2949 40.4746
    endloop
  endfacet
  facet normal -0.00127422 -0.113526 0.993534
    outer loop
      vertex -101.6 68.6892 40.5204
      vertex -101.374 68.8862 40.5432
      vertex -101.85 68.5231 40.5011
    endloop
  endfacet
  facet normal -9.95701e-06 -0.115322 0.993328
    outer loop
      vertex -101.008 69.3594 40.5982
      vertex -100.72 70.2035 40.6962
      vertex -101.85 68.5231 40.5011
    endloop
  endfacet
  facet normal -0.682266 0.726424 0.082587
    outer loop
      vertex -101.374 68.8862 40.5432
      vertex -101.6 68.0893 45.6856
      vertex -101.596 68.093 45.6861
    endloop
  endfacet
  facet normal -0.659568 0.746626 0.0867151
    outer loop
      vertex -101.6 68.0893 45.6856
      vertex -101.374 68.8862 40.5432
      vertex -101.6 68.6892 40.5204
    endloop
  endfacet
  facet normal -0.000524659 -0.115853 0.993266
    outer loop
      vertex -104.626 68.8862 40.5432
      vertex -104.15 68.5231 40.5011
      vertex -104.992 69.3594 40.5982
    endloop
  endfacet
  facet normal 0.981223 0.19159 0.022231
    outer loop
      vertex -105.223 69.3161 45.8281
      vertex -105.222 69.9104 40.6622
      vertex -105.28 70.2035 40.6962
    endloop
  endfacet
  facet normal 0.984599 0.17366 0.020169
    outer loop
      vertex -105.222 69.9104 40.6622
      vertex -105.223 69.3161 45.8281
      vertex -105.222 69.3105 45.8275
    endloop
  endfacet
  facet normal -0.981167 -0.191872 -0.0222804
    outer loop
      vertex -100.778 71.093 40.7995
      vertex -100.721 70.2056 45.9314
      vertex -100.778 70.4932 45.9648
    endloop
  endfacet
  facet normal -0.000126098 -0.115223 0.99334
    outer loop
      vertex -103 72.7863 40.9962
      vertex -103.3 72.7668 40.9939
      vertex -103.595 72.7085 40.9871
    endloop
  endfacet
  facet normal 9.87133e-06 -0.115385 0.993321
    outer loop
      vertex -100.72 70.2035 40.6962
      vertex -100.875 71.376 40.8324
      vertex -101.175 71.8925 40.8924
    endloop
  endfacet
  facet normal -0.0656015 -0.991185 -0.1151
    outer loop
      vertex -103 72.7863 40.9962
      vertex -102.7 72.1669 46.1592
      vertex -103 72.1865 46.1614
    endloop
  endfacet
  facet normal -0.0653107 -0.991202 -0.115119
    outer loop
      vertex -102.7 72.1669 46.1592
      vertex -103 72.7863 40.9962
      vertex -102.7 72.7668 40.9939
    endloop
  endfacet
  facet normal 9.95701e-06 -0.115322 0.993328
    outer loop
      vertex -104.992 69.3594 40.5982
      vertex -104.15 68.5231 40.5011
      vertex -105.28 70.2035 40.6962
    endloop
  endfacet
  facet normal -0.555713 0.825823 0.0959133
    outer loop
      vertex -101.6 68.6892 40.5204
      vertex -101.85 67.9233 45.6664
      vertex -101.6 68.0893 45.6856
    endloop
  endfacet
  facet normal -0.555968 0.825656 0.095876
    outer loop
      vertex -101.85 67.9233 45.6664
      vertex -101.6 68.6892 40.5204
      vertex -101.85 68.5231 40.5011
    endloop
  endfacet
  facet normal 0.897641 -0.437786 -0.0508362
    outer loop
      vertex -104.992 71.644 40.8635
      vertex -104.992 71.0442 46.0288
      vertex -105.122 70.7812 45.9982
    endloop
  endfacet
  facet normal 0.00143001 -0.114571 0.993414
    outer loop
      vertex -100.875 71.376 40.8324
      vertex -101.008 71.644 40.8635
      vertex -101.175 71.8925 40.8924
    endloop
  endfacet
  facet normal -0.896939 0.439203 0.0510092
    outer loop
      vertex -101.008 69.3594 40.5982
      vertex -100.875 69.0275 45.7946
      vertex -100.875 69.6274 40.6293
    endloop
  endfacet
  facet normal -0.896939 0.439203 0.0510092
    outer loop
      vertex -100.875 69.0275 45.7946
      vertex -101.008 69.3594 40.5982
      vertex -101.008 68.7595 45.7635
    endloop
  endfacet
  facet normal 0.441996 -0.89103 -0.103467
    outer loop
      vertex -104.15 72.4802 40.9606
      vertex -103.885 72.0101 46.141
      vertex -104.15 71.8804 46.1259
    endloop
  endfacet
  facet normal -0.897641 -0.437786 -0.0508362
    outer loop
      vertex -101.008 71.644 40.8635
      vertex -100.878 70.7812 45.9982
      vertex -101.008 71.0442 46.0288
    endloop
  endfacet
  facet normal 0.530063 -0.842093 -0.0995645
    outer loop
      vertex -104.4 71.7144 46.1066
      vertex -104.15 72.4802 40.9606
      vertex -104.395 71.7175 46.107
    endloop
  endfacet
  facet normal 0.555739 -0.825808 -0.0958936
    outer loop
      vertex -104.15 72.4802 40.9606
      vertex -104.4 71.7144 46.1066
      vertex -104.4 72.3142 40.9413
    endloop
  endfacet
  facet normal -0.195142 -0.974229 -0.113127
    outer loop
      vertex -102.405 72.7085 40.9871
      vertex -102.41 72.1097 46.1525
      vertex -102.7 72.7668 40.9939
    endloop
  endfacet
  facet normal -0.215643 -0.969953 -0.112651
    outer loop
      vertex -102.41 72.1097 46.1525
      vertex -102.405 72.7085 40.9871
      vertex -102.405 72.1086 46.1524
    endloop
  endfacet
  facet normal 0.682266 0.726424 0.082587
    outer loop
      vertex -104.4 68.0893 45.6856
      vertex -104.626 68.8862 40.5432
      vertex -104.404 68.093 45.6861
    endloop
  endfacet
  facet normal 0.659568 0.746626 0.0867151
    outer loop
      vertex -104.626 68.8862 40.5432
      vertex -104.4 68.0893 45.6856
      vertex -104.4 68.6892 40.5204
    endloop
  endfacet
  facet normal 0.726555 0.682521 0.0792682
    outer loop
      vertex -104.821 68.5068 45.7341
      vertex -104.825 69.1109 40.5693
      vertex -104.825 68.511 45.7346
    endloop
  endfacet
  facet normal 0.750821 0.6561 0.0761591
    outer loop
      vertex -104.825 69.1109 40.5693
      vertex -104.821 68.5068 45.7341
      vertex -104.626 68.8862 40.5432
    endloop
  endfacet
  facet normal -0.00043576 -0.115329 0.993327
    outer loop
      vertex -105.125 71.376 40.8324
      vertex -105.222 71.093 40.7995
      vertex -105.28 70.2035 40.6962
    endloop
  endfacet
  facet normal 5.50085e-05 -0.115292 0.993332
    outer loop
      vertex -104.15 68.5231 40.5011
      vertex -103.3 68.2366 40.4678
      vertex -105.28 70.2035 40.6962
    endloop
  endfacet
  facet normal -3.23784e-05 -0.115379 0.993322
    outer loop
      vertex -103.3 68.2366 40.4678
      vertex -104.825 71.8925 40.8924
      vertex -105.28 70.2035 40.6962
    endloop
  endfacet
  facet normal -0.831463 0.551871 0.0640945
    outer loop
      vertex -101.008 68.7595 45.7635
      vertex -101.008 69.3594 40.5982
      vertex -101.172 68.5157 45.7352
    endloop
  endfacet
  facet normal 0.000524659 -0.115853 0.993266
    outer loop
      vertex -101.374 68.8862 40.5432
      vertex -101.008 69.3594 40.5982
      vertex -101.85 68.5231 40.5011
    endloop
  endfacet
  facet normal -5.50085e-05 -0.115292 0.993332
    outer loop
      vertex -101.85 68.5231 40.5011
      vertex -100.72 70.2035 40.6962
      vertex -102.7 68.2366 40.4678
    endloop
  endfacet
  facet normal -0.321807 0.940486 0.10921
    outer loop
      vertex -102.12 67.7911 45.651
      vertex -102.12 68.3909 40.4857
      vertex -102.399 67.6969 45.6401
    endloop
  endfacet
  facet normal 0.981154 0.191935 0.0222914
    outer loop
      vertex -105.223 69.3161 45.8281
      vertex -105.28 70.2035 40.6962
      vertex -105.28 69.6036 45.8615
    endloop
  endfacet
  facet normal 0.997788 0.0660309 0.00766886
    outer loop
      vertex -105.3 69.9018 45.8961
      vertex -105.28 70.2035 40.6962
      vertex -105.3 70.5017 40.7308
    endloop
  endfacet
  facet normal 0.997788 0.0660309 0.00766886
    outer loop
      vertex -105.28 70.2035 40.6962
      vertex -105.3 69.9018 45.8961
      vertex -105.28 69.6036 45.8615
    endloop
  endfacet
  facet normal -0.896939 -0.439194 -0.0510905
    outer loop
      vertex -100.875 71.376 40.8324
      vertex -100.878 70.7812 45.9982
      vertex -101.008 71.644 40.8635
    endloop
  endfacet
  facet normal -0.862956 -0.501906 -0.0582916
    outer loop
      vertex -100.878 70.7812 45.9982
      vertex -100.875 71.376 40.8324
      vertex -100.875 70.7761 45.9977
    endloop
  endfacet
  facet normal -0.831718 -0.55149 -0.0640658
    outer loop
      vertex -101.172 71.288 46.0571
      vertex -101.175 71.8925 40.8924
      vertex -101.008 71.644 40.8635
    endloop
  endfacet
  facet normal -0.839067 -0.540396 -0.062763
    outer loop
      vertex -101.175 71.8925 40.8924
      vertex -101.172 71.288 46.0571
      vertex -101.175 71.2926 46.0576
    endloop
  endfacet
  facet normal -9.82244e-05 -0.115577 0.993298
    outer loop
      vertex -101.374 72.1172 40.9184
      vertex -101.6 72.3142 40.9413
      vertex -102.405 72.7085 40.9871
    endloop
  endfacet
  facet normal -0.00275996 -0.115767 0.993273
    outer loop
      vertex -100.7 70.5017 40.7308
      vertex -100.72 70.7999 40.7655
      vertex -100.778 71.093 40.7995
    endloop
  endfacet
  facet normal 0.000774605 -0.115307 0.99333
    outer loop
      vertex -100.72 70.2035 40.6962
      vertex -100.7 70.5017 40.7308
      vertex -100.778 71.093 40.7995
    endloop
  endfacet
  facet normal -0.946639 0.320148 0.0371491
    outer loop
      vertex -100.78 69.3052 45.8268
      vertex -100.778 69.9104 40.6622
      vertex -100.875 69.6274 40.6293
    endloop
  endfacet
  facet normal -0.936589 0.34809 0.0404273
    outer loop
      vertex -100.778 69.9104 40.6622
      vertex -100.78 69.3052 45.8268
      vertex -100.778 69.3105 45.8275
    endloop
  endfacet
  facet normal -0.946825 0.319601 0.0371186
    outer loop
      vertex -100.78 69.3052 45.8268
      vertex -100.875 69.6274 40.6293
      vertex -100.875 69.0275 45.7946
    endloop
  endfacet
  facet normal 0.00275996 -0.115767 0.993273
    outer loop
      vertex -105.222 71.093 40.7995
      vertex -105.28 70.7999 40.7655
      vertex -105.3 70.5017 40.7308
    endloop
  endfacet
  facet normal 0.997788 -0.0660369 -0.00759565
    outer loop
      vertex -105.3 69.9075 45.8968
      vertex -105.3 70.5017 40.7308
      vertex -105.28 70.7999 40.7655
    endloop
  endfacet
  facet normal 1 0 0
    outer loop
      vertex -105.3 70.5017 40.7308
      vertex -105.3 69.9075 45.8968
      vertex -105.3 69.9018 45.8961
    endloop
  endfacet
  facet normal -9.87133e-06 -0.115385 0.993321
    outer loop
      vertex -104.825 71.8925 40.8924
      vertex -105.125 71.376 40.8324
      vertex -105.28 70.2035 40.6962
    endloop
  endfacet
  facet normal 0.000699166 -0.116788 0.993157
    outer loop
      vertex -103.595 72.7085 40.9871
      vertex -103.88 72.6124 40.976
      vertex -104.4 72.3142 40.9413
    endloop
  endfacet
  facet normal -0.000549798 -0.114462 0.993427
    outer loop
      vertex -103.595 72.7085 40.9871
      vertex -104.626 72.1172 40.9184
      vertex -104.825 71.8925 40.8924
    endloop
  endfacet
  facet normal 0 -0.11528 0.993333
    outer loop
      vertex -103.595 72.7085 40.9871
      vertex -101.175 71.8925 40.8924
      vertex -102.405 72.7085 40.9871
    endloop
  endfacet
  facet normal 0 -0.11528 0.993333
    outer loop
      vertex -101.175 71.8925 40.8924
      vertex -103.595 72.7085 40.9871
      vertex -104.825 71.8925 40.8924
    endloop
  endfacet
  facet normal 0.0653107 0.991202 0.115119
    outer loop
      vertex -103 67.6172 45.6308
      vertex -103.3 68.2366 40.4678
      vertex -103.3 67.6367 45.6331
    endloop
  endfacet
  facet normal 0.0656397 0.991183 0.115097
    outer loop
      vertex -103.3 68.2366 40.4678
      vertex -103 67.6172 45.6308
      vertex -103 68.217 40.4655
    endloop
  endfacet
  facet normal 0.449772 0.887182 0.10302
    outer loop
      vertex -104.145 67.9208 45.6661
      vertex -104.15 68.5231 40.5011
      vertex -104.15 67.9233 45.6664
    endloop
  endfacet
  facet normal 0.442141 0.890958 0.103468
    outer loop
      vertex -104.15 68.5231 40.5011
      vertex -104.145 67.9208 45.6661
      vertex -103.88 68.3909 40.4857
    endloop
  endfacet
  facet normal 0.441996 0.89103 0.103467
    outer loop
      vertex -103.88 67.7911 45.651
      vertex -103.88 68.3909 40.4857
      vertex -104.145 67.9208 45.6661
    endloop
  endfacet
  facet normal 0.555713 0.825823 0.0959133
    outer loop
      vertex -104.15 67.9233 45.6664
      vertex -104.4 68.6892 40.5204
      vertex -104.4 68.0893 45.6856
    endloop
  endfacet
  facet normal 0.555968 0.825656 0.095876
    outer loop
      vertex -104.4 68.6892 40.5204
      vertex -104.15 67.9233 45.6664
      vertex -104.15 68.5231 40.5011
    endloop
  endfacet
  facet normal -0.831718 0.551495 0.0640247
    outer loop
      vertex -101.175 69.1109 40.5693
      vertex -101.172 68.5157 45.7352
      vertex -101.008 69.3594 40.5982
    endloop
  endfacet
  facet normal -0.84487 0.5314 0.061717
    outer loop
      vertex -101.172 68.5157 45.7352
      vertex -101.175 69.1109 40.5693
      vertex -101.175 68.511 45.7346
    endloop
  endfacet
  facet normal -0.751143 0.655733 0.0761444
    outer loop
      vertex -101.179 68.5068 45.7341
      vertex -101.374 68.8862 40.5432
      vertex -101.374 68.2864 45.7085
    endloop
  endfacet
  facet normal -0.195142 0.974227 0.113147
    outer loop
      vertex -102.405 68.2949 40.4746
      vertex -102.7 67.6367 45.6331
      vertex -102.405 67.695 45.6399
    endloop
  endfacet
  facet normal -0.195142 0.974227 0.113147
    outer loop
      vertex -102.7 67.6367 45.6331
      vertex -102.405 68.2949 40.4746
      vertex -102.7 68.2366 40.4678
    endloop
  endfacet
  facet normal 0.000279116 -0.11627 0.993218
    outer loop
      vertex -102.12 68.3909 40.4857
      vertex -101.85 68.5231 40.5011
      vertex -102.7 68.2366 40.4678
    endloop
  endfacet
  facet normal -0.000279116 -0.11627 0.993218
    outer loop
      vertex -103.88 68.3909 40.4857
      vertex -103.3 68.2366 40.4678
      vertex -104.15 68.5231 40.5011
    endloop
  endfacet
  facet normal 0 -0.115366 0.993323
    outer loop
      vertex -101.175 71.8925 40.8924
      vertex -103.3 68.2366 40.4678
      vertex -102.7 68.2366 40.4678
    endloop
  endfacet
  facet normal 0 -0.115366 0.993323
    outer loop
      vertex -103.3 68.2366 40.4678
      vertex -101.175 71.8925 40.8924
      vertex -104.825 71.8925 40.8924
    endloop
  endfacet
  facet normal 0 -0.116547 0.993185
    outer loop
      vertex -103 68.217 40.4655
      vertex -102.7 68.2366 40.4678
      vertex -103.3 68.2366 40.4678
    endloop
  endfacet
  facet normal -0.000664579 -0.11596 0.993254
    outer loop
      vertex -104.825 69.1109 40.5693
      vertex -104.626 68.8862 40.5432
      vertex -104.992 69.3594 40.5982
    endloop
  endfacet
  facet normal 0.831718 0.551495 0.0640247
    outer loop
      vertex -104.828 68.5157 45.7352
      vertex -104.825 69.1109 40.5693
      vertex -104.992 69.3594 40.5982
    endloop
  endfacet
  facet normal 0.84487 0.5314 0.061717
    outer loop
      vertex -104.825 69.1109 40.5693
      vertex -104.828 68.5157 45.7352
      vertex -104.825 68.511 45.7346
    endloop
  endfacet
  facet normal -0.981223 0.19159 0.022231
    outer loop
      vertex -100.778 69.9104 40.6622
      vertex -100.777 69.3161 45.8281
      vertex -100.72 70.2035 40.6962
    endloop
  endfacet
  facet normal -0.984599 0.17366 0.020169
    outer loop
      vertex -100.777 69.3161 45.8281
      vertex -100.778 69.9104 40.6622
      vertex -100.778 69.3105 45.8275
    endloop
  endfacet
  facet normal -0.981154 0.191935 0.0222914
    outer loop
      vertex -100.72 69.6036 45.8615
      vertex -100.72 70.2035 40.6962
      vertex -100.777 69.3161 45.8281
    endloop
  endfacet
  facet normal -0.000699166 -0.116788 0.993157
    outer loop
      vertex -101.6 72.3142 40.9413
      vertex -102.12 72.6124 40.976
      vertex -102.405 72.7085 40.9871
    endloop
  endfacet
  facet normal -0.946639 -0.320148 -0.0371491
    outer loop
      vertex -100.873 70.7708 45.997
      vertex -100.875 71.376 40.8324
      vertex -100.778 71.093 40.7995
    endloop
  endfacet
  facet normal -0.936589 -0.34809 -0.0404273
    outer loop
      vertex -100.875 71.376 40.8324
      vertex -100.873 70.7708 45.997
      vertex -100.875 70.7761 45.9977
    endloop
  endfacet
  facet normal 0.00043576 -0.115329 0.993327
    outer loop
      vertex -100.72 70.2035 40.6962
      vertex -100.778 71.093 40.7995
      vertex -100.875 71.376 40.8324
    endloop
  endfacet
  facet normal -0.997703 -0.0672878 -0.00781353
    outer loop
      vertex -100.72 70.7999 40.7655
      vertex -100.7 69.9075 45.8968
      vertex -100.72 70.2001 45.9308
    endloop
  endfacet
  facet normal -0.997788 -0.0660369 -0.00759565
    outer loop
      vertex -100.7 70.5017 40.7308
      vertex -100.7 69.9075 45.8968
      vertex -100.72 70.7999 40.7655
    endloop
  endfacet
  facet normal -1 0 -0
    outer loop
      vertex -100.7 69.9075 45.8968
      vertex -100.7 70.5017 40.7308
      vertex -100.7 69.9018 45.8961
    endloop
  endfacet
  facet normal 0.750805 -0.656114 -0.0762014
    outer loop
      vertex -104.626 71.5173 46.0837
      vertex -104.825 71.8925 40.8924
      vertex -104.626 72.1172 40.9184
    endloop
  endfacet
  facet normal 0.750821 -0.656095 -0.0762006
    outer loop
      vertex -104.825 71.8925 40.8924
      vertex -104.626 71.5173 46.0837
      vertex -104.825 71.2926 46.0576
    endloop
  endfacet
  facet normal 0.94679 -0.319703 -0.0371243
    outer loop
      vertex -105.222 71.093 40.7995
      vertex -105.127 70.7708 45.997
      vertex -105.222 70.4932 45.9648
    endloop
  endfacet
  facet normal -0.00143001 -0.114571 0.993414
    outer loop
      vertex -104.825 71.8925 40.8924
      vertex -104.992 71.644 40.8635
      vertex -105.125 71.376 40.8324
    endloop
  endfacet
  facet normal 0.981223 -0.19159 -0.022231
    outer loop
      vertex -105.279 70.2056 45.9314
      vertex -105.28 70.7999 40.7655
      vertex -105.222 71.093 40.7995
    endloop
  endfacet
  facet normal 0.984054 -0.176681 -0.0205164
    outer loop
      vertex -105.28 70.7999 40.7655
      vertex -105.279 70.2056 45.9314
      vertex -105.28 70.2001 45.9308
    endloop
  endfacet
  facet normal 0.997703 -0.0672878 -0.00781353
    outer loop
      vertex -105.28 70.7999 40.7655
      vertex -105.28 70.2001 45.9308
      vertex -105.3 69.9075 45.8968
    endloop
  endfacet
  facet normal 0 -0.116175 0.993229
    outer loop
      vertex -102.405 72.7085 40.9871
      vertex -103 72.7863 40.9962
      vertex -103.595 72.7085 40.9871
    endloop
  endfacet
  facet normal 0.194786 -0.974297 -0.113155
    outer loop
      vertex -103.3 72.7668 40.9939
      vertex -103.3 72.1669 46.1592
      vertex -103.59 72.1097 46.1525
    endloop
  endfacet
  facet normal 0.000481301 -0.11345 0.993544
    outer loop
      vertex -103.595 68.2949 40.4746
      vertex -103.3 68.2366 40.4678
      vertex -103.88 68.3909 40.4857
    endloop
  endfacet
  facet normal 0.303387 0.94638 0.111001
    outer loop
      vertex -103.595 67.695 45.6399
      vertex -103.88 68.3909 40.4857
      vertex -103.601 67.6969 45.6401
    endloop
  endfacet
  facet normal 0.321127 0.940713 0.109255
    outer loop
      vertex -103.88 68.3909 40.4857
      vertex -103.595 67.695 45.6399
      vertex -103.595 68.2949 40.4746
    endloop
  endfacet
  facet normal 0.981167 -0.191872 -0.0222804
    outer loop
      vertex -105.222 71.093 40.7995
      vertex -105.222 70.4932 45.9648
      vertex -105.279 70.2056 45.9314
    endloop
  endfacet
  facet normal -0.750821 0.6561 0.0761591
    outer loop
      vertex -101.179 68.5068 45.7341
      vertex -101.175 69.1109 40.5693
      vertex -101.374 68.8862 40.5432
    endloop
  endfacet
  facet normal -0.726555 0.682521 0.0792682
    outer loop
      vertex -101.175 69.1109 40.5693
      vertex -101.179 68.5068 45.7341
      vertex -101.175 68.511 45.7346
    endloop
  endfacet
  facet normal 0.000664579 -0.11596 0.993254
    outer loop
      vertex -101.175 69.1109 40.5693
      vertex -101.008 69.3594 40.5982
      vertex -101.374 68.8862 40.5432
    endloop
  endfacet
  facet normal 3.23784e-05 -0.115379 0.993322
    outer loop
      vertex -100.72 70.2035 40.6962
      vertex -101.175 71.8925 40.8924
      vertex -102.7 68.2366 40.4678
    endloop
  endfacet
  facet normal -0.000481301 -0.11345 0.993544
    outer loop
      vertex -102.405 68.2949 40.4746
      vertex -102.12 68.3909 40.4857
      vertex -102.7 68.2366 40.4678
    endloop
  endfacet
  facet normal -0.449772 0.887182 0.10302
    outer loop
      vertex -101.85 68.5231 40.5011
      vertex -101.855 67.9208 45.6661
      vertex -101.85 67.9233 45.6664
    endloop
  endfacet
  facet normal -0.442141 0.890958 0.103468
    outer loop
      vertex -101.855 67.9208 45.6661
      vertex -101.85 68.5231 40.5011
      vertex -102.12 68.3909 40.4857
    endloop
  endfacet
  facet normal -0.441996 0.89103 0.103467
    outer loop
      vertex -101.855 67.9208 45.6661
      vertex -102.12 68.3909 40.4857
      vertex -102.12 67.7911 45.651
    endloop
  endfacet
  facet normal 0.000683623 -0.115095 0.993354
    outer loop
      vertex -105.222 69.9104 40.6622
      vertex -104.992 69.3594 40.5982
      vertex -105.28 70.2035 40.6962
    endloop
  endfacet
  facet normal 0.831463 0.551871 0.0640945
    outer loop
      vertex -104.828 68.5157 45.7352
      vertex -104.992 69.3594 40.5982
      vertex -104.992 68.7595 45.7635
    endloop
  endfacet
  facet normal 0.896939 0.439203 0.0510092
    outer loop
      vertex -105.125 69.0275 45.7946
      vertex -104.992 69.3594 40.5982
      vertex -105.125 69.6274 40.6293
    endloop
  endfacet
  facet normal 0.896939 0.439203 0.0510092
    outer loop
      vertex -104.992 69.3594 40.5982
      vertex -105.125 69.0275 45.7946
      vertex -104.992 68.7595 45.7635
    endloop
  endfacet
  facet normal 0.946825 0.319601 0.0371186
    outer loop
      vertex -105.125 69.0275 45.7946
      vertex -105.125 69.6274 40.6293
      vertex -105.22 69.3052 45.8268
    endloop
  endfacet
  facet normal 0.00135642 -0.115935 0.993256
    outer loop
      vertex -100.875 69.6274 40.6293
      vertex -100.778 69.9104 40.6622
      vertex -101.008 69.3594 40.5982
    endloop
  endfacet
  facet normal -0.000683623 -0.115095 0.993354
    outer loop
      vertex -100.778 69.9104 40.6622
      vertex -100.72 70.2035 40.6962
      vertex -101.008 69.3594 40.5982
    endloop
  endfacet
  facet normal -0.556248 -0.82547 -0.0958544
    outer loop
      vertex -101.85 72.4802 40.9606
      vertex -101.605 71.7175 46.107
      vertex -101.85 71.8804 46.1259
    endloop
  endfacet
  facet normal -0.441996 -0.89103 -0.103467
    outer loop
      vertex -101.85 72.4802 40.9606
      vertex -101.85 71.8804 46.1259
      vertex -102.115 72.0101 46.141
    endloop
  endfacet
  facet normal 0.831463 -0.551872 -0.0640839
    outer loop
      vertex -104.992 71.644 40.8635
      vertex -104.828 71.288 46.0571
      vertex -104.992 71.0442 46.0288
    endloop
  endfacet
  facet normal 0.839067 -0.540396 -0.062763
    outer loop
      vertex -104.828 71.288 46.0571
      vertex -104.825 71.8925 40.8924
      vertex -104.825 71.2926 46.0576
    endloop
  endfacet
  facet normal 0.831718 -0.55149 -0.0640658
    outer loop
      vertex -104.825 71.8925 40.8924
      vertex -104.828 71.288 46.0571
      vertex -104.992 71.644 40.8635
    endloop
  endfacet
  facet normal 0.000126098 -0.115223 0.99334
    outer loop
      vertex -102.405 72.7085 40.9871
      vertex -102.7 72.7668 40.9939
      vertex -103 72.7863 40.9962
    endloop
  endfacet
  facet normal -0.321161 -0.940701 -0.109253
    outer loop
      vertex -102.405 72.7085 40.9871
      vertex -102.12 72.0126 46.1412
      vertex -102.405 72.1086 46.1524
    endloop
  endfacet
  facet normal -0.321423 -0.940615 -0.109227
    outer loop
      vertex -102.12 72.0126 46.1412
      vertex -102.405 72.7085 40.9871
      vertex -102.12 72.6124 40.976
    endloop
  endfacet
  facet normal -0.530063 -0.842093 -0.0995645
    outer loop
      vertex -101.85 72.4802 40.9606
      vertex -101.6 71.7144 46.1066
      vertex -101.605 71.7175 46.107
    endloop
  endfacet
  facet normal -0.555739 -0.825808 -0.0958936
    outer loop
      vertex -101.6 71.7144 46.1066
      vertex -101.85 72.4802 40.9606
      vertex -101.6 72.3142 40.9413
    endloop
  endfacet
  facet normal 0.000549798 -0.114462 0.993427
    outer loop
      vertex -101.175 71.8925 40.8924
      vertex -101.374 72.1172 40.9184
      vertex -102.405 72.7085 40.9871
    endloop
  endfacet
  facet normal 0.321807 0.940486 0.10921
    outer loop
      vertex -103.601 67.6969 45.6401
      vertex -103.88 68.3909 40.4857
      vertex -103.88 67.7911 45.651
    endloop
  endfacet
  facet normal 0.896939 -0.439194 -0.0510905
    outer loop
      vertex -105.122 70.7812 45.9982
      vertex -105.125 71.376 40.8324
      vertex -104.992 71.644 40.8635
    endloop
  endfacet
  facet normal 0.862956 -0.501906 -0.0582916
    outer loop
      vertex -105.125 71.376 40.8324
      vertex -105.122 70.7812 45.9982
      vertex -105.125 70.7761 45.9977
    endloop
  endfacet
  facet normal 0.936589 -0.34809 -0.0404273
    outer loop
      vertex -105.127 70.7708 45.997
      vertex -105.125 71.376 40.8324
      vertex -105.125 70.7761 45.9977
    endloop
  endfacet
  facet normal 0.946639 -0.320148 -0.0371491
    outer loop
      vertex -105.125 71.376 40.8324
      vertex -105.127 70.7708 45.997
      vertex -105.222 71.093 40.7995
    endloop
  endfacet
  facet normal -0.00135642 -0.115935 0.993256
    outer loop
      vertex -105.125 69.6274 40.6293
      vertex -104.992 69.3594 40.5982
      vertex -105.222 69.9104 40.6622
    endloop
  endfacet
  facet normal 0.936589 0.34809 0.0404273
    outer loop
      vertex -105.22 69.3052 45.8268
      vertex -105.222 69.9104 40.6622
      vertex -105.222 69.3105 45.8275
    endloop
  endfacet
  facet normal 0.946639 0.320148 0.0371491
    outer loop
      vertex -105.222 69.9104 40.6622
      vertex -105.22 69.3052 45.8268
      vertex -105.125 69.6274 40.6293
    endloop
  endfacet
  facet normal -0.659776 -0.746446 -0.0866781
    outer loop
      vertex -101.6 72.3142 40.9413
      vertex -101.374 71.5173 46.0837
      vertex -101.6 71.7144 46.1066
    endloop
  endfacet
  facet normal -0.65959 -0.746607 -0.0867113
    outer loop
      vertex -101.374 71.5173 46.0837
      vertex -101.6 72.3142 40.9413
      vertex -101.374 72.1172 40.9184
    endloop
  endfacet
  facet normal 9.82244e-05 -0.115577 0.993298
    outer loop
      vertex -103.595 72.7085 40.9871
      vertex -104.4 72.3142 40.9413
      vertex -104.626 72.1172 40.9184
    endloop
  endfacet
  facet normal 0.659776 -0.746446 -0.0866781
    outer loop
      vertex -104.626 71.5173 46.0837
      vertex -104.4 72.3142 40.9413
      vertex -104.4 71.7144 46.1066
    endloop
  endfacet
  facet normal 0.65959 -0.746607 -0.0867113
    outer loop
      vertex -104.4 72.3142 40.9413
      vertex -104.626 71.5173 46.0837
      vertex -104.626 72.1172 40.9184
    endloop
  endfacet
  facet normal 0.321161 -0.940701 -0.109253
    outer loop
      vertex -103.88 72.0126 46.1412
      vertex -103.595 72.7085 40.9871
      vertex -103.595 72.1086 46.1524
    endloop
  endfacet
  facet normal 0.321423 -0.940615 -0.109227
    outer loop
      vertex -103.595 72.7085 40.9871
      vertex -103.88 72.0126 46.1412
      vertex -103.88 72.6124 40.976
    endloop
  endfacet
  facet normal 0.0656015 -0.991185 -0.1151
    outer loop
      vertex -103.3 72.1669 46.1592
      vertex -103 72.7863 40.9962
      vertex -103 72.1865 46.1614
    endloop
  endfacet
  facet normal 0.0653107 -0.991202 -0.115119
    outer loop
      vertex -103 72.7863 40.9962
      vertex -103.3 72.1669 46.1592
      vertex -103.3 72.7668 40.9939
    endloop
  endfacet
  facet normal 0.215643 -0.969953 -0.112651
    outer loop
      vertex -103.595 72.7085 40.9871
      vertex -103.59 72.1097 46.1525
      vertex -103.595 72.1086 46.1524
    endloop
  endfacet
  facet normal 0.195142 -0.974229 -0.113127
    outer loop
      vertex -103.59 72.1097 46.1525
      vertex -103.595 72.7085 40.9871
      vertex -103.3 72.7668 40.9939
    endloop
  endfacet
  facet normal 0.448126 -0.888003 -0.103118
    outer loop
      vertex -103.885 72.0101 46.141
      vertex -103.88 72.6124 40.976
      vertex -103.88 72.0126 46.1412
    endloop
  endfacet
  facet normal 0.442141 -0.890958 -0.103468
    outer loop
      vertex -103.88 72.6124 40.976
      vertex -103.885 72.0101 46.141
      vertex -104.15 72.4802 40.9606
    endloop
  endfacet
  facet normal -0.000416933 -0.114868 0.993381
    outer loop
      vertex -103.88 72.6124 40.976
      vertex -104.15 72.4802 40.9606
      vertex -104.4 72.3142 40.9413
    endloop
  endfacet
  facet normal 0.556248 -0.82547 -0.0958544
    outer loop
      vertex -104.15 72.4802 40.9606
      vertex -104.15 71.8804 46.1259
      vertex -104.395 71.7175 46.107
    endloop
  endfacet
  facet normal -0.981223 -0.19159 -0.022231
    outer loop
      vertex 105.28 70.7999 40.7655
      vertex 105.279 70.2056 45.9314
      vertex 105.222 71.093 40.7995
    endloop
  endfacet
  facet normal -0.984054 -0.176681 -0.0205164
    outer loop
      vertex 105.279 70.2056 45.9314
      vertex 105.28 70.7999 40.7655
      vertex 105.28 70.2001 45.9308
    endloop
  endfacet
  facet normal -0.997788 0.0660309 0.00766886
    outer loop
      vertex 105.28 70.2035 40.6962
      vertex 105.3 69.9018 45.8961
      vertex 105.3 70.5017 40.7308
    endloop
  endfacet
  facet normal -0.997788 0.0660309 0.00766886
    outer loop
      vertex 105.3 69.9018 45.8961
      vertex 105.28 70.2035 40.6962
      vertex 105.28 69.6036 45.8615
    endloop
  endfacet
  facet normal -0.659354 0.746815 0.0867209
    outer loop
      vertex 104.626 68.2864 45.7085
      vertex 104.626 68.8862 40.5432
      vertex 104.404 68.093 45.6861
    endloop
  endfacet
  facet normal 0.897641 -0.437786 -0.0508362
    outer loop
      vertex 101.008 71.644 40.8635
      vertex 101.008 71.0442 46.0288
      vertex 100.878 70.7812 45.9982
    endloop
  endfacet
  facet normal -0.448126 -0.888003 -0.103118
    outer loop
      vertex 103.88 72.6124 40.976
      vertex 103.885 72.0101 46.141
      vertex 103.88 72.0126 46.1412
    endloop
  endfacet
  facet normal -0.442141 -0.890958 -0.103468
    outer loop
      vertex 103.885 72.0101 46.141
      vertex 103.88 72.6124 40.976
      vertex 104.15 72.4802 40.9606
    endloop
  endfacet
  facet normal -3.23784e-05 -0.115379 0.993322
    outer loop
      vertex 102.7 68.2366 40.4678
      vertex 101.175 71.8925 40.8924
      vertex 100.72 70.2035 40.6962
    endloop
  endfacet
  facet normal 0.94679 -0.319703 -0.0371243
    outer loop
      vertex 100.778 71.093 40.7995
      vertex 100.873 70.7708 45.997
      vertex 100.778 70.4932 45.9648
    endloop
  endfacet
  facet normal -0.000524659 -0.115853 0.993266
    outer loop
      vertex 101.374 68.8862 40.5432
      vertex 101.85 68.5231 40.5011
      vertex 101.008 69.3594 40.5982
    endloop
  endfacet
  facet normal -0.000416933 -0.114868 0.993381
    outer loop
      vertex 102.12 72.6124 40.976
      vertex 101.85 72.4802 40.9606
      vertex 101.6 72.3142 40.9413
    endloop
  endfacet
  facet normal -0.831463 -0.551872 -0.0640839
    outer loop
      vertex 104.992 71.644 40.8635
      vertex 104.992 71.0442 46.0288
      vertex 104.828 71.288 46.0571
    endloop
  endfacet
  facet normal 0 -0.116547 0.993185
    outer loop
      vertex 103 68.217 40.4655
      vertex 103.3 68.2366 40.4678
      vertex 102.7 68.2366 40.4678
    endloop
  endfacet
  facet normal -0.750805 -0.656114 -0.0762014
    outer loop
      vertex 104.825 71.8925 40.8924
      vertex 104.626 71.5173 46.0837
      vertex 104.626 72.1172 40.9184
    endloop
  endfacet
  facet normal -0.750821 -0.656095 -0.0762006
    outer loop
      vertex 104.626 71.5173 46.0837
      vertex 104.825 71.8925 40.8924
      vertex 104.825 71.2926 46.0576
    endloop
  endfacet
  facet normal 0.000416933 -0.114868 0.993381
    outer loop
      vertex 104.4 72.3142 40.9413
      vertex 104.15 72.4802 40.9606
      vertex 103.88 72.6124 40.976
    endloop
  endfacet
  facet normal -0.94679 -0.319703 -0.0371243
    outer loop
      vertex 105.222 71.093 40.7995
      vertex 105.222 70.4932 45.9648
      vertex 105.127 70.7708 45.997
    endloop
  endfacet
  facet normal -9.95701e-06 -0.115322 0.993328
    outer loop
      vertex 104.992 69.3594 40.5982
      vertex 105.28 70.2035 40.6962
      vertex 104.15 68.5231 40.5011
    endloop
  endfacet
  facet normal -0.000481301 -0.11345 0.993544
    outer loop
      vertex 103.595 68.2949 40.4746
      vertex 103.88 68.3909 40.4857
      vertex 103.3 68.2366 40.4678
    endloop
  endfacet
  facet normal 0.000524659 -0.115853 0.993266
    outer loop
      vertex 104.626 68.8862 40.5432
      vertex 104.992 69.3594 40.5982
      vertex 104.15 68.5231 40.5011
    endloop
  endfacet
  facet normal -0.682266 0.726424 0.082587
    outer loop
      vertex 104.626 68.8862 40.5432
      vertex 104.4 68.0893 45.6856
      vertex 104.404 68.093 45.6861
    endloop
  endfacet
  facet normal -0.659568 0.746626 0.0867151
    outer loop
      vertex 104.4 68.0893 45.6856
      vertex 104.626 68.8862 40.5432
      vertex 104.4 68.6892 40.5204
    endloop
  endfacet
  facet normal -0.981167 -0.191872 -0.0222804
    outer loop
      vertex 105.222 71.093 40.7995
      vertex 105.279 70.2056 45.9314
      vertex 105.222 70.4932 45.9648
    endloop
  endfacet
  facet normal 9.87133e-06 -0.115385 0.993321
    outer loop
      vertex 105.28 70.2035 40.6962
      vertex 105.125 71.376 40.8324
      vertex 104.825 71.8925 40.8924
    endloop
  endfacet
  facet normal 0 -0.116175 0.993229
    outer loop
      vertex 103.595 72.7085 40.9871
      vertex 103 72.7863 40.9962
      vertex 102.405 72.7085 40.9871
    endloop
  endfacet
  facet normal -0.0656015 -0.991185 -0.1151
    outer loop
      vertex 103 72.7863 40.9962
      vertex 103.3 72.1669 46.1592
      vertex 103 72.1865 46.1614
    endloop
  endfacet
  facet normal -0.0653107 -0.991202 -0.115119
    outer loop
      vertex 103.3 72.1669 46.1592
      vertex 103 72.7863 40.9962
      vertex 103.3 72.7668 40.9939
    endloop
  endfacet
  facet normal 0.000699166 -0.116788 0.993157
    outer loop
      vertex 102.405 72.7085 40.9871
      vertex 102.12 72.6124 40.976
      vertex 101.6 72.3142 40.9413
    endloop
  endfacet
  facet normal 0.831718 0.551495 0.0640247
    outer loop
      vertex 101.172 68.5157 45.7352
      vertex 101.175 69.1109 40.5693
      vertex 101.008 69.3594 40.5982
    endloop
  endfacet
  facet normal 0.84487 0.5314 0.061717
    outer loop
      vertex 101.175 69.1109 40.5693
      vertex 101.172 68.5157 45.7352
      vertex 101.175 68.511 45.7346
    endloop
  endfacet
  facet normal -0.000774605 -0.115307 0.99333
    outer loop
      vertex 100.72 70.2035 40.6962
      vertex 100.778 71.093 40.7995
      vertex 100.7 70.5017 40.7308
    endloop
  endfacet
  facet normal 0.195142 0.974227 0.113147
    outer loop
      vertex 102.7 67.6367 45.6331
      vertex 102.405 68.2949 40.4746
      vertex 102.405 67.695 45.6399
    endloop
  endfacet
  facet normal 0.195142 0.974227 0.113147
    outer loop
      vertex 102.405 68.2949 40.4746
      vertex 102.7 67.6367 45.6331
      vertex 102.7 68.2366 40.4678
    endloop
  endfacet
  facet normal 0.0653107 0.991202 0.115119
    outer loop
      vertex 103 67.6172 45.6308
      vertex 102.7 68.2366 40.4678
      vertex 102.7 67.6367 45.6331
    endloop
  endfacet
  facet normal 0.0656397 0.991183 0.115097
    outer loop
      vertex 102.7 68.2366 40.4678
      vertex 103 67.6172 45.6308
      vertex 103 68.217 40.4655
    endloop
  endfacet
  facet normal 0.000279116 -0.11627 0.993218
    outer loop
      vertex 103.88 68.3909 40.4857
      vertex 104.15 68.5231 40.5011
      vertex 103.3 68.2366 40.4678
    endloop
  endfacet
  facet normal 0 -0.115366 0.993323
    outer loop
      vertex 104.825 71.8925 40.8924
      vertex 102.7 68.2366 40.4678
      vertex 103.3 68.2366 40.4678
    endloop
  endfacet
  facet normal 0 -0.115366 0.993323
    outer loop
      vertex 102.7 68.2366 40.4678
      vertex 104.825 71.8925 40.8924
      vertex 101.175 71.8925 40.8924
    endloop
  endfacet
  facet normal 0.00143001 -0.114571 0.993414
    outer loop
      vertex 105.125 71.376 40.8324
      vertex 104.992 71.644 40.8635
      vertex 104.825 71.8925 40.8924
    endloop
  endfacet
  facet normal -0.194786 -0.974297 -0.113155
    outer loop
      vertex 103.3 72.7668 40.9939
      vertex 103.59 72.1097 46.1525
      vertex 103.3 72.1669 46.1592
    endloop
  endfacet
  facet normal -0.896939 0.439203 0.0510092
    outer loop
      vertex 104.992 69.3594 40.5982
      vertex 105.125 69.0275 45.7946
      vertex 105.125 69.6274 40.6293
    endloop
  endfacet
  facet normal -0.896939 0.439203 0.0510092
    outer loop
      vertex 105.125 69.0275 45.7946
      vertex 104.992 69.3594 40.5982
      vertex 104.992 68.7595 45.7635
    endloop
  endfacet
  facet normal 0.000481301 -0.11345 0.993544
    outer loop
      vertex 102.405 68.2949 40.4746
      vertex 102.7 68.2366 40.4678
      vertex 102.12 68.3909 40.4857
    endloop
  endfacet
  facet normal -0.00043576 -0.115329 0.993327
    outer loop
      vertex 100.875 71.376 40.8324
      vertex 100.778 71.093 40.7995
      vertex 100.72 70.2035 40.6962
    endloop
  endfacet
  facet normal 0.896939 0.439203 0.0510092
    outer loop
      vertex 100.875 69.0275 45.7946
      vertex 101.008 69.3594 40.5982
      vertex 100.875 69.6274 40.6293
    endloop
  endfacet
  facet normal 0.896939 0.439203 0.0510092
    outer loop
      vertex 101.008 69.3594 40.5982
      vertex 100.875 69.0275 45.7946
      vertex 101.008 68.7595 45.7635
    endloop
  endfacet
  facet normal -0.897641 -0.437786 -0.0508362
    outer loop
      vertex 104.992 71.644 40.8635
      vertex 105.122 70.7812 45.9982
      vertex 104.992 71.0442 46.0288
    endloop
  endfacet
  facet normal 0.997788 0.0660309 0.00766886
    outer loop
      vertex 100.7 69.9018 45.8961
      vertex 100.72 70.2035 40.6962
      vertex 100.7 70.5017 40.7308
    endloop
  endfacet
  facet normal 0.997788 0.0660309 0.00766886
    outer loop
      vertex 100.72 70.2035 40.6962
      vertex 100.7 69.9018 45.8961
      vertex 100.72 69.6036 45.8615
    endloop
  endfacet
  facet normal -0.00135642 -0.115935 0.993256
    outer loop
      vertex 100.875 69.6274 40.6293
      vertex 101.008 69.3594 40.5982
      vertex 100.778 69.9104 40.6622
    endloop
  endfacet
  facet normal 0.555713 0.825823 0.0959133
    outer loop
      vertex 101.85 67.9233 45.6664
      vertex 101.6 68.6892 40.5204
      vertex 101.6 68.0893 45.6856
    endloop
  endfacet
  facet normal 0.555968 0.825656 0.095876
    outer loop
      vertex 101.6 68.6892 40.5204
      vertex 101.85 67.9233 45.6664
      vertex 101.85 68.5231 40.5011
    endloop
  endfacet
  facet normal 0.441996 0.89103 0.103467
    outer loop
      vertex 102.12 67.7911 45.651
      vertex 102.12 68.3909 40.4857
      vertex 101.855 67.9208 45.6661
    endloop
  endfacet
  facet normal 0.303387 0.94638 0.111001
    outer loop
      vertex 102.405 67.695 45.6399
      vertex 102.12 68.3909 40.4857
      vertex 102.399 67.6969 45.6401
    endloop
  endfacet
  facet normal 0.321127 0.940713 0.109255
    outer loop
      vertex 102.12 68.3909 40.4857
      vertex 102.405 67.695 45.6399
      vertex 102.405 68.2949 40.4746
    endloop
  endfacet
  facet normal -0.831463 0.551871 0.0640945
    outer loop
      vertex 104.992 68.7595 45.7635
      vertex 104.992 69.3594 40.5982
      vertex 104.828 68.5157 45.7352
    endloop
  endfacet
  facet normal -0.0653107 0.991202 0.115119
    outer loop
      vertex 103.3 68.2366 40.4678
      vertex 103 67.6172 45.6308
      vertex 103.3 67.6367 45.6331
    endloop
  endfacet
  facet normal -0.0656397 0.991183 0.115097
    outer loop
      vertex 103 67.6172 45.6308
      vertex 103.3 68.2366 40.4678
      vertex 103 68.217 40.4655
    endloop
  endfacet
  facet normal -0.303387 0.94638 0.111001
    outer loop
      vertex 103.88 68.3909 40.4857
      vertex 103.595 67.695 45.6399
      vertex 103.601 67.6969 45.6401
    endloop
  endfacet
  facet normal -0.321127 0.940713 0.109255
    outer loop
      vertex 103.595 67.695 45.6399
      vertex 103.88 68.3909 40.4857
      vertex 103.595 68.2949 40.4746
    endloop
  endfacet
  facet normal -0.555713 0.825823 0.0959133
    outer loop
      vertex 104.4 68.6892 40.5204
      vertex 104.15 67.9233 45.6664
      vertex 104.4 68.0893 45.6856
    endloop
  endfacet
  facet normal -0.555968 0.825656 0.095876
    outer loop
      vertex 104.15 67.9233 45.6664
      vertex 104.4 68.6892 40.5204
      vertex 104.15 68.5231 40.5011
    endloop
  endfacet
  facet normal -0.896939 -0.439194 -0.0510905
    outer loop
      vertex 105.125 71.376 40.8324
      vertex 105.122 70.7812 45.9982
      vertex 104.992 71.644 40.8635
    endloop
  endfacet
  facet normal -0.862956 -0.501906 -0.0582916
    outer loop
      vertex 105.122 70.7812 45.9982
      vertex 105.125 71.376 40.8324
      vertex 105.125 70.7761 45.9977
    endloop
  endfacet
  facet normal -0.831718 -0.55149 -0.0640658
    outer loop
      vertex 104.828 71.288 46.0571
      vertex 104.825 71.8925 40.8924
      vertex 104.992 71.644 40.8635
    endloop
  endfacet
  facet normal -0.839067 -0.540396 -0.062763
    outer loop
      vertex 104.825 71.8925 40.8924
      vertex 104.828 71.288 46.0571
      vertex 104.825 71.2926 46.0576
    endloop
  endfacet
  facet normal -9.82244e-05 -0.115577 0.993298
    outer loop
      vertex 104.626 72.1172 40.9184
      vertex 104.4 72.3142 40.9413
      vertex 103.595 72.7085 40.9871
    endloop
  endfacet
  facet normal -0.00275996 -0.115767 0.993273
    outer loop
      vertex 105.3 70.5017 40.7308
      vertex 105.28 70.7999 40.7655
      vertex 105.222 71.093 40.7995
    endloop
  endfacet
  facet normal 0.000774605 -0.115307 0.99333
    outer loop
      vertex 105.28 70.2035 40.6962
      vertex 105.3 70.5017 40.7308
      vertex 105.222 71.093 40.7995
    endloop
  endfacet
  facet normal -0.946639 0.320148 0.0371491
    outer loop
      vertex 105.22 69.3052 45.8268
      vertex 105.222 69.9104 40.6622
      vertex 105.125 69.6274 40.6293
    endloop
  endfacet
  facet normal -0.936589 0.34809 0.0404273
    outer loop
      vertex 105.222 69.9104 40.6622
      vertex 105.22 69.3052 45.8268
      vertex 105.222 69.3105 45.8275
    endloop
  endfacet
  facet normal -0.946825 0.319601 0.0371186
    outer loop
      vertex 105.22 69.3052 45.8268
      vertex 105.125 69.6274 40.6293
      vertex 105.125 69.0275 45.7946
    endloop
  endfacet
  facet normal 0.00275996 -0.115767 0.993273
    outer loop
      vertex 100.778 71.093 40.7995
      vertex 100.72 70.7999 40.7655
      vertex 100.7 70.5017 40.7308
    endloop
  endfacet
  facet normal 0.997788 -0.0660369 -0.00759565
    outer loop
      vertex 100.7 69.9075 45.8968
      vertex 100.7 70.5017 40.7308
      vertex 100.72 70.7999 40.7655
    endloop
  endfacet
  facet normal 1 0 0
    outer loop
      vertex 100.7 70.5017 40.7308
      vertex 100.7 69.9075 45.8968
      vertex 100.7 69.9018 45.8961
    endloop
  endfacet
  facet normal -9.87133e-06 -0.115385 0.993321
    outer loop
      vertex 101.175 71.8925 40.8924
      vertex 100.875 71.376 40.8324
      vertex 100.72 70.2035 40.6962
    endloop
  endfacet
  facet normal 0.530063 -0.842093 -0.0995645
    outer loop
      vertex 101.6 71.7144 46.1066
      vertex 101.85 72.4802 40.9606
      vertex 101.605 71.7175 46.107
    endloop
  endfacet
  facet normal 0.555739 -0.825808 -0.0958936
    outer loop
      vertex 101.85 72.4802 40.9606
      vertex 101.6 71.7144 46.1066
      vertex 101.6 72.3142 40.9413
    endloop
  endfacet
  facet normal 0.194786 -0.974297 -0.113155
    outer loop
      vertex 102.7 72.7668 40.9939
      vertex 102.7 72.1669 46.1592
      vertex 102.41 72.1097 46.1525
    endloop
  endfacet
  facet normal -0.195142 -0.974229 -0.113127
    outer loop
      vertex 103.595 72.7085 40.9871
      vertex 103.59 72.1097 46.1525
      vertex 103.3 72.7668 40.9939
    endloop
  endfacet
  facet normal -0.215643 -0.969953 -0.112651
    outer loop
      vertex 103.59 72.1097 46.1525
      vertex 103.595 72.7085 40.9871
      vertex 103.595 72.1086 46.1524
    endloop
  endfacet
  facet normal 0.831463 0.551871 0.0640945
    outer loop
      vertex 101.172 68.5157 45.7352
      vertex 101.008 69.3594 40.5982
      vertex 101.008 68.7595 45.7635
    endloop
  endfacet
  facet normal 5.50085e-05 -0.115292 0.993332
    outer loop
      vertex 101.85 68.5231 40.5011
      vertex 102.7 68.2366 40.4678
      vertex 100.72 70.2035 40.6962
    endloop
  endfacet
  facet normal 9.95701e-06 -0.115322 0.993328
    outer loop
      vertex 101.008 69.3594 40.5982
      vertex 101.85 68.5231 40.5011
      vertex 100.72 70.2035 40.6962
    endloop
  endfacet
  facet normal 0.659354 0.746815 0.0867209
    outer loop
      vertex 101.596 68.093 45.6861
      vertex 101.374 68.8862 40.5432
      vertex 101.374 68.2864 45.7085
    endloop
  endfacet
  facet normal 0.981154 0.191935 0.0222914
    outer loop
      vertex 100.777 69.3161 45.8281
      vertex 100.72 70.2035 40.6962
      vertex 100.72 69.6036 45.8615
    endloop
  endfacet
  facet normal 0.000683623 -0.115095 0.993354
    outer loop
      vertex 100.778 69.9104 40.6622
      vertex 101.008 69.3594 40.5982
      vertex 100.72 70.2035 40.6962
    endloop
  endfacet
  facet normal -0.831718 0.551495 0.0640247
    outer loop
      vertex 104.825 69.1109 40.5693
      vertex 104.828 68.5157 45.7352
      vertex 104.992 69.3594 40.5982
    endloop
  endfacet
  facet normal -0.84487 0.5314 0.061717
    outer loop
      vertex 104.828 68.5157 45.7352
      vertex 104.825 69.1109 40.5693
      vertex 104.825 68.511 45.7346
    endloop
  endfacet
  facet normal -0.751143 0.655733 0.0761444
    outer loop
      vertex 104.821 68.5068 45.7341
      vertex 104.626 68.8862 40.5432
      vertex 104.626 68.2864 45.7085
    endloop
  endfacet
  facet normal -0.00127422 -0.113526 0.993534
    outer loop
      vertex 104.4 68.6892 40.5204
      vertex 104.626 68.8862 40.5432
      vertex 104.15 68.5231 40.5011
    endloop
  endfacet
  facet normal -5.50085e-05 -0.115292 0.993332
    outer loop
      vertex 104.15 68.5231 40.5011
      vertex 105.28 70.2035 40.6962
      vertex 103.3 68.2366 40.4678
    endloop
  endfacet
  facet normal -0.321807 0.940486 0.10921
    outer loop
      vertex 103.88 67.7911 45.651
      vertex 103.88 68.3909 40.4857
      vertex 103.601 67.6969 45.6401
    endloop
  endfacet
  facet normal -0.981223 0.19159 0.022231
    outer loop
      vertex 105.222 69.9104 40.6622
      vertex 105.223 69.3161 45.8281
      vertex 105.28 70.2035 40.6962
    endloop
  endfacet
  facet normal -0.984599 0.17366 0.020169
    outer loop
      vertex 105.223 69.3161 45.8281
      vertex 105.222 69.9104 40.6622
      vertex 105.222 69.3105 45.8275
    endloop
  endfacet
  facet normal -0.981154 0.191935 0.0222914
    outer loop
      vertex 105.28 69.6036 45.8615
      vertex 105.28 70.2035 40.6962
      vertex 105.223 69.3161 45.8281
    endloop
  endfacet
  facet normal -0.000699166 -0.116788 0.993157
    outer loop
      vertex 104.4 72.3142 40.9413
      vertex 103.88 72.6124 40.976
      vertex 103.595 72.7085 40.9871
    endloop
  endfacet
  facet normal -0.946639 -0.320148 -0.0371491
    outer loop
      vertex 105.127 70.7708 45.997
      vertex 105.125 71.376 40.8324
      vertex 105.222 71.093 40.7995
    endloop
  endfacet
  facet normal -0.936589 -0.34809 -0.0404273
    outer loop
      vertex 105.125 71.376 40.8324
      vertex 105.127 70.7708 45.997
      vertex 105.125 70.7761 45.9977
    endloop
  endfacet
  facet normal 0.00043576 -0.115329 0.993327
    outer loop
      vertex 105.28 70.2035 40.6962
      vertex 105.222 71.093 40.7995
      vertex 105.125 71.376 40.8324
    endloop
  endfacet
  facet normal -0.997703 -0.0672878 -0.00781353
    outer loop
      vertex 105.28 70.7999 40.7655
      vertex 105.3 69.9075 45.8968
      vertex 105.28 70.2001 45.9308
    endloop
  endfacet
  facet normal -0.997788 -0.0660369 -0.00759565
    outer loop
      vertex 105.3 70.5017 40.7308
      vertex 105.3 69.9075 45.8968
      vertex 105.28 70.7999 40.7655
    endloop
  endfacet
  facet normal -1 0 -0
    outer loop
      vertex 105.3 69.9075 45.8968
      vertex 105.3 70.5017 40.7308
      vertex 105.3 69.9018 45.8961
    endloop
  endfacet
  facet normal 0.981167 -0.191872 -0.0222804
    outer loop
      vertex 100.778 71.093 40.7995
      vertex 100.778 70.4932 45.9648
      vertex 100.721 70.2056 45.9314
    endloop
  endfacet
  facet normal 0.556248 -0.82547 -0.0958544
    outer loop
      vertex 101.85 72.4802 40.9606
      vertex 101.85 71.8804 46.1259
      vertex 101.605 71.7175 46.107
    endloop
  endfacet
  facet normal -0.00143001 -0.114571 0.993414
    outer loop
      vertex 101.175 71.8925 40.8924
      vertex 101.008 71.644 40.8635
      vertex 100.875 71.376 40.8324
    endloop
  endfacet
  facet normal 0.750805 -0.656114 -0.0762014
    outer loop
      vertex 101.374 71.5173 46.0837
      vertex 101.175 71.8925 40.8924
      vertex 101.374 72.1172 40.9184
    endloop
  endfacet
  facet normal 0.750821 -0.656095 -0.0762006
    outer loop
      vertex 101.175 71.8925 40.8924
      vertex 101.374 71.5173 46.0837
      vertex 101.175 71.2926 46.0576
    endloop
  endfacet
  facet normal 0.448126 -0.888003 -0.103118
    outer loop
      vertex 102.115 72.0101 46.141
      vertex 102.12 72.6124 40.976
      vertex 102.12 72.0126 46.1412
    endloop
  endfacet
  facet normal 0.442141 -0.890958 -0.103468
    outer loop
      vertex 102.12 72.6124 40.976
      vertex 102.115 72.0101 46.141
      vertex 101.85 72.4802 40.9606
    endloop
  endfacet
  facet normal 0 -0.11528 0.993333
    outer loop
      vertex 102.405 72.7085 40.9871
      vertex 104.825 71.8925 40.8924
      vertex 103.595 72.7085 40.9871
    endloop
  endfacet
  facet normal 0 -0.11528 0.993333
    outer loop
      vertex 104.825 71.8925 40.8924
      vertex 102.405 72.7085 40.9871
      vertex 101.175 71.8925 40.8924
    endloop
  endfacet
  facet normal 0.0656015 -0.991185 -0.1151
    outer loop
      vertex 102.7 72.1669 46.1592
      vertex 103 72.7863 40.9962
      vertex 103 72.1865 46.1614
    endloop
  endfacet
  facet normal 0.0653107 -0.991202 -0.115119
    outer loop
      vertex 103 72.7863 40.9962
      vertex 102.7 72.1669 46.1592
      vertex 102.7 72.7668 40.9939
    endloop
  endfacet
  facet normal 0.215643 -0.969953 -0.112651
    outer loop
      vertex 102.405 72.7085 40.9871
      vertex 102.41 72.1097 46.1525
      vertex 102.405 72.1086 46.1524
    endloop
  endfacet
  facet normal 0.195142 -0.974229 -0.113127
    outer loop
      vertex 102.41 72.1097 46.1525
      vertex 102.405 72.7085 40.9871
      vertex 102.7 72.7668 40.9939
    endloop
  endfacet
  facet normal 0.449772 0.887182 0.10302
    outer loop
      vertex 101.855 67.9208 45.6661
      vertex 101.85 68.5231 40.5011
      vertex 101.85 67.9233 45.6664
    endloop
  endfacet
  facet normal 0.442141 0.890958 0.103468
    outer loop
      vertex 101.85 68.5231 40.5011
      vertex 101.855 67.9208 45.6661
      vertex 102.12 68.3909 40.4857
    endloop
  endfacet
  facet normal -0.000279116 -0.11627 0.993218
    outer loop
      vertex 102.12 68.3909 40.4857
      vertex 102.7 68.2366 40.4678
      vertex 101.85 68.5231 40.5011
    endloop
  endfacet
  facet normal 0.751143 0.655733 0.0761444
    outer loop
      vertex 101.374 68.2864 45.7085
      vertex 101.374 68.8862 40.5432
      vertex 101.179 68.5068 45.7341
    endloop
  endfacet
  facet normal 0.946825 0.319601 0.0371186
    outer loop
      vertex 100.875 69.0275 45.7946
      vertex 100.875 69.6274 40.6293
      vertex 100.78 69.3052 45.8268
    endloop
  endfacet
  facet normal -0.750821 0.6561 0.0761591
    outer loop
      vertex 104.821 68.5068 45.7341
      vertex 104.825 69.1109 40.5693
      vertex 104.626 68.8862 40.5432
    endloop
  endfacet
  facet normal -0.726555 0.682521 0.0792682
    outer loop
      vertex 104.825 69.1109 40.5693
      vertex 104.821 68.5068 45.7341
      vertex 104.825 68.511 45.7346
    endloop
  endfacet
  facet normal 0.000664579 -0.11596 0.993254
    outer loop
      vertex 104.825 69.1109 40.5693
      vertex 104.992 69.3594 40.5982
      vertex 104.626 68.8862 40.5432
    endloop
  endfacet
  facet normal -0.195142 0.974227 0.113147
    outer loop
      vertex 103.595 68.2949 40.4746
      vertex 103.3 67.6367 45.6331
      vertex 103.595 67.695 45.6399
    endloop
  endfacet
  facet normal -0.195142 0.974227 0.113147
    outer loop
      vertex 103.3 67.6367 45.6331
      vertex 103.595 68.2949 40.4746
      vertex 103.3 68.2366 40.4678
    endloop
  endfacet
  facet normal 0.00135642 -0.115935 0.993256
    outer loop
      vertex 105.125 69.6274 40.6293
      vertex 105.222 69.9104 40.6622
      vertex 104.992 69.3594 40.5982
    endloop
  endfacet
  facet normal -0.000683623 -0.115095 0.993354
    outer loop
      vertex 105.222 69.9104 40.6622
      vertex 105.28 70.2035 40.6962
      vertex 104.992 69.3594 40.5982
    endloop
  endfacet
  facet normal -0.556248 -0.82547 -0.0958544
    outer loop
      vertex 104.15 72.4802 40.9606
      vertex 104.395 71.7175 46.107
      vertex 104.15 71.8804 46.1259
    endloop
  endfacet
  facet normal -0.441996 -0.89103 -0.103467
    outer loop
      vertex 104.15 72.4802 40.9606
      vertex 104.15 71.8804 46.1259
      vertex 103.885 72.0101 46.141
    endloop
  endfacet
  facet normal 0.981223 -0.19159 -0.022231
    outer loop
      vertex 100.721 70.2056 45.9314
      vertex 100.72 70.7999 40.7655
      vertex 100.778 71.093 40.7995
    endloop
  endfacet
  facet normal 0.984054 -0.176681 -0.0205164
    outer loop
      vertex 100.72 70.7999 40.7655
      vertex 100.721 70.2056 45.9314
      vertex 100.72 70.2001 45.9308
    endloop
  endfacet
  facet normal 0.997703 -0.0672878 -0.00781353
    outer loop
      vertex 100.72 70.7999 40.7655
      vertex 100.72 70.2001 45.9308
      vertex 100.7 69.9075 45.8968
    endloop
  endfacet
  facet normal 0.896939 -0.439194 -0.0510905
    outer loop
      vertex 100.878 70.7812 45.9982
      vertex 100.875 71.376 40.8324
      vertex 101.008 71.644 40.8635
    endloop
  endfacet
  facet normal 0.862956 -0.501906 -0.0582916
    outer loop
      vertex 100.875 71.376 40.8324
      vertex 100.878 70.7812 45.9982
      vertex 100.875 70.7761 45.9977
    endloop
  endfacet
  facet normal 0.936589 -0.34809 -0.0404273
    outer loop
      vertex 100.873 70.7708 45.997
      vertex 100.875 71.376 40.8324
      vertex 100.875 70.7761 45.9977
    endloop
  endfacet
  facet normal 0.946639 -0.320148 -0.0371491
    outer loop
      vertex 100.875 71.376 40.8324
      vertex 100.873 70.7708 45.997
      vertex 100.778 71.093 40.7995
    endloop
  endfacet
  facet normal 0.831463 -0.551872 -0.0640839
    outer loop
      vertex 101.008 71.644 40.8635
      vertex 101.172 71.288 46.0571
      vertex 101.008 71.0442 46.0288
    endloop
  endfacet
  facet normal 0.839067 -0.540396 -0.062763
    outer loop
      vertex 101.172 71.288 46.0571
      vertex 101.175 71.8925 40.8924
      vertex 101.175 71.2926 46.0576
    endloop
  endfacet
  facet normal 0.831718 -0.55149 -0.0640658
    outer loop
      vertex 101.175 71.8925 40.8924
      vertex 101.172 71.288 46.0571
      vertex 101.008 71.644 40.8635
    endloop
  endfacet
  facet normal 0.000126098 -0.115223 0.99334
    outer loop
      vertex 103.595 72.7085 40.9871
      vertex 103.3 72.7668 40.9939
      vertex 103 72.7863 40.9962
    endloop
  endfacet
  facet normal -0.321161 -0.940701 -0.109253
    outer loop
      vertex 103.595 72.7085 40.9871
      vertex 103.88 72.0126 46.1412
      vertex 103.595 72.1086 46.1524
    endloop
  endfacet
  facet normal -0.321423 -0.940615 -0.109227
    outer loop
      vertex 103.88 72.0126 46.1412
      vertex 103.595 72.7085 40.9871
      vertex 103.88 72.6124 40.976
    endloop
  endfacet
  facet normal -0.530063 -0.842093 -0.0995645
    outer loop
      vertex 104.15 72.4802 40.9606
      vertex 104.4 71.7144 46.1066
      vertex 104.395 71.7175 46.107
    endloop
  endfacet
  facet normal -0.555739 -0.825808 -0.0958936
    outer loop
      vertex 104.4 71.7144 46.1066
      vertex 104.15 72.4802 40.9606
      vertex 104.4 72.3142 40.9413
    endloop
  endfacet
  facet normal 0.000549798 -0.114462 0.993427
    outer loop
      vertex 104.825 71.8925 40.8924
      vertex 104.626 72.1172 40.9184
      vertex 103.595 72.7085 40.9871
    endloop
  endfacet
  facet normal 0.321161 -0.940701 -0.109253
    outer loop
      vertex 102.12 72.0126 46.1412
      vertex 102.405 72.7085 40.9871
      vertex 102.405 72.1086 46.1524
    endloop
  endfacet
  facet normal 0.321423 -0.940615 -0.109227
    outer loop
      vertex 102.405 72.7085 40.9871
      vertex 102.12 72.0126 46.1412
      vertex 102.12 72.6124 40.976
    endloop
  endfacet
  facet normal -0.000126098 -0.115223 0.99334
    outer loop
      vertex 103 72.7863 40.9962
      vertex 102.7 72.7668 40.9939
      vertex 102.405 72.7085 40.9871
    endloop
  endfacet
  facet normal 0.321807 0.940486 0.10921
    outer loop
      vertex 102.399 67.6969 45.6401
      vertex 102.12 68.3909 40.4857
      vertex 102.12 67.7911 45.651
    endloop
  endfacet
  facet normal 0.00127422 -0.113526 0.993534
    outer loop
      vertex 101.6 68.6892 40.5204
      vertex 101.85 68.5231 40.5011
      vertex 101.374 68.8862 40.5432
    endloop
  endfacet
  facet normal 0.682266 0.726424 0.082587
    outer loop
      vertex 101.6 68.0893 45.6856
      vertex 101.374 68.8862 40.5432
      vertex 101.596 68.093 45.6861
    endloop
  endfacet
  facet normal 0.659568 0.746626 0.0867151
    outer loop
      vertex 101.374 68.8862 40.5432
      vertex 101.6 68.0893 45.6856
      vertex 101.6 68.6892 40.5204
    endloop
  endfacet
  facet normal 0.936589 0.34809 0.0404273
    outer loop
      vertex 100.78 69.3052 45.8268
      vertex 100.778 69.9104 40.6622
      vertex 100.778 69.3105 45.8275
    endloop
  endfacet
  facet normal 0.946639 0.320148 0.0371491
    outer loop
      vertex 100.778 69.9104 40.6622
      vertex 100.78 69.3052 45.8268
      vertex 100.875 69.6274 40.6293
    endloop
  endfacet
  facet normal 0.981223 0.19159 0.022231
    outer loop
      vertex 100.777 69.3161 45.8281
      vertex 100.778 69.9104 40.6622
      vertex 100.72 70.2035 40.6962
    endloop
  endfacet
  facet normal 0.984599 0.17366 0.020169
    outer loop
      vertex 100.778 69.9104 40.6622
      vertex 100.777 69.3161 45.8281
      vertex 100.778 69.3105 45.8275
    endloop
  endfacet
  facet normal -0.449772 0.887182 0.10302
    outer loop
      vertex 104.15 68.5231 40.5011
      vertex 104.145 67.9208 45.6661
      vertex 104.15 67.9233 45.6664
    endloop
  endfacet
  facet normal -0.442141 0.890958 0.103468
    outer loop
      vertex 104.145 67.9208 45.6661
      vertex 104.15 68.5231 40.5011
      vertex 103.88 68.3909 40.4857
    endloop
  endfacet
  facet normal -0.441996 0.89103 0.103467
    outer loop
      vertex 104.145 67.9208 45.6661
      vertex 103.88 68.3909 40.4857
      vertex 103.88 67.7911 45.651
    endloop
  endfacet
  facet normal -0.659776 -0.746446 -0.0866781
    outer loop
      vertex 104.4 72.3142 40.9413
      vertex 104.626 71.5173 46.0837
      vertex 104.4 71.7144 46.1066
    endloop
  endfacet
  facet normal -0.65959 -0.746607 -0.0867113
    outer loop
      vertex 104.626 71.5173 46.0837
      vertex 104.4 72.3142 40.9413
      vertex 104.626 72.1172 40.9184
    endloop
  endfacet
  facet normal 9.82244e-05 -0.115577 0.993298
    outer loop
      vertex 102.405 72.7085 40.9871
      vertex 101.6 72.3142 40.9413
      vertex 101.374 72.1172 40.9184
    endloop
  endfacet
  facet normal -0.000549798 -0.114462 0.993427
    outer loop
      vertex 102.405 72.7085 40.9871
      vertex 101.374 72.1172 40.9184
      vertex 101.175 71.8925 40.8924
    endloop
  endfacet
  facet normal 0.659776 -0.746446 -0.0866781
    outer loop
      vertex 101.374 71.5173 46.0837
      vertex 101.6 72.3142 40.9413
      vertex 101.6 71.7144 46.1066
    endloop
  endfacet
  facet normal 0.65959 -0.746607 -0.0867113
    outer loop
      vertex 101.6 72.3142 40.9413
      vertex 101.374 71.5173 46.0837
      vertex 101.374 72.1172 40.9184
    endloop
  endfacet
  facet normal -0.000664579 -0.11596 0.993254
    outer loop
      vertex 101.175 69.1109 40.5693
      vertex 101.374 68.8862 40.5432
      vertex 101.008 69.3594 40.5982
    endloop
  endfacet
  facet normal 0.726555 0.682521 0.0792682
    outer loop
      vertex 101.179 68.5068 45.7341
      vertex 101.175 69.1109 40.5693
      vertex 101.175 68.511 45.7346
    endloop
  endfacet
  facet normal 0.750821 0.6561 0.0761591
    outer loop
      vertex 101.175 69.1109 40.5693
      vertex 101.179 68.5068 45.7341
      vertex 101.374 68.8862 40.5432
    endloop
  endfacet
  facet normal 3.23784e-05 -0.115379 0.993322
    outer loop
      vertex 105.28 70.2035 40.6962
      vertex 104.825 71.8925 40.8924
      vertex 103.3 68.2366 40.4678
    endloop
  endfacet
  facet normal 0.441996 -0.89103 -0.103467
    outer loop
      vertex 101.85 72.4802 40.9606
      vertex 102.115 72.0101 46.141
      vertex 101.85 71.8804 46.1259
    endloop
  endfacet
  facet normal -0.997858 0.064979 0.00754684
    outer loop
      vertex 2.28032 -68.8619 24.5467
      vertex 2.28069 -69.4562 29.7126
      vertex 2.3 -68.5637 24.5813
    endloop
  endfacet
  facet normal -0.997849 0.065119 0.00756294
    outer loop
      vertex 2.28069 -69.4562 29.7126
      vertex 2.28032 -68.8619 24.5467
      vertex 2.28032 -69.4618 29.712
    endloop
  endfacet
  facet normal 0 -0.116547 0.993185
    outer loop
      vertex 0 -70.8484 24.316
      vertex 0.30021 -70.8288 24.3183
      vertex -0.30021 -70.8288 24.3183
    endloop
  endfacet
  facet normal -0.997858 0.0649763 0.00754637
    outer loop
      vertex 2.3 -69.1636 29.7466
      vertex 2.3 -68.5637 24.5813
      vertex 2.28069 -69.4562 29.7126
    endloop
  endfacet
  facet normal 0.00294614 -0.117079 0.993118
    outer loop
      vertex -1.82471 -67.1729 24.7428
      vertex -1.99186 -67.4214 24.714
      vertex -2.12492 -67.6894 24.6828
    endloop
  endfacet
  facet normal 0.997858 0.0649763 0.00754637
    outer loop
      vertex -2.28069 -69.4562 29.7126
      vertex -2.3 -68.5637 24.5813
      vertex -2.3 -69.1636 29.7466
    endloop
  endfacet
  facet normal 0.00019868 -0.115277 0.993333
    outer loop
      vertex 2.28032 -68.8619 24.5467
      vertex 2.12492 -67.6894 24.6828
      vertex 1.82471 -67.1729 24.7428
    endloop
  endfacet
  facet normal -0.00022986 -0.115234 0.993338
    outer loop
      vertex 1.99186 -69.7061 24.4487
      vertex 2.28032 -68.8619 24.5467
      vertex 1.15 -70.5423 24.3515
    endloop
  endfacet
  facet normal 0 -0.115329 0.993327
    outer loop
      vertex -1.82471 -67.1729 24.7428
      vertex 2.28032 -68.8619 24.5467
      vertex 1.82471 -67.1729 24.7428
    endloop
  endfacet
  facet normal 0 -0.115329 0.993327
    outer loop
      vertex 2.28032 -68.8619 24.5467
      vertex -1.82471 -67.1729 24.7428
      vertex -2.28032 -68.8619 24.5467
    endloop
  endfacet
  facet normal -0.195058 0.974243 0.113149
    outer loop
      vertex 0.595284 -70.7705 24.325
      vertex 0.30021 -71.4287 29.4836
      vertex 0.595284 -71.3704 29.4903
    endloop
  endfacet
  facet normal -0.195058 0.974243 0.113149
    outer loop
      vertex 0.30021 -71.4287 29.4836
      vertex 0.595284 -70.7705 24.325
      vertex 0.30021 -70.8288 24.3183
    endloop
  endfacet
  facet normal 0.000897734 -0.116161 0.99323
    outer loop
      vertex 1.82471 -69.9545 24.4198
      vertex 1.99186 -69.7061 24.4487
      vertex 1.62634 -70.1792 24.3937
    endloop
  endfacet
  facet normal 0.195058 0.974243 0.113149
    outer loop
      vertex -0.30021 -71.4287 29.4836
      vertex -0.595284 -70.7705 24.325
      vertex -0.595284 -71.3704 29.4903
    endloop
  endfacet
  facet normal 0.195058 0.974243 0.113149
    outer loop
      vertex -0.595284 -70.7705 24.325
      vertex -0.30021 -71.4287 29.4836
      vertex -0.30021 -70.8288 24.3183
    endloop
  endfacet
  facet normal 0.659303 -0.746857 -0.0867403
    outer loop
      vertex -1.40015 -66.7512 24.7918
      vertex -1.40015 -67.3511 29.9571
      vertex -1.62208 -67.5444 29.9346
    endloop
  endfacet
  facet normal 0.997858 -0.0649763 -0.00754637
    outer loop
      vertex -2.28032 -68.2655 24.6159
      vertex -2.28032 -68.8654 29.7812
      vertex -2.29963 -69.158 29.7472
    endloop
  endfacet
  facet normal 0.194522 -0.974349 -0.113161
    outer loop
      vertex -0.595284 -66.3569 24.8376
      vertex -0.589716 -66.9557 30.003
      vertex -0.595284 -66.9568 30.0029
    endloop
  endfacet
  facet normal 0.195095 -0.974236 -0.113149
    outer loop
      vertex -0.589716 -66.9557 30.003
      vertex -0.595284 -66.3569 24.8376
      vertex -0.30021 -66.2986 24.8444
    endloop
  endfacet
  facet normal 0.442318 -0.890872 -0.103449
    outer loop
      vertex -1.15 -66.5852 24.8111
      vertex -0.885263 -67.0553 29.9914
      vertex -1.15 -67.185 29.9764
    endloop
  endfacet
  facet normal -0.659303 -0.746857 -0.0867403
    outer loop
      vertex 1.40015 -66.7512 24.7918
      vertex 1.62208 -67.5444 29.9346
      vertex 1.40015 -67.3511 29.9571
    endloop
  endfacet
  facet normal 0.562751 -0.821165 -0.0948617
    outer loop
      vertex -1.40015 -67.3511 29.9571
      vertex -1.15 -66.5852 24.8111
      vertex -1.39543 -67.3479 29.9574
    endloop
  endfacet
  facet normal 0.555509 -0.825959 -0.0959272
    outer loop
      vertex -1.15 -66.5852 24.8111
      vertex -1.40015 -67.3511 29.9571
      vertex -1.40015 -66.7512 24.7918
    endloop
  endfacet
  facet normal -0.000222208 -0.115157 0.993347
    outer loop
      vertex 1.40015 -70.3763 24.3708
      vertex 1.62634 -70.1792 24.3937
      vertex 1.15 -70.5423 24.3515
    endloop
  endfacet
  facet normal -0.751859 0.654923 0.0760563
    outer loop
      vertex 1.62634 -70.1792 24.3937
      vertex 1.63009 -70.7748 29.5595
      vertex 1.82471 -69.9545 24.4198
    endloop
  endfacet
  facet normal -0.755843 0.650382 0.0755356
    outer loop
      vertex 1.63009 -70.7748 29.5595
      vertex 1.62634 -70.1792 24.3937
      vertex 1.62634 -70.7791 29.559
    endloop
  endfacet
  facet normal 0.000121916 -0.115468 0.993311
    outer loop
      vertex 1.15 -70.5423 24.3515
      vertex 2.28032 -68.8619 24.5467
      vertex 0.30021 -70.8288 24.3183
    endloop
  endfacet
  facet normal -0.657898 0.748079 0.0868822
    outer loop
      vertex 1.62634 -70.1792 24.3937
      vertex 1.62208 -70.7828 29.5586
      vertex 1.62634 -70.7791 29.559
    endloop
  endfacet
  facet normal -0.659463 0.746718 0.0867218
    outer loop
      vertex 1.62208 -70.7828 29.5586
      vertex 1.62634 -70.1792 24.3937
      vertex 1.40015 -70.3763 24.3708
    endloop
  endfacet
  facet normal -0.831479 0.551847 0.0640918
    outer loop
      vertex 1.9887 -70.3106 29.6134
      vertex 1.82471 -69.9545 24.4198
      vertex 1.82471 -70.5544 29.5851
    endloop
  endfacet
  facet normal 0.000366848 -0.117684 0.993051
    outer loop
      vertex 0 -66.2791 24.8466
      vertex -0.30021 -66.2986 24.8444
      vertex -0.595284 -66.3569 24.8376
    endloop
  endfacet
  facet normal -0.000332359 -0.11509 0.993355
    outer loop
      vertex -1.40015 -66.7512 24.7918
      vertex -1.62634 -66.9482 24.7689
      vertex -1.82471 -67.1729 24.7428
    endloop
  endfacet
  facet normal 0.946929 -0.319298 -0.0370807
    outer loop
      vertex -2.2198 -68.5669 29.8159
      vertex -2.22163 -67.9724 24.65
      vertex -2.12492 -67.6894 24.6828
    endloop
  endfacet
  facet normal 0.947687 -0.317069 -0.0368245
    outer loop
      vertex -2.22163 -67.9724 24.65
      vertex -2.2198 -68.5669 29.8159
      vertex -2.22163 -68.5723 29.8153
    endloop
  endfacet
  facet normal -0.751927 -0.654844 -0.0760539
    outer loop
      vertex 1.82471 -67.1729 24.7428
      vertex 1.82471 -67.7728 29.9081
      vertex 1.63009 -67.5523 29.9337
    endloop
  endfacet
  facet normal 0.000332359 -0.11509 0.993355
    outer loop
      vertex 1.82471 -67.1729 24.7428
      vertex 1.62634 -66.9482 24.7689
      vertex 1.40015 -66.7512 24.7918
    endloop
  endfacet
  facet normal -0.751859 -0.654923 -0.076057
    outer loop
      vertex 1.63009 -67.5523 29.9337
      vertex 1.62634 -66.9482 24.7689
      vertex 1.82471 -67.1729 24.7428
    endloop
  endfacet
  facet normal -0.748259 -0.658977 -0.0765339
    outer loop
      vertex 1.62634 -66.9482 24.7689
      vertex 1.63009 -67.5523 29.9337
      vertex 1.62634 -67.5481 29.9342
    endloop
  endfacet
  facet normal 0.000827048 -0.118302 0.992977
    outer loop
      vertex 0.595284 -70.7705 24.325
      vertex 0.880172 -70.6745 24.3362
      vertex 0.30021 -70.8288 24.3183
    endloop
  endfacet
  facet normal -0.896837 0.439408 0.051033
    outer loop
      vertex 2.12492 -70.0379 29.6451
      vertex 2.12492 -69.438 24.4798
      vertex 1.99437 -70.3008 29.6145
    endloop
  endfacet
  facet normal -0.00038243 -0.115042 0.993361
    outer loop
      vertex 2.12492 -69.438 24.4798
      vertex 2.22163 -69.1551 24.5126
      vertex 1.99186 -69.7061 24.4487
    endloop
  endfacet
  facet normal -0.831385 0.551987 0.0640984
    outer loop
      vertex 1.9887 -70.3106 29.6134
      vertex 1.99186 -69.7061 24.4487
      vertex 1.82471 -69.9545 24.4198
    endloop
  endfacet
  facet normal -0.831308 0.552102 0.0641119
    outer loop
      vertex 1.99186 -69.7061 24.4487
      vertex 1.9887 -70.3106 29.6134
      vertex 1.99186 -70.3059 29.6139
    endloop
  endfacet
  facet normal 6.09046e-05 -0.115523 0.993305
    outer loop
      vertex 1.62634 -70.1792 24.3937
      vertex 1.99186 -69.7061 24.4487
      vertex 1.15 -70.5423 24.3515
    endloop
  endfacet
  facet normal -0.000834272 -0.115412 0.993317
    outer loop
      vertex 2.28032 -68.8619 24.5467
      vertex 2.22163 -67.9724 24.65
      vertex 2.12492 -67.6894 24.6828
    endloop
  endfacet
  facet normal -0.980793 -0.19375 -0.0225022
    outer loop
      vertex 2.28032 -68.2655 24.6159
      vertex 2.28032 -68.8654 29.7812
      vertex 2.22274 -68.5778 29.8146
    endloop
  endfacet
  facet normal -0.896924 0.439234 0.0510015
    outer loop
      vertex 1.99186 -69.7061 24.4487
      vertex 1.99437 -70.3008 29.6145
      vertex 2.12492 -69.438 24.4798
    endloop
  endfacet
  facet normal -0.898421 0.436205 0.0506535
    outer loop
      vertex 1.99437 -70.3008 29.6145
      vertex 1.99186 -69.7061 24.4487
      vertex 1.99186 -70.3059 29.6139
    endloop
  endfacet
  facet normal -0.000897734 -0.116161 0.99323
    outer loop
      vertex -1.82471 -69.9545 24.4198
      vertex -1.62634 -70.1792 24.3937
      vertex -1.99186 -69.7061 24.4487
    endloop
  endfacet
  facet normal 0.946914 -0.319341 -0.0370883
    outer loop
      vertex -2.12492 -67.6894 24.6828
      vertex -2.12492 -68.2893 29.8481
      vertex -2.2198 -68.5669 29.8159
    endloop
  endfacet
  facet normal 0.896903 -0.439276 -0.0510176
    outer loop
      vertex -2.12492 -67.6894 24.6828
      vertex -1.99437 -68.0263 29.8787
      vertex -2.12492 -68.2893 29.8481
    endloop
  endfacet
  facet normal -0.555601 -0.825899 -0.0959043
    outer loop
      vertex 1.15 -66.5852 24.8111
      vertex 1.39543 -67.3479 29.9574
      vertex 1.15 -67.185 29.9764
    endloop
  endfacet
  facet normal 0.748259 -0.658977 -0.0765339
    outer loop
      vertex -1.63009 -67.5523 29.9337
      vertex -1.62634 -66.9482 24.7689
      vertex -1.62634 -67.5481 29.9342
    endloop
  endfacet
  facet normal 0.751859 -0.654923 -0.076057
    outer loop
      vertex -1.62634 -66.9482 24.7689
      vertex -1.63009 -67.5523 29.9337
      vertex -1.82471 -67.1729 24.7428
    endloop
  endfacet
  facet normal 0.657897 -0.748067 -0.0869875
    outer loop
      vertex -1.62634 -67.5481 29.9342
      vertex -1.40015 -66.7512 24.7918
      vertex -1.62208 -67.5444 29.9346
    endloop
  endfacet
  facet normal 0.659277 -0.74688 -0.086743
    outer loop
      vertex -1.40015 -66.7512 24.7918
      vertex -1.62634 -67.5481 29.9342
      vertex -1.62634 -66.9482 24.7689
    endloop
  endfacet
  facet normal 0.980879 0.193318 0.0224521
    outer loop
      vertex -2.27922 -69.4673 29.7113
      vertex -2.28032 -68.8619 24.5467
      vertex -2.28032 -69.4618 29.712
    endloop
  endfacet
  facet normal 0.980801 0.193711 0.0224981
    outer loop
      vertex -2.28032 -68.8619 24.5467
      vertex -2.27922 -69.4673 29.7113
      vertex -2.22163 -69.1551 24.5126
    endloop
  endfacet
  facet normal 0.000834272 -0.115412 0.993317
    outer loop
      vertex -2.12492 -67.6894 24.6828
      vertex -2.22163 -67.9724 24.65
      vertex -2.28032 -68.8619 24.5467
    endloop
  endfacet
  facet normal 0.831308 0.552102 0.0641119
    outer loop
      vertex -1.9887 -70.3106 29.6134
      vertex -1.99186 -69.7061 24.4487
      vertex -1.99186 -70.3059 29.6139
    endloop
  endfacet
  facet normal 0.831385 0.551987 0.0640984
    outer loop
      vertex -1.99186 -69.7061 24.4487
      vertex -1.9887 -70.3106 29.6134
      vertex -1.82471 -69.9545 24.4198
    endloop
  endfacet
  facet normal 0 -0.114915 0.993375
    outer loop
      vertex 0.595284 -66.3569 24.8376
      vertex 0 -66.2791 24.8466
      vertex -0.595284 -66.3569 24.8376
    endloop
  endfacet
  facet normal 3.94997e-05 -0.115459 0.993312
    outer loop
      vertex -0.595284 -66.3569 24.8376
      vertex -1.40015 -66.7512 24.7918
      vertex -1.82471 -67.1729 24.7428
    endloop
  endfacet
  facet normal -0.946929 -0.319298 -0.0370807
    outer loop
      vertex 2.22163 -67.9724 24.65
      vertex 2.2198 -68.5669 29.8159
      vertex 2.12492 -67.6894 24.6828
    endloop
  endfacet
  facet normal -0.947687 -0.317069 -0.0368245
    outer loop
      vertex 2.2198 -68.5669 29.8159
      vertex 2.22163 -67.9724 24.65
      vertex 2.22163 -68.5723 29.8153
    endloop
  endfacet
  facet normal -0.980788 -0.193774 -0.0225036
    outer loop
      vertex 2.22274 -68.5778 29.8146
      vertex 2.22163 -67.9724 24.65
      vertex 2.28032 -68.2655 24.6159
    endloop
  endfacet
  facet normal -0.98054 -0.195008 -0.0226483
    outer loop
      vertex 2.22163 -67.9724 24.65
      vertex 2.22274 -68.5778 29.8146
      vertex 2.22163 -68.5723 29.8153
    endloop
  endfacet
  facet normal 0 -0.1154 0.993319
    outer loop
      vertex -0.595284 -66.3569 24.8376
      vertex 1.82471 -67.1729 24.7428
      vertex 0.595284 -66.3569 24.8376
    endloop
  endfacet
  facet normal 0 -0.1154 0.993319
    outer loop
      vertex 1.82471 -67.1729 24.7428
      vertex -0.595284 -66.3569 24.8376
      vertex -1.82471 -67.1729 24.7428
    endloop
  endfacet
  facet normal -0.751781 0.65501 0.0760731
    outer loop
      vertex 1.82471 -70.5544 29.5851
      vertex 1.82471 -69.9545 24.4198
      vertex 1.63009 -70.7748 29.5595
    endloop
  endfacet
  facet normal -0.000158496 -0.114647 0.993406
    outer loop
      vertex 0.880172 -70.6745 24.3362
      vertex 1.15 -70.5423 24.3515
      vertex 0.30021 -70.8288 24.3183
    endloop
  endfacet
  facet normal 0.00152037 -0.115824 0.993269
    outer loop
      vertex 2.22163 -69.1551 24.5126
      vertex 2.28032 -68.8619 24.5467
      vertex 1.99186 -69.7061 24.4487
    endloop
  endfacet
  facet normal -0.980801 0.193711 0.0224981
    outer loop
      vertex 2.27922 -69.4673 29.7113
      vertex 2.28032 -68.8619 24.5467
      vertex 2.22163 -69.1551 24.5126
    endloop
  endfacet
  facet normal -0.980879 0.193318 0.0224521
    outer loop
      vertex 2.28032 -68.8619 24.5467
      vertex 2.27922 -69.4673 29.7113
      vertex 2.28032 -69.4618 29.712
    endloop
  endfacet
  facet normal 0.555601 -0.825899 -0.0959043
    outer loop
      vertex -1.15 -66.5852 24.8111
      vertex -1.15 -67.185 29.9764
      vertex -1.39543 -67.3479 29.9574
    endloop
  endfacet
  facet normal 0.321275 -0.940663 -0.109249
    outer loop
      vertex -0.880172 -67.0528 29.9917
      vertex -0.595284 -66.3569 24.8376
      vertex -0.595284 -66.9568 30.0029
    endloop
  endfacet
  facet normal 0.321571 -0.940566 -0.109219
    outer loop
      vertex -0.595284 -66.3569 24.8376
      vertex -0.880172 -67.0528 29.9917
      vertex -0.880172 -66.453 24.8264
    endloop
  endfacet
  facet normal -0.00019868 -0.115277 0.993333
    outer loop
      vertex -1.82471 -67.1729 24.7428
      vertex -2.12492 -67.6894 24.6828
      vertex -2.28032 -68.8619 24.5467
    endloop
  endfacet
  facet normal -0.442318 -0.890872 -0.103449
    outer loop
      vertex 1.15 -66.5852 24.8111
      vertex 1.15 -67.185 29.9764
      vertex 0.885263 -67.0553 29.9914
    endloop
  endfacet
  facet normal 0.000419702 -0.114534 0.993419
    outer loop
      vertex 1.40015 -66.7512 24.7918
      vertex 0.880172 -66.453 24.8264
      vertex 0.595284 -66.3569 24.8376
    endloop
  endfacet
  facet normal -0.321571 0.940566 0.109219
    outer loop
      vertex 0.880172 -70.6745 24.3362
      vertex 0.595284 -71.3704 29.4903
      vertex 0.880172 -71.2743 29.5015
    endloop
  endfacet
  facet normal -0.321275 0.940663 0.109249
    outer loop
      vertex 0.595284 -71.3704 29.4903
      vertex 0.880172 -70.6745 24.3362
      vertex 0.595284 -70.7705 24.325
    endloop
  endfacet
  facet normal 0.946895 0.319398 0.0370888
    outer loop
      vertex -2.22163 -69.7549 29.6779
      vertex -2.12492 -69.438 24.4798
      vertex -2.22163 -69.1551 24.5126
    endloop
  endfacet
  facet normal 0.946929 0.319297 0.0370833
    outer loop
      vertex -2.12492 -69.438 24.4798
      vertex -2.22163 -69.7549 29.6779
      vertex -2.12492 -70.0379 29.6451
    endloop
  endfacet
  facet normal 0.896837 0.439408 0.051033
    outer loop
      vertex -1.99437 -70.3008 29.6145
      vertex -2.12492 -69.438 24.4798
      vertex -2.12492 -70.0379 29.6451
    endloop
  endfacet
  facet normal -0.00231635 -0.115105 0.993351
    outer loop
      vertex -2.22163 -67.9724 24.65
      vertex -2.28032 -68.2655 24.6159
      vertex -2.3 -68.5637 24.5813
    endloop
  endfacet
  facet normal -0.000776351 -0.115307 0.99333
    outer loop
      vertex -2.28032 -68.8619 24.5467
      vertex -2.22163 -67.9724 24.65
      vertex -2.3 -68.5637 24.5813
    endloop
  endfacet
  facet normal -3.94997e-05 -0.115459 0.993312
    outer loop
      vertex 1.82471 -67.1729 24.7428
      vertex 1.40015 -66.7512 24.7918
      vertex 0.595284 -66.3569 24.8376
    endloop
  endfacet
  facet normal -0.065594 -0.991186 -0.115098
    outer loop
      vertex 0 -66.2791 24.8466
      vertex 0.30021 -66.8985 30.0096
      vertex 0 -66.8789 30.0119
    endloop
  endfacet
  facet normal -0.0652271 -0.991208 -0.115121
    outer loop
      vertex 0.30021 -66.8985 30.0096
      vertex 0 -66.2791 24.8466
      vertex 0.30021 -66.2986 24.8444
    endloop
  endfacet
  facet normal 0.321571 0.940566 0.109219
    outer loop
      vertex -0.595284 -71.3704 29.4903
      vertex -0.880172 -70.6745 24.3362
      vertex -0.880172 -71.2743 29.5015
    endloop
  endfacet
  facet normal 0.321275 0.940663 0.109249
    outer loop
      vertex -0.880172 -70.6745 24.3362
      vertex -0.595284 -71.3704 29.4903
      vertex -0.595284 -70.7705 24.325
    endloop
  endfacet
  facet normal -0.000419702 -0.114534 0.993419
    outer loop
      vertex -0.595284 -66.3569 24.8376
      vertex -0.880172 -66.453 24.8264
      vertex -1.40015 -66.7512 24.7918
    endloop
  endfacet
  facet normal 0.195068 -0.974241 -0.113151
    outer loop
      vertex -0.30021 -66.2986 24.8444
      vertex -0.30021 -66.8985 30.0096
      vertex -0.589716 -66.9557 30.003
    endloop
  endfacet
  facet normal 0.065594 -0.991186 -0.115098
    outer loop
      vertex -0.30021 -66.8985 30.0096
      vertex 0 -66.2791 24.8466
      vertex 0 -66.8789 30.0119
    endloop
  endfacet
  facet normal 0.0652271 -0.991208 -0.115121
    outer loop
      vertex 0 -66.2791 24.8466
      vertex -0.30021 -66.8985 30.0096
      vertex -0.30021 -66.2986 24.8444
    endloop
  endfacet
  facet normal -0.443324 -0.890378 -0.103392
    outer loop
      vertex 0.880172 -66.453 24.8264
      vertex 0.885263 -67.0553 29.9914
      vertex 0.880172 -67.0528 29.9917
    endloop
  endfacet
  facet normal -0.442337 -0.890863 -0.103449
    outer loop
      vertex 0.885263 -67.0553 29.9914
      vertex 0.880172 -66.453 24.8264
      vertex 1.15 -66.5852 24.8111
    endloop
  endfacet
  facet normal -0.562751 -0.821165 -0.0948617
    outer loop
      vertex 1.15 -66.5852 24.8111
      vertex 1.40015 -67.3511 29.9571
      vertex 1.39543 -67.3479 29.9574
    endloop
  endfacet
  facet normal -0.555509 -0.825959 -0.0959272
    outer loop
      vertex 1.40015 -67.3511 29.9571
      vertex 1.15 -66.5852 24.8111
      vertex 1.40015 -66.7512 24.7918
    endloop
  endfacet
  facet normal -0.896867 -0.439348 -0.0510214
    outer loop
      vertex 1.99437 -68.0263 29.8787
      vertex 1.99186 -67.4214 24.714
      vertex 2.12492 -67.6894 24.6828
    endloop
  endfacet
  facet normal -0.894989 -0.443109 -0.0514629
    outer loop
      vertex 1.99186 -67.4214 24.714
      vertex 1.99437 -68.0263 29.8787
      vertex 1.99186 -68.0213 29.8793
    endloop
  endfacet
  facet normal -0.831479 -0.551847 -0.0640918
    outer loop
      vertex 1.82471 -67.1729 24.7428
      vertex 1.9887 -68.0166 29.8798
      vertex 1.82471 -67.7728 29.9081
    endloop
  endfacet
  facet normal -0.997858 -0.0649763 -0.00754637
    outer loop
      vertex 2.28032 -68.2655 24.6159
      vertex 2.29963 -69.158 29.7472
      vertex 2.28032 -68.8654 29.7812
    endloop
  endfacet
  facet normal -0.997858 -0.064979 -0.00754684
    outer loop
      vertex 2.3 -68.5637 24.5813
      vertex 2.29963 -69.158 29.7472
      vertex 2.28032 -68.2655 24.6159
    endloop
  endfacet
  facet normal -0.997849 -0.065119 -0.00756294
    outer loop
      vertex 2.29963 -69.158 29.7472
      vertex 2.3 -68.5637 24.5813
      vertex 2.3 -69.1636 29.7466
    endloop
  endfacet
  facet normal 0 -0.115347 0.993325
    outer loop
      vertex 2.28032 -68.8619 24.5467
      vertex -0.30021 -70.8288 24.3183
      vertex 0.30021 -70.8288 24.3183
    endloop
  endfacet
  facet normal 0 -0.115347 0.993325
    outer loop
      vertex -0.30021 -70.8288 24.3183
      vertex 2.28032 -68.8619 24.5467
      vertex -2.28032 -68.8619 24.5467
    endloop
  endfacet
  facet normal -0.946895 0.319398 0.0370888
    outer loop
      vertex 2.12492 -69.438 24.4798
      vertex 2.22163 -69.7549 29.6779
      vertex 2.22163 -69.1551 24.5126
    endloop
  endfacet
  facet normal -0.946929 0.319297 0.0370833
    outer loop
      vertex 2.22163 -69.7549 29.6779
      vertex 2.12492 -69.438 24.4798
      vertex 2.12492 -70.0379 29.6451
    endloop
  endfacet
  facet normal -0.980786 0.193783 0.0225023
    outer loop
      vertex 2.27922 -69.4673 29.7113
      vertex 2.22163 -69.1551 24.5126
      vertex 2.22163 -69.7549 29.6779
    endloop
  endfacet
  facet normal 0.98054 -0.195008 -0.0226483
    outer loop
      vertex -2.22274 -68.5778 29.8146
      vertex -2.22163 -67.9724 24.65
      vertex -2.22163 -68.5723 29.8153
    endloop
  endfacet
  facet normal 0.980788 -0.193774 -0.0225036
    outer loop
      vertex -2.22163 -67.9724 24.65
      vertex -2.22274 -68.5778 29.8146
      vertex -2.28032 -68.2655 24.6159
    endloop
  endfacet
  facet normal 0.980793 -0.19375 -0.0225022
    outer loop
      vertex -2.28032 -68.2655 24.6159
      vertex -2.22274 -68.5778 29.8146
      vertex -2.28032 -68.8654 29.7812
    endloop
  endfacet
  facet normal 0.751927 -0.654844 -0.0760539
    outer loop
      vertex -1.82471 -67.1729 24.7428
      vertex -1.63009 -67.5523 29.9337
      vertex -1.82471 -67.7728 29.9081
    endloop
  endfacet
  facet normal -0.555509 0.825961 0.0959114
    outer loop
      vertex 1.40015 -70.3763 24.3708
      vertex 1.15 -71.1421 29.5168
      vertex 1.40015 -70.9761 29.5361
    endloop
  endfacet
  facet normal -0.555509 0.825961 0.0959114
    outer loop
      vertex 1.15 -71.1421 29.5168
      vertex 1.40015 -70.3763 24.3708
      vertex 1.15 -70.5423 24.3515
    endloop
  endfacet
  facet normal 0.980786 0.193783 0.0225023
    outer loop
      vertex -2.22163 -69.7549 29.6779
      vertex -2.22163 -69.1551 24.5126
      vertex -2.27922 -69.4673 29.7113
    endloop
  endfacet
  facet normal 0.000158496 -0.114647 0.993406
    outer loop
      vertex -0.880172 -70.6745 24.3362
      vertex -0.30021 -70.8288 24.3183
      vertex -1.15 -70.5423 24.3515
    endloop
  endfacet
  facet normal 0.000222208 -0.115157 0.993347
    outer loop
      vertex -1.40015 -70.3763 24.3708
      vertex -1.15 -70.5423 24.3515
      vertex -1.62634 -70.1792 24.3937
    endloop
  endfacet
  facet normal 0.751859 0.654923 0.0760563
    outer loop
      vertex -1.63009 -70.7748 29.5595
      vertex -1.62634 -70.1792 24.3937
      vertex -1.82471 -69.9545 24.4198
    endloop
  endfacet
  facet normal 0.755843 0.650382 0.0755356
    outer loop
      vertex -1.62634 -70.1792 24.3937
      vertex -1.63009 -70.7748 29.5595
      vertex -1.62634 -70.7791 29.559
    endloop
  endfacet
  facet normal 0.751781 0.65501 0.0760731
    outer loop
      vertex -1.63009 -70.7748 29.5595
      vertex -1.82471 -69.9545 24.4198
      vertex -1.82471 -70.5544 29.5851
    endloop
  endfacet
  facet normal 0.997858 0.064979 0.00754684
    outer loop
      vertex -2.28069 -69.4562 29.7126
      vertex -2.28032 -68.8619 24.5467
      vertex -2.3 -68.5637 24.5813
    endloop
  endfacet
  facet normal 0.997849 0.065119 0.00756294
    outer loop
      vertex -2.28032 -68.8619 24.5467
      vertex -2.28069 -69.4562 29.7126
      vertex -2.28032 -69.4618 29.712
    endloop
  endfacet
  facet normal 0.997858 -0.064979 -0.00754684
    outer loop
      vertex -2.29963 -69.158 29.7472
      vertex -2.3 -68.5637 24.5813
      vertex -2.28032 -68.2655 24.6159
    endloop
  endfacet
  facet normal 0.997849 -0.065119 -0.00756294
    outer loop
      vertex -2.3 -68.5637 24.5813
      vertex -2.29963 -69.158 29.7472
      vertex -2.3 -69.1636 29.7466
    endloop
  endfacet
  facet normal -0.000366848 -0.117684 0.993051
    outer loop
      vertex 0.595284 -66.3569 24.8376
      vertex 0.30021 -66.2986 24.8444
      vertex 0 -66.2791 24.8466
    endloop
  endfacet
  facet normal -0.321275 -0.940663 -0.109249
    outer loop
      vertex 0.595284 -66.3569 24.8376
      vertex 0.880172 -67.0528 29.9917
      vertex 0.595284 -66.9568 30.0029
    endloop
  endfacet
  facet normal -0.321571 -0.940566 -0.109219
    outer loop
      vertex 0.880172 -67.0528 29.9917
      vertex 0.595284 -66.3569 24.8376
      vertex 0.880172 -66.453 24.8264
    endloop
  endfacet
  facet normal -0.195095 -0.974236 -0.113149
    outer loop
      vertex 0.595284 -66.3569 24.8376
      vertex 0.589716 -66.9557 30.003
      vertex 0.30021 -66.2986 24.8444
    endloop
  endfacet
  facet normal -0.194522 -0.974349 -0.113161
    outer loop
      vertex 0.589716 -66.9557 30.003
      vertex 0.595284 -66.3569 24.8376
      vertex 0.595284 -66.9568 30.0029
    endloop
  endfacet
  facet normal -0.195068 -0.974241 -0.113151
    outer loop
      vertex 0.30021 -66.2986 24.8444
      vertex 0.589716 -66.9557 30.003
      vertex 0.30021 -66.8985 30.0096
    endloop
  endfacet
  facet normal 0.657898 0.748079 0.0868822
    outer loop
      vertex -1.62208 -70.7828 29.5586
      vertex -1.62634 -70.1792 24.3937
      vertex -1.62634 -70.7791 29.559
    endloop
  endfacet
  facet normal 0.659463 0.746718 0.0867218
    outer loop
      vertex -1.62634 -70.1792 24.3937
      vertex -1.62208 -70.7828 29.5586
      vertex -1.40015 -70.3763 24.3708
    endloop
  endfacet
  facet normal 0.896924 0.439234 0.0510015
    outer loop
      vertex -1.99437 -70.3008 29.6145
      vertex -1.99186 -69.7061 24.4487
      vertex -2.12492 -69.438 24.4798
    endloop
  endfacet
  facet normal 0.898421 0.436205 0.0506535
    outer loop
      vertex -1.99186 -69.7061 24.4487
      vertex -1.99437 -70.3008 29.6145
      vertex -1.99186 -70.3059 29.6139
    endloop
  endfacet
  facet normal 0.443324 -0.890378 -0.103392
    outer loop
      vertex -0.885263 -67.0553 29.9914
      vertex -0.880172 -66.453 24.8264
      vertex -0.880172 -67.0528 29.9917
    endloop
  endfacet
  facet normal 0.442337 -0.890863 -0.103449
    outer loop
      vertex -0.880172 -66.453 24.8264
      vertex -0.885263 -67.0553 29.9914
      vertex -1.15 -66.5852 24.8111
    endloop
  endfacet
  facet normal 0.000987916 -0.116956 0.993137
    outer loop
      vertex -0.880172 -66.453 24.8264
      vertex -1.15 -66.5852 24.8111
      vertex -1.40015 -66.7512 24.7918
    endloop
  endfacet
  facet normal -0.000987916 -0.116956 0.993137
    outer loop
      vertex 1.40015 -66.7512 24.7918
      vertex 1.15 -66.5852 24.8111
      vertex 0.880172 -66.453 24.8264
    endloop
  endfacet
  facet normal -0.657897 -0.748067 -0.0869875
    outer loop
      vertex 1.40015 -66.7512 24.7918
      vertex 1.62634 -67.5481 29.9342
      vertex 1.62208 -67.5444 29.9346
    endloop
  endfacet
  facet normal -0.659277 -0.74688 -0.086743
    outer loop
      vertex 1.62634 -67.5481 29.9342
      vertex 1.40015 -66.7512 24.7918
      vertex 1.62634 -66.9482 24.7689
    endloop
  endfacet
  facet normal -0.946914 -0.319341 -0.0370883
    outer loop
      vertex 2.12492 -67.6894 24.6828
      vertex 2.2198 -68.5669 29.8159
      vertex 2.12492 -68.2893 29.8481
    endloop
  endfacet
  facet normal -0.896903 -0.439276 -0.0510176
    outer loop
      vertex 2.12492 -67.6894 24.6828
      vertex 2.12492 -68.2893 29.8481
      vertex 1.99437 -68.0263 29.8787
    endloop
  endfacet
  facet normal -0.00294614 -0.117079 0.993118
    outer loop
      vertex 2.12492 -67.6894 24.6828
      vertex 1.99186 -67.4214 24.714
      vertex 1.82471 -67.1729 24.7428
    endloop
  endfacet
  facet normal -0.831475 -0.551852 -0.0640927
    outer loop
      vertex 1.99186 -67.4214 24.714
      vertex 1.9887 -68.0166 29.8798
      vertex 1.82471 -67.1729 24.7428
    endloop
  endfacet
  facet normal -0.831308 -0.552101 -0.0641212
    outer loop
      vertex 1.9887 -68.0166 29.8798
      vertex 1.99186 -67.4214 24.714
      vertex 1.99186 -68.0213 29.8793
    endloop
  endfacet
  facet normal 0.00231635 -0.115105 0.993351
    outer loop
      vertex 2.3 -68.5637 24.5813
      vertex 2.28032 -68.2655 24.6159
      vertex 2.22163 -67.9724 24.65
    endloop
  endfacet
  facet normal 0.000776351 -0.115307 0.99333
    outer loop
      vertex 2.28032 -68.8619 24.5467
      vertex 2.3 -68.5637 24.5813
      vertex 2.22163 -67.9724 24.65
    endloop
  endfacet
  facet normal -0.0652652 0.991205 0.115119
    outer loop
      vertex 0.30021 -70.8288 24.3183
      vertex 0 -71.4482 29.4813
      vertex 0.30021 -71.4287 29.4836
    endloop
  endfacet
  facet normal -0.065594 0.991186 0.115098
    outer loop
      vertex 0 -71.4482 29.4813
      vertex 0.30021 -70.8288 24.3183
      vertex 0 -70.8484 24.316
    endloop
  endfacet
  facet normal 0.831479 -0.551847 -0.0640918
    outer loop
      vertex -1.82471 -67.1729 24.7428
      vertex -1.82471 -67.7728 29.9081
      vertex -1.9887 -68.0166 29.8798
    endloop
  endfacet
  facet normal -0.442337 0.890863 0.103448
    outer loop
      vertex 1.15 -70.5423 24.3515
      vertex 0.880172 -71.2743 29.5015
      vertex 1.15 -71.1421 29.5168
    endloop
  endfacet
  facet normal -0.442337 0.890863 0.103448
    outer loop
      vertex 0.880172 -71.2743 29.5015
      vertex 1.15 -70.5423 24.3515
      vertex 0.880172 -70.6745 24.3362
    endloop
  endfacet
  facet normal -0.659303 0.746859 0.086726
    outer loop
      vertex 1.62208 -70.7828 29.5586
      vertex 1.40015 -70.3763 24.3708
      vertex 1.40015 -70.9761 29.5361
    endloop
  endfacet
  facet normal 0.00038243 -0.115042 0.993361
    outer loop
      vertex -2.12492 -69.438 24.4798
      vertex -1.99186 -69.7061 24.4487
      vertex -2.22163 -69.1551 24.5126
    endloop
  endfacet
  facet normal 0.831479 0.551847 0.0640918
    outer loop
      vertex -1.82471 -70.5544 29.5851
      vertex -1.82471 -69.9545 24.4198
      vertex -1.9887 -70.3106 29.6134
    endloop
  endfacet
  facet normal -0.00152037 -0.115824 0.993269
    outer loop
      vertex -2.22163 -69.1551 24.5126
      vertex -1.99186 -69.7061 24.4487
      vertex -2.28032 -68.8619 24.5467
    endloop
  endfacet
  facet normal -6.09046e-05 -0.115523 0.993305
    outer loop
      vertex -1.62634 -70.1792 24.3937
      vertex -1.15 -70.5423 24.3515
      vertex -1.99186 -69.7061 24.4487
    endloop
  endfacet
  facet normal 0.659303 0.746859 0.086726
    outer loop
      vertex -1.40015 -70.9761 29.5361
      vertex -1.40015 -70.3763 24.3708
      vertex -1.62208 -70.7828 29.5586
    endloop
  endfacet
  facet normal -0.000827048 -0.118302 0.992977
    outer loop
      vertex -0.595284 -70.7705 24.325
      vertex -0.30021 -70.8288 24.3183
      vertex -0.880172 -70.6745 24.3362
    endloop
  endfacet
  facet normal 0.894989 -0.443109 -0.0514629
    outer loop
      vertex -1.99437 -68.0263 29.8787
      vertex -1.99186 -67.4214 24.714
      vertex -1.99186 -68.0213 29.8793
    endloop
  endfacet
  facet normal 0.896867 -0.439348 -0.0510214
    outer loop
      vertex -1.99186 -67.4214 24.714
      vertex -1.99437 -68.0263 29.8787
      vertex -2.12492 -67.6894 24.6828
    endloop
  endfacet
  facet normal 0.831475 -0.551852 -0.0640927
    outer loop
      vertex -1.9887 -68.0166 29.8798
      vertex -1.99186 -67.4214 24.714
      vertex -1.82471 -67.1729 24.7428
    endloop
  endfacet
  facet normal 0.831308 -0.552101 -0.0641212
    outer loop
      vertex -1.99186 -67.4214 24.714
      vertex -1.9887 -68.0166 29.8798
      vertex -1.99186 -68.0213 29.8793
    endloop
  endfacet
  facet normal 0.555509 0.825961 0.0959114
    outer loop
      vertex -1.15 -71.1421 29.5168
      vertex -1.40015 -70.3763 24.3708
      vertex -1.40015 -70.9761 29.5361
    endloop
  endfacet
  facet normal 0.555509 0.825961 0.0959114
    outer loop
      vertex -1.40015 -70.3763 24.3708
      vertex -1.15 -71.1421 29.5168
      vertex -1.15 -70.5423 24.3515
    endloop
  endfacet
  facet normal 0.442337 0.890863 0.103448
    outer loop
      vertex -0.880172 -71.2743 29.5015
      vertex -1.15 -70.5423 24.3515
      vertex -1.15 -71.1421 29.5168
    endloop
  endfacet
  facet normal 0.442337 0.890863 0.103448
    outer loop
      vertex -1.15 -70.5423 24.3515
      vertex -0.880172 -71.2743 29.5015
      vertex -0.880172 -70.6745 24.3362
    endloop
  endfacet
  facet normal 0.0652652 0.991205 0.115119
    outer loop
      vertex 0 -71.4482 29.4813
      vertex -0.30021 -70.8288 24.3183
      vertex -0.30021 -71.4287 29.4836
    endloop
  endfacet
  facet normal 0.065594 0.991186 0.115098
    outer loop
      vertex -0.30021 -70.8288 24.3183
      vertex 0 -71.4482 29.4813
      vertex 0 -70.8484 24.316
    endloop
  endfacet
  facet normal 0.00022986 -0.115234 0.993338
    outer loop
      vertex -1.99186 -69.7061 24.4487
      vertex -1.15 -70.5423 24.3515
      vertex -2.28032 -68.8619 24.5467
    endloop
  endfacet
  facet normal -0.000121916 -0.115468 0.993311
    outer loop
      vertex -1.15 -70.5423 24.3515
      vertex -0.30021 -70.8288 24.3183
      vertex -2.28032 -68.8619 24.5467
    endloop
  endfacet
  facet normal -0.980787 -0.193781 -0.022502
    outer loop
      vertex 2.28032 70.7999 40.7655
      vertex 2.27922 70.2056 45.9314
      vertex 2.22163 71.093 40.7995
    endloop
  endfacet
  facet normal -0.980802 -0.193707 -0.0224934
    outer loop
      vertex 2.27922 70.2056 45.9314
      vertex 2.28032 70.7999 40.7655
      vertex 2.28032 70.2001 45.9308
    endloop
  endfacet
  facet normal -0.997858 0.064979 0.00754668
    outer loop
      vertex 2.28032 70.2035 40.6962
      vertex 2.3 69.9018 45.8961
      vertex 2.3 70.5017 40.7308
    endloop
  endfacet
  facet normal -0.997858 0.064979 0.00754668
    outer loop
      vertex 2.3 69.9018 45.8961
      vertex 2.28032 70.2035 40.6962
      vertex 2.28032 69.6036 45.8615
    endloop
  endfacet
  facet normal -0.000776351 -0.115307 0.99333
    outer loop
      vertex -2.28032 70.2035 40.6962
      vertex -2.22163 71.093 40.7995
      vertex -2.3 70.5017 40.7308
    endloop
  endfacet
  facet normal -0.44169 -0.891179 -0.103487
    outer loop
      vertex 0.880172 72.6124 40.976
      vertex 0.885263 72.0101 46.141
      vertex 0.880172 72.0126 46.1412
    endloop
  endfacet
  facet normal -0.442368 -0.890848 -0.103447
    outer loop
      vertex 0.885263 72.0101 46.141
      vertex 0.880172 72.6124 40.976
      vertex 1.15 72.4802 40.9606
    endloop
  endfacet
  facet normal 0.659488 0.746698 0.0867073
    outer loop
      vertex -1.40442 68.093 45.6861
      vertex -1.62634 68.8862 40.5432
      vertex -1.62634 68.2864 45.7085
    endloop
  endfacet
  facet normal 0.751764 0.65503 0.0760628
    outer loop
      vertex -1.62634 68.2864 45.7085
      vertex -1.62634 68.8862 40.5432
      vertex -1.82097 68.5068 45.7341
    endloop
  endfacet
  facet normal -0.659488 0.746698 0.0867073
    outer loop
      vertex 1.62634 68.2864 45.7085
      vertex 1.62634 68.8862 40.5432
      vertex 1.40442 68.093 45.6861
    endloop
  endfacet
  facet normal -0.000418654 -0.114865 0.993381
    outer loop
      vertex -0.880172 72.6124 40.976
      vertex -1.15 72.4802 40.9606
      vertex -1.40015 72.3142 40.9413
    endloop
  endfacet
  facet normal 0.00127444 -0.113524 0.993534
    outer loop
      vertex -1.40015 68.6892 40.5204
      vertex -1.15 68.5231 40.5011
      vertex -1.62634 68.8862 40.5432
    endloop
  endfacet
  facet normal -0.0652652 0.991205 0.115119
    outer loop
      vertex 0.30021 68.2366 40.4678
      vertex 0 67.6172 45.6308
      vertex 0.30021 67.6367 45.6331
    endloop
  endfacet
  facet normal -0.065594 0.991186 0.115098
    outer loop
      vertex 0 67.6172 45.6308
      vertex 0.30021 68.2366 40.4678
      vertex 0 68.217 40.4655
    endloop
  endfacet
  facet normal -0.831479 -0.551849 -0.0640812
    outer loop
      vertex 1.99186 71.644 40.8635
      vertex 1.99186 71.0442 46.0288
      vertex 1.82787 71.288 46.0571
    endloop
  endfacet
  facet normal 0.195095 0.974236 0.113148
    outer loop
      vertex -0.30021 67.6367 45.6331
      vertex -0.595284 68.2949 40.4746
      vertex -0.595284 67.695 45.6399
    endloop
  endfacet
  facet normal 0.195095 0.974236 0.113148
    outer loop
      vertex -0.595284 68.2949 40.4746
      vertex -0.30021 67.6367 45.6331
      vertex -0.30021 68.2366 40.4678
    endloop
  endfacet
  facet normal -0.751842 -0.654941 -0.0760651
    outer loop
      vertex 1.82471 71.8925 40.8924
      vertex 1.62634 71.5173 46.0837
      vertex 1.62634 72.1172 40.9184
    endloop
  endfacet
  facet normal -0.751859 -0.654922 -0.0760644
    outer loop
      vertex 1.62634 71.5173 46.0837
      vertex 1.82471 71.8925 40.8924
      vertex 1.82471 71.2926 46.0576
    endloop
  endfacet
  facet normal 0.000418654 -0.114865 0.993381
    outer loop
      vertex 1.40015 72.3142 40.9413
      vertex 1.15 72.4802 40.9606
      vertex 0.880172 72.6124 40.976
    endloop
  endfacet
  facet normal -0.946914 -0.319341 -0.0370822
    outer loop
      vertex 2.22163 71.093 40.7995
      vertex 2.22163 70.4932 45.9648
      vertex 2.12675 70.7708 45.997
    endloop
  endfacet
  facet normal -0.3349 0.936059 0.107872
    outer loop
      vertex 0.880172 68.3909 40.4857
      vertex 0.595284 67.695 45.6399
      vertex 0.600659 67.6969 45.6401
    endloop
  endfacet
  facet normal -0.32124 0.940675 0.10925
    outer loop
      vertex 0.595284 67.695 45.6399
      vertex 0.880172 68.3909 40.4857
      vertex 0.595284 68.2949 40.4746
    endloop
  endfacet
  facet normal -0.00127444 -0.113524 0.993534
    outer loop
      vertex 1.40015 68.6892 40.5204
      vertex 1.62634 68.8862 40.5432
      vertex 1.15 68.5231 40.5011
    endloop
  endfacet
  facet normal -9.96767e-06 -0.115322 0.993328
    outer loop
      vertex 1.99186 69.3594 40.5982
      vertex 2.28032 70.2035 40.6962
      vertex 1.15 68.5231 40.5011
    endloop
  endfacet
  facet normal -0.658179 0.747825 0.0869377
    outer loop
      vertex 1.62634 68.8862 40.5432
      vertex 1.40015 68.0893 45.6856
      vertex 1.40442 68.093 45.6861
    endloop
  endfacet
  facet normal -0.659255 0.746899 0.0867468
    outer loop
      vertex 1.40015 68.0893 45.6856
      vertex 1.62634 68.8862 40.5432
      vertex 1.40015 68.6892 40.5204
    endloop
  endfacet
  facet normal -0.000522762 -0.115851 0.993266
    outer loop
      vertex -1.62634 68.8862 40.5432
      vertex -1.15 68.5231 40.5011
      vertex -1.99186 69.3594 40.5982
    endloop
  endfacet
  facet normal 0.980787 0.193781 0.0225039
    outer loop
      vertex -2.22274 69.3161 45.8281
      vertex -2.22163 69.9104 40.6622
      vertex -2.28032 70.2035 40.6962
    endloop
  endfacet
  facet normal 0.981125 0.192083 0.0223086
    outer loop
      vertex -2.22163 69.9104 40.6622
      vertex -2.22274 69.3161 45.8281
      vertex -2.22163 69.3105 45.8275
    endloop
  endfacet
  facet normal -0.980786 -0.193783 -0.0225023
    outer loop
      vertex 2.22163 71.093 40.7995
      vertex 2.27922 70.2056 45.9314
      vertex 2.22163 70.4932 45.9648
    endloop
  endfacet
  facet normal 9.86989e-06 -0.115385 0.993321
    outer loop
      vertex 2.28032 70.2035 40.6962
      vertex 2.12492 71.376 40.8324
      vertex 1.82471 71.8925 40.8924
    endloop
  endfacet
  facet normal 0 -0.116175 0.993229
    outer loop
      vertex 0.595284 72.7085 40.9871
      vertex 0 72.7863 40.9962
      vertex -0.595284 72.7085 40.9871
    endloop
  endfacet
  facet normal -0.0655558 -0.991188 -0.1151
    outer loop
      vertex 0 72.7863 40.9962
      vertex 0.30021 72.1669 46.1592
      vertex 0 72.1865 46.1614
    endloop
  endfacet
  facet normal -0.0652652 -0.991205 -0.115119
    outer loop
      vertex 0.30021 72.1669 46.1592
      vertex 0 72.7863 40.9962
      vertex 0.30021 72.7668 40.9939
    endloop
  endfacet
  facet normal 9.96767e-06 -0.115322 0.993328
    outer loop
      vertex -1.99186 69.3594 40.5982
      vertex -1.15 68.5231 40.5011
      vertex -2.28032 70.2035 40.6962
    endloop
  endfacet
  facet normal -0.555482 0.825976 0.0959311
    outer loop
      vertex 1.40015 68.6892 40.5204
      vertex 1.15 67.9233 45.6664
      vertex 1.40015 68.0893 45.6856
    endloop
  endfacet
  facet normal -0.555737 0.825809 0.0958938
    outer loop
      vertex 1.15 67.9233 45.6664
      vertex 1.40015 68.6892 40.5204
      vertex 1.15 68.5231 40.5011
    endloop
  endfacet
  facet normal 0.896903 -0.439277 -0.0510093
    outer loop
      vertex -1.99186 71.644 40.8635
      vertex -1.99186 71.0442 46.0288
      vertex -2.12241 70.7812 45.9982
    endloop
  endfacet
  facet normal 0.00142693 -0.114572 0.993414
    outer loop
      vertex 2.12492 71.376 40.8324
      vertex 1.99186 71.644 40.8635
      vertex 1.82471 71.8925 40.8924
    endloop
  endfacet
  facet normal -0.195106 -0.974234 -0.113148
    outer loop
      vertex 0.30021 72.7668 40.9939
      vertex 0.589716 72.1097 46.1525
      vertex 0.30021 72.1669 46.1592
    endloop
  endfacet
  facet normal -0.896859 0.439362 0.0510277
    outer loop
      vertex 1.99186 69.3594 40.5982
      vertex 2.12492 69.0275 45.7946
      vertex 2.12492 69.6274 40.6293
    endloop
  endfacet
  facet normal -0.896859 0.439362 0.0510277
    outer loop
      vertex 2.12492 69.0275 45.7946
      vertex 1.99186 69.3594 40.5982
      vertex 1.99186 68.7595 45.7635
    endloop
  endfacet
  facet normal 0.000699792 -0.116789 0.993157
    outer loop
      vertex -0.595284 72.7085 40.9871
      vertex -0.880172 72.6124 40.976
      vertex -1.40015 72.3142 40.9413
    endloop
  endfacet
  facet normal -0.896903 -0.439277 -0.0510093
    outer loop
      vertex 1.99186 71.644 40.8635
      vertex 2.12241 70.7812 45.9982
      vertex 1.99186 71.0442 46.0288
    endloop
  endfacet
  facet normal 0.658179 0.747825 0.0869377
    outer loop
      vertex -1.40015 68.0893 45.6856
      vertex -1.62634 68.8862 40.5432
      vertex -1.40442 68.093 45.6861
    endloop
  endfacet
  facet normal 0.659255 0.746899 0.0867468
    outer loop
      vertex -1.62634 68.8862 40.5432
      vertex -1.40015 68.0893 45.6856
      vertex -1.40015 68.6892 40.5204
    endloop
  endfacet
  facet normal 0.749138 0.657992 0.0764194
    outer loop
      vertex -1.82097 68.5068 45.7341
      vertex -1.82471 69.1109 40.5693
      vertex -1.82471 68.511 45.7346
    endloop
  endfacet
  facet normal 0.751859 0.654923 0.0760585
    outer loop
      vertex -1.82471 69.1109 40.5693
      vertex -1.82097 68.5068 45.7341
      vertex -1.62634 68.8862 40.5432
    endloop
  endfacet
  facet normal -0.000438605 -0.115329 0.993327
    outer loop
      vertex -2.12492 71.376 40.8324
      vertex -2.22163 71.093 40.7995
      vertex -2.28032 70.2035 40.6962
    endloop
  endfacet
  facet normal 5.50306e-05 -0.115292 0.993332
    outer loop
      vertex -1.15 68.5231 40.5011
      vertex -0.30021 68.2366 40.4678
      vertex -2.28032 70.2035 40.6962
    endloop
  endfacet
  facet normal -3.23678e-05 -0.115379 0.993322
    outer loop
      vertex -0.30021 68.2366 40.4678
      vertex -1.82471 71.8925 40.8924
      vertex -2.28032 70.2035 40.6962
    endloop
  endfacet
  facet normal -0.831479 0.551847 0.0640918
    outer loop
      vertex 1.99186 68.7595 45.7635
      vertex 1.99186 69.3594 40.5982
      vertex 1.82787 68.5157 45.7352
    endloop
  endfacet
  facet normal 0.000522762 -0.115851 0.993266
    outer loop
      vertex 1.62634 68.8862 40.5432
      vertex 1.99186 69.3594 40.5982
      vertex 1.15 68.5231 40.5011
    endloop
  endfacet
  facet normal -5.50306e-05 -0.115292 0.993332
    outer loop
      vertex 1.15 68.5231 40.5011
      vertex 2.28032 70.2035 40.6962
      vertex 0.30021 68.2366 40.4678
    endloop
  endfacet
  facet normal -0.321277 0.940664 0.109231
    outer loop
      vertex 0.880172 67.7911 45.651
      vertex 0.880172 68.3909 40.4857
      vertex 0.600659 67.6969 45.6401
    endloop
  endfacet
  facet normal 0.98078 0.193814 0.0225096
    outer loop
      vertex -2.22274 69.3161 45.8281
      vertex -2.28032 70.2035 40.6962
      vertex -2.28032 69.6036 45.8615
    endloop
  endfacet
  facet normal 0.997858 0.064979 0.00754668
    outer loop
      vertex -2.3 69.9018 45.8961
      vertex -2.28032 70.2035 40.6962
      vertex -2.3 70.5017 40.7308
    endloop
  endfacet
  facet normal 0.997858 0.064979 0.00754668
    outer loop
      vertex -2.28032 70.2035 40.6962
      vertex -2.3 69.9018 45.8961
      vertex -2.28032 69.6036 45.8615
    endloop
  endfacet
  facet normal -0.896859 -0.439363 -0.0510248
    outer loop
      vertex 2.12492 71.376 40.8324
      vertex 2.12241 70.7812 45.9982
      vertex 1.99186 71.644 40.8635
    endloop
  endfacet
  facet normal -0.89803 -0.436996 -0.0507529
    outer loop
      vertex 2.12241 70.7812 45.9982
      vertex 2.12492 71.376 40.8324
      vertex 2.12492 70.7761 45.9977
    endloop
  endfacet
  facet normal -0.831487 -0.551836 -0.0640806
    outer loop
      vertex 1.82787 71.288 46.0571
      vertex 1.82471 71.8925 40.8924
      vertex 1.99186 71.644 40.8635
    endloop
  endfacet
  facet normal -0.825791 -0.56021 -0.0650643
    outer loop
      vertex 1.82471 71.8925 40.8924
      vertex 1.82787 71.288 46.0571
      vertex 1.82471 71.2926 46.0576
    endloop
  endfacet
  facet normal -9.83678e-05 -0.115578 0.993298
    outer loop
      vertex 1.62634 72.1172 40.9184
      vertex 1.40015 72.3142 40.9413
      vertex 0.595284 72.7085 40.9871
    endloop
  endfacet
  facet normal -0.0026895 -0.11576 0.993274
    outer loop
      vertex 2.3 70.5017 40.7308
      vertex 2.28032 70.7999 40.7655
      vertex 2.22163 71.093 40.7995
    endloop
  endfacet
  facet normal 0.000776351 -0.115307 0.99333
    outer loop
      vertex 2.28032 70.2035 40.6962
      vertex 2.3 70.5017 40.7308
      vertex 2.22163 71.093 40.7995
    endloop
  endfacet
  facet normal -0.946933 0.319286 0.0370792
    outer loop
      vertex 2.2198 69.3052 45.8268
      vertex 2.22163 69.9104 40.6622
      vertex 2.12492 69.6274 40.6293
    endloop
  endfacet
  facet normal -0.946092 0.321734 0.0373664
    outer loop
      vertex 2.22163 69.9104 40.6622
      vertex 2.2198 69.3052 45.8268
      vertex 2.22163 69.3105 45.8275
    endloop
  endfacet
  facet normal -0.946949 0.319239 0.0370765
    outer loop
      vertex 2.2198 69.3052 45.8268
      vertex 2.12492 69.6274 40.6293
      vertex 2.12492 69.0275 45.7946
    endloop
  endfacet
  facet normal 0.0026895 -0.11576 0.993274
    outer loop
      vertex -2.22163 71.093 40.7995
      vertex -2.28032 70.7999 40.7655
      vertex -2.3 70.5017 40.7308
    endloop
  endfacet
  facet normal 0.997858 -0.0649766 -0.00754517
    outer loop
      vertex -2.29963 69.9075 45.8968
      vertex -2.3 70.5017 40.7308
      vertex -2.28032 70.7999 40.7655
    endloop
  endfacet
  facet normal 0.997931 -0.063867 -0.00741754
    outer loop
      vertex -2.3 70.5017 40.7308
      vertex -2.29963 69.9075 45.8968
      vertex -2.3 69.9018 45.8961
    endloop
  endfacet
  facet normal -9.86989e-06 -0.115385 0.993321
    outer loop
      vertex -1.82471 71.8925 40.8924
      vertex -2.12492 71.376 40.8324
      vertex -2.28032 70.2035 40.6962
    endloop
  endfacet
  facet normal 0.552104 -0.828183 -0.0964076
    outer loop
      vertex -1.40015 71.7144 46.1066
      vertex -1.15 72.4802 40.9606
      vertex -1.39543 71.7175 46.107
    endloop
  endfacet
  facet normal 0.555509 -0.825961 -0.0959114
    outer loop
      vertex -1.15 72.4802 40.9606
      vertex -1.40015 71.7144 46.1066
      vertex -1.40015 72.3142 40.9413
    endloop
  endfacet
  facet normal 0.195106 -0.974234 -0.113148
    outer loop
      vertex -0.30021 72.7668 40.9939
      vertex -0.30021 72.1669 46.1592
      vertex -0.589716 72.1097 46.1525
    endloop
  endfacet
  facet normal -0.195095 -0.974236 -0.113149
    outer loop
      vertex 0.595284 72.7085 40.9871
      vertex 0.589716 72.1097 46.1525
      vertex 0.30021 72.7668 40.9939
    endloop
  endfacet
  facet normal -0.194522 -0.974349 -0.113161
    outer loop
      vertex 0.589716 72.1097 46.1525
      vertex 0.595284 72.7085 40.9871
      vertex 0.595284 72.1086 46.1524
    endloop
  endfacet
  facet normal 0.0652652 0.991205 0.115119
    outer loop
      vertex 0 67.6172 45.6308
      vertex -0.30021 68.2366 40.4678
      vertex -0.30021 67.6367 45.6331
    endloop
  endfacet
  facet normal 0.065594 0.991186 0.115098
    outer loop
      vertex -0.30021 68.2366 40.4678
      vertex 0 67.6172 45.6308
      vertex 0 68.217 40.4655
    endloop
  endfacet
  facet normal 0.443394 0.890344 0.103388
    outer loop
      vertex -1.14491 67.9208 45.6661
      vertex -1.15 68.5231 40.5011
      vertex -1.15 67.9233 45.6664
    endloop
  endfacet
  facet normal 0.442368 0.890848 0.103447
    outer loop
      vertex -1.15 68.5231 40.5011
      vertex -1.14491 67.9208 45.6661
      vertex -0.880172 68.3909 40.4857
    endloop
  endfacet
  facet normal 0.442348 0.890857 0.103447
    outer loop
      vertex -0.880172 67.7911 45.651
      vertex -0.880172 68.3909 40.4857
      vertex -1.14491 67.9208 45.6661
    endloop
  endfacet
  facet normal 0.555482 0.825976 0.0959311
    outer loop
      vertex -1.15 67.9233 45.6664
      vertex -1.40015 68.6892 40.5204
      vertex -1.40015 68.0893 45.6856
    endloop
  endfacet
  facet normal 0.555737 0.825809 0.0958938
    outer loop
      vertex -1.40015 68.6892 40.5204
      vertex -1.15 67.9233 45.6664
      vertex -1.15 68.5231 40.5011
    endloop
  endfacet
  facet normal -0.831487 0.551835 0.0640894
    outer loop
      vertex 1.82471 69.1109 40.5693
      vertex 1.82787 68.5157 45.7352
      vertex 1.99186 69.3594 40.5982
    endloop
  endfacet
  facet normal -0.831933 0.551171 0.0640132
    outer loop
      vertex 1.82787 68.5157 45.7352
      vertex 1.82471 69.1109 40.5693
      vertex 1.82471 68.511 45.7346
    endloop
  endfacet
  facet normal -0.751764 0.65503 0.0760628
    outer loop
      vertex 1.82097 68.5068 45.7341
      vertex 1.62634 68.8862 40.5432
      vertex 1.62634 68.2864 45.7085
    endloop
  endfacet
  facet normal -0.195095 0.974236 0.113148
    outer loop
      vertex 0.595284 68.2949 40.4746
      vertex 0.30021 67.6367 45.6331
      vertex 0.595284 67.695 45.6399
    endloop
  endfacet
  facet normal -0.195095 0.974236 0.113148
    outer loop
      vertex 0.30021 67.6367 45.6331
      vertex 0.595284 68.2949 40.4746
      vertex 0.30021 68.2366 40.4678
    endloop
  endfacet
  facet normal 0.000278945 -0.116269 0.993218
    outer loop
      vertex 0.880172 68.3909 40.4857
      vertex 1.15 68.5231 40.5011
      vertex 0.30021 68.2366 40.4678
    endloop
  endfacet
  facet normal -0.000278945 -0.116269 0.993218
    outer loop
      vertex -0.880172 68.3909 40.4857
      vertex -0.30021 68.2366 40.4678
      vertex -1.15 68.5231 40.5011
    endloop
  endfacet
  facet normal 0 -0.115366 0.993323
    outer loop
      vertex 1.82471 71.8925 40.8924
      vertex -0.30021 68.2366 40.4678
      vertex 0.30021 68.2366 40.4678
    endloop
  endfacet
  facet normal 0 -0.115366 0.993323
    outer loop
      vertex -0.30021 68.2366 40.4678
      vertex 1.82471 71.8925 40.8924
      vertex -1.82471 71.8925 40.8924
    endloop
  endfacet
  facet normal 0 -0.116547 0.993185
    outer loop
      vertex 0 68.217 40.4655
      vertex 0.30021 68.2366 40.4678
      vertex -0.30021 68.2366 40.4678
    endloop
  endfacet
  facet normal -0.000675352 -0.115967 0.993253
    outer loop
      vertex -1.82471 69.1109 40.5693
      vertex -1.62634 68.8862 40.5432
      vertex -1.99186 69.3594 40.5982
    endloop
  endfacet
  facet normal 0.831487 0.551835 0.0640894
    outer loop
      vertex -1.82787 68.5157 45.7352
      vertex -1.82471 69.1109 40.5693
      vertex -1.99186 69.3594 40.5982
    endloop
  endfacet
  facet normal 0.831933 0.551171 0.0640132
    outer loop
      vertex -1.82471 69.1109 40.5693
      vertex -1.82787 68.5157 45.7352
      vertex -1.82471 68.511 45.7346
    endloop
  endfacet
  facet normal -0.980787 0.193781 0.0225039
    outer loop
      vertex 2.22163 69.9104 40.6622
      vertex 2.22274 69.3161 45.8281
      vertex 2.28032 70.2035 40.6962
    endloop
  endfacet
  facet normal -0.981125 0.192083 0.0223086
    outer loop
      vertex 2.22274 69.3161 45.8281
      vertex 2.22163 69.9104 40.6622
      vertex 2.22163 69.3105 45.8275
    endloop
  endfacet
  facet normal -0.98078 0.193814 0.0225096
    outer loop
      vertex 2.28032 69.6036 45.8615
      vertex 2.28032 70.2035 40.6962
      vertex 2.22274 69.3161 45.8281
    endloop
  endfacet
  facet normal -0.000699792 -0.116789 0.993157
    outer loop
      vertex 1.40015 72.3142 40.9413
      vertex 0.880172 72.6124 40.976
      vertex 0.595284 72.7085 40.9871
    endloop
  endfacet
  facet normal -0.946933 -0.319286 -0.0370792
    outer loop
      vertex 2.12675 70.7708 45.997
      vertex 2.12492 71.376 40.8324
      vertex 2.22163 71.093 40.7995
    endloop
  endfacet
  facet normal -0.946092 -0.321734 -0.0373664
    outer loop
      vertex 2.12492 71.376 40.8324
      vertex 2.12675 70.7708 45.997
      vertex 2.12492 70.7761 45.9977
    endloop
  endfacet
  facet normal 0.000438605 -0.115329 0.993327
    outer loop
      vertex 2.28032 70.2035 40.6962
      vertex 2.22163 71.093 40.7995
      vertex 2.12492 71.376 40.8324
    endloop
  endfacet
  facet normal -0.997858 -0.0649764 -0.00754513
    outer loop
      vertex 2.28032 70.7999 40.7655
      vertex 2.29963 69.9075 45.8968
      vertex 2.28032 70.2001 45.9308
    endloop
  endfacet
  facet normal -0.997858 -0.0649766 -0.00754517
    outer loop
      vertex 2.3 70.5017 40.7308
      vertex 2.29963 69.9075 45.8968
      vertex 2.28032 70.7999 40.7655
    endloop
  endfacet
  facet normal -0.997931 -0.063867 -0.00741754
    outer loop
      vertex 2.29963 69.9075 45.8968
      vertex 2.3 70.5017 40.7308
      vertex 2.3 69.9018 45.8961
    endloop
  endfacet
  facet normal 0.946914 -0.319341 -0.0370822
    outer loop
      vertex -2.22163 71.093 40.7995
      vertex -2.12675 70.7708 45.997
      vertex -2.22163 70.4932 45.9648
    endloop
  endfacet
  facet normal -0.00142693 -0.114572 0.993414
    outer loop
      vertex -1.82471 71.8925 40.8924
      vertex -1.99186 71.644 40.8635
      vertex -2.12492 71.376 40.8324
    endloop
  endfacet
  facet normal 0.980787 -0.193781 -0.022502
    outer loop
      vertex -2.27922 70.2056 45.9314
      vertex -2.28032 70.7999 40.7655
      vertex -2.22163 71.093 40.7995
    endloop
  endfacet
  facet normal 0.980802 -0.193707 -0.0224934
    outer loop
      vertex -2.28032 70.7999 40.7655
      vertex -2.27922 70.2056 45.9314
      vertex -2.28032 70.2001 45.9308
    endloop
  endfacet
  facet normal 0.997858 -0.0649764 -0.00754513
    outer loop
      vertex -2.28032 70.7999 40.7655
      vertex -2.28032 70.2001 45.9308
      vertex -2.29963 69.9075 45.8968
    endloop
  endfacet
  facet normal 0.44169 -0.891179 -0.103487
    outer loop
      vertex -0.885263 72.0101 46.141
      vertex -0.880172 72.6124 40.976
      vertex -0.880172 72.0126 46.1412
    endloop
  endfacet
  facet normal 0.442368 -0.890848 -0.103447
    outer loop
      vertex -0.880172 72.6124 40.976
      vertex -0.885263 72.0101 46.141
      vertex -1.15 72.4802 40.9606
    endloop
  endfacet
  facet normal 0 -0.11528 0.993333
    outer loop
      vertex -0.595284 72.7085 40.9871
      vertex 1.82471 71.8925 40.8924
      vertex 0.595284 72.7085 40.9871
    endloop
  endfacet
  facet normal 0 -0.11528 0.993333
    outer loop
      vertex 1.82471 71.8925 40.8924
      vertex -0.595284 72.7085 40.9871
      vertex -1.82471 71.8925 40.8924
    endloop
  endfacet
  facet normal 0.0655558 -0.991188 -0.1151
    outer loop
      vertex -0.30021 72.1669 46.1592
      vertex 0 72.7863 40.9962
      vertex 0 72.1865 46.1614
    endloop
  endfacet
  facet normal 0.0652652 -0.991205 -0.115119
    outer loop
      vertex 0 72.7863 40.9962
      vertex -0.30021 72.1669 46.1592
      vertex -0.30021 72.7668 40.9939
    endloop
  endfacet
  facet normal 0.194522 -0.974349 -0.113161
    outer loop
      vertex -0.595284 72.7085 40.9871
      vertex -0.589716 72.1097 46.1525
      vertex -0.595284 72.1086 46.1524
    endloop
  endfacet
  facet normal 0.195095 -0.974236 -0.113149
    outer loop
      vertex -0.589716 72.1097 46.1525
      vertex -0.595284 72.7085 40.9871
      vertex -0.30021 72.7668 40.9939
    endloop
  endfacet
  facet normal 0.000480741 -0.113452 0.993543
    outer loop
      vertex -0.595284 68.2949 40.4746
      vertex -0.30021 68.2366 40.4678
      vertex -0.880172 68.3909 40.4857
    endloop
  endfacet
  facet normal 0.3349 0.936059 0.107872
    outer loop
      vertex -0.595284 67.695 45.6399
      vertex -0.880172 68.3909 40.4857
      vertex -0.600659 67.6969 45.6401
    endloop
  endfacet
  facet normal 0.32124 0.940675 0.10925
    outer loop
      vertex -0.880172 68.3909 40.4857
      vertex -0.595284 67.695 45.6399
      vertex -0.595284 68.2949 40.4746
    endloop
  endfacet
  facet normal 0.980786 -0.193783 -0.0225023
    outer loop
      vertex -2.22163 71.093 40.7995
      vertex -2.22163 70.4932 45.9648
      vertex -2.27922 70.2056 45.9314
    endloop
  endfacet
  facet normal -0.751859 0.654923 0.0760585
    outer loop
      vertex 1.82097 68.5068 45.7341
      vertex 1.82471 69.1109 40.5693
      vertex 1.62634 68.8862 40.5432
    endloop
  endfacet
  facet normal -0.749138 0.657992 0.0764194
    outer loop
      vertex 1.82471 69.1109 40.5693
      vertex 1.82097 68.5068 45.7341
      vertex 1.82471 68.511 45.7346
    endloop
  endfacet
  facet normal 0.000675352 -0.115967 0.993253
    outer loop
      vertex 1.82471 69.1109 40.5693
      vertex 1.99186 69.3594 40.5982
      vertex 1.62634 68.8862 40.5432
    endloop
  endfacet
  facet normal 3.23678e-05 -0.115379 0.993322
    outer loop
      vertex 2.28032 70.2035 40.6962
      vertex 1.82471 71.8925 40.8924
      vertex 0.30021 68.2366 40.4678
    endloop
  endfacet
  facet normal -0.000480741 -0.113452 0.993543
    outer loop
      vertex 0.595284 68.2949 40.4746
      vertex 0.880172 68.3909 40.4857
      vertex 0.30021 68.2366 40.4678
    endloop
  endfacet
  facet normal -0.443394 0.890344 0.103388
    outer loop
      vertex 1.15 68.5231 40.5011
      vertex 1.14491 67.9208 45.6661
      vertex 1.15 67.9233 45.6664
    endloop
  endfacet
  facet normal -0.442368 0.890848 0.103447
    outer loop
      vertex 1.14491 67.9208 45.6661
      vertex 1.15 68.5231 40.5011
      vertex 0.880172 68.3909 40.4857
    endloop
  endfacet
  facet normal -0.442348 0.890857 0.103447
    outer loop
      vertex 1.14491 67.9208 45.6661
      vertex 0.880172 68.3909 40.4857
      vertex 0.880172 67.7911 45.651
    endloop
  endfacet
  facet normal 0.000692364 -0.115092 0.993355
    outer loop
      vertex -2.22163 69.9104 40.6622
      vertex -1.99186 69.3594 40.5982
      vertex -2.28032 70.2035 40.6962
    endloop
  endfacet
  facet normal 0.831479 0.551847 0.0640918
    outer loop
      vertex -1.82787 68.5157 45.7352
      vertex -1.99186 69.3594 40.5982
      vertex -1.99186 68.7595 45.7635
    endloop
  endfacet
  facet normal 0.896859 0.439362 0.0510277
    outer loop
      vertex -2.12492 69.0275 45.7946
      vertex -1.99186 69.3594 40.5982
      vertex -2.12492 69.6274 40.6293
    endloop
  endfacet
  facet normal 0.896859 0.439362 0.0510277
    outer loop
      vertex -1.99186 69.3594 40.5982
      vertex -2.12492 69.0275 45.7946
      vertex -1.99186 68.7595 45.7635
    endloop
  endfacet
  facet normal 0.946949 0.319239 0.0370765
    outer loop
      vertex -2.12492 69.0275 45.7946
      vertex -2.12492 69.6274 40.6293
      vertex -2.2198 69.3052 45.8268
    endloop
  endfacet
  facet normal 0.00134547 -0.11593 0.993256
    outer loop
      vertex 2.12492 69.6274 40.6293
      vertex 2.22163 69.9104 40.6622
      vertex 1.99186 69.3594 40.5982
    endloop
  endfacet
  facet normal -0.000692364 -0.115092 0.993355
    outer loop
      vertex 2.22163 69.9104 40.6622
      vertex 2.28032 70.2035 40.6962
      vertex 1.99186 69.3594 40.5982
    endloop
  endfacet
  facet normal -0.555574 -0.825917 -0.0959064
    outer loop
      vertex 1.15 72.4802 40.9606
      vertex 1.39543 71.7175 46.107
      vertex 1.15 71.8804 46.1259
    endloop
  endfacet
  facet normal -0.442349 -0.890857 -0.103447
    outer loop
      vertex 1.15 72.4802 40.9606
      vertex 1.15 71.8804 46.1259
      vertex 0.885263 72.0101 46.141
    endloop
  endfacet
  facet normal 0.831479 -0.551849 -0.0640812
    outer loop
      vertex -1.99186 71.644 40.8635
      vertex -1.82787 71.288 46.0571
      vertex -1.99186 71.0442 46.0288
    endloop
  endfacet
  facet normal 0.825791 -0.56021 -0.0650643
    outer loop
      vertex -1.82787 71.288 46.0571
      vertex -1.82471 71.8925 40.8924
      vertex -1.82471 71.2926 46.0576
    endloop
  endfacet
  facet normal 0.831487 -0.551836 -0.0640806
    outer loop
      vertex -1.82471 71.8925 40.8924
      vertex -1.82787 71.288 46.0571
      vertex -1.99186 71.644 40.8635
    endloop
  endfacet
  facet normal 0.000125982 -0.115224 0.99334
    outer loop
      vertex 0.595284 72.7085 40.9871
      vertex 0.30021 72.7668 40.9939
      vertex 0 72.7863 40.9962
    endloop
  endfacet
  facet normal -0.321275 -0.940663 -0.109249
    outer loop
      vertex 0.595284 72.7085 40.9871
      vertex 0.880172 72.0126 46.1412
      vertex 0.595284 72.1086 46.1524
    endloop
  endfacet
  facet normal -0.321536 -0.940577 -0.109223
    outer loop
      vertex 0.880172 72.0126 46.1412
      vertex 0.595284 72.7085 40.9871
      vertex 0.880172 72.6124 40.976
    endloop
  endfacet
  facet normal -0.552104 -0.828183 -0.0964076
    outer loop
      vertex 1.15 72.4802 40.9606
      vertex 1.40015 71.7144 46.1066
      vertex 1.39543 71.7175 46.107
    endloop
  endfacet
  facet normal -0.555509 -0.825961 -0.0959114
    outer loop
      vertex 1.40015 71.7144 46.1066
      vertex 1.15 72.4802 40.9606
      vertex 1.40015 72.3142 40.9413
    endloop
  endfacet
  facet normal 0.000547947 -0.114466 0.993427
    outer loop
      vertex 1.82471 71.8925 40.8924
      vertex 1.62634 72.1172 40.9184
      vertex 0.595284 72.7085 40.9871
    endloop
  endfacet
  facet normal 0.751842 -0.654941 -0.0760651
    outer loop
      vertex -1.62634 71.5173 46.0837
      vertex -1.82471 71.8925 40.8924
      vertex -1.62634 72.1172 40.9184
    endloop
  endfacet
  facet normal 0.751859 -0.654922 -0.0760644
    outer loop
      vertex -1.82471 71.8925 40.8924
      vertex -1.62634 71.5173 46.0837
      vertex -1.82471 71.2926 46.0576
    endloop
  endfacet
  facet normal 0.321275 -0.940663 -0.109249
    outer loop
      vertex -0.880172 72.0126 46.1412
      vertex -0.595284 72.7085 40.9871
      vertex -0.595284 72.1086 46.1524
    endloop
  endfacet
  facet normal 0.321536 -0.940577 -0.109223
    outer loop
      vertex -0.595284 72.7085 40.9871
      vertex -0.880172 72.0126 46.1412
      vertex -0.880172 72.6124 40.976
    endloop
  endfacet
  facet normal -0.000125982 -0.115224 0.99334
    outer loop
      vertex 0 72.7863 40.9962
      vertex -0.30021 72.7668 40.9939
      vertex -0.595284 72.7085 40.9871
    endloop
  endfacet
  facet normal 0.321277 0.940664 0.109231
    outer loop
      vertex -0.600659 67.6969 45.6401
      vertex -0.880172 68.3909 40.4857
      vertex -0.880172 67.7911 45.651
    endloop
  endfacet
  facet normal 0.896859 -0.439363 -0.0510248
    outer loop
      vertex -2.12241 70.7812 45.9982
      vertex -2.12492 71.376 40.8324
      vertex -1.99186 71.644 40.8635
    endloop
  endfacet
  facet normal 0.89803 -0.436996 -0.0507529
    outer loop
      vertex -2.12492 71.376 40.8324
      vertex -2.12241 70.7812 45.9982
      vertex -2.12492 70.7761 45.9977
    endloop
  endfacet
  facet normal 0.946092 -0.321734 -0.0373664
    outer loop
      vertex -2.12675 70.7708 45.997
      vertex -2.12492 71.376 40.8324
      vertex -2.12492 70.7761 45.9977
    endloop
  endfacet
  facet normal 0.946933 -0.319286 -0.0370792
    outer loop
      vertex -2.12492 71.376 40.8324
      vertex -2.12675 70.7708 45.997
      vertex -2.22163 71.093 40.7995
    endloop
  endfacet
  facet normal -0.00134547 -0.11593 0.993256
    outer loop
      vertex -2.12492 69.6274 40.6293
      vertex -1.99186 69.3594 40.5982
      vertex -2.22163 69.9104 40.6622
    endloop
  endfacet
  facet normal 0.946092 0.321734 0.0373664
    outer loop
      vertex -2.2198 69.3052 45.8268
      vertex -2.22163 69.9104 40.6622
      vertex -2.22163 69.3105 45.8275
    endloop
  endfacet
  facet normal 0.946933 0.319286 0.0370792
    outer loop
      vertex -2.22163 69.9104 40.6622
      vertex -2.2198 69.3052 45.8268
      vertex -2.12492 69.6274 40.6293
    endloop
  endfacet
  facet normal -0.659463 -0.746719 -0.0867098
    outer loop
      vertex 1.40015 72.3142 40.9413
      vertex 1.62634 71.5173 46.0837
      vertex 1.40015 71.7144 46.1066
    endloop
  endfacet
  facet normal -0.659277 -0.74688 -0.086743
    outer loop
      vertex 1.62634 71.5173 46.0837
      vertex 1.40015 72.3142 40.9413
      vertex 1.62634 72.1172 40.9184
    endloop
  endfacet
  facet normal 9.83678e-05 -0.115578 0.993298
    outer loop
      vertex -0.595284 72.7085 40.9871
      vertex -1.40015 72.3142 40.9413
      vertex -1.62634 72.1172 40.9184
    endloop
  endfacet
  facet normal -0.000547947 -0.114466 0.993427
    outer loop
      vertex -0.595284 72.7085 40.9871
      vertex -1.62634 72.1172 40.9184
      vertex -1.82471 71.8925 40.8924
    endloop
  endfacet
  facet normal 0.659463 -0.746719 -0.0867098
    outer loop
      vertex -1.62634 71.5173 46.0837
      vertex -1.40015 72.3142 40.9413
      vertex -1.40015 71.7144 46.1066
    endloop
  endfacet
  facet normal 0.659277 -0.74688 -0.086743
    outer loop
      vertex -1.40015 72.3142 40.9413
      vertex -1.62634 71.5173 46.0837
      vertex -1.62634 72.1172 40.9184
    endloop
  endfacet
  facet normal 0.442349 -0.890857 -0.103447
    outer loop
      vertex -1.15 72.4802 40.9606
      vertex -0.885263 72.0101 46.141
      vertex -1.15 71.8804 46.1259
    endloop
  endfacet
  facet normal 0.555574 -0.825917 -0.0959064
    outer loop
      vertex -1.15 72.4802 40.9606
      vertex -1.15 71.8804 46.1259
      vertex -1.39543 71.7175 46.107
    endloop
  endfacet
endsolid OpenSCAD_Model
