solid OpenSCAD_Model
  facet normal -1 0 0
    outer loop
      vertex -110 -77.5 32
      vertex -110 77.5 46.7785
      vertex -110 -77.5 28.7785
    endloop
  endfacet
  facet normal -1 -0 0
    outer loop
      vertex -110 77.5 46.7785
      vertex -110 -77.5 32
      vertex -110 77.5 50
    endloop
  endfacet
  facet normal 1 0 0
    outer loop
      vertex 110 -77.5 32
      vertex 110 77.5 46.7785
      vertex 110 77.5 50
    endloop
  endfacet
  facet normal 1 0 0
    outer loop
      vertex 110 77.5 46.7785
      vertex 110 -77.5 32
      vertex 110 -77.5 28.7785
    endloop
  endfacet
  facet normal 0 -0.115354 0.993324
    outer loop
      vertex -66 41.4713 45.816
      vertex -101.358 69.0957 49.024
      vertex -90 41.4713 45.816
    endloop
  endfacet
  facet normal -3.64862e-05 -0.115369 0.993323
    outer loop
      vertex -101.429 68.8865 48.9997
      vertex -90 41.4713 45.816
      vertex -101.358 69.0957 49.024
    endloop
  endfacet
  facet normal 7.52048e-05 -0.115372 0.993322
    outer loop
      vertex -90 -20.1148 38.6641
      vertex -101.315 -69.3123 32.9508
      vertex -101.3 -69.5327 32.9252
    endloop
  endfacet
  facet normal -0.00025169 -0.115457 0.993312
    outer loop
      vertex -101.457 68.8315 48.9933
      vertex -90 41.4713 45.816
      vertex -101.429 68.8865 48.9997
    endloop
  endfacet
  facet normal 0.000380654 -0.115441 0.993314
    outer loop
      vertex -90 -20.1148 38.6641
      vertex -101.346 -69.1558 32.969
      vertex -101.315 -69.3123 32.9508
    endloop
  endfacet
  facet normal 0.000136521 -0.115297 0.993331
    outer loop
      vertex -101.528 68.6884 48.9767
      vertex -90 41.4713 45.816
      vertex -101.457 68.8315 48.9933
    endloop
  endfacet
  facet normal 0.000790874 -0.115535 0.993303
    outer loop
      vertex -90 -20.1148 38.6641
      vertex -101.358 -69.0957 32.976
      vertex -101.346 -69.1558 32.969
    endloop
  endfacet
  facet normal 7.07655e-05 -0.115324 0.993328
    outer loop
      vertex -101.617 68.5557 48.9613
      vertex -90 41.4713 45.816
      vertex -101.528 68.6884 48.9767
    endloop
  endfacet
  facet normal 4.84212e-05 -0.115365 0.993323
    outer loop
      vertex -90 -20.1148 38.6641
      vertex -101.429 -68.8865 33.0003
      vertex -101.358 -69.0957 32.976
    endloop
  endfacet
  facet normal 0.000401936 -0.115184 0.993344
    outer loop
      vertex -101.651 68.5047 48.9554
      vertex -90 41.4713 45.816
      vertex -101.617 68.5557 48.9613
    endloop
  endfacet
  facet normal -0.000756983 -0.115677 0.993287
    outer loop
      vertex -101.692 68.4586 48.95
      vertex -90 41.4713 45.816
      vertex -101.651 68.5047 48.9554
    endloop
  endfacet
  facet normal -3.49685e-05 -0.115346 0.993325
    outer loop
      vertex -90 -20.1148 38.6641
      vertex -101.528 -68.6884 33.0233
      vertex -101.429 -68.8865 33.0003
    endloop
  endfacet
  facet normal -0.000486398 -0.11524 0.993338
    outer loop
      vertex -90 -20.1148 38.6641
      vertex -101.562 -68.6374 33.0292
      vertex -101.528 -68.6884 33.0233
    endloop
  endfacet
  facet normal 0.000149874 -0.115289 0.993332
    outer loop
      vertex -101.798 68.3387 48.9361
      vertex -90 41.4713 45.816
      vertex -101.692 68.4586 48.95
    endloop
  endfacet
  facet normal 0.000100003 -0.115311 0.993329
    outer loop
      vertex -101.919 68.2335 48.9239
      vertex -90 41.4713 45.816
      vertex -101.798 68.3387 48.9361
    endloop
  endfacet
  facet normal -8.54007e-05 -0.115334 0.993327
    outer loop
      vertex -90 -20.1148 38.6641
      vertex -101.651 -68.5047 33.0446
      vertex -101.562 -68.6374 33.0292
    endloop
  endfacet
  facet normal 5.07798e-05 -0.115333 0.993327
    outer loop
      vertex -101.965 68.193 48.9192
      vertex -90 41.4713 45.816
      vertex -101.919 68.2335 48.9239
    endloop
  endfacet
  facet normal -0.00017632 -0.115312 0.993329
    outer loop
      vertex -90 -20.1148 38.6641
      vertex -101.757 -68.3848 33.0585
      vertex -101.651 -68.5047 33.0446
    endloop
  endfacet
  facet normal -0.000598888 -0.11562 0.993293
    outer loop
      vertex -102.016 68.1589 48.9152
      vertex -90 41.4713 45.816
      vertex -101.965 68.193 48.9192
    endloop
  endfacet
  facet normal 0.000882496 -0.115567 0.993299
    outer loop
      vertex -90 -20.1148 38.6641
      vertex -101.798 -68.3387 33.0639
      vertex -101.757 -68.3848 33.0585
    endloop
  endfacet
  facet normal -5.73901e-05 -0.11534 0.993326
    outer loop
      vertex -90 -20.1148 38.6641
      vertex -101.844 -68.2982 33.0686
      vertex -101.798 -68.3387 33.0639
    endloop
  endfacet
  facet normal -6.27488e-05 -0.115381 0.993321
    outer loop
      vertex -102.15 68.0703 48.9049
      vertex -90 41.4713 45.816
      vertex -102.016 68.1589 48.9152
    endloop
  endfacet
  facet normal 0.000186523 -0.115269 0.993334
    outer loop
      vertex -102.349 67.9726 48.8936
      vertex -90 41.4713 45.816
      vertex -102.15 68.0703 48.9049
    endloop
  endfacet
  facet normal -0.000113581 -0.115326 0.993328
    outer loop
      vertex -90 -20.1148 38.6641
      vertex -101.965 -68.193 33.0808
      vertex -101.844 -68.2982 33.0686
    endloop
  endfacet
  facet normal -0.000222845 -0.115457 0.993312
    outer loop
      vertex -102.56 67.9016 48.8853
      vertex -90 41.4713 45.816
      vertex -102.349 67.9726 48.8936
    endloop
  endfacet
  facet normal 6.95193e-05 -0.115371 0.993322
    outer loop
      vertex -90 -20.1148 38.6641
      vertex -102.099 -68.1044 33.0911
      vertex -101.965 -68.193 33.0808
    endloop
  endfacet
  facet normal 6.65938e-05 -0.115322 0.993328
    outer loop
      vertex -102.718 67.8705 48.8817
      vertex -90 41.4713 45.816
      vertex -102.56 67.9016 48.8853
    endloop
  endfacet
  facet normal 0.000666511 -0.11552 0.993305
    outer loop
      vertex -90 -20.1148 38.6641
      vertex -102.15 -68.0703 33.0951
      vertex -102.099 -68.1044 33.0911
    endloop
  endfacet
  facet normal -0.000755971 -0.115164 0.993346
    outer loop
      vertex -90 -20.1148 38.6641
      vertex -102.205 -68.0432 33.0982
      vertex -102.15 -68.0703 33.0951
    endloop
  endfacet
  facet normal -9.75148e-05 -0.1154 0.993319
    outer loop
      vertex -102.778 67.8585 48.8803
      vertex -90 41.4713 45.816
      vertex -102.718 67.8705 48.8817
    endloop
  endfacet
  facet normal 7.72052e-06 -0.115356 0.993324
    outer loop
      vertex -90 -20.1148 38.6641
      vertex -102.349 -67.9726 33.1064
      vertex -102.205 -68.0432 33.0982
    endloop
  endfacet
  facet normal 0.000254304 -0.115419 0.993317
    outer loop
      vertex -90 -20.1148 38.6641
      vertex -102.502 -67.9213 33.1124
      vertex -102.349 -67.9726 33.1064
    endloop
  endfacet
  facet normal 0.00100233 -0.114874 0.99338
    outer loop
      vertex -102.84 67.8545 48.8799
      vertex -90 41.4713 45.816
      vertex -102.778 67.8585 48.8803
    endloop
  endfacet
  facet normal 0.000192954 -0.115403 0.993319
    outer loop
      vertex -90 -20.1148 38.6641
      vertex -102.56 -67.9016 33.1147
      vertex -102.502 -67.9213 33.1124
    endloop
  endfacet
  facet normal 4.6696e-05 -0.115333 0.993327
    outer loop
      vertex -103 67.8441 48.8787
      vertex -90 41.4713 45.816
      vertex -102.84 67.8545 48.8799
    endloop
  endfacet
  facet normal -4.97871e-05 -0.11538 0.993321
    outer loop
      vertex -103.16 67.8545 48.8799
      vertex -90 41.4713 45.816
      vertex -103 67.8441 48.8787
    endloop
  endfacet
  facet normal -2.22198e-05 -0.115347 0.993325
    outer loop
      vertex -90 -20.1148 38.6641
      vertex -102.778 -67.8585 33.1197
      vertex -102.56 -67.9016 33.1147
    endloop
  endfacet
  facet normal -0.00106805 -0.115881 0.993263
    outer loop
      vertex -103.222 67.8585 48.8803
      vertex -90 41.4713 45.816
      vertex -103.16 67.8545 48.8799
    endloop
  endfacet
  facet normal 0.000118873 -0.115294 0.993331
    outer loop
      vertex -103.282 67.8705 48.8817
      vertex -90 41.4713 45.816
      vertex -103.222 67.8585 48.8803
    endloop
  endfacet
  facet normal -0.000317761 -0.115269 0.993334
    outer loop
      vertex -90 -20.1148 38.6641
      vertex -103 -67.8441 33.1213
      vertex -102.778 -67.8585 33.1197
    endloop
  endfacet
  facet normal -8.09219e-05 -0.115393 0.99332
    outer loop
      vertex -103.44 67.9016 48.8853
      vertex -90 41.4713 45.816
      vertex -103.282 67.8705 48.8817
    endloop
  endfacet
  facet normal 0.000311847 -0.115196 0.993343
    outer loop
      vertex -103.651 67.9726 48.8936
      vertex -90 41.4713 45.816
      vertex -103.44 67.9016 48.8853
    endloop
  endfacet
  facet normal 0.000329184 -0.115443 0.993314
    outer loop
      vertex -90 -20.1148 38.6641
      vertex -103.222 -67.8585 33.1197
      vertex -103 -67.8441 33.1213
    endloop
  endfacet
  facet normal -0.000306768 -0.115511 0.993306
    outer loop
      vertex -103.85 68.0703 48.9049
      vertex -90 41.4713 45.816
      vertex -103.651 67.9726 48.8936
    endloop
  endfacet
  facet normal 0.000124598 -0.115289 0.993332
    outer loop
      vertex -103.984 68.1589 48.9152
      vertex -90 41.4713 45.816
      vertex -103.85 68.0703 48.9049
    endloop
  endfacet
  facet normal 2.47507e-05 -0.11536 0.993324
    outer loop
      vertex -90 -20.1148 38.6641
      vertex -103.44 -67.9016 33.1147
      vertex -103.222 -67.8585 33.1197
    endloop
  endfacet
  facet normal -0.000232382 -0.115289 0.993332
    outer loop
      vertex -90 -20.1148 38.6641
      vertex -103.498 -67.9213 33.1124
      vertex -103.44 -67.9016 33.1147
    endloop
  endfacet
  facet normal 0.00119952 -0.114733 0.993396
    outer loop
      vertex -104.035 68.193 48.9192
      vertex -90 41.4713 45.816
      vertex -103.984 68.1589 48.9152
    endloop
  endfacet
  facet normal -0.000305532 -0.115268 0.993334
    outer loop
      vertex -90 -20.1148 38.6641
      vertex -103.651 -67.9726 33.1064
      vertex -103.498 -67.9213 33.1124
    endloop
  endfacet
  facet normal -1.01113e-05 -0.115351 0.993325
    outer loop
      vertex -90 -20.1148 38.6641
      vertex -103.795 -68.0432 33.0982
      vertex -103.651 -67.9726 33.1064
    endloop
  endfacet
  facet normal -0.000131699 -0.115423 0.993316
    outer loop
      vertex -104.081 68.2335 48.9239
      vertex -90 41.4713 45.816
      vertex -104.035 68.193 48.9192
    endloop
  endfacet
  facet normal 0.000991374 -0.115636 0.993291
    outer loop
      vertex -90 -20.1148 38.6641
      vertex -103.85 -68.0703 33.0951
      vertex -103.795 -68.0432 33.0982
    endloop
  endfacet
  facet normal -0.000966001 -0.115078 0.993356
    outer loop
      vertex -90 -20.1148 38.6641
      vertex -103.901 -68.1044 33.0911
      vertex -103.85 -68.0703 33.0951
    endloop
  endfacet
  facet normal -0.000255685 -0.115488 0.993309
    outer loop
      vertex -104.202 68.3387 48.9361
      vertex -90 41.4713 45.816
      vertex -104.081 68.2335 48.9239
    endloop
  endfacet
  facet normal -1.94563e-06 -0.115355 0.993324
    outer loop
      vertex -90 41.4713 45.816
      vertex -104.202 68.3387 48.9361
      vertex -90 28.0614 44.2587
    endloop
  endfacet
  facet normal -0.000100323 -0.115325 0.993328
    outer loop
      vertex -90 -20.1148 38.6641
      vertex -104.035 -68.193 33.0808
      vertex -103.901 -68.1044 33.0911
    endloop
  endfacet
  facet normal -0.000373778 -0.115485 0.993309
    outer loop
      vertex -104.308 68.4586 48.95
      vertex -90 28.0614 44.2587
      vertex -104.202 68.3387 48.9361
    endloop
  endfacet
  facet normal 0.000185146 -0.115408 0.993318
    outer loop
      vertex -90 -20.1148 38.6641
      vertex -104.156 -68.2982 33.0686
      vertex -104.035 -68.193 33.0808
    endloop
  endfacet
  facet normal 0.00186976 -0.1147 0.993398
    outer loop
      vertex -104.349 68.5047 48.9554
      vertex -90 28.0614 44.2587
      vertex -104.308 68.4586 48.95
    endloop
  endfacet
  facet normal 9.41683e-05 -0.115381 0.993321
    outer loop
      vertex -90 -20.1148 38.6641
      vertex -104.202 -68.3387 33.0639
      vertex -104.156 -68.2982 33.0686
    endloop
  endfacet
  facet normal -0.00168247 -0.114865 0.99338
    outer loop
      vertex -90 -20.1148 38.6641
      vertex -104.243 -68.3848 33.0585
      vertex -104.202 -68.3387 33.0639
    endloop
  endfacet
  facet normal -0.00141473 -0.11585 0.993266
    outer loop
      vertex -104.383 68.5557 48.9613
      vertex -90 28.0614 44.2587
      vertex -104.349 68.5047 48.9554
    endloop
  endfacet
  facet normal -0.000247718 -0.115441 0.993314
    outer loop
      vertex -104.472 68.6884 48.9767
      vertex -90 28.0614 44.2587
      vertex -104.383 68.5557 48.9613
    endloop
  endfacet
  facet normal 0.000337557 -0.115453 0.993313
    outer loop
      vertex -90 -20.1148 38.6641
      vertex -104.349 -68.5047 33.0446
      vertex -104.243 -68.3848 33.0585
    endloop
  endfacet
  facet normal 4.91522e-06 -0.115353 0.993325
    outer loop
      vertex -110 77.5 50
      vertex -90 28.0614 44.2587
      vertex -104.472 68.6884 48.9767
    endloop
  endfacet
  facet normal 0.000208037 -0.115415 0.993317
    outer loop
      vertex -90 -20.1148 38.6641
      vertex -104.438 -68.6374 33.0292
      vertex -104.349 -68.5047 33.0446
    endloop
  endfacet
  facet normal 4.97475e-06 -0.115353 0.993325
    outer loop
      vertex -90 28.0614 44.2587
      vertex -110 77.5 50
      vertex -90 -20.1148 38.6641
    endloop
  endfacet
  facet normal 0.00119242 -0.115704 0.993283
    outer loop
      vertex -90 -20.1148 38.6641
      vertex -104.472 -68.6884 33.0233
      vertex -104.438 -68.6374 33.0292
    endloop
  endfacet
  facet normal 0.000970796 -0.114755 0.993393
    outer loop
      vertex -110 77.5 50
      vertex -104.472 68.6884 48.9767
      vertex -104.543 68.8315 48.9933
    endloop
  endfacet
  facet normal -0.00190102 -0.116538 0.993184
    outer loop
      vertex -110 77.5 50
      vertex -104.543 68.8315 48.9933
      vertex -104.571 68.8865 48.9997
    endloop
  endfacet
  facet normal -6.08812e-07 -0.115354 0.993324
    outer loop
      vertex -110 -77.5 32
      vertex -90 -20.1148 38.6641
      vertex -110 77.5 50
    endloop
  endfacet
  facet normal -8.58229e-05 -0.11541 0.993318
    outer loop
      vertex -110 77.5 50
      vertex -104.571 68.8865 48.9997
      vertex -104.642 69.0957 49.024
    endloop
  endfacet
  facet normal -6.28149e-06 -0.115352 0.993325
    outer loop
      vertex -90 -20.1148 38.6641
      vertex -110 -77.5 32
      vertex -104.472 -68.6884 33.0233
    endloop
  endfacet
  facet normal -0.000774712 -0.115843 0.993267
    outer loop
      vertex -110 77.5 50
      vertex -104.642 69.0957 49.024
      vertex -104.654 69.1558 49.031
    endloop
  endfacet
  facet normal -0.000218202 -0.115221 0.99334
    outer loop
      vertex -104.472 -68.6884 33.0233
      vertex -110 -77.5 32
      vertex -104.571 -68.8865 33.0003
    endloop
  endfacet
  facet normal -0.000371108 -0.115588 0.993297
    outer loop
      vertex -110 77.5 50
      vertex -104.654 69.1558 49.031
      vertex -104.685 69.3123 49.0492
    endloop
  endfacet
  facet normal 8.58229e-05 -0.11541 0.993318
    outer loop
      vertex -104.571 -68.8865 33.0003
      vertex -110 -77.5 32
      vertex -104.642 -69.0957 32.976
    endloop
  endfacet
  facet normal -0.000138063 -0.115439 0.993315
    outer loop
      vertex -110 77.5 50
      vertex -104.685 69.3123 49.0492
      vertex -104.696 69.4715 49.0677
    endloop
  endfacet
  facet normal 0.000184784 -0.115228 0.993339
    outer loop
      vertex -110 77.5 50
      vertex -104.696 69.4715 49.0677
      vertex -104.7 69.5327 49.0748
    endloop
  endfacet
  facet normal 0.000774712 -0.115843 0.993267
    outer loop
      vertex -104.642 -69.0957 32.976
      vertex -110 -77.5 32
      vertex -104.654 -69.1558 32.969
    endloop
  endfacet
  facet normal 0 -0.11542 0.993317
    outer loop
      vertex -46.0478 -46.8887 35.5549
      vertex -71.9522 -46.8887 35.5549
      vertex -71.9 -47.6796 35.463
    endloop
  endfacet
  facet normal -0.000592067 -0.11509 0.993355
    outer loop
      vertex -66 -33.5247 37.1068
      vertex -71.9954 -46.6727 35.5799
      vertex -71.9522 -46.8887 35.5549
    endloop
  endfacet
  facet normal 9.83141e-06 -0.115361 0.993324
    outer loop
      vertex -66 -33.5247 37.1068
      vertex -72.1078 -46.1113 35.6451
      vertex -71.9954 -46.6727 35.5799
    endloop
  endfacet
  facet normal 6.93804e-05 -0.115389 0.99332
    outer loop
      vertex -66 -33.5247 37.1068
      vertex -72.3643 -45.3608 35.7323
      vertex -72.1078 -46.1113 35.6451
    endloop
  endfacet
  facet normal -7.46366e-05 -0.115313 0.993329
    outer loop
      vertex -66 -33.5247 37.1068
      vertex -72.7172 -44.6499 35.8148
      vertex -72.3643 -45.3608 35.7323
    endloop
  endfacet
  facet normal 5.30182e-05 -0.115389 0.99332
    outer loop
      vertex -66 -33.5247 37.1068
      vertex -73.0374 -44.174 35.8701
      vertex -72.7172 -44.6499 35.8148
    endloop
  endfacet
  facet normal 0.000149149 -0.115452 0.993313
    outer loop
      vertex -66 -33.5247 37.1068
      vertex -73.1605 -43.9909 35.8914
      vertex -73.0374 -44.174 35.8701
    endloop
  endfacet
  facet normal 4.24845e-07 -0.115351 0.993325
    outer loop
      vertex -66 -33.5247 37.1068
      vertex -73.6866 -43.395 35.9606
      vertex -73.1605 -43.9909 35.8914
    endloop
  endfacet
  facet normal 1.23016e-05 -0.11536 0.993324
    outer loop
      vertex -66 -33.5247 37.1068
      vertex -74.2866 -42.8724 36.0213
      vertex -73.6866 -43.395 35.9606
    endloop
  endfacet
  facet normal -2.80536e-05 -0.115325 0.993328
    outer loop
      vertex -66 -33.5247 37.1068
      vertex -74.95 -42.4321 36.0724
      vertex -74.2866 -42.8724 36.0213
    endloop
  endfacet
  facet normal -1.35193e-05 -0.11534 0.993326
    outer loop
      vertex -66 -33.5247 37.1068
      vertex -75.6656 -42.0815 36.1131
      vertex -74.95 -42.4321 36.0724
    endloop
  endfacet
  facet normal -3.55878e-05 -0.115315 0.993329
    outer loop
      vertex -66 -33.5247 37.1068
      vertex -75.8755 -42.0108 36.1213
      vertex -75.6656 -42.0815 36.1131
    endloop
  endfacet
  facet normal 4.16771e-05 -0.115404 0.993319
    outer loop
      vertex -66 -33.5247 37.1068
      vertex -76.4212 -41.8268 36.1427
      vertex -75.8755 -42.0108 36.1213
    endloop
  endfacet
  facet normal 3.57096e-05 -0.115396 0.99332
    outer loop
      vertex -66 -33.5247 37.1068
      vertex -77.2038 -41.6721 36.1607
      vertex -76.4212 -41.8268 36.1427
    endloop
  endfacet
  facet normal -6.81819e-05 -0.115255 0.993336
    outer loop
      vertex -66 -33.5247 37.1068
      vertex -77.7788 -41.6347 36.165
      vertex -77.2038 -41.6721 36.1607
    endloop
  endfacet
  facet normal 0.000113862 -0.115516 0.993306
    outer loop
      vertex -66 -33.5247 37.1068
      vertex -78 -41.6203 36.1667
      vertex -77.7788 -41.6347 36.165
    endloop
  endfacet
  facet normal 0 -0.11535 0.993325
    outer loop
      vertex -90 -33.5247 37.1068
      vertex -78 -41.6203 36.1667
      vertex -66 -33.5247 37.1068
    endloop
  endfacet
  facet normal -0.000113862 -0.115516 0.993306
    outer loop
      vertex -78 -41.6203 36.1667
      vertex -90 -33.5247 37.1068
      vertex -78.2212 -41.6347 36.165
    endloop
  endfacet
  facet normal 6.81819e-05 -0.115255 0.993336
    outer loop
      vertex -78.2212 -41.6347 36.165
      vertex -90 -33.5247 37.1068
      vertex -78.7962 -41.6721 36.1607
    endloop
  endfacet
  facet normal -3.57096e-05 -0.115396 0.99332
    outer loop
      vertex -78.7962 -41.6721 36.1607
      vertex -90 -33.5247 37.1068
      vertex -79.5788 -41.8268 36.1427
    endloop
  endfacet
  facet normal -4.16771e-05 -0.115404 0.993319
    outer loop
      vertex -79.5788 -41.8268 36.1427
      vertex -90 -33.5247 37.1068
      vertex -80.1245 -42.0108 36.1213
    endloop
  endfacet
  facet normal 3.55878e-05 -0.115315 0.993329
    outer loop
      vertex -80.1245 -42.0108 36.1213
      vertex -90 -33.5247 37.1068
      vertex -80.3344 -42.0815 36.1131
    endloop
  endfacet
  facet normal -9.83141e-06 -0.115361 0.993324
    outer loop
      vertex -90 -33.5247 37.1068
      vertex -84.0046 -46.6727 35.5799
      vertex -83.8922 -46.1113 35.6451
    endloop
  endfacet
  facet normal -0.000138543 -0.115411 0.993318
    outer loop
      vertex -84.0478 -46.8887 35.5549
      vertex -90 -33.5247 37.1068
      vertex -84.1 -47.6796 35.463
    endloop
  endfacet
  facet normal 0.000592067 -0.11509 0.993355
    outer loop
      vertex -84.0046 -46.6727 35.5799
      vertex -90 -33.5247 37.1068
      vertex -84.0478 -46.8887 35.5549
    endloop
  endfacet
  facet normal -6.93804e-05 -0.115389 0.99332
    outer loop
      vertex -83.6357 -45.3608 35.7323
      vertex -90 -33.5247 37.1068
      vertex -83.8922 -46.1113 35.6451
    endloop
  endfacet
  facet normal 7.46366e-05 -0.115313 0.993329
    outer loop
      vertex -83.2828 -44.6499 35.8148
      vertex -90 -33.5247 37.1068
      vertex -83.6357 -45.3608 35.7323
    endloop
  endfacet
  facet normal -5.30182e-05 -0.115389 0.99332
    outer loop
      vertex -82.9626 -44.174 35.8701
      vertex -90 -33.5247 37.1068
      vertex -83.2828 -44.6499 35.8148
    endloop
  endfacet
  facet normal -0.000149149 -0.115452 0.993313
    outer loop
      vertex -82.8395 -43.9909 35.8914
      vertex -90 -33.5247 37.1068
      vertex -82.9626 -44.174 35.8701
    endloop
  endfacet
  facet normal -4.24845e-07 -0.115351 0.993325
    outer loop
      vertex -82.3134 -43.395 35.9606
      vertex -90 -33.5247 37.1068
      vertex -82.8395 -43.9909 35.8914
    endloop
  endfacet
  facet normal -1.23016e-05 -0.11536 0.993324
    outer loop
      vertex -81.7134 -42.8724 36.0213
      vertex -90 -33.5247 37.1068
      vertex -82.3134 -43.395 35.9606
    endloop
  endfacet
  facet normal 2.80536e-05 -0.115325 0.993328
    outer loop
      vertex -81.05 -42.4321 36.0724
      vertex -90 -33.5247 37.1068
      vertex -81.7134 -42.8724 36.0213
    endloop
  endfacet
  facet normal 1.35193e-05 -0.11534 0.993326
    outer loop
      vertex -80.3344 -42.0815 36.1131
      vertex -90 -33.5247 37.1068
      vertex -81.05 -42.4321 36.0724
    endloop
  endfacet
  facet normal 0 -0.115282 0.993333
    outer loop
      vertex -72.3643 11.5878 42.3457
      vertex -45.6357 11.5878 42.3457
      vertex -72.1078 12.3383 42.4328
    endloop
  endfacet
  facet normal 3.42375e-08 -0.115297 0.993331
    outer loop
      vertex -46.0478 14.6974 42.7068
      vertex -71.9377 14.4777 42.6813
      vertex -71.9 13.9065 42.615
    endloop
  endfacet
  facet normal 0 -0.115293 0.993331
    outer loop
      vertex -46.0478 14.6974 42.7068
      vertex -71.9522 14.6974 42.7068
      vertex -71.9377 14.4777 42.6813
    endloop
  endfacet
  facet normal 4.7712e-05 -0.115371 0.993322
    outer loop
      vertex -66 28.0614 44.2587
      vertex -72.1078 15.4748 42.7971
      vertex -71.9522 14.6974 42.7068
    endloop
  endfacet
  facet normal -8.1113e-05 -0.11531 0.99333
    outer loop
      vertex -66 28.0614 44.2587
      vertex -72.3643 16.2253 42.8842
      vertex -72.1078 15.4748 42.7971
    endloop
  endfacet
  facet normal 6.04816e-05 -0.115385 0.993321
    outer loop
      vertex -66 28.0614 44.2587
      vertex -72.7172 16.9362 42.9668
      vertex -72.3643 16.2253 42.8842
    endloop
  endfacet
  facet normal -0.000215283 -0.11522 0.99334
    outer loop
      vertex -66 28.0614 44.2587
      vertex -72.8404 17.1192 42.988
      vertex -72.7172 16.9362 42.9668
    endloop
  endfacet
  facet normal 3.68103e-05 -0.115376 0.993322
    outer loop
      vertex -66 28.0614 44.2587
      vertex -73.1605 17.5952 43.0433
      vertex -72.8404 17.1192 42.988
    endloop
  endfacet
  facet normal 2.84022e-05 -0.11537 0.993323
    outer loop
      vertex -66 28.0614 44.2587
      vertex -73.5405 18.0256 43.0933
      vertex -73.1605 17.5952 43.0433
    endloop
  endfacet
  facet normal -6.81963e-05 -0.115299 0.993331
    outer loop
      vertex -66 28.0614 44.2587
      vertex -73.6866 18.1911 43.1125
      vertex -73.5405 18.0256 43.0933
    endloop
  endfacet
  facet normal 1.23016e-05 -0.11536 0.993324
    outer loop
      vertex -66 28.0614 44.2587
      vertex -74.2866 18.7137 43.1732
      vertex -73.6866 18.1911 43.1125
    endloop
  endfacet
  facet normal -3.6148e-05 -0.115318 0.993329
    outer loop
      vertex -66 28.0614 44.2587
      vertex -74.7657 19.0317 43.2101
      vertex -74.2866 18.7137 43.1732
    endloop
  endfacet
  facet normal -8.00115e-06 -0.115345 0.993325
    outer loop
      vertex -66 28.0614 44.2587
      vertex -74.95 19.154 43.2243
      vertex -74.7657 19.0317 43.2101
    endloop
  endfacet
  facet normal -3.64399e-05 -0.115317 0.993329
    outer loop
      vertex -66 28.0614 44.2587
      vertex -75.1488 19.2514 43.2356
      vertex -74.95 19.154 43.2243
    endloop
  endfacet
  facet normal -5.04942e-06 -0.115349 0.993325
    outer loop
      vertex -66 28.0614 44.2587
      vertex -75.6656 19.5046 43.265
      vertex -75.1488 19.2514 43.2356
    endloop
  endfacet
  facet normal 9.62582e-06 -0.115365 0.993323
    outer loop
      vertex -66 28.0614 44.2587
      vertex -76.4212 19.7594 43.2946
      vertex -75.6656 19.5046 43.265
    endloop
  endfacet
  facet normal 5.63965e-05 -0.115423 0.993316
    outer loop
      vertex -66 28.0614 44.2587
      vertex -76.9864 19.871 43.3076
      vertex -76.4212 19.7594 43.2946
    endloop
  endfacet
  facet normal 2.41165e-05 -0.115381 0.993321
    outer loop
      vertex -66 28.0614 44.2587
      vertex -77.2038 19.914 43.3126
      vertex -76.9864 19.871 43.3076
    endloop
  endfacet
  facet normal 0.000114702 -0.115503 0.993307
    outer loop
      vertex -66 28.0614 44.2587
      vertex -77.425 19.9284 43.3143
      vertex -77.2038 19.914 43.3126
    endloop
  endfacet
  facet normal -6.7859e-05 -0.11525 0.993336
    outer loop
      vertex -66 28.0614 44.2587
      vertex -78 19.9658 43.3186
      vertex -77.425 19.9284 43.3143
    endloop
  endfacet
  facet normal 0 -0.11535 0.993325
    outer loop
      vertex -90 28.0614 44.2587
      vertex -78 19.9658 43.3186
      vertex -66 28.0614 44.2587
    endloop
  endfacet
  facet normal 6.7859e-05 -0.11525 0.993336
    outer loop
      vertex -78 19.9658 43.3186
      vertex -90 28.0614 44.2587
      vertex -78.575 19.9284 43.3143
    endloop
  endfacet
  facet normal -0.000114702 -0.115503 0.993307
    outer loop
      vertex -78.575 19.9284 43.3143
      vertex -90 28.0614 44.2587
      vertex -78.7962 19.914 43.3126
    endloop
  endfacet
  facet normal -2.41165e-05 -0.115381 0.993321
    outer loop
      vertex -78.7962 19.914 43.3126
      vertex -90 28.0614 44.2587
      vertex -79.0136 19.871 43.3076
    endloop
  endfacet
  facet normal -5.63965e-05 -0.115423 0.993316
    outer loop
      vertex -79.0136 19.871 43.3076
      vertex -90 28.0614 44.2587
      vertex -79.5788 19.7594 43.2946
    endloop
  endfacet
  facet normal -9.62582e-06 -0.115365 0.993323
    outer loop
      vertex -79.5788 19.7594 43.2946
      vertex -90 28.0614 44.2587
      vertex -80.3344 19.5046 43.265
    endloop
  endfacet
  facet normal 5.04942e-06 -0.115349 0.993325
    outer loop
      vertex -80.3344 19.5046 43.265
      vertex -90 28.0614 44.2587
      vertex -80.8512 19.2514 43.2356
    endloop
  endfacet
  facet normal 8.00115e-06 -0.115345 0.993325
    outer loop
      vertex -90 28.0614 44.2587
      vertex -81.2343 19.0317 43.2101
      vertex -81.05 19.154 43.2243
    endloop
  endfacet
  facet normal 6.81963e-05 -0.115299 0.993331
    outer loop
      vertex -90 28.0614 44.2587
      vertex -82.4595 18.0256 43.0933
      vertex -82.3134 18.1911 43.1125
    endloop
  endfacet
  facet normal -3.68103e-05 -0.115376 0.993322
    outer loop
      vertex -90 28.0614 44.2587
      vertex -83.1596 17.1192 42.988
      vertex -82.8395 17.5952 43.0433
    endloop
  endfacet
  facet normal 0.000104727 -0.115304 0.99333
    outer loop
      vertex -84.0623 14.4777 42.6813
      vertex -90 28.0614 44.2587
      vertex -84.1 13.9065 42.615
    endloop
  endfacet
  facet normal 0.000112751 -0.115301 0.993331
    outer loop
      vertex -84.0478 14.6974 42.7068
      vertex -90 28.0614 44.2587
      vertex -84.0623 14.4777 42.6813
    endloop
  endfacet
  facet normal -4.7712e-05 -0.115371 0.993322
    outer loop
      vertex -83.8922 15.4748 42.7971
      vertex -90 28.0614 44.2587
      vertex -84.0478 14.6974 42.7068
    endloop
  endfacet
  facet normal 8.1113e-05 -0.11531 0.99333
    outer loop
      vertex -83.6357 16.2253 42.8842
      vertex -90 28.0614 44.2587
      vertex -83.8922 15.4748 42.7971
    endloop
  endfacet
  facet normal -6.04816e-05 -0.115385 0.993321
    outer loop
      vertex -83.2828 16.9362 42.9668
      vertex -90 28.0614 44.2587
      vertex -83.6357 16.2253 42.8842
    endloop
  endfacet
  facet normal 0.000215283 -0.11522 0.99334
    outer loop
      vertex -83.1596 17.1192 42.988
      vertex -90 28.0614 44.2587
      vertex -83.2828 16.9362 42.9668
    endloop
  endfacet
  facet normal -2.84022e-05 -0.11537 0.993323
    outer loop
      vertex -82.4595 18.0256 43.0933
      vertex -90 28.0614 44.2587
      vertex -82.8395 17.5952 43.0433
    endloop
  endfacet
  facet normal -1.23016e-05 -0.11536 0.993324
    outer loop
      vertex -81.7134 18.7137 43.1732
      vertex -90 28.0614 44.2587
      vertex -82.3134 18.1911 43.1125
    endloop
  endfacet
  facet normal 3.6148e-05 -0.115318 0.993329
    outer loop
      vertex -81.2343 19.0317 43.2101
      vertex -90 28.0614 44.2587
      vertex -81.7134 18.7137 43.1732
    endloop
  endfacet
  facet normal 3.64399e-05 -0.115317 0.993329
    outer loop
      vertex -80.8512 19.2514 43.2356
      vertex -90 28.0614 44.2587
      vertex -81.05 19.154 43.2243
    endloop
  endfacet
  facet normal 0 -0.115674 0.993287
    outer loop
      vertex -45.6357 11.5878 42.3457
      vertex -72.3643 11.5878 42.3457
      vertex -45.5376 11.3903 42.3227
    endloop
  endfacet
  facet normal 0 -0.115674 0.993287
    outer loop
      vertex -72.4624 11.3903 42.3227
      vertex -45.5376 11.3903 42.3227
      vertex -72.3643 11.5878 42.3457
    endloop
  endfacet
  facet normal 0 -0.115314 0.993329
    outer loop
      vertex -45.5376 11.3903 42.3227
      vertex -72.4624 11.3903 42.3227
      vertex -45.2828 10.8769 42.2631
    endloop
  endfacet
  facet normal 0 -0.115314 0.993329
    outer loop
      vertex -72.7172 10.8769 42.2631
      vertex -45.2828 10.8769 42.2631
      vertex -72.4624 11.3903 42.3227
    endloop
  endfacet
  facet normal 0 -0.115194 0.993343
    outer loop
      vertex -45.2828 10.8769 42.2631
      vertex -72.7172 10.8769 42.2631
      vertex -44.9626 10.4009 42.2079
    endloop
  endfacet
  facet normal 0 -0.115194 0.993343
    outer loop
      vertex -73.0374 10.4009 42.2079
      vertex -44.9626 10.4009 42.2079
      vertex -72.7172 10.8769 42.2631
    endloop
  endfacet
  facet normal 0 -0.115613 0.993294
    outer loop
      vertex -44.9626 10.4009 42.2079
      vertex -73.0374 10.4009 42.2079
      vertex -44.8395 10.2179 42.1866
    endloop
  endfacet
  facet normal 0 -0.115613 0.993294
    outer loop
      vertex -73.1605 10.2179 42.1866
      vertex -44.8395 10.2179 42.1866
      vertex -73.0374 10.4009 42.2079
    endloop
  endfacet
  facet normal 0 -0.115354 0.993324
    outer loop
      vertex -44.8395 10.2179 42.1866
      vertex -73.1605 10.2179 42.1866
      vertex -66 -20.1148 38.6641
    endloop
  endfacet
  facet normal 5.17459e-06 -0.115352 0.993325
    outer loop
      vertex -73.6866 9.62198 42.1174
      vertex -66 -20.1148 38.6641
      vertex -73.1605 10.2179 42.1866
    endloop
  endfacet
  facet normal -0.000207819 -0.115407 0.993318
    outer loop
      vertex -73.8533 9.47682 42.1005
      vertex -66 -20.1148 38.6641
      vertex -73.6866 9.62198 42.1174
    endloop
  endfacet
  facet normal 5.58448e-05 -0.115338 0.993326
    outer loop
      vertex -74.2866 9.09939 42.0567
      vertex -66 -20.1148 38.6641
      vertex -73.8533 9.47682 42.1005
    endloop
  endfacet
  facet normal 4.53916e-05 -0.115341 0.993326
    outer loop
      vertex -74.95 8.65905 42.0056
      vertex -66 -20.1148 38.6641
      vertex -74.2866 9.09939 42.0567
    endloop
  endfacet
  facet normal 1.11829e-05 -0.115351 0.993325
    outer loop
      vertex -75.6656 8.3085 41.9649
      vertex -66 -20.1148 38.6641
      vertex -74.95 8.65905 42.0056
    endloop
  endfacet
  facet normal -5.23645e-05 -0.115372 0.993322
    outer loop
      vertex -76.2113 8.1245 41.9435
      vertex -66 -20.1148 38.6641
      vertex -75.6656 8.3085 41.9649
    endloop
  endfacet
  facet normal 7.78039e-05 -0.115326 0.993328
    outer loop
      vertex -76.4212 8.05373 41.9353
      vertex -66 -20.1148 38.6641
      vertex -76.2113 8.1245 41.9435
    endloop
  endfacet
  facet normal -5.07191e-05 -0.115373 0.993322
    outer loop
      vertex -77.2038 7.8991 41.9173
      vertex -66 -20.1148 38.6641
      vertex -76.4212 8.05373 41.9353
    endloop
  endfacet
  facet normal -0.000121478 -0.115401 0.993319
    outer loop
      vertex -77.425 7.8847 41.9156
      vertex -66 -20.1148 38.6641
      vertex -77.2038 7.8991 41.9173
    endloop
  endfacet
  facet normal 8.04347e-05 -0.11532 0.993328
    outer loop
      vertex -78 7.84726 41.9113
      vertex -66 -20.1148 38.6641
      vertex -77.425 7.8847 41.9156
    endloop
  endfacet
  facet normal -8.04347e-05 -0.11532 0.993328
    outer loop
      vertex -90 -20.1148 38.6641
      vertex -78 7.84726 41.9113
      vertex -78.575 7.8847 41.9156
    endloop
  endfacet
  facet normal 0.000121478 -0.115401 0.993319
    outer loop
      vertex -90 -20.1148 38.6641
      vertex -78.575 7.8847 41.9156
      vertex -78.7962 7.8991 41.9173
    endloop
  endfacet
  facet normal 5.07191e-05 -0.115373 0.993322
    outer loop
      vertex -90 -20.1148 38.6641
      vertex -78.7962 7.8991 41.9173
      vertex -79.5788 8.05373 41.9353
    endloop
  endfacet
  facet normal -7.78039e-05 -0.115326 0.993328
    outer loop
      vertex -90 -20.1148 38.6641
      vertex -79.5788 8.05373 41.9353
      vertex -79.7887 8.1245 41.9435
    endloop
  endfacet
  facet normal 5.23645e-05 -0.115372 0.993322
    outer loop
      vertex -90 -20.1148 38.6641
      vertex -79.7887 8.1245 41.9435
      vertex -80.3344 8.3085 41.9649
    endloop
  endfacet
  facet normal -1.11829e-05 -0.115351 0.993325
    outer loop
      vertex -90 -20.1148 38.6641
      vertex -80.3344 8.3085 41.9649
      vertex -81.05 8.65905 42.0056
    endloop
  endfacet
  facet normal -4.53916e-05 -0.115341 0.993326
    outer loop
      vertex -90 -20.1148 38.6641
      vertex -81.05 8.65905 42.0056
      vertex -81.7134 9.09939 42.0567
    endloop
  endfacet
  facet normal -5.58448e-05 -0.115338 0.993326
    outer loop
      vertex -90 -20.1148 38.6641
      vertex -81.7134 9.09939 42.0567
      vertex -82.1467 9.47682 42.1005
    endloop
  endfacet
  facet normal 0.000207819 -0.115407 0.993318
    outer loop
      vertex -90 -20.1148 38.6641
      vertex -82.1467 9.47682 42.1005
      vertex -82.3134 9.62198 42.1174
    endloop
  endfacet
  facet normal -5.17459e-06 -0.115352 0.993325
    outer loop
      vertex -90 -20.1148 38.6641
      vertex -82.3134 9.62198 42.1174
      vertex -82.8395 10.2179 42.1866
    endloop
  endfacet
  facet normal 0.000289274 -0.115421 0.993317
    outer loop
      vertex -90 -20.1148 38.6641
      vertex -82.8395 10.2179 42.1866
      vertex -82.9626 10.4009 42.2079
    endloop
  endfacet
  facet normal -0.000180343 -0.115314 0.993329
    outer loop
      vertex -90 -20.1148 38.6641
      vertex -82.9626 10.4009 42.2079
      vertex -83.2828 10.8769 42.2631
    endloop
  endfacet
  facet normal -0.68489 -0.217876 0.69531
    outer loop
      vertex -84.0478 13.1156 42.5231
      vertex -83.8922 12.3383 42.4328
      vertex -83.9354 12.5542 42.4579
    endloop
  endfacet
  facet normal -0.00113308 -0.115813 0.99327
    outer loop
      vertex -90 28.0614 44.2587
      vertex -84.0855 13.6868 42.5894
      vertex -84.1 13.9065 42.615
    endloop
  endfacet
  facet normal 0.000163958 -0.115287 0.993332
    outer loop
      vertex -84.0855 13.6868 42.5894
      vertex -90 28.0614 44.2587
      vertex -84.0478 13.1156 42.5231
    endloop
  endfacet
  facet normal -0.000226136 -0.11544 0.993314
    outer loop
      vertex -90 28.0614 44.2587
      vertex -83.8922 12.3383 42.4328
      vertex -84.0478 13.1156 42.5231
    endloop
  endfacet
  facet normal 1.58094e-06 -0.115353 0.993325
    outer loop
      vertex -90 -20.1148 38.6641
      vertex -83.8922 12.3383 42.4328
      vertex -90 28.0614 44.2587
    endloop
  endfacet
  facet normal 0 -0.115354 0.993324
    outer loop
      vertex -78 7.84726 41.9113
      vertex -90 -20.1148 38.6641
      vertex -66 -20.1148 38.6641
    endloop
  endfacet
  facet normal -5.43955e-05 -0.115341 0.993326
    outer loop
      vertex -83.5376 11.3903 42.3227
      vertex -90 -20.1148 38.6641
      vertex -83.2828 10.8769 42.2631
    endloop
  endfacet
  facet normal 0.000464884 -0.115446 0.993314
    outer loop
      vertex -83.6357 11.5878 42.3457
      vertex -90 -20.1148 38.6641
      vertex -83.5376 11.3903 42.3227
    endloop
  endfacet
  facet normal -0.000134233 -0.115327 0.993328
    outer loop
      vertex -83.8922 12.3383 42.4328
      vertex -90 -20.1148 38.6641
      vertex -83.6357 11.5878 42.3457
    endloop
  endfacet
  facet normal 0 -0.11542 0.993317
    outer loop
      vertex -8.04781 -46.8887 35.5549
      vertex -33.9522 -46.8887 35.5549
      vertex -33.9 -47.6796 35.463
    endloop
  endfacet
  facet normal -0.000592067 -0.11509 0.993355
    outer loop
      vertex -28 -33.5247 37.1068
      vertex -33.9954 -46.6727 35.5799
      vertex -33.9522 -46.8887 35.5549
    endloop
  endfacet
  facet normal 9.82874e-06 -0.115361 0.993324
    outer loop
      vertex -28 -33.5247 37.1068
      vertex -34.1079 -46.1113 35.6451
      vertex -33.9954 -46.6727 35.5799
    endloop
  endfacet
  facet normal 6.93909e-05 -0.115389 0.99332
    outer loop
      vertex -28 -33.5247 37.1068
      vertex -34.3643 -45.3608 35.7323
      vertex -34.1079 -46.1113 35.6451
    endloop
  endfacet
  facet normal -7.46366e-05 -0.115313 0.993329
    outer loop
      vertex -28 -33.5247 37.1068
      vertex -34.7172 -44.6499 35.8148
      vertex -34.3643 -45.3608 35.7323
    endloop
  endfacet
  facet normal 5.30182e-05 -0.115389 0.99332
    outer loop
      vertex -28 -33.5247 37.1068
      vertex -35.0374 -44.174 35.8701
      vertex -34.7172 -44.6499 35.8148
    endloop
  endfacet
  facet normal 0.000149149 -0.115452 0.993313
    outer loop
      vertex -28 -33.5247 37.1068
      vertex -35.1605 -43.9909 35.8914
      vertex -35.0374 -44.174 35.8701
    endloop
  endfacet
  facet normal 4.24845e-07 -0.115351 0.993325
    outer loop
      vertex -28 -33.5247 37.1068
      vertex -35.6866 -43.395 35.9606
      vertex -35.1605 -43.9909 35.8914
    endloop
  endfacet
  facet normal 1.23016e-05 -0.11536 0.993324
    outer loop
      vertex -28 -33.5247 37.1068
      vertex -36.2866 -42.8724 36.0213
      vertex -35.6866 -43.395 35.9606
    endloop
  endfacet
  facet normal -2.80536e-05 -0.115325 0.993328
    outer loop
      vertex -28 -33.5247 37.1068
      vertex -36.95 -42.4321 36.0724
      vertex -36.2866 -42.8724 36.0213
    endloop
  endfacet
  facet normal -1.35193e-05 -0.11534 0.993326
    outer loop
      vertex -28 -33.5247 37.1068
      vertex -37.6656 -42.0815 36.1131
      vertex -36.95 -42.4321 36.0724
    endloop
  endfacet
  facet normal -3.55878e-05 -0.115315 0.993329
    outer loop
      vertex -28 -33.5247 37.1068
      vertex -37.8755 -42.0108 36.1213
      vertex -37.6656 -42.0815 36.1131
    endloop
  endfacet
  facet normal 4.16771e-05 -0.115404 0.993319
    outer loop
      vertex -28 -33.5247 37.1068
      vertex -38.4212 -41.8268 36.1427
      vertex -37.8755 -42.0108 36.1213
    endloop
  endfacet
  facet normal 3.57096e-05 -0.115396 0.99332
    outer loop
      vertex -28 -33.5247 37.1068
      vertex -39.2038 -41.6721 36.1607
      vertex -38.4212 -41.8268 36.1427
    endloop
  endfacet
  facet normal -6.81819e-05 -0.115255 0.993336
    outer loop
      vertex -28 -33.5247 37.1068
      vertex -39.7788 -41.6347 36.165
      vertex -39.2038 -41.6721 36.1607
    endloop
  endfacet
  facet normal 0.000113862 -0.115516 0.993306
    outer loop
      vertex -28 -33.5247 37.1068
      vertex -40 -41.6203 36.1667
      vertex -39.7788 -41.6347 36.165
    endloop
  endfacet
  facet normal 0 -0.11535 0.993325
    outer loop
      vertex -52 -33.5247 37.1068
      vertex -40 -41.6203 36.1667
      vertex -28 -33.5247 37.1068
    endloop
  endfacet
  facet normal -0.000113862 -0.115516 0.993306
    outer loop
      vertex -40 -41.6203 36.1667
      vertex -52 -33.5247 37.1068
      vertex -40.2212 -41.6347 36.165
    endloop
  endfacet
  facet normal 6.81819e-05 -0.115255 0.993336
    outer loop
      vertex -40.2212 -41.6347 36.165
      vertex -52 -33.5247 37.1068
      vertex -40.7962 -41.6721 36.1607
    endloop
  endfacet
  facet normal -3.57096e-05 -0.115396 0.99332
    outer loop
      vertex -40.7962 -41.6721 36.1607
      vertex -52 -33.5247 37.1068
      vertex -41.5788 -41.8268 36.1427
    endloop
  endfacet
  facet normal -4.16771e-05 -0.115404 0.993319
    outer loop
      vertex -41.5788 -41.8268 36.1427
      vertex -52 -33.5247 37.1068
      vertex -42.1245 -42.0108 36.1213
    endloop
  endfacet
  facet normal 3.55878e-05 -0.115315 0.993329
    outer loop
      vertex -42.1245 -42.0108 36.1213
      vertex -52 -33.5247 37.1068
      vertex -42.3344 -42.0815 36.1131
    endloop
  endfacet
  facet normal 0 -0.11535 0.993325
    outer loop
      vertex -71.9522 -46.8887 35.5549
      vertex -46.0478 -46.8887 35.5549
      vertex -52 -33.5247 37.1068
    endloop
  endfacet
  facet normal 0.000592067 -0.11509 0.993355
    outer loop
      vertex -46.0046 -46.6727 35.5799
      vertex -52 -33.5247 37.1068
      vertex -46.0478 -46.8887 35.5549
    endloop
  endfacet
  facet normal -9.82874e-06 -0.115361 0.993324
    outer loop
      vertex -45.8921 -46.1113 35.6451
      vertex -52 -33.5247 37.1068
      vertex -46.0046 -46.6727 35.5799
    endloop
  endfacet
  facet normal -6.93909e-05 -0.115389 0.99332
    outer loop
      vertex -45.6357 -45.3608 35.7323
      vertex -52 -33.5247 37.1068
      vertex -45.8921 -46.1113 35.6451
    endloop
  endfacet
  facet normal 7.46366e-05 -0.115313 0.993329
    outer loop
      vertex -45.2828 -44.6499 35.8148
      vertex -52 -33.5247 37.1068
      vertex -45.6357 -45.3608 35.7323
    endloop
  endfacet
  facet normal -5.30182e-05 -0.115389 0.99332
    outer loop
      vertex -44.9626 -44.174 35.8701
      vertex -52 -33.5247 37.1068
      vertex -45.2828 -44.6499 35.8148
    endloop
  endfacet
  facet normal -0.000149149 -0.115452 0.993313
    outer loop
      vertex -44.8395 -43.9909 35.8914
      vertex -52 -33.5247 37.1068
      vertex -44.9626 -44.174 35.8701
    endloop
  endfacet
  facet normal -4.24845e-07 -0.115351 0.993325
    outer loop
      vertex -44.3134 -43.395 35.9606
      vertex -52 -33.5247 37.1068
      vertex -44.8395 -43.9909 35.8914
    endloop
  endfacet
  facet normal -1.23016e-05 -0.11536 0.993324
    outer loop
      vertex -43.7134 -42.8724 36.0213
      vertex -52 -33.5247 37.1068
      vertex -44.3134 -43.395 35.9606
    endloop
  endfacet
  facet normal 2.80536e-05 -0.115325 0.993328
    outer loop
      vertex -43.05 -42.4321 36.0724
      vertex -52 -33.5247 37.1068
      vertex -43.7134 -42.8724 36.0213
    endloop
  endfacet
  facet normal 1.35193e-05 -0.11534 0.993326
    outer loop
      vertex -42.3344 -42.0815 36.1131
      vertex -52 -33.5247 37.1068
      vertex -43.05 -42.4321 36.0724
    endloop
  endfacet
  facet normal 0 -0.115282 0.993333
    outer loop
      vertex -34.3643 11.5878 42.3457
      vertex -7.63566 11.5878 42.3457
      vertex -34.1079 12.3383 42.4328
    endloop
  endfacet
  facet normal 3.42375e-08 -0.115297 0.993331
    outer loop
      vertex -8.04781 14.6974 42.7068
      vertex -33.9377 14.4777 42.6813
      vertex -33.9 13.9065 42.615
    endloop
  endfacet
  facet normal 0 -0.115293 0.993331
    outer loop
      vertex -8.04781 14.6974 42.7068
      vertex -33.9522 14.6974 42.7068
      vertex -33.9377 14.4777 42.6813
    endloop
  endfacet
  facet normal 4.77025e-05 -0.115371 0.993322
    outer loop
      vertex -28 28.0614 44.2587
      vertex -34.1079 15.4748 42.7971
      vertex -33.9522 14.6974 42.7068
    endloop
  endfacet
  facet normal -8.11253e-05 -0.11531 0.99333
    outer loop
      vertex -28 28.0614 44.2587
      vertex -34.3643 16.2253 42.8842
      vertex -34.1079 15.4748 42.7971
    endloop
  endfacet
  facet normal 6.04816e-05 -0.115385 0.993321
    outer loop
      vertex -28 28.0614 44.2587
      vertex -34.7172 16.9362 42.9668
      vertex -34.3643 16.2253 42.8842
    endloop
  endfacet
  facet normal -0.000215283 -0.11522 0.99334
    outer loop
      vertex -28 28.0614 44.2587
      vertex -34.8404 17.1192 42.988
      vertex -34.7172 16.9362 42.9668
    endloop
  endfacet
  facet normal 3.68103e-05 -0.115376 0.993322
    outer loop
      vertex -28 28.0614 44.2587
      vertex -35.1605 17.5952 43.0433
      vertex -34.8404 17.1192 42.988
    endloop
  endfacet
  facet normal 2.84022e-05 -0.11537 0.993323
    outer loop
      vertex -28 28.0614 44.2587
      vertex -35.5405 18.0256 43.0933
      vertex -35.1605 17.5952 43.0433
    endloop
  endfacet
  facet normal -6.81963e-05 -0.115299 0.993331
    outer loop
      vertex -28 28.0614 44.2587
      vertex -35.6866 18.1911 43.1125
      vertex -35.5405 18.0256 43.0933
    endloop
  endfacet
  facet normal 1.23016e-05 -0.11536 0.993324
    outer loop
      vertex -28 28.0614 44.2587
      vertex -36.2866 18.7137 43.1732
      vertex -35.6866 18.1911 43.1125
    endloop
  endfacet
  facet normal -3.6148e-05 -0.115318 0.993329
    outer loop
      vertex -28 28.0614 44.2587
      vertex -36.7657 19.0317 43.2101
      vertex -36.2866 18.7137 43.1732
    endloop
  endfacet
  facet normal -8.00115e-06 -0.115345 0.993325
    outer loop
      vertex -28 28.0614 44.2587
      vertex -36.95 19.154 43.2243
      vertex -36.7657 19.0317 43.2101
    endloop
  endfacet
  facet normal -3.64399e-05 -0.115317 0.993329
    outer loop
      vertex -28 28.0614 44.2587
      vertex -37.1488 19.2514 43.2356
      vertex -36.95 19.154 43.2243
    endloop
  endfacet
  facet normal -5.04942e-06 -0.115349 0.993325
    outer loop
      vertex -28 28.0614 44.2587
      vertex -37.6656 19.5046 43.265
      vertex -37.1488 19.2514 43.2356
    endloop
  endfacet
  facet normal 9.62582e-06 -0.115365 0.993323
    outer loop
      vertex -28 28.0614 44.2587
      vertex -38.4212 19.7594 43.2946
      vertex -37.6656 19.5046 43.265
    endloop
  endfacet
  facet normal 5.63965e-05 -0.115423 0.993316
    outer loop
      vertex -28 28.0614 44.2587
      vertex -38.9864 19.871 43.3076
      vertex -38.4212 19.7594 43.2946
    endloop
  endfacet
  facet normal 2.41165e-05 -0.115381 0.993321
    outer loop
      vertex -28 28.0614 44.2587
      vertex -39.2038 19.914 43.3126
      vertex -38.9864 19.871 43.3076
    endloop
  endfacet
  facet normal 0.000114702 -0.115503 0.993307
    outer loop
      vertex -28 28.0614 44.2587
      vertex -39.425 19.9284 43.3143
      vertex -39.2038 19.914 43.3126
    endloop
  endfacet
  facet normal -6.7859e-05 -0.11525 0.993336
    outer loop
      vertex -28 28.0614 44.2587
      vertex -40 19.9658 43.3186
      vertex -39.425 19.9284 43.3143
    endloop
  endfacet
  facet normal 0 -0.11535 0.993325
    outer loop
      vertex -52 28.0614 44.2587
      vertex -40 19.9658 43.3186
      vertex -28 28.0614 44.2587
    endloop
  endfacet
  facet normal 6.7859e-05 -0.11525 0.993336
    outer loop
      vertex -40 19.9658 43.3186
      vertex -52 28.0614 44.2587
      vertex -40.575 19.9284 43.3143
    endloop
  endfacet
  facet normal -0.000114702 -0.115503 0.993307
    outer loop
      vertex -40.575 19.9284 43.3143
      vertex -52 28.0614 44.2587
      vertex -40.7962 19.914 43.3126
    endloop
  endfacet
  facet normal -2.41165e-05 -0.115381 0.993321
    outer loop
      vertex -40.7962 19.914 43.3126
      vertex -52 28.0614 44.2587
      vertex -41.0136 19.871 43.3076
    endloop
  endfacet
  facet normal -5.63965e-05 -0.115423 0.993316
    outer loop
      vertex -41.0136 19.871 43.3076
      vertex -52 28.0614 44.2587
      vertex -41.5788 19.7594 43.2946
    endloop
  endfacet
  facet normal -9.62582e-06 -0.115365 0.993323
    outer loop
      vertex -41.5788 19.7594 43.2946
      vertex -52 28.0614 44.2587
      vertex -42.3344 19.5046 43.265
    endloop
  endfacet
  facet normal 5.04942e-06 -0.115349 0.993325
    outer loop
      vertex -42.3344 19.5046 43.265
      vertex -52 28.0614 44.2587
      vertex -42.8512 19.2514 43.2356
    endloop
  endfacet
  facet normal -3.68103e-05 -0.115376 0.993322
    outer loop
      vertex -52 28.0614 44.2587
      vertex -45.1596 17.1192 42.988
      vertex -44.8395 17.5952 43.0433
    endloop
  endfacet
  facet normal 0 -0.11535 0.993325
    outer loop
      vertex -71.9522 14.6974 42.7068
      vertex -46.0478 14.6974 42.7068
      vertex -66 28.0614 44.2587
    endloop
  endfacet
  facet normal 0 -0.11535 0.993325
    outer loop
      vertex -66 28.0614 44.2587
      vertex -46.0478 14.6974 42.7068
      vertex -52 28.0614 44.2587
    endloop
  endfacet
  facet normal -4.77025e-05 -0.115371 0.993322
    outer loop
      vertex -45.8921 15.4748 42.7971
      vertex -52 28.0614 44.2587
      vertex -46.0478 14.6974 42.7068
    endloop
  endfacet
  facet normal 8.11253e-05 -0.11531 0.99333
    outer loop
      vertex -45.6357 16.2253 42.8842
      vertex -52 28.0614 44.2587
      vertex -45.8921 15.4748 42.7971
    endloop
  endfacet
  facet normal -6.04816e-05 -0.115385 0.993321
    outer loop
      vertex -45.2828 16.9362 42.9668
      vertex -52 28.0614 44.2587
      vertex -45.6357 16.2253 42.8842
    endloop
  endfacet
  facet normal 0.000215283 -0.11522 0.99334
    outer loop
      vertex -45.1596 17.1192 42.988
      vertex -52 28.0614 44.2587
      vertex -45.2828 16.9362 42.9668
    endloop
  endfacet
  facet normal -2.84022e-05 -0.11537 0.993323
    outer loop
      vertex -44.4595 18.0256 43.0933
      vertex -52 28.0614 44.2587
      vertex -44.8395 17.5952 43.0433
    endloop
  endfacet
  facet normal 6.81963e-05 -0.115299 0.993331
    outer loop
      vertex -44.3134 18.1911 43.1125
      vertex -52 28.0614 44.2587
      vertex -44.4595 18.0256 43.0933
    endloop
  endfacet
  facet normal -1.23016e-05 -0.11536 0.993324
    outer loop
      vertex -43.7134 18.7137 43.1732
      vertex -52 28.0614 44.2587
      vertex -44.3134 18.1911 43.1125
    endloop
  endfacet
  facet normal 3.6148e-05 -0.115318 0.993329
    outer loop
      vertex -43.2343 19.0317 43.2101
      vertex -52 28.0614 44.2587
      vertex -43.7134 18.7137 43.1732
    endloop
  endfacet
  facet normal 8.00115e-06 -0.115345 0.993325
    outer loop
      vertex -43.05 19.154 43.2243
      vertex -52 28.0614 44.2587
      vertex -43.2343 19.0317 43.2101
    endloop
  endfacet
  facet normal 3.64399e-05 -0.115317 0.993329
    outer loop
      vertex -42.8512 19.2514 43.2356
      vertex -52 28.0614 44.2587
      vertex -43.05 19.154 43.2243
    endloop
  endfacet
  facet normal 0 -0.115674 0.993287
    outer loop
      vertex -7.63566 11.5878 42.3457
      vertex -34.3643 11.5878 42.3457
      vertex -7.53763 11.3903 42.3227
    endloop
  endfacet
  facet normal 0 -0.115674 0.993287
    outer loop
      vertex -34.4624 11.3903 42.3227
      vertex -7.53763 11.3903 42.3227
      vertex -34.3643 11.5878 42.3457
    endloop
  endfacet
  facet normal 0 -0.115314 0.993329
    outer loop
      vertex -7.53763 11.3903 42.3227
      vertex -34.4624 11.3903 42.3227
      vertex -7.28275 10.8769 42.2631
    endloop
  endfacet
  facet normal 0 -0.115314 0.993329
    outer loop
      vertex -34.7172 10.8769 42.2631
      vertex -7.28275 10.8769 42.2631
      vertex -34.4624 11.3903 42.3227
    endloop
  endfacet
  facet normal 0 -0.115194 0.993343
    outer loop
      vertex -7.28275 10.8769 42.2631
      vertex -34.7172 10.8769 42.2631
      vertex -6.96259 10.4009 42.2079
    endloop
  endfacet
  facet normal 0 -0.115194 0.993343
    outer loop
      vertex -35.0374 10.4009 42.2079
      vertex -6.96259 10.4009 42.2079
      vertex -34.7172 10.8769 42.2631
    endloop
  endfacet
  facet normal 0 -0.115613 0.993294
    outer loop
      vertex -6.96259 10.4009 42.2079
      vertex -35.0374 10.4009 42.2079
      vertex -6.83945 10.2179 42.1866
    endloop
  endfacet
  facet normal 0 -0.115613 0.993294
    outer loop
      vertex -35.1605 10.2179 42.1866
      vertex -6.83945 10.2179 42.1866
      vertex -35.0374 10.4009 42.2079
    endloop
  endfacet
  facet normal 0 -0.115354 0.993324
    outer loop
      vertex -6.83945 10.2179 42.1866
      vertex -35.1605 10.2179 42.1866
      vertex -28 -20.1148 38.6641
    endloop
  endfacet
  facet normal 5.17459e-06 -0.115352 0.993325
    outer loop
      vertex -35.6866 9.62198 42.1174
      vertex -28 -20.1148 38.6641
      vertex -35.1605 10.2179 42.1866
    endloop
  endfacet
  facet normal -0.000207819 -0.115407 0.993318
    outer loop
      vertex -35.8533 9.47682 42.1005
      vertex -28 -20.1148 38.6641
      vertex -35.6866 9.62198 42.1174
    endloop
  endfacet
  facet normal 5.58448e-05 -0.115338 0.993326
    outer loop
      vertex -36.2866 9.09939 42.0567
      vertex -28 -20.1148 38.6641
      vertex -35.8533 9.47682 42.1005
    endloop
  endfacet
  facet normal 4.53916e-05 -0.115341 0.993326
    outer loop
      vertex -36.95 8.65905 42.0056
      vertex -28 -20.1148 38.6641
      vertex -36.2866 9.09939 42.0567
    endloop
  endfacet
  facet normal 1.11829e-05 -0.115351 0.993325
    outer loop
      vertex -37.6656 8.3085 41.9649
      vertex -28 -20.1148 38.6641
      vertex -36.95 8.65905 42.0056
    endloop
  endfacet
  facet normal -5.23645e-05 -0.115372 0.993322
    outer loop
      vertex -38.2113 8.1245 41.9435
      vertex -28 -20.1148 38.6641
      vertex -37.6656 8.3085 41.9649
    endloop
  endfacet
  facet normal 7.78039e-05 -0.115326 0.993328
    outer loop
      vertex -38.4212 8.05373 41.9353
      vertex -28 -20.1148 38.6641
      vertex -38.2113 8.1245 41.9435
    endloop
  endfacet
  facet normal -5.07191e-05 -0.115373 0.993322
    outer loop
      vertex -39.2038 7.8991 41.9173
      vertex -28 -20.1148 38.6641
      vertex -38.4212 8.05373 41.9353
    endloop
  endfacet
  facet normal -0.000121478 -0.115401 0.993319
    outer loop
      vertex -39.425 7.8847 41.9156
      vertex -28 -20.1148 38.6641
      vertex -39.2038 7.8991 41.9173
    endloop
  endfacet
  facet normal 8.04347e-05 -0.11532 0.993328
    outer loop
      vertex -40 7.84726 41.9113
      vertex -28 -20.1148 38.6641
      vertex -39.425 7.8847 41.9156
    endloop
  endfacet
  facet normal -8.04347e-05 -0.11532 0.993328
    outer loop
      vertex -52 -20.1148 38.6641
      vertex -40 7.84726 41.9113
      vertex -40.575 7.8847 41.9156
    endloop
  endfacet
  facet normal 0.000121478 -0.115401 0.993319
    outer loop
      vertex -52 -20.1148 38.6641
      vertex -40.575 7.8847 41.9156
      vertex -40.7962 7.8991 41.9173
    endloop
  endfacet
  facet normal 5.07191e-05 -0.115373 0.993322
    outer loop
      vertex -52 -20.1148 38.6641
      vertex -40.7962 7.8991 41.9173
      vertex -41.5788 8.05373 41.9353
    endloop
  endfacet
  facet normal -7.78039e-05 -0.115326 0.993328
    outer loop
      vertex -52 -20.1148 38.6641
      vertex -41.5788 8.05373 41.9353
      vertex -41.7887 8.1245 41.9435
    endloop
  endfacet
  facet normal 5.23645e-05 -0.115372 0.993322
    outer loop
      vertex -52 -20.1148 38.6641
      vertex -41.7887 8.1245 41.9435
      vertex -42.3344 8.3085 41.9649
    endloop
  endfacet
  facet normal -1.11829e-05 -0.115351 0.993325
    outer loop
      vertex -52 -20.1148 38.6641
      vertex -42.3344 8.3085 41.9649
      vertex -43.05 8.65905 42.0056
    endloop
  endfacet
  facet normal -4.53916e-05 -0.115341 0.993326
    outer loop
      vertex -52 -20.1148 38.6641
      vertex -43.05 8.65905 42.0056
      vertex -43.7134 9.09939 42.0567
    endloop
  endfacet
  facet normal -5.58448e-05 -0.115338 0.993326
    outer loop
      vertex -52 -20.1148 38.6641
      vertex -43.7134 9.09939 42.0567
      vertex -44.1467 9.47682 42.1005
    endloop
  endfacet
  facet normal 0.000207819 -0.115407 0.993318
    outer loop
      vertex -52 -20.1148 38.6641
      vertex -44.1467 9.47682 42.1005
      vertex -44.3134 9.62198 42.1174
    endloop
  endfacet
  facet normal -5.17459e-06 -0.115352 0.993325
    outer loop
      vertex -52 -20.1148 38.6641
      vertex -44.3134 9.62198 42.1174
      vertex -44.8395 10.2179 42.1866
    endloop
  endfacet
  facet normal 0 -0.115282 0.993333
    outer loop
      vertex -45.8921 12.3383 42.4328
      vertex -72.1078 12.3383 42.4328
      vertex -45.6357 11.5878 42.3457
    endloop
  endfacet
  facet normal 0 -0.11548 0.99331
    outer loop
      vertex -72.1078 12.3383 42.4328
      vertex -45.8921 12.3383 42.4328
      vertex -72.0646 12.5542 42.4579
    endloop
  endfacet
  facet normal 0 -0.115739 0.99328
    outer loop
      vertex -71.9145 13.6868 42.5894
      vertex -46.0855 13.6868 42.5894
      vertex -71.9 13.9065 42.615
    endloop
  endfacet
  facet normal 0 -0.115297 0.993331
    outer loop
      vertex -46.0623 14.4777 42.6813
      vertex -71.9 13.9065 42.615
      vertex -46.1 13.9065 42.615
    endloop
  endfacet
  facet normal -8.93747e-08 -0.115293 0.993331
    outer loop
      vertex -46.0478 14.6974 42.7068
      vertex -71.9 13.9065 42.615
      vertex -46.0623 14.4777 42.6813
    endloop
  endfacet
  facet normal 0 -0.115739 0.99328
    outer loop
      vertex -46.1 13.9065 42.615
      vertex -71.9 13.9065 42.615
      vertex -46.0855 13.6868 42.5894
    endloop
  endfacet
  facet normal 0 -0.115297 0.993331
    outer loop
      vertex -46.0855 13.6868 42.5894
      vertex -71.9145 13.6868 42.5894
      vertex -46.0478 13.1156 42.5231
    endloop
  endfacet
  facet normal 0 -0.115354 0.993324
    outer loop
      vertex -40 7.84726 41.9113
      vertex -52 -20.1148 38.6641
      vertex -28 -20.1148 38.6641
    endloop
  endfacet
  facet normal 0 -0.11548 0.99331
    outer loop
      vertex -45.9354 12.5542 42.4579
      vertex -72.0646 12.5542 42.4579
      vertex -45.8921 12.3383 42.4328
    endloop
  endfacet
  facet normal 0 -0.115363 0.993323
    outer loop
      vertex -72.0646 12.5542 42.4579
      vertex -45.9354 12.5542 42.4579
      vertex -71.9522 13.1156 42.5231
    endloop
  endfacet
  facet normal 0 -0.115297 0.993331
    outer loop
      vertex -71.9522 13.1156 42.5231
      vertex -46.0478 13.1156 42.5231
      vertex -71.9145 13.6868 42.5894
    endloop
  endfacet
  facet normal 8.98333e-06 -0.115376 0.993322
    outer loop
      vertex 37.6866 -51.9641 34.9655
      vertex 1.68546 -69.3123 32.9508
      vertex 1.7 -69.5327 32.9252
    endloop
  endfacet
  facet normal 0.000713151 -0.115374 0.993322
    outer loop
      vertex 2.14671 -52.1093 34.9486
      vertex 1.65412 -69.1558 32.969
      vertex 1.68546 -69.3123 32.9508
    endloop
  endfacet
  facet normal 0.00148583 -0.115396 0.993318
    outer loop
      vertex 2.14671 -52.1093 34.9486
      vertex 1.64207 -69.0957 32.976
      vertex 1.65412 -69.1558 32.969
    endloop
  endfacet
  facet normal 7.64699e-05 -0.115355 0.993324
    outer loop
      vertex 2.14671 -52.1093 34.9486
      vertex 1.57059 -68.8865 33.0003
      vertex 1.64207 -69.0957 32.976
    endloop
  endfacet
  facet normal -4.65253e-05 -0.115351 0.993325
    outer loop
      vertex 2.14671 -52.1093 34.9486
      vertex 1.47224 -68.6884 33.0233
      vertex 1.57059 -68.8865 33.0003
    endloop
  endfacet
  facet normal -0.00061522 -0.115328 0.993327
    outer loop
      vertex 2.14671 -52.1093 34.9486
      vertex 1.43793 -68.6374 33.0292
      vertex 1.47224 -68.6884 33.0233
    endloop
  endfacet
  facet normal -0.000108674 -0.11535 0.993325
    outer loop
      vertex 2.14671 -52.1093 34.9486
      vertex 1.3487 -68.5047 33.0446
      vertex 1.43793 -68.6374 33.0292
    endloop
  endfacet
  facet normal -0.000213405 -0.115345 0.993326
    outer loop
      vertex 2.14671 -52.1093 34.9486
      vertex 1.24281 -68.3848 33.0585
      vertex 1.3487 -68.5047 33.0446
    endloop
  endfacet
  facet normal 0.00106313 -0.115415 0.993317
    outer loop
      vertex 2.14671 -52.1093 34.9486
      vertex 1.20208 -68.3387 33.0639
      vertex 1.24281 -68.3848 33.0585
    endloop
  endfacet
  facet normal -6.83104e-05 -0.115353 0.993325
    outer loop
      vertex 1.71344 -52.4867 34.9048
      vertex 1.15564 -68.2982 33.0686
      vertex 1.20208 -68.3387 33.0639
    endloop
  endfacet
  facet normal -8.56736e-05 -0.115353 0.993325
    outer loop
      vertex 1.03489 -68.193 33.0808
      vertex 1.71344 -52.4867 34.9048
      vertex 1.05 -52.9271 34.8536
    endloop
  endfacet
  facet normal -0.000135245 -0.115351 0.993325
    outer loop
      vertex 1.71344 -52.4867 34.9048
      vertex 1.03489 -68.193 33.0808
      vertex 1.15564 -68.2982 33.0686
    endloop
  endfacet
  facet normal 8.21468e-05 -0.115353 0.993325
    outer loop
      vertex 1.05 -52.9271 34.8536
      vertex 0.901359 -68.1044 33.0911
      vertex 1.03489 -68.193 33.0808
    endloop
  endfacet
  facet normal -5.35054e-06 -0.11535 0.993325
    outer loop
      vertex 0.849999 -68.0703 33.0951
      vertex 1.05 -52.9271 34.8536
      vertex 0.851213 -53.0244 34.8423
    endloop
  endfacet
  facet normal 0.000769705 -0.11536 0.993323
    outer loop
      vertex 1.05 -52.9271 34.8536
      vertex 0.849999 -68.0703 33.0951
      vertex 0.901359 -68.1044 33.0911
    endloop
  endfacet
  facet normal -0.000842304 -0.115349 0.993325
    outer loop
      vertex 0.851213 -53.0244 34.8423
      vertex 0.7946 -68.0432 33.0982
      vertex 0.849999 -68.0703 33.0951
    endloop
  endfacet
  facet normal 9.48734e-06 -0.115353 0.993325
    outer loop
      vertex 0.851213 -53.0244 34.8423
      vertex 0.650561 -67.9726 33.1064
      vertex 0.7946 -68.0432 33.0982
    endloop
  endfacet
  facet normal 6.83348e-06 -0.115353 0.993325
    outer loop
      vertex 0.334369 -53.2776 34.8129
      vertex 0.650561 -67.9726 33.1064
      vertex 0.851213 -53.0244 34.8423
    endloop
  endfacet
  facet normal 0.000280527 -0.115347 0.993325
    outer loop
      vertex 0.650561 -67.9726 33.1064
      vertex 0.334369 -53.2776 34.8129
      vertex 0.498483 -67.9213 33.1124
    endloop
  endfacet
  facet normal 0.000210308 -0.115348 0.993325
    outer loop
      vertex 0.498483 -67.9213 33.1124
      vertex 0.334369 -53.2776 34.8129
      vertex 0.439992 -67.9016 33.1147
    endloop
  endfacet
  facet normal -1.51594e-05 -0.115349 0.993325
    outer loop
      vertex -0.421204 -53.5324 34.7833
      vertex 0.439992 -67.9016 33.1147
      vertex 0.334369 -53.2776 34.8129
    endloop
  endfacet
  facet normal -2.2665e-05 -0.11535 0.993325
    outer loop
      vertex 0.439992 -67.9016 33.1147
      vertex -0.421204 -53.5324 34.7833
      vertex 0.221894 -67.8585 33.1197
    endloop
  endfacet
  facet normal -0.00032407 -0.115363 0.993323
    outer loop
      vertex 0.221894 -67.8585 33.1197
      vertex -0.421204 -53.5324 34.7833
      vertex 0 -67.8441 33.1213
    endloop
  endfacet
  facet normal 6.75225e-05 -0.115352 0.993325
    outer loop
      vertex -1.20379 -53.687 34.7654
      vertex 0 -67.8441 33.1213
      vertex -0.421204 -53.5324 34.7833
    endloop
  endfacet
  facet normal 0.000321919 -0.11533 0.993327
    outer loop
      vertex 0 -67.8441 33.1213
      vertex -1.20379 -53.687 34.7654
      vertex -0.221894 -67.8585 33.1197
    endloop
  endfacet
  facet normal -7.77635e-05 -0.115358 0.993324
    outer loop
      vertex -1.77883 -53.7245 34.761
      vertex -0.221894 -67.8585 33.1197
      vertex -1.20379 -53.687 34.7654
    endloop
  endfacet
  facet normal 0.00032191 -0.115314 0.993329
    outer loop
      vertex -2 -53.7389 34.7594
      vertex -0.221894 -67.8585 33.1197
      vertex -1.77883 -53.7245 34.761
    endloop
  endfacet
  facet normal 2.29975e-05 -0.115351 0.993325
    outer loop
      vertex -0.221894 -67.8585 33.1197
      vertex -2 -53.7389 34.7594
      vertex -0.439992 -67.9016 33.1147
    endloop
  endfacet
  facet normal -0.000326867 -0.115389 0.99332
    outer loop
      vertex -2.22117 -53.7245 34.761
      vertex -0.439992 -67.9016 33.1147
      vertex -2 -53.7389 34.7594
    endloop
  endfacet
  facet normal -0.000201372 -0.115374 0.993322
    outer loop
      vertex -0.439992 -67.9016 33.1147
      vertex -2.22117 -53.7245 34.761
      vertex -0.498483 -67.9213 33.1124
    endloop
  endfacet
  facet normal -0.000268561 -0.115382 0.993321
    outer loop
      vertex -0.498483 -67.9213 33.1124
      vertex -2.22117 -53.7245 34.761
      vertex -0.650561 -67.9726 33.1064
    endloop
  endfacet
  facet normal 7.86593e-05 -0.115344 0.993326
    outer loop
      vertex -2.79621 -53.687 34.7654
      vertex -0.650561 -67.9726 33.1064
      vertex -2.22117 -53.7245 34.761
    endloop
  endfacet
  facet normal -7.42801e-06 -0.115357 0.993324
    outer loop
      vertex -0.650561 -67.9726 33.1064
      vertex -2.79621 -53.687 34.7654
      vertex -0.7946 -68.0432 33.0982
    endloop
  endfacet
  facet normal 0.000791454 -0.115247 0.993337
    outer loop
      vertex -0.7946 -68.0432 33.0982
      vertex -2.79621 -53.687 34.7654
      vertex -0.849999 -68.0703 33.0951
    endloop
  endfacet
  facet normal -6.95722e-05 -0.115362 0.993324
    outer loop
      vertex -3.5788 -53.5324 34.7833
      vertex -0.849999 -68.0703 33.0951
      vertex -2.79621 -53.687 34.7654
    endloop
  endfacet
  facet normal -0.000690795 -0.115477 0.99331
    outer loop
      vertex -0.849999 -68.0703 33.0951
      vertex -3.5788 -53.5324 34.7833
      vertex -0.901359 -68.1044 33.0911
    endloop
  endfacet
  facet normal -7.40225e-05 -0.115365 0.993323
    outer loop
      vertex -0.901359 -68.1044 33.0911
      vertex -3.5788 -53.5324 34.7833
      vertex -1.03489 -68.193 33.0808
    endloop
  endfacet
  facet normal 1.49309e-05 -0.11535 0.993325
    outer loop
      vertex -4.33437 -53.2776 34.8129
      vertex -1.03489 -68.193 33.0808
      vertex -3.5788 -53.5324 34.7833
    endloop
  endfacet
  facet normal 0.000115159 -0.115328 0.993327
    outer loop
      vertex -1.03489 -68.193 33.0808
      vertex -4.33437 -53.2776 34.8129
      vertex -1.15564 -68.2982 33.0686
    endloop
  endfacet
  facet normal 5.68975e-05 -0.11534 0.993326
    outer loop
      vertex -1.15564 -68.2982 33.0686
      vertex -4.33437 -53.2776 34.8129
      vertex -1.20208 -68.3387 33.0639
    endloop
  endfacet
  facet normal -0.000918858 -0.11554 0.993302
    outer loop
      vertex -1.20208 -68.3387 33.0639
      vertex -4.33437 -53.2776 34.8129
      vertex -1.24281 -68.3848 33.0585
    endloop
  endfacet
  facet normal 0.000182737 -0.115318 0.993329
    outer loop
      vertex -1.24281 -68.3848 33.0585
      vertex -4.33437 -53.2776 34.8129
      vertex -1.3487 -68.5047 33.0446
    endloop
  endfacet
  facet normal -7.93375e-06 -0.115355 0.993324
    outer loop
      vertex -4.85121 -53.0244 34.8423
      vertex -1.3487 -68.5047 33.0446
      vertex -4.33437 -53.2776 34.8129
    endloop
  endfacet
  facet normal 4.05819e-06 -0.115352 0.993325
    outer loop
      vertex -5.05 -52.9271 34.8536
      vertex -1.3487 -68.5047 33.0446
      vertex -4.85121 -53.0244 34.8423
    endloop
  endfacet
  facet normal 0 -0.11542 0.993317
    outer loop
      vertex 35.9522 -46.8887 35.5549
      vertex 4.04781 -46.8887 35.5549
      vertex 4.1 -47.6796 35.463
    endloop
  endfacet
  facet normal -0.000591898 -0.11509 0.993355
    outer loop
      vertex 10 -33.5247 37.1068
      vertex 4.00457 -46.6727 35.5799
      vertex 4.04781 -46.8887 35.5549
    endloop
  endfacet
  facet normal 9.83084e-06 -0.115361 0.993324
    outer loop
      vertex 10 -33.5247 37.1068
      vertex 3.89215 -46.1113 35.6451
      vertex 4.00457 -46.6727 35.5799
    endloop
  endfacet
  facet normal 6.93812e-05 -0.115389 0.99332
    outer loop
      vertex 10 -33.5247 37.1068
      vertex 3.63566 -45.3608 35.7323
      vertex 3.89215 -46.1113 35.6451
    endloop
  endfacet
  facet normal -7.46354e-05 -0.115313 0.993329
    outer loop
      vertex 10 -33.5247 37.1068
      vertex 3.28275 -44.6499 35.8148
      vertex 3.63566 -45.3608 35.7323
    endloop
  endfacet
  facet normal 5.30215e-05 -0.115389 0.99332
    outer loop
      vertex 10 -33.5247 37.1068
      vertex 2.96259 -44.174 35.8701
      vertex 3.28275 -44.6499 35.8148
    endloop
  endfacet
  facet normal 0.000149125 -0.115452 0.993313
    outer loop
      vertex 10 -33.5247 37.1068
      vertex 2.83945 -43.9909 35.8914
      vertex 2.96259 -44.174 35.8701
    endloop
  endfacet
  facet normal 4.24844e-07 -0.115351 0.993325
    outer loop
      vertex 10 -33.5247 37.1068
      vertex 2.31335 -43.395 35.9606
      vertex 2.83945 -43.9909 35.8914
    endloop
  endfacet
  facet normal 1.23027e-05 -0.11536 0.993324
    outer loop
      vertex 10 -33.5247 37.1068
      vertex 1.71344 -42.8724 36.0213
      vertex 2.31335 -43.395 35.9606
    endloop
  endfacet
  facet normal -2.80526e-05 -0.115325 0.993328
    outer loop
      vertex 10 -33.5247 37.1068
      vertex 1.05 -42.4321 36.0724
      vertex 1.71344 -42.8724 36.0213
    endloop
  endfacet
  facet normal -1.35189e-05 -0.11534 0.993326
    outer loop
      vertex 10 -33.5247 37.1068
      vertex 0.334369 -42.0815 36.1131
      vertex 1.05 -42.4321 36.0724
    endloop
  endfacet
  facet normal -3.55901e-05 -0.115315 0.993329
    outer loop
      vertex 10 -33.5247 37.1068
      vertex 0.124488 -42.0108 36.1213
      vertex 0.334369 -42.0815 36.1131
    endloop
  endfacet
  facet normal 4.16776e-05 -0.115404 0.993319
    outer loop
      vertex 10 -33.5247 37.1068
      vertex -0.421204 -41.8268 36.1427
      vertex 0.124488 -42.0108 36.1213
    endloop
  endfacet
  facet normal 3.57101e-05 -0.115396 0.99332
    outer loop
      vertex 10 -33.5247 37.1068
      vertex -1.20379 -41.6721 36.1607
      vertex -0.421204 -41.8268 36.1427
    endloop
  endfacet
  facet normal -6.81776e-05 -0.115255 0.993336
    outer loop
      vertex 10 -33.5247 37.1068
      vertex -1.77883 -41.6347 36.165
      vertex -1.20379 -41.6721 36.1607
    endloop
  endfacet
  facet normal 0.000113876 -0.115516 0.993306
    outer loop
      vertex 10 -33.5247 37.1068
      vertex -2 -41.6203 36.1667
      vertex -1.77883 -41.6347 36.165
    endloop
  endfacet
  facet normal 0 -0.11535 0.993325
    outer loop
      vertex -14 -33.5247 37.1068
      vertex -2 -41.6203 36.1667
      vertex 10 -33.5247 37.1068
    endloop
  endfacet
  facet normal -0.000113876 -0.115516 0.993306
    outer loop
      vertex -2 -41.6203 36.1667
      vertex -14 -33.5247 37.1068
      vertex -2.22117 -41.6347 36.165
    endloop
  endfacet
  facet normal 6.81776e-05 -0.115255 0.993336
    outer loop
      vertex -2.22117 -41.6347 36.165
      vertex -14 -33.5247 37.1068
      vertex -2.79621 -41.6721 36.1607
    endloop
  endfacet
  facet normal -3.57099e-05 -0.115396 0.99332
    outer loop
      vertex -2.79621 -41.6721 36.1607
      vertex -14 -33.5247 37.1068
      vertex -3.5788 -41.8268 36.1427
    endloop
  endfacet
  facet normal -4.16777e-05 -0.115404 0.993319
    outer loop
      vertex -3.5788 -41.8268 36.1427
      vertex -14 -33.5247 37.1068
      vertex -4.12449 -42.0108 36.1213
    endloop
  endfacet
  facet normal 3.55902e-05 -0.115315 0.993329
    outer loop
      vertex -4.12449 -42.0108 36.1213
      vertex -14 -33.5247 37.1068
      vertex -4.33437 -42.0815 36.1131
    endloop
  endfacet
  facet normal 0 -0.11535 0.993325
    outer loop
      vertex -33.9522 -46.8887 35.5549
      vertex -8.04781 -46.8887 35.5549
      vertex -14 -33.5247 37.1068
    endloop
  endfacet
  facet normal 0.000591898 -0.11509 0.993355
    outer loop
      vertex -8.00457 -46.6727 35.5799
      vertex -14 -33.5247 37.1068
      vertex -8.04781 -46.8887 35.5549
    endloop
  endfacet
  facet normal -9.83084e-06 -0.115361 0.993324
    outer loop
      vertex -7.89215 -46.1113 35.6451
      vertex -14 -33.5247 37.1068
      vertex -8.00457 -46.6727 35.5799
    endloop
  endfacet
  facet normal -6.93812e-05 -0.115389 0.99332
    outer loop
      vertex -7.63566 -45.3608 35.7323
      vertex -14 -33.5247 37.1068
      vertex -7.89215 -46.1113 35.6451
    endloop
  endfacet
  facet normal 7.46354e-05 -0.115313 0.993329
    outer loop
      vertex -7.28275 -44.6499 35.8148
      vertex -14 -33.5247 37.1068
      vertex -7.63566 -45.3608 35.7323
    endloop
  endfacet
  facet normal -5.30215e-05 -0.115389 0.99332
    outer loop
      vertex -6.96259 -44.174 35.8701
      vertex -14 -33.5247 37.1068
      vertex -7.28275 -44.6499 35.8148
    endloop
  endfacet
  facet normal -0.000149125 -0.115452 0.993313
    outer loop
      vertex -6.83945 -43.9909 35.8914
      vertex -14 -33.5247 37.1068
      vertex -6.96259 -44.174 35.8701
    endloop
  endfacet
  facet normal -4.24844e-07 -0.115351 0.993325
    outer loop
      vertex -6.31335 -43.395 35.9606
      vertex -14 -33.5247 37.1068
      vertex -6.83945 -43.9909 35.8914
    endloop
  endfacet
  facet normal -1.23027e-05 -0.11536 0.993324
    outer loop
      vertex -5.71344 -42.8724 36.0213
      vertex -14 -33.5247 37.1068
      vertex -6.31335 -43.395 35.9606
    endloop
  endfacet
  facet normal 2.80526e-05 -0.115325 0.993328
    outer loop
      vertex -5.05 -42.4321 36.0724
      vertex -14 -33.5247 37.1068
      vertex -5.71344 -42.8724 36.0213
    endloop
  endfacet
  facet normal 1.3519e-05 -0.11534 0.993326
    outer loop
      vertex -4.33437 -42.0815 36.1131
      vertex -14 -33.5247 37.1068
      vertex -5.05 -42.4321 36.0724
    endloop
  endfacet
  facet normal 5.3454e-05 -0.114917 0.993375
    outer loop
      vertex 22.625 9.36209 42.0872
      vertex 3.63566 11.5878 42.3457
      vertex 22.6336 9.23243 42.0722
    endloop
  endfacet
  facet normal 1.76503e-05 -0.115296 0.993331
    outer loop
      vertex 22.625 9.36209 42.0872
      vertex 4.06231 14.4777 42.6813
      vertex 4.1 13.9065 42.615
    endloop
  endfacet
  facet normal 1.87835e-05 -0.115292 0.993332
    outer loop
      vertex 22.625 9.36209 42.0872
      vertex 4.04781 14.6974 42.7068
      vertex 4.06231 14.4777 42.6813
    endloop
  endfacet
  facet normal -7.40374e-06 -0.115382 0.993321
    outer loop
      vertex 22.625 9.36209 42.0872
      vertex 3.89215 15.4748 42.7971
      vertex 4.04781 14.6974 42.7068
    endloop
  endfacet
  facet normal -8.11139e-05 -0.11531 0.99333
    outer loop
      vertex 10 28.0614 44.2587
      vertex 3.63566 16.2253 42.8842
      vertex 3.89215 15.4748 42.7971
    endloop
  endfacet
  facet normal 6.04806e-05 -0.115385 0.993321
    outer loop
      vertex 10 28.0614 44.2587
      vertex 3.28275 16.9362 42.9668
      vertex 3.63566 16.2253 42.8842
    endloop
  endfacet
  facet normal -0.000215346 -0.11522 0.99334
    outer loop
      vertex 10 28.0614 44.2587
      vertex 3.15962 17.1192 42.988
      vertex 3.28275 16.9362 42.9668
    endloop
  endfacet
  facet normal 3.68062e-05 -0.115376 0.993322
    outer loop
      vertex 10 28.0614 44.2587
      vertex 2.83945 17.5952 43.0433
      vertex 3.15962 17.1192 42.988
    endloop
  endfacet
  facet normal 2.84038e-05 -0.11537 0.993323
    outer loop
      vertex 10 28.0614 44.2587
      vertex 2.45949 18.0256 43.0933
      vertex 2.83945 17.5952 43.0433
    endloop
  endfacet
  facet normal -6.81862e-05 -0.115299 0.993331
    outer loop
      vertex 10 28.0614 44.2587
      vertex 2.31335 18.1911 43.1125
      vertex 2.45949 18.0256 43.0933
    endloop
  endfacet
  facet normal 1.23027e-05 -0.11536 0.993324
    outer loop
      vertex 10 28.0614 44.2587
      vertex 1.71344 18.7137 43.1732
      vertex 2.31335 18.1911 43.1125
    endloop
  endfacet
  facet normal -3.61457e-05 -0.115318 0.993329
    outer loop
      vertex 10 28.0614 44.2587
      vertex 1.23429 19.0317 43.2101
      vertex 1.71344 18.7137 43.1732
    endloop
  endfacet
  facet normal -8.00141e-06 -0.115345 0.993325
    outer loop
      vertex 10 28.0614 44.2587
      vertex 1.05 19.154 43.2243
      vertex 1.23429 19.0317 43.2101
    endloop
  endfacet
  facet normal -3.64415e-05 -0.115317 0.993329
    outer loop
      vertex 10 28.0614 44.2587
      vertex 0.851213 19.2514 43.2356
      vertex 1.05 19.154 43.2243
    endloop
  endfacet
  facet normal -5.04914e-06 -0.115349 0.993325
    outer loop
      vertex 10 28.0614 44.2587
      vertex 0.334369 19.5046 43.265
      vertex 0.851213 19.2514 43.2356
    endloop
  endfacet
  facet normal 9.62606e-06 -0.115365 0.993323
    outer loop
      vertex 10 28.0614 44.2587
      vertex -0.421204 19.7594 43.2946
      vertex 0.334369 19.5046 43.265
    endloop
  endfacet
  facet normal 5.63964e-05 -0.115423 0.993316
    outer loop
      vertex 10 28.0614 44.2587
      vertex -0.986405 19.871 43.3076
      vertex -0.421204 19.7594 43.2946
    endloop
  endfacet
  facet normal 2.41178e-05 -0.115381 0.993321
    outer loop
      vertex 10 28.0614 44.2587
      vertex -1.20379 19.914 43.3126
      vertex -0.986405 19.871 43.3076
    endloop
  endfacet
  facet normal 0.000114717 -0.115503 0.993307
    outer loop
      vertex 10 28.0614 44.2587
      vertex -1.42496 19.9284 43.3143
      vertex -1.20379 19.914 43.3126
    endloop
  endfacet
  facet normal -6.78547e-05 -0.11525 0.993336
    outer loop
      vertex 10 28.0614 44.2587
      vertex -2 19.9658 43.3186
      vertex -1.42496 19.9284 43.3143
    endloop
  endfacet
  facet normal 0 -0.11535 0.993325
    outer loop
      vertex -14 28.0614 44.2587
      vertex -2 19.9658 43.3186
      vertex 10 28.0614 44.2587
    endloop
  endfacet
  facet normal 6.78547e-05 -0.11525 0.993336
    outer loop
      vertex -2 19.9658 43.3186
      vertex -14 28.0614 44.2587
      vertex -2.57504 19.9284 43.3143
    endloop
  endfacet
  facet normal -0.000114717 -0.115503 0.993307
    outer loop
      vertex -2.57504 19.9284 43.3143
      vertex -14 28.0614 44.2587
      vertex -2.79621 19.914 43.3126
    endloop
  endfacet
  facet normal -2.41183e-05 -0.115381 0.993321
    outer loop
      vertex -2.79621 19.914 43.3126
      vertex -14 28.0614 44.2587
      vertex -3.01359 19.871 43.3076
    endloop
  endfacet
  facet normal -5.63957e-05 -0.115423 0.993316
    outer loop
      vertex -3.01359 19.871 43.3076
      vertex -14 28.0614 44.2587
      vertex -3.5788 19.7594 43.2946
    endloop
  endfacet
  facet normal -9.62609e-06 -0.115365 0.993323
    outer loop
      vertex -3.5788 19.7594 43.2946
      vertex -14 28.0614 44.2587
      vertex -4.33437 19.5046 43.265
    endloop
  endfacet
  facet normal 5.04916e-06 -0.115349 0.993325
    outer loop
      vertex -4.33437 19.5046 43.265
      vertex -14 28.0614 44.2587
      vertex -4.85121 19.2514 43.2356
    endloop
  endfacet
  facet normal -3.68062e-05 -0.115376 0.993322
    outer loop
      vertex -14 28.0614 44.2587
      vertex -7.15962 17.1192 42.988
      vertex -6.83945 17.5952 43.0433
    endloop
  endfacet
  facet normal 0 -0.11535 0.993325
    outer loop
      vertex -33.9522 14.6974 42.7068
      vertex -8.04781 14.6974 42.7068
      vertex -28 28.0614 44.2587
    endloop
  endfacet
  facet normal 0 -0.11535 0.993325
    outer loop
      vertex -28 28.0614 44.2587
      vertex -8.04781 14.6974 42.7068
      vertex -14 28.0614 44.2587
    endloop
  endfacet
  facet normal -4.77063e-05 -0.115371 0.993322
    outer loop
      vertex -7.89215 15.4748 42.7971
      vertex -14 28.0614 44.2587
      vertex -8.04781 14.6974 42.7068
    endloop
  endfacet
  facet normal 8.11139e-05 -0.11531 0.99333
    outer loop
      vertex -7.63566 16.2253 42.8842
      vertex -14 28.0614 44.2587
      vertex -7.89215 15.4748 42.7971
    endloop
  endfacet
  facet normal -6.04806e-05 -0.115385 0.993321
    outer loop
      vertex -7.28275 16.9362 42.9668
      vertex -14 28.0614 44.2587
      vertex -7.63566 16.2253 42.8842
    endloop
  endfacet
  facet normal 0.000215346 -0.11522 0.99334
    outer loop
      vertex -7.15962 17.1192 42.988
      vertex -14 28.0614 44.2587
      vertex -7.28275 16.9362 42.9668
    endloop
  endfacet
  facet normal -2.84038e-05 -0.11537 0.993323
    outer loop
      vertex -6.45949 18.0256 43.0933
      vertex -14 28.0614 44.2587
      vertex -6.83945 17.5952 43.0433
    endloop
  endfacet
  facet normal 6.81862e-05 -0.115299 0.993331
    outer loop
      vertex -6.31335 18.1911 43.1125
      vertex -14 28.0614 44.2587
      vertex -6.45949 18.0256 43.0933
    endloop
  endfacet
  facet normal -1.23027e-05 -0.11536 0.993324
    outer loop
      vertex -5.71344 18.7137 43.1732
      vertex -14 28.0614 44.2587
      vertex -6.31335 18.1911 43.1125
    endloop
  endfacet
  facet normal 3.61457e-05 -0.115318 0.993329
    outer loop
      vertex -5.23429 19.0317 43.2101
      vertex -14 28.0614 44.2587
      vertex -5.71344 18.7137 43.1732
    endloop
  endfacet
  facet normal 8.00141e-06 -0.115345 0.993325
    outer loop
      vertex -5.05 19.154 43.2243
      vertex -14 28.0614 44.2587
      vertex -5.23429 19.0317 43.2101
    endloop
  endfacet
  facet normal 3.64412e-05 -0.115317 0.993329
    outer loop
      vertex -4.85121 19.2514 43.2356
      vertex -14 28.0614 44.2587
      vertex -5.05 19.154 43.2243
    endloop
  endfacet
  facet normal -1.95044e-06 -0.115358 0.993324
    outer loop
      vertex 22.6336 9.23243 42.0722
      vertex 3.63566 11.5878 42.3457
      vertex 22.6591 9.10499 42.0574
    endloop
  endfacet
  facet normal -4.10622e-05 -0.115654 0.99329
    outer loop
      vertex 3.53763 11.3903 42.3227
      vertex 22.6591 9.10499 42.0574
      vertex 3.63566 11.5878 42.3457
    endloop
  endfacet
  facet normal 5.19615e-08 -0.115314 0.993329
    outer loop
      vertex 3.28275 10.8769 42.2631
      vertex 22.6591 9.10499 42.0574
      vertex 3.53763 11.3903 42.3227
    endloop
  endfacet
  facet normal -1.24656e-05 -0.115449 0.993313
    outer loop
      vertex 22.6591 9.10499 42.0574
      vertex 3.28275 10.8769 42.2631
      vertex 22.7011 8.98195 42.0431
    endloop
  endfacet
  facet normal 1.19768e-05 -0.115202 0.993342
    outer loop
      vertex 2.96259 10.4009 42.2079
      vertex 22.7011 8.98195 42.0431
      vertex 3.28275 10.8769 42.2631
    endloop
  endfacet
  facet normal -4.19054e-05 -0.115942 0.993256
    outer loop
      vertex 22.7011 8.98195 42.0431
      vertex 2.96259 10.4009 42.2079
      vertex 22.759 8.86542 42.0295
    endloop
  endfacet
  facet normal -1.52504e-05 -0.115603 0.993296
    outer loop
      vertex 2.83945 10.2179 42.1866
      vertex 22.759 8.86542 42.0295
      vertex 2.96259 10.4009 42.2079
    endloop
  endfacet
  facet normal 3.16883e-05 -0.114921 0.993375
    outer loop
      vertex 22.759 8.86542 42.0295
      vertex 2.83945 10.2179 42.1866
      vertex 22.8316 8.75739 42.017
    endloop
  endfacet
  facet normal 5.79605e-08 -0.115348 0.993325
    outer loop
      vertex 2.31335 9.62198 42.1174
      vertex 22.8316 8.75739 42.017
      vertex 2.83945 10.2179 42.1866
    endloop
  endfacet
  facet normal -1.19313e-05 -0.115629 0.993293
    outer loop
      vertex 2.14671 9.47682 42.1005
      vertex 22.8316 8.75739 42.017
      vertex 2.31335 9.62198 42.1174
    endloop
  endfacet
  facet normal 5.34791e-07 -0.115275 0.993334
    outer loop
      vertex 1.71344 9.09939 42.0567
      vertex 22.8316 8.75739 42.017
      vertex 2.14671 9.47682 42.1005
    endloop
  endfacet
  facet normal -7.53518e-07 -0.115353 0.993325
    outer loop
      vertex 22.8316 8.75739 42.017
      vertex 1.71344 9.09939 42.0567
      vertex 10 -20.1148 38.6641
    endloop
  endfacet
  facet normal 4.53893e-05 -0.115341 0.993326
    outer loop
      vertex 1.05 8.65905 42.0056
      vertex 10 -20.1148 38.6641
      vertex 1.71344 9.09939 42.0567
    endloop
  endfacet
  facet normal 1.11824e-05 -0.115351 0.993325
    outer loop
      vertex 0.334369 8.3085 41.9649
      vertex 10 -20.1148 38.6641
      vertex 1.05 8.65905 42.0056
    endloop
  endfacet
  facet normal -5.23653e-05 -0.115372 0.993322
    outer loop
      vertex -0.211322 8.1245 41.9435
      vertex 10 -20.1148 38.6641
      vertex 0.334369 8.3085 41.9649
    endloop
  endfacet
  facet normal 7.78099e-05 -0.115326 0.993328
    outer loop
      vertex -0.421204 8.05373 41.9353
      vertex 10 -20.1148 38.6641
      vertex -0.211322 8.1245 41.9435
    endloop
  endfacet
  facet normal -5.072e-05 -0.115373 0.993322
    outer loop
      vertex -1.20379 7.8991 41.9173
      vertex 10 -20.1148 38.6641
      vertex -0.421204 8.05373 41.9353
    endloop
  endfacet
  facet normal -0.000121494 -0.115401 0.993319
    outer loop
      vertex -1.42496 7.8847 41.9156
      vertex 10 -20.1148 38.6641
      vertex -1.20379 7.8991 41.9173
    endloop
  endfacet
  facet normal 8.04292e-05 -0.11532 0.993328
    outer loop
      vertex -2 7.84726 41.9113
      vertex 10 -20.1148 38.6641
      vertex -1.42496 7.8847 41.9156
    endloop
  endfacet
  facet normal -8.04292e-05 -0.11532 0.993328
    outer loop
      vertex -14 -20.1148 38.6641
      vertex -2 7.84726 41.9113
      vertex -2.57504 7.8847 41.9156
    endloop
  endfacet
  facet normal 0.000121494 -0.115401 0.993319
    outer loop
      vertex -14 -20.1148 38.6641
      vertex -2.57504 7.8847 41.9156
      vertex -2.79621 7.8991 41.9173
    endloop
  endfacet
  facet normal 5.07197e-05 -0.115373 0.993322
    outer loop
      vertex -14 -20.1148 38.6641
      vertex -2.79621 7.8991 41.9173
      vertex -3.5788 8.05373 41.9353
    endloop
  endfacet
  facet normal -7.78105e-05 -0.115326 0.993328
    outer loop
      vertex -14 -20.1148 38.6641
      vertex -3.5788 8.05373 41.9353
      vertex -3.78868 8.1245 41.9435
    endloop
  endfacet
  facet normal 5.23654e-05 -0.115372 0.993322
    outer loop
      vertex -14 -20.1148 38.6641
      vertex -3.78868 8.1245 41.9435
      vertex -4.33437 8.3085 41.9649
    endloop
  endfacet
  facet normal -1.11825e-05 -0.115351 0.993325
    outer loop
      vertex -14 -20.1148 38.6641
      vertex -4.33437 8.3085 41.9649
      vertex -5.05 8.65905 42.0056
    endloop
  endfacet
  facet normal -4.53893e-05 -0.115341 0.993326
    outer loop
      vertex -14 -20.1148 38.6641
      vertex -5.05 8.65905 42.0056
      vertex -5.71344 9.09939 42.0567
    endloop
  endfacet
  facet normal -5.5848e-05 -0.115338 0.993326
    outer loop
      vertex -14 -20.1148 38.6641
      vertex -5.71344 9.09939 42.0567
      vertex -6.14671 9.47682 42.1005
    endloop
  endfacet
  facet normal 0.00020788 -0.115407 0.993318
    outer loop
      vertex -14 -20.1148 38.6641
      vertex -6.14671 9.47682 42.1005
      vertex -6.31335 9.62198 42.1174
    endloop
  endfacet
  facet normal -5.17458e-06 -0.115352 0.993325
    outer loop
      vertex -14 -20.1148 38.6641
      vertex -6.31335 9.62198 42.1174
      vertex -6.83945 10.2179 42.1866
    endloop
  endfacet
  facet normal 0 -0.115282 0.993333
    outer loop
      vertex -7.89215 12.3383 42.4328
      vertex -34.1079 12.3383 42.4328
      vertex -7.63566 11.5878 42.3457
    endloop
  endfacet
  facet normal 0 -0.11548 0.99331
    outer loop
      vertex -34.1079 12.3383 42.4328
      vertex -7.89215 12.3383 42.4328
      vertex -34.0646 12.5542 42.4579
    endloop
  endfacet
  facet normal 0 -0.115363 0.993323
    outer loop
      vertex -34.0646 12.5542 42.4579
      vertex -7.93539 12.5542 42.4579
      vertex -33.9522 13.1156 42.5231
    endloop
  endfacet
  facet normal 0 -0.115739 0.99328
    outer loop
      vertex -33.9145 13.6868 42.5894
      vertex -8.0855 13.6868 42.5894
      vertex -33.9 13.9065 42.615
    endloop
  endfacet
  facet normal -8.93747e-08 -0.115293 0.993331
    outer loop
      vertex -8.04781 14.6974 42.7068
      vertex -33.9 13.9065 42.615
      vertex -8.06231 14.4777 42.6813
    endloop
  endfacet
  facet normal 0 -0.115297 0.993331
    outer loop
      vertex -8.06231 14.4777 42.6813
      vertex -33.9 13.9065 42.615
      vertex -8.1 13.9065 42.615
    endloop
  endfacet
  facet normal 0 -0.115739 0.99328
    outer loop
      vertex -8.1 13.9065 42.615
      vertex -33.9 13.9065 42.615
      vertex -8.0855 13.6868 42.5894
    endloop
  endfacet
  facet normal 0 -0.115297 0.993331
    outer loop
      vertex -8.0855 13.6868 42.5894
      vertex -33.9145 13.6868 42.5894
      vertex -8.04781 13.1156 42.5231
    endloop
  endfacet
  facet normal 0 -0.115354 0.993324
    outer loop
      vertex -2 7.84726 41.9113
      vertex -14 -20.1148 38.6641
      vertex 10 -20.1148 38.6641
    endloop
  endfacet
  facet normal 0 -0.11548 0.99331
    outer loop
      vertex -7.93539 12.5542 42.4579
      vertex -34.0646 12.5542 42.4579
      vertex -7.89215 12.3383 42.4328
    endloop
  endfacet
  facet normal 0 -0.115297 0.993331
    outer loop
      vertex -33.9522 13.1156 42.5231
      vertex -8.04781 13.1156 42.5231
      vertex -33.9145 13.6868 42.5894
    endloop
  endfacet
  facet normal -1.02791e-05 -0.115378 0.993322
    outer loop
      vertex 1.57059 68.8865 48.9997
      vertex 22.7011 60.5508 48.0317
      vertex 1.64207 69.0957 49.024
    endloop
  endfacet
  facet normal -1.33654e-05 -0.115385 0.993321
    outer loop
      vertex 22.7011 60.5508 48.0317
      vertex 1.57059 68.8865 48.9997
      vertex 22.6591 60.4277 48.0174
    endloop
  endfacet
  facet normal -7.84237e-05 -0.115545 0.993302
    outer loop
      vertex 1.54327 68.8315 48.9933
      vertex 22.6591 60.4277 48.0174
      vertex 1.57059 68.8865 48.9997
    endloop
  endfacet
  facet normal 4.06849e-05 -0.11525 0.993337
    outer loop
      vertex 1.47224 68.6884 48.9767
      vertex 22.6591 60.4277 48.0174
      vertex 1.54327 68.8315 48.9933
    endloop
  endfacet
  facet normal -1.4863e-05 -0.115391 0.99332
    outer loop
      vertex 22.6591 60.4277 48.0174
      vertex 1.47224 68.6884 48.9767
      vertex 22.6336 60.3003 48.0026
    endloop
  endfacet
  facet normal 2.4112e-05 -0.115294 0.993331
    outer loop
      vertex 1.38302 68.5557 48.9613
      vertex 22.6336 60.3003 48.0026
      vertex 1.47224 68.6884 48.9767
    endloop
  endfacet
  facet normal 0.000135761 -0.11501 0.993364
    outer loop
      vertex 1.3487 68.5047 48.9554
      vertex 22.6336 60.3003 48.0026
      vertex 1.38302 68.5557 48.9613
    endloop
  endfacet
  facet normal 0.0001797 -0.114897 0.993377
    outer loop
      vertex 22.6336 60.3003 48.0026
      vertex 1.3487 68.5047 48.9554
      vertex 22.625 60.1706 47.9876
    endloop
  endfacet
  facet normal -0.00029231 -0.116086 0.993239
    outer loop
      vertex 1.30797 68.4586 48.95
      vertex 22.625 60.1706 47.9876
      vertex 1.3487 68.5047 48.9554
    endloop
  endfacet
  facet normal 5.45516e-05 -0.115206 0.993342
    outer loop
      vertex 1.20208 68.3387 48.9361
      vertex 22.625 60.1706 47.9876
      vertex 1.30797 68.4586 48.95
    endloop
  endfacet
  facet normal 4.02793e-05 -0.115243 0.993337
    outer loop
      vertex 1.08133 68.2335 48.9239
      vertex 22.625 60.1706 47.9876
      vertex 1.20208 68.3387 48.9361
    endloop
  endfacet
  facet normal 1.95327e-05 -0.115298 0.993331
    outer loop
      vertex 1.03489 68.193 48.9192
      vertex 22.625 60.1706 47.9876
      vertex 1.08133 68.2335 48.9239
    endloop
  endfacet
  facet normal -0.000278572 -0.116089 0.993239
    outer loop
      vertex 0.983534 68.1589 48.9152
      vertex 22.625 60.1706 47.9876
      vertex 1.03489 68.193 48.9192
    endloop
  endfacet
  facet normal -3.13325e-05 -0.115429 0.993316
    outer loop
      vertex 0.849999 68.0703 48.9049
      vertex 22.625 60.1706 47.9876
      vertex 0.983534 68.1589 48.9152
    endloop
  endfacet
  facet normal -4.15551e-06 -0.115355 0.993324
    outer loop
      vertex 22.625 60.1706 47.9876
      vertex 0.849999 68.0703 48.9049
      vertex 10 41.4713 45.816
    endloop
  endfacet
  facet normal 0.000194992 -0.115287 0.993332
    outer loop
      vertex 0.650561 67.9726 48.8936
      vertex 10 41.4713 45.816
      vertex 0.849999 68.0703 48.9049
    endloop
  endfacet
  facet normal -0.000230854 -0.115435 0.993315
    outer loop
      vertex 0.439992 67.9016 48.8853
      vertex 10 41.4713 45.816
      vertex 0.650561 67.9726 48.8936
    endloop
  endfacet
  facet normal 6.81781e-05 -0.115329 0.993327
    outer loop
      vertex 0.282477 67.8705 48.8817
      vertex 10 41.4713 45.816
      vertex 0.439992 67.9016 48.8853
    endloop
  endfacet
  facet normal -9.86864e-05 -0.115389 0.99332
    outer loop
      vertex 0.221894 67.8585 48.8803
      vertex 10 41.4713 45.816
      vertex 0.282477 67.8705 48.8817
    endloop
  endfacet
  facet normal 0.0010153 -0.114982 0.993367
    outer loop
      vertex 0.160257 67.8545 48.8799
      vertex 10 41.4713 45.816
      vertex 0.221894 67.8585 48.8803
    endloop
  endfacet
  facet normal 4.69593e-05 -0.115338 0.993326
    outer loop
      vertex 0 67.8441 48.8787
      vertex 10 41.4713 45.816
      vertex 0.160257 67.8545 48.8799
    endloop
  endfacet
  facet normal -4.93285e-05 -0.115374 0.993322
    outer loop
      vertex -0.160257 67.8545 48.8799
      vertex 10 41.4713 45.816
      vertex 0 67.8441 48.8787
    endloop
  endfacet
  facet normal -0.00106643 -0.115761 0.993277
    outer loop
      vertex -0.221894 67.8585 48.8803
      vertex 10 41.4713 45.816
      vertex -0.160257 67.8545 48.8799
    endloop
  endfacet
  facet normal 9.60009e-05 -0.115403 0.993319
    outer loop
      vertex -14 41.4713 45.816
      vertex -0.221894 67.8585 48.8803
      vertex -0.282477 67.8705 48.8817
    endloop
  endfacet
  facet normal -6.63283e-05 -0.115319 0.993328
    outer loop
      vertex -14 41.4713 45.816
      vertex -0.282477 67.8705 48.8817
      vertex -0.439992 67.9016 48.8853
    endloop
  endfacet
  facet normal 0.00022081 -0.115465 0.993312
    outer loop
      vertex -14 41.4713 45.816
      vertex -0.439992 67.9016 48.8853
      vertex -0.650561 67.9726 48.8936
    endloop
  endfacet
  facet normal -0.000183428 -0.115264 0.993335
    outer loop
      vertex -14 41.4713 45.816
      vertex -0.650561 67.9726 48.8936
      vertex -0.849999 68.0703 48.9049
    endloop
  endfacet
  facet normal 6.17347e-05 -0.115383 0.993321
    outer loop
      vertex -14 41.4713 45.816
      vertex -0.849999 68.0703 48.9049
      vertex -0.983534 68.1589 48.9152
    endloop
  endfacet
  facet normal 0.000584491 -0.115635 0.993292
    outer loop
      vertex -14 41.4713 45.816
      vertex -0.983534 68.1589 48.9152
      vertex -1.03489 68.193 48.9192
    endloop
  endfacet
  facet normal -4.92771e-05 -0.115331 0.993327
    outer loop
      vertex -14 41.4713 45.816
      vertex -1.03489 68.193 48.9192
      vertex -1.08133 68.2335 48.9239
    endloop
  endfacet
  facet normal -9.78577e-05 -0.115308 0.99333
    outer loop
      vertex -14 41.4713 45.816
      vertex -1.08133 68.2335 48.9239
      vertex -1.20208 68.3387 48.9361
    endloop
  endfacet
  facet normal -0.000145872 -0.115286 0.993332
    outer loop
      vertex -14 41.4713 45.816
      vertex -1.20208 68.3387 48.9361
      vertex -1.30797 68.4586 48.95
    endloop
  endfacet
  facet normal 0.000739537 -0.115697 0.993284
    outer loop
      vertex -14 41.4713 45.816
      vertex -1.30797 68.4586 48.95
      vertex -1.3487 68.5047 48.9554
    endloop
  endfacet
  facet normal -0.00038669 -0.115177 0.993345
    outer loop
      vertex -14 41.4713 45.816
      vertex -1.3487 68.5047 48.9554
      vertex -1.38302 68.5557 48.9613
    endloop
  endfacet
  facet normal -6.83669e-05 -0.115323 0.993328
    outer loop
      vertex -14 41.4713 45.816
      vertex -1.38302 68.5557 48.9613
      vertex -1.47224 68.6884 48.9767
    endloop
  endfacet
  facet normal -0.000131249 -0.115294 0.993331
    outer loop
      vertex -14 41.4713 45.816
      vertex -1.47224 68.6884 48.9767
      vertex -1.54327 68.8315 48.9933
    endloop
  endfacet
  facet normal 0.000245298 -0.115464 0.993312
    outer loop
      vertex -14 41.4713 45.816
      vertex -1.54327 68.8315 48.9933
      vertex -1.57059 68.8865 48.9997
    endloop
  endfacet
  facet normal -0.591169 -0.024632 -0.806172
    outer loop
      vertex -1.68546 69.3123 49.0492
      vertex -1.64207 69.0957 49.024
      vertex -1.65412 69.1558 49.031
    endloop
  endfacet
  facet normal 0 -0.115353 0.993325
    outer loop
      vertex -0.221894 67.8585 48.8803
      vertex -14 41.4713 45.816
      vertex 10 41.4713 45.816
    endloop
  endfacet
  facet normal 2.11327e-05 -0.115374 0.993322
    outer loop
      vertex -28 41.4713 45.816
      vertex -1.57059 68.8865 48.9997
      vertex -1.64207 69.0957 49.024
    endloop
  endfacet
  facet normal 0.000184357 -0.115528 0.993304
    outer loop
      vertex -28 41.4713 45.816
      vertex -1.64207 69.0957 49.024
      vertex -1.68546 69.3123 49.0492
    endloop
  endfacet
  facet normal 7.38204e-05 -0.115424 0.993316
    outer loop
      vertex -28 41.4713 45.816
      vertex -1.68546 69.3123 49.0492
      vertex -1.69596 69.4715 49.0677
    endloop
  endfacet
  facet normal -0.000116819 -0.115248 0.993337
    outer loop
      vertex -28 41.4713 45.816
      vertex -1.69596 69.4715 49.0677
      vertex -1.7 69.5327 49.0748
    endloop
  endfacet
  facet normal -8.8775e-05 -0.115426 0.993316
    outer loop
      vertex 103.44 -67.9016 33.1147
      vertex 86.0478 -46.8887 35.5549
      vertex 86.1 -47.6796 35.463
    endloop
  endfacet
  facet normal -0.000903183 -0.115151 0.993348
    outer loop
      vertex 98.5055 8.37726 41.9728
      vertex 86.0046 -46.6727 35.5799
      vertex 86.0478 -46.8887 35.5549
    endloop
  endfacet
  facet normal 2.13122e-05 -0.115359 0.993324
    outer loop
      vertex 98.5055 8.37726 41.9728
      vertex 85.8922 -46.1113 35.6451
      vertex 86.0046 -46.6727 35.5799
    endloop
  endfacet
  facet normal 0.000104388 -0.115378 0.993322
    outer loop
      vertex 98.5055 8.37726 41.9728
      vertex 85.6357 -45.3608 35.7323
      vertex 85.8922 -46.1113 35.6451
    endloop
  endfacet
  facet normal -0.000105345 -0.115328 0.993327
    outer loop
      vertex 98.5055 8.37726 41.9728
      vertex 85.2828 -44.6499 35.8148
      vertex 85.6357 -45.3608 35.7323
    endloop
  endfacet
  facet normal 7.72458e-05 -0.115373 0.993322
    outer loop
      vertex 98.5055 8.37726 41.9728
      vertex 84.9626 -44.174 35.8701
      vertex 85.2828 -44.6499 35.8148
    endloop
  endfacet
  facet normal 0.00021506 -0.115408 0.993318
    outer loop
      vertex 98.5055 8.37726 41.9728
      vertex 84.8395 -43.9909 35.8914
      vertex 84.9626 -44.174 35.8701
    endloop
  endfacet
  facet normal -8.23391e-07 -0.115352 0.993325
    outer loop
      vertex 98.5055 8.37726 41.9728
      vertex 84.3134 -43.395 35.9606
      vertex 84.8395 -43.9909 35.8914
    endloop
  endfacet
  facet normal 1.55003e-05 -0.115357 0.993324
    outer loop
      vertex 98.5055 8.37726 41.9728
      vertex 83.7134 -42.8724 36.0213
      vertex 84.3134 -43.395 35.9606
    endloop
  endfacet
  facet normal -3.99282e-05 -0.115343 0.993326
    outer loop
      vertex 98.375 8.36876 41.9719
      vertex 83.05 -42.4321 36.0724
      vertex 83.7134 -42.8724 36.0213
    endloop
  endfacet
  facet normal -1.83233e-05 -0.115349 0.993325
    outer loop
      vertex 98.375 8.36876 41.9719
      vertex 82.3344 -42.0815 36.1131
      vertex 83.05 -42.4321 36.0724
    endloop
  endfacet
  facet normal -4.4485e-05 -0.115341 0.993326
    outer loop
      vertex 98.375 8.36876 41.9719
      vertex 82.1245 -42.0108 36.1213
      vertex 82.3344 -42.0815 36.1131
    endloop
  endfacet
  facet normal 5.25362e-05 -0.115372 0.993322
    outer loop
      vertex 98.375 8.36876 41.9719
      vertex 81.5788 -41.8268 36.1427
      vertex 82.1245 -42.0108 36.1213
    endloop
  endfacet
  facet normal 4.13358e-05 -0.115368 0.993323
    outer loop
      vertex 98.375 8.36876 41.9719
      vertex 80.7962 -41.6721 36.1607
      vertex 81.5788 -41.8268 36.1427
    endloop
  endfacet
  facet normal -7.30098e-05 -0.115329 0.993327
    outer loop
      vertex 98.375 8.36876 41.9719
      vertex 80.2212 -41.6347 36.165
      vertex 80.7962 -41.6721 36.1607
    endloop
  endfacet
  facet normal 0.000121643 -0.115398 0.993319
    outer loop
      vertex 98.375 8.36876 41.9719
      vertex 80 -41.6203 36.1667
      vertex 80.2212 -41.6347 36.165
    endloop
  endfacet
  facet normal -0.000127608 -0.115308 0.99333
    outer loop
      vertex 98.375 8.36876 41.9719
      vertex 79.7788 -41.6347 36.165
      vertex 80 -41.6203 36.1667
    endloop
  endfacet
  facet normal 7.6586e-05 -0.115383 0.993321
    outer loop
      vertex 98.375 8.36876 41.9719
      vertex 79.2038 -41.6721 36.1607
      vertex 79.7788 -41.6347 36.165
    endloop
  endfacet
  facet normal -4.78285e-05 -0.115336 0.993327
    outer loop
      vertex 98.375 8.36876 41.9719
      vertex 78.4212 -41.8268 36.1427
      vertex 79.2038 -41.6721 36.1607
    endloop
  endfacet
  facet normal -6.75131e-05 -0.115328 0.993327
    outer loop
      vertex 98.375 8.36876 41.9719
      vertex 77.8755 -42.0108 36.1213
      vertex 78.4212 -41.8268 36.1427
    endloop
  endfacet
  facet normal 5.71508e-05 -0.115378 0.993322
    outer loop
      vertex 98.375 8.36876 41.9719
      vertex 77.6656 -42.0815 36.1131
      vertex 77.8755 -42.0108 36.1213
    endloop
  endfacet
  facet normal 0 -0.115355 0.993324
    outer loop
      vertex 44.3344 -42.0815 36.1131
      vertex 77.6656 -42.0815 36.1131
      vertex 98.375 8.36876 41.9719
    endloop
  endfacet
  facet normal 0 -0.115312 0.993329
    outer loop
      vertex 77.6656 -42.0815 36.1131
      vertex 44.3344 -42.0815 36.1131
      vertex 76.95 -42.4321 36.0724
    endloop
  endfacet
  facet normal 0 -0.115312 0.993329
    outer loop
      vertex 45.05 -42.4321 36.0724
      vertex 76.95 -42.4321 36.0724
      vertex 44.3344 -42.0815 36.1131
    endloop
  endfacet
  facet normal 0 -0.115283 0.993333
    outer loop
      vertex 76.95 -42.4321 36.0724
      vertex 45.05 -42.4321 36.0724
      vertex 76.2866 -42.8724 36.0213
    endloop
  endfacet
  facet normal 0 -0.115374 0.993322
    outer loop
      vertex 76.2866 -42.8724 36.0213
      vertex 45.7134 -42.8724 36.0213
      vertex 75.6866 -43.395 35.9606
    endloop
  endfacet
  facet normal 0 -0.115374 0.993322
    outer loop
      vertex 46.3134 -43.395 35.9606
      vertex 75.6866 -43.395 35.9606
      vertex 45.7134 -42.8724 36.0213
    endloop
  endfacet
  facet normal 0 -0.115352 0.993325
    outer loop
      vertex 75.6866 -43.395 35.9606
      vertex 46.3134 -43.395 35.9606
      vertex 75.1605 -43.9909 35.8914
    endloop
  endfacet
  facet normal 0 -0.115363 0.993323
    outer loop
      vertex 48.0046 -46.6727 35.5799
      vertex 73.9954 -46.6727 35.5799
      vertex 74.1078 -46.1113 35.6451
    endloop
  endfacet
  facet normal 0 -0.11542 0.993317
    outer loop
      vertex 73.9522 -46.8887 35.5549
      vertex 48.1 -47.6796 35.463
      vertex 73.9 -47.6796 35.463
    endloop
  endfacet
  facet normal 0 -0.114973 0.993369
    outer loop
      vertex 73.9954 -46.6727 35.5799
      vertex 48.0046 -46.6727 35.5799
      vertex 73.9522 -46.8887 35.5549
    endloop
  endfacet
  facet normal 0 -0.115413 0.993318
    outer loop
      vertex 47.8921 -46.1113 35.6451
      vertex 74.1078 -46.1113 35.6451
      vertex 74.3643 -45.3608 35.7323
    endloop
  endfacet
  facet normal 0 -0.115352 0.993325
    outer loop
      vertex 46.8395 -43.9909 35.8914
      vertex 75.1605 -43.9909 35.8914
      vertex 46.3134 -43.395 35.9606
    endloop
  endfacet
  facet normal 0 -0.11542 0.993317
    outer loop
      vertex 73.9522 -46.8887 35.5549
      vertex 48.0478 -46.8887 35.5549
      vertex 48.1 -47.6796 35.463
    endloop
  endfacet
  facet normal 0 -0.114973 0.993369
    outer loop
      vertex 73.9522 -46.8887 35.5549
      vertex 48.0046 -46.6727 35.5799
      vertex 48.0478 -46.8887 35.5549
    endloop
  endfacet
  facet normal 0 -0.115363 0.993323
    outer loop
      vertex 74.1078 -46.1113 35.6451
      vertex 47.8921 -46.1113 35.6451
      vertex 48.0046 -46.6727 35.5799
    endloop
  endfacet
  facet normal 0 -0.115413 0.993318
    outer loop
      vertex 74.3643 -45.3608 35.7323
      vertex 47.6357 -45.3608 35.7323
      vertex 47.8921 -46.1113 35.6451
    endloop
  endfacet
  facet normal 0 -0.115276 0.993333
    outer loop
      vertex 74.3643 -45.3608 35.7323
      vertex 47.2828 -44.6499 35.8148
      vertex 47.6357 -45.3608 35.7323
    endloop
  endfacet
  facet normal 0 -0.115276 0.993333
    outer loop
      vertex 74.7172 -44.6499 35.8148
      vertex 47.2828 -44.6499 35.8148
      vertex 74.3643 -45.3608 35.7323
    endloop
  endfacet
  facet normal 0 -0.115424 0.993316
    outer loop
      vertex 47.2828 -44.6499 35.8148
      vertex 74.7172 -44.6499 35.8148
      vertex 46.9626 -44.174 35.8701
    endloop
  endfacet
  facet normal 0 -0.115424 0.993316
    outer loop
      vertex 75.0374 -44.174 35.8701
      vertex 46.9626 -44.174 35.8701
      vertex 74.7172 -44.6499 35.8148
    endloop
  endfacet
  facet normal 0 -0.115551 0.993302
    outer loop
      vertex 46.9626 -44.174 35.8701
      vertex 75.0374 -44.174 35.8701
      vertex 46.8395 -43.9909 35.8914
    endloop
  endfacet
  facet normal 0 -0.115551 0.993302
    outer loop
      vertex 75.1605 -43.9909 35.8914
      vertex 46.8395 -43.9909 35.8914
      vertex 75.0374 -44.174 35.8701
    endloop
  endfacet
  facet normal 0 -0.115283 0.993333
    outer loop
      vertex 45.7134 -42.8724 36.0213
      vertex 76.2866 -42.8724 36.0213
      vertex 45.05 -42.4321 36.0724
    endloop
  endfacet
  facet normal 0 -0.115355 0.993324
    outer loop
      vertex 23.625 8.36876 41.9719
      vertex 44.3344 -42.0815 36.1131
      vertex 98.375 8.36876 41.9719
    endloop
  endfacet
  facet normal -5.71508e-05 -0.115378 0.993322
    outer loop
      vertex 44.3344 -42.0815 36.1131
      vertex 23.625 8.36876 41.9719
      vertex 44.1245 -42.0108 36.1213
    endloop
  endfacet
  facet normal 6.75131e-05 -0.115328 0.993327
    outer loop
      vertex 44.1245 -42.0108 36.1213
      vertex 23.625 8.36876 41.9719
      vertex 43.5788 -41.8268 36.1427
    endloop
  endfacet
  facet normal 4.78285e-05 -0.115336 0.993327
    outer loop
      vertex 43.5788 -41.8268 36.1427
      vertex 23.625 8.36876 41.9719
      vertex 42.7962 -41.6721 36.1607
    endloop
  endfacet
  facet normal -7.6586e-05 -0.115383 0.993321
    outer loop
      vertex 42.7962 -41.6721 36.1607
      vertex 23.625 8.36876 41.9719
      vertex 42.2212 -41.6347 36.165
    endloop
  endfacet
  facet normal 0.000127608 -0.115308 0.99333
    outer loop
      vertex 42.2212 -41.6347 36.165
      vertex 23.625 8.36876 41.9719
      vertex 42 -41.6203 36.1667
    endloop
  endfacet
  facet normal -0.000121643 -0.115398 0.993319
    outer loop
      vertex 42 -41.6203 36.1667
      vertex 23.625 8.36876 41.9719
      vertex 41.7788 -41.6347 36.165
    endloop
  endfacet
  facet normal 7.30098e-05 -0.115329 0.993327
    outer loop
      vertex 41.7788 -41.6347 36.165
      vertex 23.625 8.36876 41.9719
      vertex 41.2038 -41.6721 36.1607
    endloop
  endfacet
  facet normal -1.254e-06 -0.115354 0.993324
    outer loop
      vertex 10 -20.1148 38.6641
      vertex 41.2038 -41.6721 36.1607
      vertex 23.625 8.36876 41.9719
    endloop
  endfacet
  facet normal -3.45826e-05 -0.115402 0.993319
    outer loop
      vertex 41.2038 -41.6721 36.1607
      vertex 10 -20.1148 38.6641
      vertex 40.4212 -41.8268 36.1427
    endloop
  endfacet
  facet normal -3.98108e-05 -0.115409 0.993318
    outer loop
      vertex 40.4212 -41.8268 36.1427
      vertex 10 -20.1148 38.6641
      vertex 39.8755 -42.0108 36.1213
    endloop
  endfacet
  facet normal 3.38742e-05 -0.11531 0.99333
    outer loop
      vertex 39.8755 -42.0108 36.1213
      vertex 10 -20.1148 38.6641
      vertex 39.6656 -42.0815 36.1131
    endloop
  endfacet
  facet normal -6.19195e-05 -0.11551 0.993306
    outer loop
      vertex 10 -33.5247 37.1068
      vertex 37.0374 -44.174 35.8701
      vertex 37.1605 -43.9909 35.8914
    endloop
  endfacet
  facet normal -2.96273e-06 -0.115362 0.993323
    outer loop
      vertex 36.1079 -46.1113 35.6451
      vertex 10 -33.5247 37.1068
      vertex 35.9954 -46.6727 35.5799
    endloop
  endfacet
  facet normal -2.37509e-05 -0.115405 0.993319
    outer loop
      vertex 36.3643 -45.3608 35.7323
      vertex 10 -33.5247 37.1068
      vertex 36.1079 -46.1113 35.6451
    endloop
  endfacet
  facet normal 2.83359e-05 -0.11529 0.993332
    outer loop
      vertex 36.7172 -44.6499 35.8148
      vertex 10 -33.5247 37.1068
      vertex 36.3643 -45.3608 35.7323
    endloop
  endfacet
  facet normal -2.20157e-05 -0.11541 0.993318
    outer loop
      vertex 37.0374 -44.174 35.8701
      vertex 10 -33.5247 37.1068
      vertex 36.7172 -44.6499 35.8148
    endloop
  endfacet
  facet normal -1.91418e-07 -0.115352 0.993325
    outer loop
      vertex 37.6866 -43.395 35.9606
      vertex 10 -33.5247 37.1068
      vertex 37.1605 -43.9909 35.8914
    endloop
  endfacet
  facet normal -5.99612e-06 -0.115368 0.993323
    outer loop
      vertex 38.2866 -42.8724 36.0213
      vertex 10 -33.5247 37.1068
      vertex 37.6866 -43.395 35.9606
    endloop
  endfacet
  facet normal -1.90316e-06 -0.115355 0.993324
    outer loop
      vertex 10 -33.5247 37.1068
      vertex 38.2866 -42.8724 36.0213
      vertex 10 -20.1148 38.6641
    endloop
  endfacet
  facet normal 2.56509e-05 -0.115322 0.993328
    outer loop
      vertex 38.95 -42.4321 36.0724
      vertex 10 -20.1148 38.6641
      vertex 38.2866 -42.8724 36.0213
    endloop
  endfacet
  facet normal 1.27744e-05 -0.115338 0.993326
    outer loop
      vertex 39.6656 -42.0815 36.1131
      vertex 10 -20.1148 38.6641
      vertex 38.95 -42.4321 36.0724
    endloop
  endfacet
  facet normal 0.000371108 -0.115588 0.993297
    outer loop
      vertex 104.654 69.1558 49.031
      vertex 110 77.5 50
      vertex 104.685 69.3123 49.0492
    endloop
  endfacet
  facet normal -9.77115e-07 -0.115354 0.993324
    outer loop
      vertex 110 77.5 50
      vertex 99.375 9.36209 42.0872
      vertex 110 -77.5 32
    endloop
  endfacet
  facet normal -4.6227e-05 -0.11538 0.993321
    outer loop
      vertex 110 -77.5 32
      vertex 104.685 -69.3123 32.9508
      vertex 104.7 -69.5327 32.9252
    endloop
  endfacet
  facet normal 0.000774712 -0.115843 0.993267
    outer loop
      vertex 104.642 69.0957 49.024
      vertex 110 77.5 50
      vertex 104.654 69.1558 49.031
    endloop
  endfacet
  facet normal 0.002326 -0.115073 0.993354
    outer loop
      vertex 99.3664 9.23243 42.0722
      vertex 110 -77.5 32
      vertex 99.375 9.36209 42.0872
    endloop
  endfacet
  facet normal 8.58229e-05 -0.11541 0.993318
    outer loop
      vertex 104.571 68.8865 48.9997
      vertex 110 77.5 50
      vertex 104.642 69.0957 49.024
    endloop
  endfacet
  facet normal -0.000371108 -0.115588 0.993297
    outer loop
      vertex 110 -77.5 32
      vertex 104.654 -69.1558 32.969
      vertex 104.685 -69.3123 32.9508
    endloop
  endfacet
  facet normal 0.00190102 -0.116538 0.993184
    outer loop
      vertex 104.543 68.8315 48.9933
      vertex 110 77.5 50
      vertex 104.571 68.8865 48.9997
    endloop
  endfacet
  facet normal -0.000774712 -0.115843 0.993267
    outer loop
      vertex 110 -77.5 32
      vertex 104.642 -69.0957 32.976
      vertex 104.654 -69.1558 32.969
    endloop
  endfacet
  facet normal -0.000970796 -0.114755 0.993393
    outer loop
      vertex 104.472 68.6884 48.9767
      vertex 110 77.5 50
      vertex 104.543 68.8315 48.9933
    endloop
  endfacet
  facet normal -3.84222e-06 -0.115353 0.993325
    outer loop
      vertex 110 77.5 50
      vertex 104.472 68.6884 48.9767
      vertex 99.375 9.36209 42.0872
    endloop
  endfacet
  facet normal -1.08043e-05 -0.115356 0.993324
    outer loop
      vertex 99.3409 9.10499 42.0574
      vertex 110 -77.5 32
      vertex 99.3664 9.23243 42.0722
    endloop
  endfacet
  facet normal -8.58229e-05 -0.11541 0.993318
    outer loop
      vertex 110 -77.5 32
      vertex 104.571 -68.8865 33.0003
      vertex 104.642 -69.0957 32.976
    endloop
  endfacet
  facet normal 0.000131937 -0.115365 0.993323
    outer loop
      vertex 99.375 9.36209 42.0872
      vertex 104.472 68.6884 48.9767
      vertex 104.383 68.5557 48.9613
    endloop
  endfacet
  facet normal 0.000755683 -0.115417 0.993317
    outer loop
      vertex 99.375 9.36209 42.0872
      vertex 104.383 68.5557 48.9613
      vertex 104.349 68.5047 48.9554
    endloop
  endfacet
  facet normal -0.00019848 -0.115378 0.993322
    outer loop
      vertex 99.2989 8.98195 42.0431
      vertex 110 -77.5 32
      vertex 99.3409 9.10499 42.0574
    endloop
  endfacet
  facet normal -0.00343475 -0.113327 0.993552
    outer loop
      vertex 99.375 60.1706 47.9876
      vertex 104.349 68.5047 48.9554
      vertex 104.308 68.4586 48.95
    endloop
  endfacet
  facet normal 0.000218202 -0.115221 0.99334
    outer loop
      vertex 110 -77.5 32
      vertex 104.472 -68.6884 33.0233
      vertex 104.571 -68.8865 33.0003
    endloop
  endfacet
  facet normal 0.00065245 -0.115728 0.993281
    outer loop
      vertex 99.375 60.1706 47.9876
      vertex 104.308 68.4586 48.95
      vertex 104.202 68.3387 48.9361
    endloop
  endfacet
  facet normal 3.10457e-06 -0.115354 0.993324
    outer loop
      vertex 110 -77.5 32
      vertex 99.2989 8.98195 42.0431
      vertex 104.472 -68.6884 33.0233
    endloop
  endfacet
  facet normal -0.000733293 -0.115402 0.993319
    outer loop
      vertex 104.472 -68.6884 33.0233
      vertex 99.2989 8.98195 42.0431
      vertex 104.438 -68.6374 33.0292
    endloop
  endfacet
  facet normal 0.000271571 -0.115506 0.993307
    outer loop
      vertex 99.375 60.1706 47.9876
      vertex 104.202 68.3387 48.9361
      vertex 104.081 68.2335 48.9239
    endloop
  endfacet
  facet normal 0.000135086 -0.115427 0.993316
    outer loop
      vertex 99.375 60.1706 47.9876
      vertex 104.081 68.2335 48.9239
      vertex 104.035 68.193 48.9192
    endloop
  endfacet
  facet normal -0.000128676 -0.115363 0.993323
    outer loop
      vertex 104.438 -68.6374 33.0292
      vertex 99.2989 8.98195 42.0431
      vertex 104.349 -68.5047 33.0446
    endloop
  endfacet
  facet normal -0.00127846 -0.114617 0.993409
    outer loop
      vertex 99.375 60.1706 47.9876
      vertex 104.035 68.193 48.9192
      vertex 103.984 68.1589 48.9152
    endloop
  endfacet
  facet normal -0.00102234 -0.11542 0.993316
    outer loop
      vertex 99.241 8.86542 42.0295
      vertex 104.349 -68.5047 33.0446
      vertex 99.2989 8.98195 42.0431
    endloop
  endfacet
  facet normal -0.000141227 -0.115264 0.993335
    outer loop
      vertex 99.375 60.1706 47.9876
      vertex 103.984 68.1589 48.9152
      vertex 103.85 68.0703 48.9049
    endloop
  endfacet
  facet normal -0.000241478 -0.115369 0.993323
    outer loop
      vertex 104.349 -68.5047 33.0446
      vertex 99.241 8.86542 42.0295
      vertex 104.243 -68.3848 33.0585
    endloop
  endfacet
  facet normal 0.00121368 -0.115276 0.993333
    outer loop
      vertex 104.243 -68.3848 33.0585
      vertex 99.241 8.86542 42.0295
      vertex 104.202 -68.3387 33.0639
    endloop
  endfacet
  facet normal 0.000317043 -0.115531 0.993304
    outer loop
      vertex 99.3664 60.3003 48.0026
      vertex 103.85 68.0703 48.9049
      vertex 103.651 67.9726 48.8936
    endloop
  endfacet
  facet normal 0.000566508 -0.115317 0.993329
    outer loop
      vertex 99.1684 8.75739 42.017
      vertex 104.202 -68.3387 33.0639
      vertex 99.241 8.86542 42.0295
    endloop
  endfacet
  facet normal -7.39748e-05 -0.115359 0.993324
    outer loop
      vertex 104.202 -68.3387 33.0639
      vertex 99.1684 8.75739 42.017
      vertex 104.156 -68.2982 33.0686
    endloop
  endfacet
  facet normal -0.000318615 -0.115177 0.993345
    outer loop
      vertex 99.3409 60.4277 48.0174
      vertex 103.651 67.9726 48.8936
      vertex 103.44 67.9016 48.8853
    endloop
  endfacet
  facet normal -0.000146021 -0.115363 0.993323
    outer loop
      vertex 104.156 -68.2982 33.0686
      vertex 99.1684 8.75739 42.017
      vertex 104.035 -68.193 33.0808
    endloop
  endfacet
  facet normal 8.08786e-05 -0.115393 0.99332
    outer loop
      vertex 99.2989 60.5508 48.0317
      vertex 103.44 67.9016 48.8853
      vertex 103.282 67.8705 48.8817
    endloop
  endfacet
  facet normal -0.000120758 -0.115285 0.993332
    outer loop
      vertex 99.2989 60.5508 48.0317
      vertex 103.282 67.8705 48.8817
      vertex 103.222 67.8585 48.8803
    endloop
  endfacet
  facet normal -0.000594223 -0.115391 0.99332
    outer loop
      vertex 99.0821 8.6597 42.0056
      vertex 104.035 -68.193 33.0808
      vertex 99.1684 8.75739 42.017
    endloop
  endfacet
  facet normal 0.00107178 -0.115938 0.993256
    outer loop
      vertex 99.241 60.6673 48.0452
      vertex 103.222 67.8585 48.8803
      vertex 103.16 67.8545 48.8799
    endloop
  endfacet
  facet normal 5.03648e-05 -0.115389 0.99332
    outer loop
      vertex 99.241 60.6673 48.0452
      vertex 103.16 67.8545 48.8799
      vertex 103 67.8441 48.8787
    endloop
  endfacet
  facet normal 8.5186e-05 -0.115348 0.993325
    outer loop
      vertex 104.035 -68.193 33.0808
      vertex 99.0821 8.6597 42.0056
      vertex 103.901 -68.1044 33.0911
    endloop
  endfacet
  facet normal -4.6491e-05 -0.11533 0.993327
    outer loop
      vertex 99.1684 60.7753 48.0578
      vertex 103 67.8441 48.8787
      vertex 102.84 67.8545 48.8799
    endloop
  endfacet
  facet normal -0.00100022 -0.114842 0.993383
    outer loop
      vertex 99.1684 60.7753 48.0578
      vertex 102.84 67.8545 48.8799
      vertex 102.778 67.8585 48.8803
    endloop
  endfacet
  facet normal 0.000813583 -0.115303 0.99333
    outer loop
      vertex 103.901 -68.1044 33.0911
      vertex 99.0821 8.6597 42.0056
      vertex 103.85 -68.0703 33.0951
    endloop
  endfacet
  facet normal 9.70857e-05 -0.115402 0.993319
    outer loop
      vertex 99.0821 60.873 48.0691
      vertex 102.778 67.8585 48.8803
      vertex 102.718 67.8705 48.8817
    endloop
  endfacet
  facet normal -6.59077e-05 -0.115318 0.993329
    outer loop
      vertex 99.0821 60.873 48.0691
      vertex 102.718 67.8705 48.8817
      vertex 102.56 67.9016 48.8853
    endloop
  endfacet
  facet normal 0.000466683 -0.115324 0.993328
    outer loop
      vertex 98.9838 8.57403 41.9957
      vertex 103.85 -68.0703 33.0951
      vertex 99.0821 8.6597 42.0056
    endloop
  endfacet
  facet normal 6.09505e-07 -0.115353 0.993325
    outer loop
      vertex 86.0478 -46.8887 35.5549
      vertex 103.85 -68.0703 33.0951
      vertex 98.9838 8.57403 41.9957
    endloop
  endfacet
  facet normal 0.00022299 -0.115457 0.993312
    outer loop
      vertex 98.9838 60.9587 48.0791
      vertex 102.56 67.9016 48.8853
      vertex 102.349 67.9726 48.8936
    endloop
  endfacet
  facet normal -0.00145165 -0.116557 0.993183
    outer loop
      vertex 86.0478 -46.8887 35.5549
      vertex 103.795 -68.0432 33.0982
      vertex 103.85 -68.0703 33.0951
    endloop
  endfacet
  facet normal 1.32274e-05 -0.115345 0.993325
    outer loop
      vertex 86.0478 -46.8887 35.5549
      vertex 103.651 -67.9726 33.1064
      vertex 103.795 -68.0432 33.0982
    endloop
  endfacet
  facet normal -0.000181695 -0.115259 0.993335
    outer loop
      vertex 98.875 61.0309 48.0875
      vertex 102.349 67.9726 48.8936
      vertex 102.15 68.0703 48.9049
    endloop
  endfacet
  facet normal 0.000382904 -0.115041 0.993361
    outer loop
      vertex 86.0478 -46.8887 35.5549
      vertex 103.498 -67.9213 33.1124
      vertex 103.651 -67.9726 33.1064
    endloop
  endfacet
  facet normal 0.000292216 -0.115115 0.993352
    outer loop
      vertex 86.0478 -46.8887 35.5549
      vertex 103.44 -67.9016 33.1147
      vertex 103.498 -67.9213 33.1124
    endloop
  endfacet
  facet normal 6.50628e-05 -0.115378 0.993322
    outer loop
      vertex 98.6338 61.1301 48.099
      vertex 102.15 68.0703 48.9049
      vertex 102.016 68.1589 48.9152
    endloop
  endfacet
  facet normal 0.000592828 -0.115629 0.993292
    outer loop
      vertex 98.6338 61.1301 48.099
      vertex 102.016 68.1589 48.9152
      vertex 101.965 68.193 48.9192
    endloop
  endfacet
  facet normal -2.76016e-05 -0.115374 0.993322
    outer loop
      vertex 103.44 -67.9016 33.1147
      vertex 86.1 -47.6796 35.463
      vertex 103.222 -67.8585 33.1197
    endloop
  endfacet
  facet normal -5.12469e-05 -0.115333 0.993327
    outer loop
      vertex 98.5055 61.1554 48.1019
      vertex 101.965 68.193 48.9192
      vertex 101.919 68.2335 48.9239
    endloop
  endfacet
  facet normal 5.95471e-05 -0.115301 0.993331
    outer loop
      vertex 86.0623 -48.2508 35.3967
      vertex 103.222 -67.8585 33.1197
      vertex 86.1 -47.6796 35.463
    endloop
  endfacet
  facet normal -9.93534e-05 -0.11531 0.99333
    outer loop
      vertex 98.5055 61.1554 48.1019
      vertex 101.919 68.2335 48.9239
      vertex 101.798 68.3387 48.9361
    endloop
  endfacet
  facet normal 6.85059e-05 -0.115298 0.993331
    outer loop
      vertex 86.0478 -48.4705 35.3712
      vertex 103 -67.8441 33.1213
      vertex 86.0623 -48.2508 35.3967
    endloop
  endfacet
  facet normal 0.000306155 -0.115093 0.993355
    outer loop
      vertex 103 -67.8441 33.1213
      vertex 86.0478 -48.4705 35.3712
      vertex 102.778 -67.8585 33.1197
    endloop
  endfacet
  facet normal -0.000146209 -0.115286 0.993332
    outer loop
      vertex 98.375 61.164 48.1029
      vertex 101.798 68.3387 48.9361
      vertex 101.692 68.4586 48.95
    endloop
  endfacet
  facet normal 0.000746142 -0.115687 0.993285
    outer loop
      vertex 98.375 61.164 48.1029
      vertex 101.692 68.4586 48.95
      vertex 101.651 68.5047 48.9554
    endloop
  endfacet
  facet normal -0.000120536 -0.115456 0.993313
    outer loop
      vertex 86.0046 -48.6864 35.3461
      vertex 102.778 -67.8585 33.1197
      vertex 86.0478 -48.4705 35.3712
    endloop
  endfacet
  facet normal -0.000399021 -0.115182 0.993344
    outer loop
      vertex 98.375 61.164 48.1029
      vertex 101.651 68.5047 48.9554
      vertex 101.617 68.5557 48.9613
    endloop
  endfacet
  facet normal -1.02976e-05 -0.115361 0.993324
    outer loop
      vertex 85.8922 -49.2478 35.2809
      vertex 102.778 -67.8585 33.1197
      vertex 86.0046 -48.6864 35.3461
    endloop
  endfacet
  facet normal -7.07515e-05 -0.115324 0.993328
    outer loop
      vertex 98.375 61.164 48.1029
      vertex 101.617 68.5557 48.9613
      vertex 101.528 68.6884 48.9767
    endloop
  endfacet
  facet normal 1.95597e-05 -0.115334 0.993327
    outer loop
      vertex 102.778 -67.8585 33.1197
      vertex 85.8922 -49.2478 35.2809
      vertex 102.56 -67.9016 33.1147
    endloop
  endfacet
  facet normal -0.000136829 -0.115297 0.993331
    outer loop
      vertex 98.375 61.164 48.1029
      vertex 101.528 68.6884 48.9767
      vertex 101.457 68.8315 48.9933
    endloop
  endfacet
  facet normal 0.000258541 -0.115454 0.993313
    outer loop
      vertex 98.375 61.164 48.1029
      vertex 101.457 68.8315 48.9933
      vertex 101.429 68.8865 48.9997
    endloop
  endfacet
  facet normal -7.09578e-05 -0.115414 0.993317
    outer loop
      vertex 85.7069 -49.7899 35.2179
      vertex 102.56 -67.9016 33.1147
      vertex 85.8922 -49.2478 35.2809
    endloop
  endfacet
  facet normal 3.86471e-05 -0.115368 0.993323
    outer loop
      vertex 98.375 61.164 48.1029
      vertex 101.429 68.8865 48.9997
      vertex 101.358 69.0957 49.024
    endloop
  endfacet
  facet normal 4.42668e-05 -0.115308 0.99333
    outer loop
      vertex 85.6357 -49.9984 35.1937
      vertex 102.56 -67.9016 33.1147
      vertex 85.7069 -49.7899 35.2179
    endloop
  endfacet
  facet normal 0.000592776 -0.115574 0.993299
    outer loop
      vertex 98.375 61.164 48.1029
      vertex 101.358 69.0957 49.024
      vertex 101.346 69.1558 49.031
    endloop
  endfacet
  facet normal -0.000160068 -0.115499 0.993308
    outer loop
      vertex 102.56 -67.9016 33.1147
      vertex 85.6357 -49.9984 35.1937
      vertex 102.502 -67.9213 33.1124
    endloop
  endfacet
  facet normal 0.000283078 -0.11546 0.993312
    outer loop
      vertex 98.375 61.164 48.1029
      vertex 101.346 69.1558 49.031
      vertex 101.315 69.3123 49.0492
    endloop
  endfacet
  facet normal -0.000211112 -0.115546 0.993302
    outer loop
      vertex 102.502 -67.9213 33.1124
      vertex 85.6357 -49.9984 35.1937
      vertex 102.349 -67.9726 33.1064
    endloop
  endfacet
  facet normal 0.000164918 -0.115418 0.993317
    outer loop
      vertex 98.375 61.164 48.1029
      vertex 101.315 69.3123 49.0492
      vertex 101.304 69.4715 49.0677
    endloop
  endfacet
  facet normal -0.000292225 -0.115259 0.993335
    outer loop
      vertex 98.375 61.164 48.1029
      vertex 101.304 69.4715 49.0677
      vertex 101.3 69.5327 49.0748
    endloop
  endfacet
  facet normal 8.31638e-05 -0.115276 0.993333
    outer loop
      vertex 85.5376 -50.1958 35.1708
      vertex 102.349 -67.9726 33.1064
      vertex 85.6357 -49.9984 35.1937
    endloop
  endfacet
  facet normal -0.000184784 -0.115228 0.993339
    outer loop
      vertex 104.696 69.4715 49.0677
      vertex 110 77.5 50
      vertex 104.7 69.5327 49.0748
    endloop
  endfacet
  facet normal 3.7646e-05 -0.115374 0.993322
    outer loop
      vertex 110 77.5 50
      vertex 104.685 69.7531 49.1004
      vertex 104.7 69.5327 49.0748
    endloop
  endfacet
  facet normal -0.00168968 -0.114205 0.993456
    outer loop
      vertex 110 77.5 50
      vertex 104.673 69.8133 49.1073
      vertex 104.685 69.7531 49.1004
    endloop
  endfacet
  facet normal 0.00017642 -0.115481 0.99331
    outer loop
      vertex 110 77.5 50
      vertex 104.642 69.9698 49.1255
      vertex 104.673 69.8133 49.1073
    endloop
  endfacet
  facet normal 0.00039878 -0.115637 0.993291
    outer loop
      vertex 110 77.5 50
      vertex 104.59 70.1208 49.1431
      vertex 104.642 69.9698 49.1255
    endloop
  endfacet
  facet normal -0.000754561 -0.114803 0.993388
    outer loop
      vertex 110 77.5 50
      vertex 104.571 70.1789 49.1498
      vertex 104.59 70.1208 49.1431
    endloop
  endfacet
  facet normal -2.16954e-05 -0.115339 0.993326
    outer loop
      vertex 110 77.5 50
      vertex 104.472 70.377 49.1728
      vertex 104.571 70.1789 49.1498
    endloop
  endfacet
  facet normal -0.000462392 -0.115001 0.993365
    outer loop
      vertex 110 77.5 50
      vertex 104.438 70.4281 49.1787
      vertex 104.472 70.377 49.1728
    endloop
  endfacet
  facet normal 2.09286e-06 -0.115362 0.993324
    outer loop
      vertex 110 77.5 50
      vertex 104.349 70.5607 49.1941
      vertex 104.438 70.4281 49.1787
    endloop
  endfacet
  facet normal 0.000367472 -0.115656 0.993289
    outer loop
      vertex 110 77.5 50
      vertex 104.243 70.6806 49.2081
      vertex 104.349 70.5607 49.1941
    endloop
  endfacet
  facet normal -0.000806567 -0.114678 0.993402
    outer loop
      vertex 110 77.5 50
      vertex 104.202 70.7268 49.2134
      vertex 104.243 70.6806 49.2081
    endloop
  endfacet
  facet normal -3.11176e-05 -0.115333 0.993327
    outer loop
      vertex 110 77.5 50
      vertex 104.035 70.8724 49.2303
      vertex 104.202 70.7268 49.2134
    endloop
  endfacet
  facet normal 0.000168673 -0.11551 0.993306
    outer loop
      vertex 110 77.5 50
      vertex 103.85 70.9951 49.2446
      vertex 104.035 70.8724 49.2303
    endloop
  endfacet
  facet normal -0.000722164 -0.114679 0.993402
    outer loop
      vertex 110 77.5 50
      vertex 103.795 71.0223 49.2477
      vertex 103.85 70.9951 49.2446
    endloop
  endfacet
  facet normal 5.79865e-05 -0.115416 0.993317
    outer loop
      vertex 110 77.5 50
      vertex 103.651 71.0928 49.2559
      vertex 103.795 71.0223 49.2477
    endloop
  endfacet
  facet normal 0.000206014 -0.115561 0.9933
    outer loop
      vertex 110 77.5 50
      vertex 103.498 71.1441 49.2619
      vertex 103.651 71.0928 49.2559
    endloop
  endfacet
  facet normal 0.000155975 -0.115511 0.993306
    outer loop
      vertex 110 77.5 50
      vertex 103.44 71.1638 49.2642
      vertex 103.498 71.1441 49.2619
    endloop
  endfacet
  facet normal -6.02196e-05 -0.11529 0.993332
    outer loop
      vertex 110 77.5 50
      vertex 103.282 71.1949 49.2678
      vertex 103.44 71.1638 49.2642
    endloop
  endfacet
  facet normal 8.81797e-05 -0.115446 0.993314
    outer loop
      vertex 110 77.5 50
      vertex 103.222 71.2069 49.2692
      vertex 103.282 71.1949 49.2678
    endloop
  endfacet
  facet normal 6.75364e-05 -0.115424 0.993316
    outer loop
      vertex 110 77.5 50
      vertex 103 71.2214 49.2709
      vertex 103.222 71.2069 49.2692
    endloop
  endfacet
  facet normal -7.81463e-05 -0.115264 0.993335
    outer loop
      vertex 110 77.5 50
      vertex 102.778 71.2069 49.2692
      vertex 103 71.2214 49.2709
    endloop
  endfacet
  facet normal -0.000139105 -0.115194 0.993343
    outer loop
      vertex 110 77.5 50
      vertex 102.718 71.1949 49.2678
      vertex 102.778 71.2069 49.2692
    endloop
  endfacet
  facet normal 9.42809e-05 -0.11546 0.993312
    outer loop
      vertex 110 77.5 50
      vertex 102.56 71.1638 49.2642
      vertex 102.718 71.1949 49.2678
    endloop
  endfacet
  facet normal -0.00035071 -0.114945 0.993372
    outer loop
      vertex 110 77.5 50
      vertex 102.502 71.1441 49.2619
      vertex 102.56 71.1638 49.2642
    endloop
  endfacet
  facet normal -0.000457768 -0.11482 0.993386
    outer loop
      vertex 110 77.5 50
      vertex 102.349 71.0928 49.2559
      vertex 102.502 71.1441 49.2619
    endloop
  endfacet
  facet normal -0.000207332 -0.115115 0.993352
    outer loop
      vertex 110 77.5 50
      vertex 102.205 71.0223 49.2477
      vertex 102.349 71.0928 49.2559
    endloop
  endfacet
  facet normal 0.00262739 -0.11848 0.992953
    outer loop
      vertex 110 77.5 50
      vertex 102.15 70.9951 49.2446
      vertex 102.205 71.0223 49.2477
    endloop
  endfacet
  facet normal -0.00137518 -0.113715 0.993512
    outer loop
      vertex 110 77.5 50
      vertex 101.965 70.8724 49.2303
      vertex 102.15 70.9951 49.2446
    endloop
  endfacet
  facet normal 8.04835e-06 -0.115355 0.993324
    outer loop
      vertex 104.349 68.5047 48.9554
      vertex 99.375 60.1706 47.9876
      vertex 99.375 9.36209 42.0872
    endloop
  endfacet
  facet normal 6.11523e-05 -0.115381 0.993321
    outer loop
      vertex 98.375 61.164 48.1029
      vertex 101.3 69.5327 49.0748
      vertex 101.315 69.7531 49.1004
    endloop
  endfacet
  facet normal -0.0105487 -0.11179 0.993676
    outer loop
      vertex 98.375 61.164 48.1029
      vertex 101.315 69.7531 49.1004
      vertex 101.327 69.8133 49.1073
    endloop
  endfacet
  facet normal 0.00117158 -0.115744 0.993278
    outer loop
      vertex 98.375 61.164 48.1029
      vertex 101.327 69.8133 49.1073
      vertex 101.358 69.9698 49.1255
    endloop
  endfacet
  facet normal -0.000732851 -0.114934 0.993373
    outer loop
      vertex 103.85 68.0703 48.9049
      vertex 99.3664 60.3003 48.0026
      vertex 99.375 60.1706 47.9876
    endloop
  endfacet
  facet normal 4.90832e-05 -0.115384 0.993321
    outer loop
      vertex 103.651 67.9726 48.8936
      vertex 99.3409 60.4277 48.0174
      vertex 99.3664 60.3003 48.0026
    endloop
  endfacet
  facet normal 4.6456e-05 -0.115374 0.993322
    outer loop
      vertex 103.44 67.9016 48.8853
      vertex 99.2989 60.5508 48.0317
      vertex 99.3409 60.4277 48.0174
    endloop
  endfacet
  facet normal -0.000234691 -0.115225 0.993339
    outer loop
      vertex 103.222 67.8585 48.8803
      vertex 99.241 60.6673 48.0452
      vertex 99.2989 60.5508 48.0317
    endloop
  endfacet
  facet normal 0.000438976 -0.11559 0.993297
    outer loop
      vertex 103 67.8441 48.8787
      vertex 99.1684 60.7753 48.0578
      vertex 99.241 60.6673 48.0452
    endloop
  endfacet
  facet normal -0.000327794 -0.11518 0.993345
    outer loop
      vertex 102.778 67.8585 48.8803
      vertex 99.0821 60.873 48.0691
      vertex 99.1684 60.7753 48.0578
    endloop
  endfacet
  facet normal 0.000339141 -0.115516 0.993306
    outer loop
      vertex 102.56 67.9016 48.8853
      vertex 98.9838 60.9587 48.0791
      vertex 99.0821 60.873 48.0691
    endloop
  endfacet
  facet normal 0.000108467 -0.115403 0.993319
    outer loop
      vertex 102.349 67.9726 48.8936
      vertex 98.875 61.0309 48.0875
      vertex 98.9838 60.9587 48.0791
    endloop
  endfacet
  facet normal -0.000449508 -0.115136 0.99335
    outer loop
      vertex 102.15 68.0703 48.9049
      vertex 98.7577 61.0883 48.0941
      vertex 98.875 61.0309 48.0875
    endloop
  endfacet
  facet normal 0.000316045 -0.115504 0.993307
    outer loop
      vertex 102.15 68.0703 48.9049
      vertex 98.6338 61.1301 48.099
      vertex 98.7577 61.0883 48.0941
    endloop
  endfacet
  facet normal -0.000269434 -0.115227 0.993339
    outer loop
      vertex 101.965 68.193 48.9192
      vertex 98.5055 61.1554 48.1019
      vertex 98.6338 61.1301 48.099
    endloop
  endfacet
  facet normal 9.44224e-06 -0.115359 0.993324
    outer loop
      vertex 101.798 68.3387 48.9361
      vertex 98.375 61.164 48.1029
      vertex 98.5055 61.1554 48.1019
    endloop
  endfacet
  facet normal 0 -0.115353 0.993325
    outer loop
      vertex 101.358 69.9698 49.1255
      vertex 23.625 61.164 48.1029
      vertex 98.375 61.164 48.1029
    endloop
  endfacet
  facet normal 5.01472e-05 -0.11579 0.993274
    outer loop
      vertex 101.41 70.1208 49.1431
      vertex 23.625 61.164 48.1029
      vertex 101.358 69.9698 49.1255
    endloop
  endfacet
  facet normal -9.70914e-05 -0.114528 0.99342
    outer loop
      vertex 101.429 70.1789 49.1498
      vertex 23.625 61.164 48.1029
      vertex 101.41 70.1208 49.1431
    endloop
  endfacet
  facet normal -3.29661e-06 -0.115327 0.993328
    outer loop
      vertex 101.528 70.377 49.1728
      vertex 23.625 61.164 48.1029
      vertex 101.429 70.1789 49.1498
    endloop
  endfacet
  facet normal -8.53724e-05 -0.114642 0.993407
    outer loop
      vertex 101.562 70.4281 49.1787
      vertex 23.625 61.164 48.1029
      vertex 101.528 70.377 49.1728
    endloop
  endfacet
  facet normal 1.67748e-06 -0.115364 0.993323
    outer loop
      vertex 101.651 70.5607 49.1941
      vertex 23.625 61.164 48.1029
      vertex 101.562 70.4281 49.1787
    endloop
  endfacet
  facet normal 8.54217e-05 -0.116051 0.993243
    outer loop
      vertex 101.757 70.6806 49.2081
      vertex 23.625 61.164 48.1029
      vertex 101.651 70.5607 49.1941
    endloop
  endfacet
  facet normal -0.000192022 -0.113803 0.993503
    outer loop
      vertex 101.798 70.7268 49.2134
      vertex 23.625 61.164 48.1029
      vertex 101.757 70.6806 49.2081
    endloop
  endfacet
  facet normal -7.86544e-06 -0.115288 0.993332
    outer loop
      vertex 101.965 70.8724 49.2303
      vertex 23.625 61.164 48.1029
      vertex 101.798 70.7268 49.2134
    endloop
  endfacet
  facet normal 1.34914e-06 -0.115362 0.993324
    outer loop
      vertex 110 77.5 50
      vertex 23.625 61.164 48.1029
      vertex 101.965 70.8724 49.2303
    endloop
  endfacet
  facet normal 1.88211e-07 -0.115356 0.993324
    outer loop
      vertex 0.849999 70.9951 49.2446
      vertex 23.625 61.164 48.1029
      vertex 110 77.5 50
    endloop
  endfacet
  facet normal -3.73291e-06 -0.115355 0.993324
    outer loop
      vertex 22.625 60.1706 47.9876
      vertex 10 41.4713 45.816
      vertex 22.625 9.36209 42.0872
    endloop
  endfacet
  facet normal -0.000125309 -0.115666 0.993288
    outer loop
      vertex 1.64207 69.0957 49.024
      vertex 22.759 60.6673 48.0452
      vertex 1.65412 69.1558 49.031
    endloop
  endfacet
  facet normal -5.92821e-05 -0.115504 0.993307
    outer loop
      vertex 1.65412 69.1558 49.031
      vertex 22.759 60.6673 48.0452
      vertex 1.68546 69.3123 49.0492
    endloop
  endfacet
  facet normal -0.000169334 -0.115768 0.993276
    outer loop
      vertex 22.8316 60.7753 48.0578
      vertex 1.68546 69.3123 49.0492
      vertex 22.759 60.6673 48.0452
    endloop
  endfacet
  facet normal -2.97813e-05 -0.115427 0.993316
    outer loop
      vertex 1.68546 69.3123 49.0492
      vertex 22.8316 60.7753 48.0578
      vertex 1.69596 69.4715 49.0677
    endloop
  endfacet
  facet normal 8.31573e-05 -0.11515 0.993348
    outer loop
      vertex 22.759 60.6673 48.0452
      vertex 1.64207 69.0957 49.024
      vertex 22.7011 60.5508 48.0317
    endloop
  endfacet
  facet normal 4.69965e-05 -0.115243 0.993337
    outer loop
      vertex 1.69596 69.4715 49.0677
      vertex 22.8316 60.7753 48.0578
      vertex 1.7 69.5327 49.0748
    endloop
  endfacet
  facet normal 0.00014169 -0.115018 0.993363
    outer loop
      vertex 22.9179 60.873 48.0691
      vertex 1.7 69.5327 49.0748
      vertex 22.8316 60.7753 48.0578
    endloop
  endfacet
  facet normal -0.000151993 -0.115728 0.993281
    outer loop
      vertex 23.0162 60.9587 48.0791
      vertex 1.7 69.5327 49.0748
      vertex 22.9179 60.873 48.0691
    endloop
  endfacet
  facet normal -5.37449e-05 -0.115484 0.993309
    outer loop
      vertex 1.68546 69.7531 49.1004
      vertex 23.0162 60.9587 48.0791
      vertex 23.125 61.0309 48.0875
    endloop
  endfacet
  facet normal 0.000254465 -0.114743 0.993395
    outer loop
      vertex 1.64207 69.9698 49.1255
      vertex 23.125 61.0309 48.0875
      vertex 23.2423 61.0883 48.0941
    endloop
  endfacet
  facet normal -0.00020317 -0.115834 0.993269
    outer loop
      vertex 1.57059 70.1789 49.1498
      vertex 23.2423 61.0883 48.0941
      vertex 23.3662 61.1301 48.099
    endloop
  endfacet
  facet normal 0.000200429 -0.114882 0.993379
    outer loop
      vertex 1.47224 70.377 49.1728
      vertex 23.3662 61.1301 48.099
      vertex 23.4945 61.1554 48.1019
    endloop
  endfacet
  facet normal -0.000506492 -0.116514 0.993189
    outer loop
      vertex 1.03489 70.8724 49.2303
      vertex 23.625 61.164 48.1029
      vertex 0.849999 70.9951 49.2446
    endloop
  endfacet
  facet normal -9.14822e-06 -0.115377 0.993322
    outer loop
      vertex 23.0162 60.9587 48.0791
      vertex 1.68546 69.7531 49.1004
      vertex 1.7 69.5327 49.0748
    endloop
  endfacet
  facet normal 0.000664927 -0.113741 0.99351
    outer loop
      vertex 23.125 61.0309 48.0875
      vertex 1.6734 69.8133 49.1073
      vertex 1.68546 69.7531 49.1004
    endloop
  endfacet
  facet normal -7.76653e-05 -0.115531 0.993304
    outer loop
      vertex 23.125 61.0309 48.0875
      vertex 1.64207 69.9698 49.1255
      vertex 1.6734 69.8133 49.1073
    endloop
  endfacet
  facet normal -0.000203035 -0.115841 0.993268
    outer loop
      vertex 23.2423 61.0883 48.0941
      vertex 1.59045 70.1208 49.1431
      vertex 1.64207 69.9698 49.1255
    endloop
  endfacet
  facet normal 0.000395268 -0.114426 0.993432
    outer loop
      vertex 23.2423 61.0883 48.0941
      vertex 1.57059 70.1789 49.1498
      vertex 1.59045 70.1208 49.1431
    endloop
  endfacet
  facet normal 1.19045e-05 -0.115322 0.993328
    outer loop
      vertex 23.3662 61.1301 48.099
      vertex 1.47224 70.377 49.1728
      vertex 1.57059 70.1789 49.1498
    endloop
  endfacet
  facet normal 0.000387513 -0.114441 0.99343
    outer loop
      vertex 23.4945 61.1554 48.1019
      vertex 1.43793 70.4281 49.1787
      vertex 1.47224 70.377 49.1728
    endloop
  endfacet
  facet normal -7.53056e-06 -0.115368 0.993323
    outer loop
      vertex 23.4945 61.1554 48.1019
      vertex 1.3487 70.5607 49.1941
      vertex 1.43793 70.4281 49.1787
    endloop
  endfacet
  facet normal -8.67325e-06 -0.115371 0.993322
    outer loop
      vertex 23.625 61.164 48.1029
      vertex 1.3487 70.5607 49.1941
      vertex 23.4945 61.1554 48.1019
    endloop
  endfacet
  facet normal -0.000426059 -0.116347 0.993209
    outer loop
      vertex 1.3487 70.5607 49.1941
      vertex 23.625 61.164 48.1029
      vertex 1.24281 70.6806 49.2081
    endloop
  endfacet
  facet normal 0.000956405 -0.113139 0.993579
    outer loop
      vertex 1.24281 70.6806 49.2081
      vertex 23.625 61.164 48.1029
      vertex 1.20208 70.7268 49.2134
    endloop
  endfacet
  facet normal 4.61975e-05 -0.115245 0.993337
    outer loop
      vertex 1.20208 70.7268 49.2134
      vertex 23.625 61.164 48.1029
      vertex 1.03489 70.8724 49.2303
    endloop
  endfacet
  facet normal -0.000113907 -0.113467 0.993542
    outer loop
      vertex 110 77.5 50
      vertex 0.7946 71.0223 49.2477
      vertex 0.849999 70.9951 49.2446
    endloop
  endfacet
  facet normal 9.20463e-06 -0.115515 0.993306
    outer loop
      vertex 110 77.5 50
      vertex 0.650561 71.0928 49.2559
      vertex 0.7946 71.0223 49.2477
    endloop
  endfacet
  facet normal 4.08626e-05 -0.116048 0.993244
    outer loop
      vertex 110 77.5 50
      vertex 0.498483 71.1441 49.2619
      vertex 0.650561 71.0928 49.2559
    endloop
  endfacet
  facet normal 3.06352e-05 -0.115874 0.993264
    outer loop
      vertex 110 77.5 50
      vertex 0.439992 71.1638 49.2642
      vertex 0.498483 71.1441 49.2619
    endloop
  endfacet
  facet normal -1.64742e-05 -0.11507 0.993357
    outer loop
      vertex 110 77.5 50
      vertex 0.282477 71.1949 49.2678
      vertex 0.439992 71.1638 49.2642
    endloop
  endfacet
  facet normal 2.38233e-05 -0.115762 0.993277
    outer loop
      vertex 110 77.5 50
      vertex 0.221894 71.2069 49.2692
      vertex 0.282477 71.1949 49.2678
    endloop
  endfacet
  facet normal 3.37946e-05 -0.115934 0.993257
    outer loop
      vertex 110 77.5 50
      vertex 0 71.2214 49.2709
      vertex 0.221894 71.2069 49.2692
    endloop
  endfacet
  facet normal 0.0521111 -0.371245 0.927071
    outer loop
      vertex -0.221894 71.2069 49.2692
      vertex -0.439992 71.1638 49.2642
      vertex -0.282477 71.1949 49.2678
    endloop
  endfacet
  facet normal 0.975386 -0.204775 0.0817866
    outer loop
      vertex -1.64207 69.9698 49.1255
      vertex -1.68546 69.7531 49.1004
      vertex -1.6734 69.8133 49.1073
    endloop
  endfacet
  facet normal 2.4392e-05 -0.115378 0.993322
    outer loop
      vertex -28 41.4713 45.816
      vertex -1.7 69.5327 49.0748
      vertex -1.68546 69.7531 49.1004
    endloop
  endfacet
  facet normal -0.000412045 -0.114978 0.993368
    outer loop
      vertex -28 41.4713 45.816
      vertex -1.68546 69.7531 49.1004
      vertex -1.64207 69.9698 49.1255
    endloop
  endfacet
  facet normal 0.000297852 -0.115873 0.993264
    outer loop
      vertex -52 41.4713 45.816
      vertex -1.64207 69.9698 49.1255
      vertex -1.59045 70.1208 49.1431
    endloop
  endfacet
  facet normal -0.000569529 -0.114367 0.993438
    outer loop
      vertex -52 41.4713 45.816
      vertex -1.59045 70.1208 49.1431
      vertex -1.57059 70.1789 49.1498
    endloop
  endfacet
  facet normal 0 -0.115355 0.993324
    outer loop
      vertex -28 28.0614 44.2587
      vertex -14 28.0614 44.2587
      vertex -14 41.4713 45.816
    endloop
  endfacet
  facet normal 0 -0.115363 0.993323
    outer loop
      vertex -8.04781 13.1156 42.5231
      vertex -33.9522 13.1156 42.5231
      vertex -7.93539 12.5542 42.4579
    endloop
  endfacet
  facet normal 0 -0.115355 0.993324
    outer loop
      vertex -28 28.0614 44.2587
      vertex -14 41.4713 45.816
      vertex -28 41.4713 45.816
    endloop
  endfacet
  facet normal 0 -0.115354 0.993324
    outer loop
      vertex -1.57059 68.8865 48.9997
      vertex -28 41.4713 45.816
      vertex -14 41.4713 45.816
    endloop
  endfacet
  facet normal -2.09264e-05 -0.115318 0.993329
    outer loop
      vertex -52 41.4713 45.816
      vertex -1.57059 70.1789 49.1498
      vertex -1.47224 70.377 49.1728
    endloop
  endfacet
  facet normal 0 -0.114698 0.9934
    outer loop
      vertex -101.528 70.377 49.1728
      vertex -1.47224 70.377 49.1728
      vertex -1.43793 70.4281 49.1787
    endloop
  endfacet
  facet normal 3.444e-07 -0.115364 0.993323
    outer loop
      vertex -101.528 70.377 49.1728
      vertex -1.43793 70.4281 49.1787
      vertex -1.3487 70.5607 49.1941
    endloop
  endfacet
  facet normal 0 -0.115976 0.993252
    outer loop
      vertex -101.651 70.5607 49.1941
      vertex -1.3487 70.5607 49.1941
      vertex -1.24281 70.6806 49.2081
    endloop
  endfacet
  facet normal -2.42905e-06 -0.113969 0.993484
    outer loop
      vertex -101.651 70.5607 49.1941
      vertex -1.24281 70.6806 49.2081
      vertex -1.20208 70.7268 49.2134
    endloop
  endfacet
  facet normal 0 -0.115354 0.993324
    outer loop
      vertex -1.64207 69.9698 49.1255
      vertex -52 41.4713 45.816
      vertex -28 41.4713 45.816
    endloop
  endfacet
  facet normal 0 -0.115297 0.993331
    outer loop
      vertex -101.798 70.7268 49.2134
      vertex -1.20208 70.7268 49.2134
      vertex -1.03489 70.8724 49.2303
    endloop
  endfacet
  facet normal -2.26274e-05 -0.115727 0.993281
    outer loop
      vertex -110 77.5 50
      vertex -1.03489 70.8724 49.2303
      vertex -0.849999 70.9951 49.2446
    endloop
  endfacet
  facet normal 0 -0.115355 0.993324
    outer loop
      vertex -66 28.0614 44.2587
      vertex -52 28.0614 44.2587
      vertex -52 41.4713 45.816
    endloop
  endfacet
  facet normal 0 -0.115363 0.993323
    outer loop
      vertex -46.0478 13.1156 42.5231
      vertex -71.9522 13.1156 42.5231
      vertex -45.9354 12.5542 42.4579
    endloop
  endfacet
  facet normal 0 -0.115355 0.993324
    outer loop
      vertex -66 28.0614 44.2587
      vertex -52 41.4713 45.816
      vertex -66 41.4713 45.816
    endloop
  endfacet
  facet normal 0 -0.115354 0.993324
    outer loop
      vertex -1.47224 70.377 49.1728
      vertex -101.528 70.377 49.1728
      vertex -52 41.4713 45.816
    endloop
  endfacet
  facet normal 0.000113907 -0.113467 0.993542
    outer loop
      vertex -110 77.5 50
      vertex -0.849999 70.9951 49.2446
      vertex -0.7946 71.0223 49.2477
    endloop
  endfacet
  facet normal -9.20463e-06 -0.115515 0.993306
    outer loop
      vertex -110 77.5 50
      vertex -0.7946 71.0223 49.2477
      vertex -0.650561 71.0928 49.2559
    endloop
  endfacet
  facet normal 2.15793e-05 -0.115318 0.993329
    outer loop
      vertex -101.429 70.1789 49.1498
      vertex -52 41.4713 45.816
      vertex -101.528 70.377 49.1728
    endloop
  endfacet
  facet normal -4.08626e-05 -0.116048 0.993244
    outer loop
      vertex -110 77.5 50
      vertex -0.650561 71.0928 49.2559
      vertex -0.498483 71.1441 49.2619
    endloop
  endfacet
  facet normal -3.06352e-05 -0.115874 0.993264
    outer loop
      vertex -110 77.5 50
      vertex -0.498483 71.1441 49.2619
      vertex -0.439992 71.1638 49.2642
    endloop
  endfacet
  facet normal -5.58049e-05 -0.115425 0.993316
    outer loop
      vertex -101.315 69.3123 49.0492
      vertex -66 41.4713 45.816
      vertex -101.304 69.4715 49.0677
    endloop
  endfacet
  facet normal -0.000110432 -0.115494 0.993308
    outer loop
      vertex -101.346 69.1558 49.031
      vertex -66 41.4713 45.816
      vertex -101.315 69.3123 49.0492
    endloop
  endfacet
  facet normal -0.00023048 -0.115645 0.993291
    outer loop
      vertex -101.358 69.0957 49.024
      vertex -66 41.4713 45.816
      vertex -101.346 69.1558 49.031
    endloop
  endfacet
  facet normal -1.78601e-05 -0.115378 0.993322
    outer loop
      vertex -101.3 69.5327 49.0748
      vertex -66 41.4713 45.816
      vertex -101.315 69.7531 49.1004
    endloop
  endfacet
  facet normal 5.20431e-06 -0.115262 0.993335
    outer loop
      vertex -110 77.5 50
      vertex -0.439992 71.1638 49.2642
      vertex -0.221894 71.2069 49.2692
    endloop
  endfacet
  facet normal -3.37946e-05 -0.115934 0.993257
    outer loop
      vertex -110 77.5 50
      vertex -0.221894 71.2069 49.2692
      vertex 0 71.2214 49.2709
    endloop
  endfacet
  facet normal 0 -0.115349 0.993325
    outer loop
      vertex -110 77.5 50
      vertex 0 71.2214 49.2709
      vertex 110 77.5 50
    endloop
  endfacet
  facet normal 8.85635e-05 -0.115246 0.993337
    outer loop
      vertex -101.304 69.4715 49.0677
      vertex -66 41.4713 45.816
      vertex -101.3 69.5327 49.0748
    endloop
  endfacet
  facet normal 0.00143278 -0.11359 0.993527
    outer loop
      vertex -66 41.4713 45.816
      vertex -101.327 69.8133 49.1073
      vertex -101.315 69.7531 49.1004
    endloop
  endfacet
  facet normal -0.000157206 -0.115546 0.993302
    outer loop
      vertex -66 41.4713 45.816
      vertex -101.358 69.9698 49.1255
      vertex -101.327 69.8133 49.1073
    endloop
  endfacet
  facet normal -0.000473589 -0.115933 0.993257
    outer loop
      vertex -66 41.4713 45.816
      vertex -101.41 70.1208 49.1431
      vertex -101.358 69.9698 49.1255
    endloop
  endfacet
  facet normal 0.000888311 -0.114272 0.993449
    outer loop
      vertex -66 41.4713 45.816
      vertex -101.429 70.1789 49.1498
      vertex -101.41 70.1208 49.1431
    endloop
  endfacet
  facet normal 0 -0.115354 0.993324
    outer loop
      vertex -52 41.4713 45.816
      vertex -101.429 70.1789 49.1498
      vertex -66 41.4713 45.816
    endloop
  endfacet
  facet normal -8.91566e-07 -0.114698 0.9934
    outer loop
      vertex -1.3487 70.5607 49.1941
      vertex -101.562 70.4281 49.1787
      vertex -101.528 70.377 49.1728
    endloop
  endfacet
  facet normal 0 -0.115363 0.993323
    outer loop
      vertex -1.3487 70.5607 49.1941
      vertex -101.651 70.5607 49.1941
      vertex -101.562 70.4281 49.1787
    endloop
  endfacet
  facet normal 9.33019e-07 -0.115975 0.993252
    outer loop
      vertex -1.20208 70.7268 49.2134
      vertex -101.757 70.6806 49.2081
      vertex -101.651 70.5607 49.1941
    endloop
  endfacet
  facet normal 0 -0.113971 0.993484
    outer loop
      vertex -1.20208 70.7268 49.2134
      vertex -101.798 70.7268 49.2134
      vertex -101.757 70.6806 49.2081
    endloop
  endfacet
  facet normal 0 -0.115297 0.993331
    outer loop
      vertex -1.03489 70.8724 49.2303
      vertex -101.965 70.8724 49.2303
      vertex -101.798 70.7268 49.2134
    endloop
  endfacet
  facet normal 0 -0.11536 0.993324
    outer loop
      vertex -1.03489 70.8724 49.2303
      vertex -110 77.5 50
      vertex -101.965 70.8724 49.2303
    endloop
  endfacet
  facet normal 0.00137518 -0.113715 0.993512
    outer loop
      vertex -101.965 70.8724 49.2303
      vertex -110 77.5 50
      vertex -102.15 70.9951 49.2446
    endloop
  endfacet
  facet normal -0.00262739 -0.11848 0.992953
    outer loop
      vertex -102.15 70.9951 49.2446
      vertex -110 77.5 50
      vertex -102.205 71.0223 49.2477
    endloop
  endfacet
  facet normal 0.000207332 -0.115115 0.993352
    outer loop
      vertex -102.205 71.0223 49.2477
      vertex -110 77.5 50
      vertex -102.349 71.0928 49.2559
    endloop
  endfacet
  facet normal 0.000457768 -0.11482 0.993386
    outer loop
      vertex -102.349 71.0928 49.2559
      vertex -110 77.5 50
      vertex -102.502 71.1441 49.2619
    endloop
  endfacet
  facet normal 0.00035071 -0.114945 0.993372
    outer loop
      vertex -102.502 71.1441 49.2619
      vertex -110 77.5 50
      vertex -102.56 71.1638 49.2642
    endloop
  endfacet
  facet normal -9.42809e-05 -0.11546 0.993312
    outer loop
      vertex -102.56 71.1638 49.2642
      vertex -110 77.5 50
      vertex -102.718 71.1949 49.2678
    endloop
  endfacet
  facet normal 0.000139105 -0.115194 0.993343
    outer loop
      vertex -102.718 71.1949 49.2678
      vertex -110 77.5 50
      vertex -102.778 71.2069 49.2692
    endloop
  endfacet
  facet normal -8.81797e-05 -0.115446 0.993314
    outer loop
      vertex -110 77.5 50
      vertex -103.282 71.1949 49.2678
      vertex -103.222 71.2069 49.2692
    endloop
  endfacet
  facet normal 0.000754561 -0.114803 0.993388
    outer loop
      vertex -110 77.5 50
      vertex -104.59 70.1208 49.1431
      vertex -104.571 70.1789 49.1498
    endloop
  endfacet
  facet normal 0.000371108 -0.115588 0.993297
    outer loop
      vertex -104.654 -69.1558 32.969
      vertex -110 -77.5 32
      vertex -104.685 -69.3123 32.9508
    endloop
  endfacet
  facet normal -3.7646e-05 -0.115374 0.993322
    outer loop
      vertex -104.685 69.7531 49.1004
      vertex -110 77.5 50
      vertex -104.7 69.5327 49.0748
    endloop
  endfacet
  facet normal 0.00168968 -0.114205 0.993456
    outer loop
      vertex -104.673 69.8133 49.1073
      vertex -110 77.5 50
      vertex -104.685 69.7531 49.1004
    endloop
  endfacet
  facet normal -0.00017642 -0.115481 0.99331
    outer loop
      vertex -104.642 69.9698 49.1255
      vertex -110 77.5 50
      vertex -104.673 69.8133 49.1073
    endloop
  endfacet
  facet normal -0.00039878 -0.115637 0.993291
    outer loop
      vertex -104.59 70.1208 49.1431
      vertex -110 77.5 50
      vertex -104.642 69.9698 49.1255
    endloop
  endfacet
  facet normal 2.16954e-05 -0.115339 0.993326
    outer loop
      vertex -104.472 70.377 49.1728
      vertex -110 77.5 50
      vertex -104.571 70.1789 49.1498
    endloop
  endfacet
  facet normal 0.000462392 -0.115001 0.993365
    outer loop
      vertex -104.438 70.4281 49.1787
      vertex -110 77.5 50
      vertex -104.472 70.377 49.1728
    endloop
  endfacet
  facet normal -2.09286e-06 -0.115362 0.993324
    outer loop
      vertex -104.349 70.5607 49.1941
      vertex -110 77.5 50
      vertex -104.438 70.4281 49.1787
    endloop
  endfacet
  facet normal -0.000367472 -0.115656 0.993289
    outer loop
      vertex -104.243 70.6806 49.2081
      vertex -110 77.5 50
      vertex -104.349 70.5607 49.1941
    endloop
  endfacet
  facet normal 0.000806567 -0.114678 0.993402
    outer loop
      vertex -104.202 70.7268 49.2134
      vertex -110 77.5 50
      vertex -104.243 70.6806 49.2081
    endloop
  endfacet
  facet normal 3.11176e-05 -0.115333 0.993327
    outer loop
      vertex -104.035 70.8724 49.2303
      vertex -110 77.5 50
      vertex -104.202 70.7268 49.2134
    endloop
  endfacet
  facet normal -0.000168673 -0.11551 0.993306
    outer loop
      vertex -103.85 70.9951 49.2446
      vertex -110 77.5 50
      vertex -104.035 70.8724 49.2303
    endloop
  endfacet
  facet normal 0.000722164 -0.114679 0.993402
    outer loop
      vertex -103.795 71.0223 49.2477
      vertex -110 77.5 50
      vertex -103.85 70.9951 49.2446
    endloop
  endfacet
  facet normal -5.79865e-05 -0.115416 0.993317
    outer loop
      vertex -103.651 71.0928 49.2559
      vertex -110 77.5 50
      vertex -103.795 71.0223 49.2477
    endloop
  endfacet
  facet normal -0.000206014 -0.115561 0.9933
    outer loop
      vertex -103.498 71.1441 49.2619
      vertex -110 77.5 50
      vertex -103.651 71.0928 49.2559
    endloop
  endfacet
  facet normal -0.000155975 -0.115511 0.993306
    outer loop
      vertex -103.44 71.1638 49.2642
      vertex -110 77.5 50
      vertex -103.498 71.1441 49.2619
    endloop
  endfacet
  facet normal 6.02196e-05 -0.11529 0.993332
    outer loop
      vertex -103.282 71.1949 49.2678
      vertex -110 77.5 50
      vertex -103.44 71.1638 49.2642
    endloop
  endfacet
  facet normal -6.75364e-05 -0.115424 0.993316
    outer loop
      vertex -103 71.2214 49.2709
      vertex -110 77.5 50
      vertex -103.222 71.2069 49.2692
    endloop
  endfacet
  facet normal 7.81463e-05 -0.115264 0.993335
    outer loop
      vertex -102.778 71.2069 49.2692
      vertex -110 77.5 50
      vertex -103 71.2214 49.2709
    endloop
  endfacet
  facet normal 0.000138063 -0.115439 0.993315
    outer loop
      vertex 104.685 69.3123 49.0492
      vertex 110 77.5 50
      vertex 104.696 69.4715 49.0677
    endloop
  endfacet
  facet normal 0.000151721 -0.11525 0.993337
    outer loop
      vertex 104.696 -69.5939 32.9181
      vertex 110 -77.5 32
      vertex 104.7 -69.5327 32.9252
    endloop
  endfacet
  facet normal -0.00010807 -0.115422 0.993317
    outer loop
      vertex 104.685 -69.7531 32.8996
      vertex 110 -77.5 32
      vertex 104.696 -69.5939 32.9181
    endloop
  endfacet
  facet normal 0.000526832 -0.114992 0.993366
    outer loop
      vertex 104.654 -69.9096 32.8815
      vertex 110 -77.5 32
      vertex 104.685 -69.7531 32.8996
    endloop
  endfacet
  facet normal -0.000159973 -0.115469 0.993311
    outer loop
      vertex 104.642 -69.9698 32.8745
      vertex 110 -77.5 32
      vertex 104.654 -69.9096 32.8815
    endloop
  endfacet
  facet normal -0.00039878 -0.115637 0.993291
    outer loop
      vertex 104.59 -70.1208 32.8569
      vertex 110 -77.5 32
      vertex 104.642 -69.9698 32.8745
    endloop
  endfacet
  facet normal 0.000754561 -0.114803 0.993388
    outer loop
      vertex 104.571 -70.1789 32.8502
      vertex 110 -77.5 32
      vertex 104.59 -70.1208 32.8569
    endloop
  endfacet
  facet normal -1.77728e-05 -0.115368 0.993323
    outer loop
      vertex 104.543 -70.234 32.8438
      vertex 110 -77.5 32
      vertex 104.571 -70.1789 32.8502
    endloop
  endfacet
  facet normal 3.66299e-05 -0.115328 0.993328
    outer loop
      vertex 104.472 -70.377 32.8272
      vertex 110 -77.5 32
      vertex 104.543 -70.234 32.8438
    endloop
  endfacet
  facet normal 0.000462392 -0.115001 0.993365
    outer loop
      vertex 104.438 -70.4281 32.8213
      vertex 110 -77.5 32
      vertex 104.472 -70.377 32.8272
    endloop
  endfacet
  facet normal -2.09286e-06 -0.115362 0.993324
    outer loop
      vertex 104.349 -70.5607 32.8059
      vertex 110 -77.5 32
      vertex 104.438 -70.4281 32.8213
    endloop
  endfacet
  facet normal -0.000583599 -0.115829 0.993269
    outer loop
      vertex 104.308 -70.6068 32.8005
      vertex 110 -77.5 32
      vertex 104.349 -70.5607 32.8059
    endloop
  endfacet
  facet normal 0.00017181 -0.115214 0.993341
    outer loop
      vertex 104.202 -70.7268 32.7866
      vertex 110 -77.5 32
      vertex 104.308 -70.6068 32.8005
    endloop
  endfacet
  facet normal 8.14952e-05 -0.11529 0.993332
    outer loop
      vertex 104.081 -70.832 32.7744
      vertex 110 -77.5 32
      vertex 104.202 -70.7268 32.7866
    endloop
  endfacet
  facet normal -9.79746e-05 -0.115447 0.993314
    outer loop
      vertex 104.035 -70.8724 32.7697
      vertex 110 -77.5 32
      vertex 104.081 -70.832 32.7744
    endloop
  endfacet
  facet normal -0.000483653 -0.11579 0.993274
    outer loop
      vertex 103.984 -70.9065 32.7657
      vertex 110 -77.5 32
      vertex 104.035 -70.8724 32.7697
    endloop
  endfacet
  facet normal -5.05093e-05 -0.1154 0.993319
    outer loop
      vertex 103.85 -70.9951 32.7554
      vertex 110 -77.5 32
      vertex 103.984 -70.9065 32.7657
    endloop
  endfacet
  facet normal 0.000155768 -0.115207 0.993341
    outer loop
      vertex 103.651 -71.0928 32.7441
      vertex 110 -77.5 32
      vertex 103.85 -70.9951 32.7554
    endloop
  endfacet
  facet normal -0.000192115 -0.115547 0.993302
    outer loop
      vertex 103.44 -71.1638 32.7358
      vertex 110 -77.5 32
      vertex 103.651 -71.0928 32.7441
    endloop
  endfacet
  facet normal 6.02196e-05 -0.11529 0.993332
    outer loop
      vertex 103.282 -71.1949 32.7322
      vertex 110 -77.5 32
      vertex 103.44 -71.1638 32.7358
    endloop
  endfacet
  facet normal -8.81797e-05 -0.115446 0.993314
    outer loop
      vertex 103.222 -71.2069 32.7308
      vertex 110 -77.5 32
      vertex 103.282 -71.1949 32.7322
    endloop
  endfacet
  facet normal -0.000531638 -0.115917 0.993259
    outer loop
      vertex 103.16 -71.2109 32.7303
      vertex 110 -77.5 32
      vertex 103.222 -71.2069 32.7308
    endloop
  endfacet
  facet normal 0.000111701 -0.115227 0.993339
    outer loop
      vertex 103 -71.2214 32.7291
      vertex 110 -77.5 32
      vertex 103.16 -71.2109 32.7303
    endloop
  endfacet
  facet normal -0.000129333 -0.115492 0.993308
    outer loop
      vertex 102.84 -71.2109 32.7303
      vertex 110 -77.5 32
      vertex 103 -71.2214 32.7291
    endloop
  endfacet
  facet normal 0.000614134 -0.114657 0.993405
    outer loop
      vertex 102.778 -71.2069 32.7308
      vertex 110 -77.5 32
      vertex 102.84 -71.2109 32.7303
    endloop
  endfacet
  facet normal 0.000139105 -0.115194 0.993343
    outer loop
      vertex 102.718 -71.1949 32.7322
      vertex 110 -77.5 32
      vertex 102.778 -71.2069 32.7308
    endloop
  endfacet
  facet normal -9.42809e-05 -0.11546 0.993312
    outer loop
      vertex 102.56 -71.1638 32.7358
      vertex 110 -77.5 32
      vertex 102.718 -71.1949 32.7322
    endloop
  endfacet
  facet normal 0.000428284 -0.114855 0.993382
    outer loop
      vertex 102.349 -71.0928 32.7441
      vertex 110 -77.5 32
      vertex 102.56 -71.1638 32.7358
    endloop
  endfacet
  facet normal -0.000559594 -0.116019 0.993247
    outer loop
      vertex 102.15 -70.9951 32.7554
      vertex 110 -77.5 32
      vertex 102.349 -71.0928 32.7441
    endloop
  endfacet
  facet normal 0.000406214 -0.114869 0.993381
    outer loop
      vertex 102.016 -70.9065 32.7657
      vertex 110 -77.5 32
      vertex 102.15 -70.9951 32.7554
    endloop
  endfacet
  facet normal 0.00409307 -0.110462 0.993872
    outer loop
      vertex 101.965 -70.8724 32.7697
      vertex 110 -77.5 32
      vertex 102.016 -70.9065 32.7657
    endloop
  endfacet
  facet normal 0.210445 0.0729699 0.974879
    outer loop
      vertex 101.651 -70.5607 32.8059
      vertex 101.798 -70.7268 32.7866
      vertex 101.692 -70.6068 32.8005
    endloop
  endfacet
  facet normal 0.00583858 -0.112447 0.993641
    outer loop
      vertex 101.429 -70.1789 32.8502
      vertex 101.528 -70.377 32.8272
      vertex 101.457 -70.234 32.8438
    endloop
  endfacet
  facet normal -0.445948 0.0151683 -0.89493
    outer loop
      vertex 101.315 -69.7531 32.8996
      vertex 101.358 -69.9698 32.8745
      vertex 101.346 -69.9096 32.8815
    endloop
  endfacet
  facet normal 2.76008e-05 -0.115328 0.993327
    outer loop
      vertex 85.2828 -50.7092 35.1112
      vertex 102.349 -67.9726 33.1064
      vertex 85.5376 -50.1958 35.1708
    endloop
  endfacet
  facet normal -5.65183e-06 -0.11536 0.993324
    outer loop
      vertex 102.349 -67.9726 33.1064
      vertex 85.2828 -50.7092 35.1112
      vertex 102.205 -68.0432 33.0982
    endloop
  endfacet
  facet normal 0.000574732 -0.114801 0.993388
    outer loop
      vertex 102.205 -68.0432 33.0982
      vertex 85.2828 -50.7092 35.1112
      vertex 102.15 -68.0703 33.0951
    endloop
  endfacet
  facet normal -0.0004729 -0.115806 0.993272
    outer loop
      vertex 102.15 -68.0703 33.0951
      vertex 85.2828 -50.7092 35.1112
      vertex 102.099 -68.1044 33.0911
    endloop
  endfacet
  facet normal -4.93166e-05 -0.115402 0.993319
    outer loop
      vertex 102.099 -68.1044 33.0911
      vertex 85.2828 -50.7092 35.1112
      vertex 101.965 -68.193 33.0808
    endloop
  endfacet
  facet normal 2.77106e-05 -0.115329 0.993327
    outer loop
      vertex 84.8395 -51.3682 35.0347
      vertex 101.965 -68.193 33.0808
      vertex 85.2828 -50.7092 35.1112
    endloop
  endfacet
  facet normal 7.44779e-05 -0.115282 0.993333
    outer loop
      vertex 101.965 -68.193 33.0808
      vertex 84.8395 -51.3682 35.0347
      vertex 101.844 -68.2982 33.0686
    endloop
  endfacet
  facet normal -0.000342679 -0.115649 0.99329
    outer loop
      vertex 103.222 -67.8585 33.1197
      vertex 86.0623 -48.2508 35.3967
      vertex 103 -67.8441 33.1213
    endloop
  endfacet
  facet normal -0.000180258 -0.115312 0.993329
    outer loop
      vertex 86.0478 -46.8887 35.5549
      vertex 98.9838 8.57403 41.9957
      vertex 98.875 8.50184 41.9873
    endloop
  endfacet
  facet normal -0.00026055 -0.115293 0.993331
    outer loop
      vertex 86.0478 -46.8887 35.5549
      vertex 98.875 8.50184 41.9873
      vertex 98.7577 8.44438 41.9806
    endloop
  endfacet
  facet normal 0.000440161 -0.115452 0.993313
    outer loop
      vertex 86.0478 -46.8887 35.5549
      vertex 98.7577 8.44438 41.9806
      vertex 98.6338 8.40261 41.9758
    endloop
  endfacet
  facet normal -0.000455131 -0.115251 0.993336
    outer loop
      vertex 86.0478 -46.8887 35.5549
      vertex 98.6338 8.40261 41.9758
      vertex 98.5055 8.37726 41.9728
    endloop
  endfacet
  facet normal 0.000675545 -0.115545 0.993302
    outer loop
      vertex 83.7134 -42.8724 36.0213
      vertex 98.5055 8.37726 41.9728
      vertex 98.375 8.36876 41.9719
    endloop
  endfacet
  facet normal 3.79404e-05 -0.115318 0.993329
    outer loop
      vertex 101.844 -68.2982 33.0686
      vertex 84.8395 -51.3682 35.0347
      vertex 101.798 -68.3387 33.0639
    endloop
  endfacet
  facet normal -2.11472e-05 -0.115377 0.993322
    outer loop
      vertex 84.4595 -51.7986 34.9847
      vertex 101.798 -68.3387 33.0639
      vertex 84.8395 -51.3682 35.0347
    endloop
  endfacet
  facet normal 6.05993e-05 -0.115292 0.993332
    outer loop
      vertex 84.3134 -51.9641 34.9655
      vertex 101.798 -68.3387 33.0639
      vertex 84.4595 -51.7986 34.9847
    endloop
  endfacet
  facet normal -0.000510333 -0.115893 0.993262
    outer loop
      vertex 101.798 -68.3387 33.0639
      vertex 84.3134 -51.9641 34.9655
      vertex 101.757 -68.3848 33.0585
    endloop
  endfacet
  facet normal 0.000104093 -0.115249 0.993337
    outer loop
      vertex 101.757 -68.3848 33.0585
      vertex 84.3134 -51.9641 34.9655
      vertex 101.651 -68.5047 33.0446
    endloop
  endfacet
  facet normal -0.00011703 -0.115478 0.99331
    outer loop
      vertex 84.1467 -52.1093 34.9486
      vertex 101.651 -68.5047 33.0446
      vertex 84.3134 -51.9641 34.9655
    endloop
  endfacet
  facet normal 3.26814e-05 -0.11532 0.993328
    outer loop
      vertex 83.7134 -52.4867 34.9048
      vertex 101.651 -68.5047 33.0446
      vertex 84.1467 -52.1093 34.9486
    endloop
  endfacet
  facet normal 4.4719e-05 -0.115307 0.99333
    outer loop
      vertex 101.651 -68.5047 33.0446
      vertex 83.7134 -52.4867 34.9048
      vertex 101.562 -68.6374 33.0292
    endloop
  endfacet
  facet normal 0.000249441 -0.115084 0.993356
    outer loop
      vertex 101.562 -68.6374 33.0292
      vertex 83.7134 -52.4867 34.9048
      vertex 101.528 -68.6884 33.0233
    endloop
  endfacet
  facet normal 1.66521e-05 -0.115336 0.993326
    outer loop
      vertex 101.528 -68.6884 33.0233
      vertex 83.7134 -52.4867 34.9048
      vertex 101.429 -68.8865 33.0003
    endloop
  endfacet
  facet normal -4.93406e-05 -0.115407 0.993318
    outer loop
      vertex 83.05 -52.9271 34.8536
      vertex 101.429 -68.8865 33.0003
      vertex 83.7134 -52.4867 34.9048
    endloop
  endfacet
  facet normal -2.05648e-05 -0.115374 0.993322
    outer loop
      vertex 101.429 -68.8865 33.0003
      vertex 83.05 -52.9271 34.8536
      vertex 101.358 -69.0957 32.976
    endloop
  endfacet
  facet normal -2.9229e-06 -0.115354 0.993324
    outer loop
      vertex 82.8512 -53.0244 34.8423
      vertex 101.358 -69.0957 32.976
      vertex 83.05 -52.9271 34.8536
    endloop
  endfacet
  facet normal 3.89483e-06 -0.115347 0.993325
    outer loop
      vertex 82.3344 -53.2776 34.8129
      vertex 101.358 -69.0957 32.976
      vertex 82.8512 -53.0244 34.8423
    endloop
  endfacet
  facet normal -0.000245138 -0.115642 0.993291
    outer loop
      vertex 101.358 -69.0957 32.976
      vertex 82.3344 -53.2776 34.8129
      vertex 101.346 -69.1558 32.969
    endloop
  endfacet
  facet normal -0.000118276 -0.115492 0.993308
    outer loop
      vertex 101.346 -69.1558 32.969
      vertex 82.3344 -53.2776 34.8129
      vertex 101.315 -69.3123 32.9508
    endloop
  endfacet
  facet normal -9.61208e-06 -0.115365 0.993323
    outer loop
      vertex 81.5788 -53.5324 34.7833
      vertex 101.315 -69.3123 32.9508
      vertex 82.3344 -53.2776 34.8129
    endloop
  endfacet
  facet normal -1.78542e-05 -0.115376 0.993322
    outer loop
      vertex 101.315 -69.3123 32.9508
      vertex 81.5788 -53.5324 34.7833
      vertex 101.3 -69.5327 32.9252
    endloop
  endfacet
  facet normal 5.46651e-05 -0.115287 0.993332
    outer loop
      vertex 80.7962 -53.687 34.7654
      vertex 101.3 -69.5327 32.9252
      vertex 81.5788 -53.5324 34.7833
    endloop
  endfacet
  facet normal 9.652e-05 -0.115234 0.993338
    outer loop
      vertex 101.3 -69.5327 32.9252
      vertex 80.7962 -53.687 34.7654
      vertex 101.304 -69.5939 32.9181
    endloop
  endfacet
  facet normal -6.02734e-05 -0.115433 0.993315
    outer loop
      vertex 101.304 -69.5939 32.9181
      vertex 80.7962 -53.687 34.7654
      vertex 101.315 -69.7531 32.8996
    endloop
  endfacet
  facet normal -7.17968e-05 -0.115448 0.993314
    outer loop
      vertex 80.2212 -53.7245 34.761
      vertex 101.315 -69.7531 32.8996
      vertex 80.7962 -53.687 34.7654
    endloop
  endfacet
  facet normal 0.000268064 -0.115007 0.993365
    outer loop
      vertex 101.315 -69.7531 32.8996
      vertex 80.2212 -53.7245 34.761
      vertex 101.358 -69.9698 32.8745
    endloop
  endfacet
  facet normal 0.000298972 -0.114967 0.993369
    outer loop
      vertex 80 -53.7389 34.7594
      vertex 101.358 -69.9698 32.8745
      vertex 80.2212 -53.7245 34.761
    endloop
  endfacet
  facet normal -0.000435481 -0.11592 0.993258
    outer loop
      vertex 101.358 -69.9698 32.8745
      vertex 80 -53.7389 34.7594
      vertex 101.41 -70.1208 32.8569
    endloop
  endfacet
  facet normal 0.000827126 -0.114292 0.993447
    outer loop
      vertex 101.41 -70.1208 32.8569
      vertex 80 -53.7389 34.7594
      vertex 101.429 -70.1789 32.8502
    endloop
  endfacet
  facet normal -0.000354718 -0.115812 0.993271
    outer loop
      vertex 79.7788 -53.7245 34.761
      vertex 101.429 -70.1789 32.8502
      vertex 80 -53.7389 34.7594
    endloop
  endfacet
  facet normal 8.54858e-05 -0.115241 0.993338
    outer loop
      vertex 79.2038 -53.687 34.7654
      vertex 101.429 -70.1789 32.8502
      vertex 79.7788 -53.7245 34.761
    endloop
  endfacet
  facet normal 3.13477e-05 -0.115313 0.993329
    outer loop
      vertex 101.429 -70.1789 32.8502
      vertex 79.2038 -53.687 34.7654
      vertex 101.528 -70.377 32.8272
    endloop
  endfacet
  facet normal -9.24776e-05 -0.115476 0.99331
    outer loop
      vertex 78.4212 -53.5324 34.7833
      vertex 101.528 -70.377 32.8272
      vertex 79.2038 -53.687 34.7654
    endloop
  endfacet
  facet normal 0.000937149 -0.114082 0.993471
    outer loop
      vertex 101.528 -70.377 32.8272
      vertex 78.4212 -53.5324 34.7833
      vertex 101.562 -70.4281 32.8213
    endloop
  endfacet
  facet normal -2.06821e-05 -0.115377 0.993322
    outer loop
      vertex 101.562 -70.4281 32.8213
      vertex 78.4212 -53.5324 34.7833
      vertex 101.651 -70.5607 32.8059
    endloop
  endfacet
  facet normal 2.80457e-05 -0.115311 0.993329
    outer loop
      vertex 77.6656 -53.2776 34.8129
      vertex 101.651 -70.5607 32.8059
      vertex 78.4212 -53.5324 34.7833
    endloop
  endfacet
  facet normal 0 -0.11535 0.993325
    outer loop
      vertex 44.3344 -53.2776 34.8129
      vertex 101.651 -70.5607 32.8059
      vertex 77.6656 -53.2776 34.8129
    endloop
  endfacet
  facet normal -7.04361e-06 -0.115373 0.993322
    outer loop
      vertex 43.5788 -53.5324 34.7833
      vertex 101.651 -70.5607 32.8059
      vertex 44.3344 -53.2776 34.8129
    endloop
  endfacet
  facet normal -2.78206e-05 -0.115443 0.993314
    outer loop
      vertex 101.651 -70.5607 32.8059
      vertex 43.5788 -53.5324 34.7833
      vertex 101.798 -70.7268 32.7866
    endloop
  endfacet
  facet normal 4.02546e-05 -0.115215 0.993341
    outer loop
      vertex 42.7962 -53.687 34.7654
      vertex 101.798 -70.7268 32.7866
      vertex 43.5788 -53.5324 34.7833
    endloop
  endfacet
  facet normal 0 -0.115339 0.993326
    outer loop
      vertex 44.3344 -53.2776 34.8129
      vertex 77.6656 -53.2776 34.8129
      vertex 77.1488 -53.0244 34.8423
    endloop
  endfacet
  facet normal 0 -0.11536 0.993324
    outer loop
      vertex 44.8512 -53.0244 34.8423
      vertex 77.1488 -53.0244 34.8423
      vertex 76.95 -52.9271 34.8536
    endloop
  endfacet
  facet normal 0 -0.11548 0.99331
    outer loop
      vertex 45.05 -52.9271 34.8536
      vertex 76.95 -52.9271 34.8536
      vertex 76.2866 -52.4867 34.9048
    endloop
  endfacet
  facet normal 0 -0.115611 0.993295
    outer loop
      vertex 46.1467 -52.1093 34.9486
      vertex 75.8533 -52.1093 34.9486
      vertex 75.6866 -51.9641 34.9655
    endloop
  endfacet
  facet normal 0 -0.115395 0.99332
    outer loop
      vertex 46.8395 -51.3682 35.0347
      vertex 75.5405 -51.7986 34.9847
      vertex 75.1605 -51.3682 35.0347
    endloop
  endfacet
  facet normal 0 -0.115438 0.993315
    outer loop
      vertex 47.8921 -49.2478 35.2809
      vertex 74.2931 -49.7899 35.2179
      vertex 74.1078 -49.2478 35.2809
    endloop
  endfacet
  facet normal 0 -0.11548 0.99331
    outer loop
      vertex 48.0046 -48.6864 35.3461
      vertex 73.9954 -48.6864 35.3461
      vertex 73.9522 -48.4705 35.3712
    endloop
  endfacet
  facet normal 0 -0.115297 0.993331
    outer loop
      vertex 48.1 -47.6796 35.463
      vertex 73.9377 -48.2508 35.3967
      vertex 73.9 -47.6796 35.463
    endloop
  endfacet
  facet normal 0 -0.115297 0.993331
    outer loop
      vertex 48.0623 -48.2508 35.3967
      vertex 73.9377 -48.2508 35.3967
      vertex 48.1 -47.6796 35.463
    endloop
  endfacet
  facet normal 0 -0.115293 0.993331
    outer loop
      vertex 73.9377 -48.2508 35.3967
      vertex 48.0623 -48.2508 35.3967
      vertex 73.9522 -48.4705 35.3712
    endloop
  endfacet
  facet normal 0 -0.115293 0.993331
    outer loop
      vertex 48.0478 -48.4705 35.3712
      vertex 73.9522 -48.4705 35.3712
      vertex 48.0623 -48.2508 35.3967
    endloop
  endfacet
  facet normal 0 -0.11548 0.99331
    outer loop
      vertex 48.0046 -48.6864 35.3461
      vertex 73.9522 -48.4705 35.3712
      vertex 48.0478 -48.4705 35.3712
    endloop
  endfacet
  facet normal 0 -0.115363 0.993323
    outer loop
      vertex 73.9954 -48.6864 35.3461
      vertex 48.0046 -48.6864 35.3461
      vertex 74.1078 -49.2478 35.2809
    endloop
  endfacet
  facet normal 0 -0.115363 0.993323
    outer loop
      vertex 47.8921 -49.2478 35.2809
      vertex 74.1078 -49.2478 35.2809
      vertex 48.0046 -48.6864 35.3461
    endloop
  endfacet
  facet normal 0 -0.115438 0.993315
    outer loop
      vertex 47.7069 -49.7899 35.2179
      vertex 74.2931 -49.7899 35.2179
      vertex 47.8921 -49.2478 35.2809
    endloop
  endfacet
  facet normal 0 -0.115293 0.993332
    outer loop
      vertex 74.2931 -49.7899 35.2179
      vertex 47.7069 -49.7899 35.2179
      vertex 74.3643 -49.9984 35.1937
    endloop
  endfacet
  facet normal 0 -0.115293 0.993332
    outer loop
      vertex 47.6357 -49.9984 35.1937
      vertex 74.3643 -49.9984 35.1937
      vertex 47.7069 -49.7899 35.2179
    endloop
  endfacet
  facet normal 0 -0.115235 0.993338
    outer loop
      vertex 74.3643 -49.9984 35.1937
      vertex 47.6357 -49.9984 35.1937
      vertex 74.4624 -50.1958 35.1708
    endloop
  endfacet
  facet normal 0 -0.115235 0.993338
    outer loop
      vertex 47.5376 -50.1958 35.1708
      vertex 74.4624 -50.1958 35.1708
      vertex 47.6357 -49.9984 35.1937
    endloop
  endfacet
  facet normal 0 -0.115314 0.993329
    outer loop
      vertex 74.4624 -50.1958 35.1708
      vertex 47.5376 -50.1958 35.1708
      vertex 74.7172 -50.7092 35.1112
    endloop
  endfacet
  facet normal 0 -0.115314 0.993329
    outer loop
      vertex 47.2828 -50.7092 35.1112
      vertex 74.7172 -50.7092 35.1112
      vertex 47.5376 -50.1958 35.1708
    endloop
  endfacet
  facet normal 0 -0.115311 0.993329
    outer loop
      vertex 74.7172 -50.7092 35.1112
      vertex 47.2828 -50.7092 35.1112
      vertex 75.1605 -51.3682 35.0347
    endloop
  endfacet
  facet normal 0 -0.115311 0.993329
    outer loop
      vertex 46.8395 -51.3682 35.0347
      vertex 75.1605 -51.3682 35.0347
      vertex 47.2828 -50.7092 35.1112
    endloop
  endfacet
  facet normal 0 -0.115395 0.99332
    outer loop
      vertex 46.4595 -51.7986 34.9847
      vertex 75.5405 -51.7986 34.9847
      vertex 46.8395 -51.3682 35.0347
    endloop
  endfacet
  facet normal 0 -0.115239 0.993338
    outer loop
      vertex 75.5405 -51.7986 34.9847
      vertex 46.4595 -51.7986 34.9847
      vertex 75.6866 -51.9641 34.9655
    endloop
  endfacet
  facet normal 0 -0.115239 0.993338
    outer loop
      vertex 46.3134 -51.9641 34.9655
      vertex 75.6866 -51.9641 34.9655
      vertex 46.4595 -51.7986 34.9847
    endloop
  endfacet
  facet normal 0 -0.115611 0.993295
    outer loop
      vertex 46.1467 -52.1093 34.9486
      vertex 75.6866 -51.9641 34.9655
      vertex 46.3134 -51.9641 34.9655
    endloop
  endfacet
  facet normal 0 -0.115283 0.993333
    outer loop
      vertex 75.8533 -52.1093 34.9486
      vertex 46.1467 -52.1093 34.9486
      vertex 76.2866 -52.4867 34.9048
    endloop
  endfacet
  facet normal 0 -0.115283 0.993333
    outer loop
      vertex 45.7134 -52.4867 34.9048
      vertex 76.2866 -52.4867 34.9048
      vertex 46.1467 -52.1093 34.9486
    endloop
  endfacet
  facet normal 0 -0.11548 0.99331
    outer loop
      vertex 45.05 -52.9271 34.8536
      vertex 76.2866 -52.4867 34.9048
      vertex 45.7134 -52.4867 34.9048
    endloop
  endfacet
  facet normal 0 -0.11536 0.993324
    outer loop
      vertex 76.95 -52.9271 34.8536
      vertex 45.05 -52.9271 34.8536
      vertex 44.8512 -53.0244 34.8423
    endloop
  endfacet
  facet normal 0 -0.115339 0.993326
    outer loop
      vertex 77.1488 -53.0244 34.8423
      vertex 44.8512 -53.0244 34.8423
      vertex 44.3344 -53.2776 34.8129
    endloop
  endfacet
  facet normal 6.81058e-05 -0.11512 0.993352
    outer loop
      vertex 101.798 -70.7268 32.7866
      vertex 42.7962 -53.687 34.7654
      vertex 101.919 -70.832 32.7744
    endloop
  endfacet
  facet normal -9.0085e-05 -0.115658 0.993289
    outer loop
      vertex 101.919 -70.832 32.7744
      vertex 42.7962 -53.687 34.7654
      vertex 101.965 -70.8724 32.7697
    endloop
  endfacet
  facet normal 0 -0.115352 0.993325
    outer loop
      vertex 1.03489 -70.8724 32.7697
      vertex 101.965 -70.8724 32.7697
      vertex 42.7962 -53.687 34.7654
    endloop
  endfacet
  facet normal -9.28192e-05 -0.11513 0.99335
    outer loop
      vertex 1.03489 -70.8724 32.7697
      vertex 42.7962 -53.687 34.7654
      vertex 42.2212 -53.7245 34.761
    endloop
  endfacet
  facet normal 0.000384272 -0.11626 0.993219
    outer loop
      vertex 1.03489 -70.8724 32.7697
      vertex 42.2212 -53.7245 34.761
      vertex 42 -53.7389 34.7594
    endloop
  endfacet
  facet normal -0.000280672 -0.114689 0.993401
    outer loop
      vertex 1.20208 -70.7268 32.7866
      vertex 42 -53.7389 34.7594
      vertex 41.7788 -53.7245 34.761
    endloop
  endfacet
  facet normal 6.76901e-05 -0.11551 0.993306
    outer loop
      vertex 1.3487 -70.5607 32.8059
      vertex 41.7788 -53.7245 34.761
      vertex 41.2038 -53.687 34.7654
    endloop
  endfacet
  facet normal -4.62796e-05 -0.115245 0.993337
    outer loop
      vertex 1.47224 -70.377 32.8272
      vertex 41.2038 -53.687 34.7654
      vertex 40.4212 -53.5324 34.7833
    endloop
  endfacet
  facet normal 8.066e-06 -0.11537 0.993323
    outer loop
      vertex 1.57059 -70.1789 32.8502
      vertex 40.4212 -53.5324 34.7833
      vertex 39.6656 -53.2776 34.8129
    endloop
  endfacet
  facet normal 8.01301e-05 -0.11552 0.993305
    outer loop
      vertex 1.7 -69.5327 32.9252
      vertex 37.8533 -52.1093 34.9486
      vertex 37.6866 -51.9641 34.9655
    endloop
  endfacet
  facet normal 0 -0.115438 0.993315
    outer loop
      vertex 3.89215 -49.2478 35.2809
      vertex 36.2931 -49.7899 35.2179
      vertex 36.1079 -49.2478 35.2809
    endloop
  endfacet
  facet normal 0 -0.115297 0.993331
    outer loop
      vertex 4.1 -47.6796 35.463
      vertex 35.9377 -48.2508 35.3967
      vertex 35.9 -47.6796 35.463
    endloop
  endfacet
  facet normal 0.000178398 -0.115008 0.993365
    outer loop
      vertex 35.9954 -46.6727 35.5799
      vertex 10 -33.5247 37.1068
      vertex 35.9522 -46.8887 35.5549
    endloop
  endfacet
  facet normal 0 -0.11535 0.993325
    outer loop
      vertex 4.04781 -46.8887 35.5549
      vertex 35.9522 -46.8887 35.5549
      vertex 10 -33.5247 37.1068
    endloop
  endfacet
  facet normal 0 -0.11542 0.993317
    outer loop
      vertex 35.9522 -46.8887 35.5549
      vertex 4.1 -47.6796 35.463
      vertex 35.9 -47.6796 35.463
    endloop
  endfacet
  facet normal -0.000643014 -0.115051 0.993359
    outer loop
      vertex 10 -20.1148 38.6641
      vertex 23.625 8.36876 41.9719
      vertex 23.4945 8.37726 41.9728
    endloop
  endfacet
  facet normal 0.000397716 -0.115538 0.993303
    outer loop
      vertex 10 -20.1148 38.6641
      vertex 23.4945 8.37726 41.9728
      vertex 23.3662 8.40261 41.9758
    endloop
  endfacet
  facet normal -0.000351088 -0.115191 0.993343
    outer loop
      vertex 10 -20.1148 38.6641
      vertex 23.3662 8.40261 41.9758
      vertex 23.2423 8.44438 41.9806
    endloop
  endfacet
  facet normal 0.000188572 -0.115438 0.993315
    outer loop
      vertex 10 -20.1148 38.6641
      vertex 23.2423 8.44438 41.9806
      vertex 23.125 8.50184 41.9873
    endloop
  endfacet
  facet normal 0.000116911 -0.115406 0.993318
    outer loop
      vertex 10 -20.1148 38.6641
      vertex 23.125 8.50184 41.9873
      vertex 23.0162 8.57403 41.9957
    endloop
  endfacet
  facet normal -0.00035308 -0.115196 0.993343
    outer loop
      vertex 10 -20.1148 38.6641
      vertex 23.0162 8.57403 41.9957
      vertex 22.9179 8.6597 42.0056
    endloop
  endfacet
  facet normal 0.000423867 -0.11554 0.993303
    outer loop
      vertex 10 -20.1148 38.6641
      vertex 22.9179 8.6597 42.0056
      vertex 22.8316 8.75739 42.017
    endloop
  endfacet
  facet normal 9.71119e-06 -0.115285 0.993332
    outer loop
      vertex 3.63566 11.5878 42.3457
      vertex 22.625 9.36209 42.0872
      vertex 3.89215 12.3383 42.4328
    endloop
  endfacet
  facet normal -2.09061e-05 -0.115476 0.99331
    outer loop
      vertex 3.89215 12.3383 42.4328
      vertex 22.625 9.36209 42.0872
      vertex 3.93539 12.5542 42.4579
    endloop
  endfacet
  facet normal -1.33576e-06 -0.115363 0.993323
    outer loop
      vertex 3.93539 12.5542 42.4579
      vertex 22.625 9.36209 42.0872
      vertex 4.04781 13.1156 42.5231
    endloop
  endfacet
  facet normal -4.91448e-06 -0.115355 0.993324
    outer loop
      vertex 10 28.0614 44.2587
      vertex 22.625 9.36209 42.0872
      vertex 10 41.4713 45.816
    endloop
  endfacet
  facet normal 3.23838e-06 -0.11535 0.993325
    outer loop
      vertex 3.89215 15.4748 42.7971
      vertex 22.625 9.36209 42.0872
      vertex 10 28.0614 44.2587
    endloop
  endfacet
  facet normal -9.1079e-05 -0.115734 0.99328
    outer loop
      vertex 4.0855 13.6868 42.5894
      vertex 22.625 9.36209 42.0872
      vertex 4.1 13.9065 42.615
    endloop
  endfacet
  facet normal 1.18584e-05 -0.115298 0.993331
    outer loop
      vertex 4.04781 13.1156 42.5231
      vertex 22.625 9.36209 42.0872
      vertex 4.0855 13.6868 42.5894
    endloop
  endfacet
  facet normal 0 -0.115297 0.993331
    outer loop
      vertex 4.06231 -48.2508 35.3967
      vertex 35.9377 -48.2508 35.3967
      vertex 4.1 -47.6796 35.463
    endloop
  endfacet
  facet normal 0 -0.115293 0.993331
    outer loop
      vertex 35.9377 -48.2508 35.3967
      vertex 4.06231 -48.2508 35.3967
      vertex 35.9522 -48.4705 35.3712
    endloop
  endfacet
  facet normal 0 -0.115293 0.993331
    outer loop
      vertex 4.04781 -48.4705 35.3712
      vertex 35.9522 -48.4705 35.3712
      vertex 4.06231 -48.2508 35.3967
    endloop
  endfacet
  facet normal 0 -0.11548 0.99331
    outer loop
      vertex 35.9522 -48.4705 35.3712
      vertex 4.04781 -48.4705 35.3712
      vertex 35.9954 -48.6864 35.3461
    endloop
  endfacet
  facet normal 0 -0.11548 0.99331
    outer loop
      vertex 4.00457 -48.6864 35.3461
      vertex 35.9954 -48.6864 35.3461
      vertex 4.04781 -48.4705 35.3712
    endloop
  endfacet
  facet normal 0 -0.115363 0.993323
    outer loop
      vertex 35.9954 -48.6864 35.3461
      vertex 4.00457 -48.6864 35.3461
      vertex 36.1079 -49.2478 35.2809
    endloop
  endfacet
  facet normal 0 -0.115363 0.993323
    outer loop
      vertex 3.89215 -49.2478 35.2809
      vertex 36.1079 -49.2478 35.2809
      vertex 4.00457 -48.6864 35.3461
    endloop
  endfacet
  facet normal 0 -0.115438 0.993315
    outer loop
      vertex 3.70691 -49.7899 35.2179
      vertex 36.2931 -49.7899 35.2179
      vertex 3.89215 -49.2478 35.2809
    endloop
  endfacet
  facet normal 0 -0.115293 0.993332
    outer loop
      vertex 36.2931 -49.7899 35.2179
      vertex 3.70691 -49.7899 35.2179
      vertex 36.3643 -49.9984 35.1937
    endloop
  endfacet
  facet normal 0 -0.115293 0.993332
    outer loop
      vertex 3.63566 -49.9984 35.1937
      vertex 36.3643 -49.9984 35.1937
      vertex 3.70691 -49.7899 35.2179
    endloop
  endfacet
  facet normal 0 -0.115235 0.993338
    outer loop
      vertex 36.3643 -49.9984 35.1937
      vertex 3.63566 -49.9984 35.1937
      vertex 36.4624 -50.1958 35.1708
    endloop
  endfacet
  facet normal 0 -0.115235 0.993338
    outer loop
      vertex 3.53763 -50.1958 35.1708
      vertex 36.4624 -50.1958 35.1708
      vertex 3.63566 -49.9984 35.1937
    endloop
  endfacet
  facet normal 0 -0.115314 0.993329
    outer loop
      vertex 36.4624 -50.1958 35.1708
      vertex 3.53763 -50.1958 35.1708
      vertex 36.7172 -50.7092 35.1112
    endloop
  endfacet
  facet normal 0 -0.115314 0.993329
    outer loop
      vertex 3.28275 -50.7092 35.1112
      vertex 36.7172 -50.7092 35.1112
      vertex 3.53763 -50.1958 35.1708
    endloop
  endfacet
  facet normal 0 -0.115356 0.993324
    outer loop
      vertex 1.68546 -69.3123 32.9508
      vertex 36.7172 -50.7092 35.1112
      vertex 3.28275 -50.7092 35.1112
    endloop
  endfacet
  facet normal -1.7958e-05 -0.115323 0.993328
    outer loop
      vertex 1.68546 -69.3123 32.9508
      vertex 37.1605 -51.3682 35.0347
      vertex 36.7172 -50.7092 35.1112
    endloop
  endfacet
  facet normal 1.32418e-05 -0.115383 0.993321
    outer loop
      vertex 1.68546 -69.3123 32.9508
      vertex 37.5405 -51.7986 34.9847
      vertex 37.1605 -51.3682 35.0347
    endloop
  endfacet
  facet normal -4.06339e-05 -0.115275 0.993334
    outer loop
      vertex 1.68546 -69.3123 32.9508
      vertex 37.6866 -51.9641 34.9655
      vertex 37.5405 -51.7986 34.9847
    endloop
  endfacet
  facet normal -2.27895e-05 -0.115309 0.99333
    outer loop
      vertex 37.8533 -52.1093 34.9486
      vertex 1.7 -69.5327 32.9252
      vertex 38.2866 -52.4867 34.9048
    endloop
  endfacet
  facet normal -5.71771e-05 -0.115236 0.993338
    outer loop
      vertex 1.69596 -69.5939 32.9181
      vertex 38.2866 -52.4867 34.9048
      vertex 1.7 -69.5327 32.9252
    endloop
  endfacet
  facet normal 3.52875e-05 -0.115432 0.993315
    outer loop
      vertex 1.68546 -69.7531 32.8996
      vertex 38.2866 -52.4867 34.9048
      vertex 1.69596 -69.5939 32.9181
    endloop
  endfacet
  facet normal 3.42085e-05 -0.115429 0.993316
    outer loop
      vertex 38.2866 -52.4867 34.9048
      vertex 1.68546 -69.7531 32.8996
      vertex 38.95 -52.9271 34.8536
    endloop
  endfacet
  facet normal 7.8212e-05 -0.115363 0.993323
    outer loop
      vertex 1.68546 -69.3123 32.9508
      vertex 3.28275 -50.7092 35.1112
      vertex 2.83945 -51.3682 35.0347
    endloop
  endfacet
  facet normal -4.62676e-05 -0.115355 0.993324
    outer loop
      vertex 1.68546 -69.3123 32.9508
      vertex 2.83945 -51.3682 35.0347
      vertex 2.45949 -51.7986 34.9847
    endloop
  endfacet
  facet normal 0.000141934 -0.115363 0.993323
    outer loop
      vertex 1.68546 -69.3123 32.9508
      vertex 2.45949 -51.7986 34.9847
      vertex 2.31335 -51.9641 34.9655
    endloop
  endfacet
  facet normal -0.000230665 -0.11535 0.993325
    outer loop
      vertex 1.68546 -69.3123 32.9508
      vertex 2.31335 -51.9641 34.9655
      vertex 2.14671 -52.1093 34.9486
    endloop
  endfacet
  facet normal 6.51868e-05 -0.115357 0.993324
    outer loop
      vertex 1.20208 -68.3387 33.0639
      vertex 2.14671 -52.1093 34.9486
      vertex 1.71344 -52.4867 34.9048
    endloop
  endfacet
  facet normal -0.000234161 -0.114843 0.993384
    outer loop
      vertex 1.65412 -69.9096 32.8815
      vertex 38.95 -52.9271 34.8536
      vertex 1.68546 -69.7531 32.8996
    endloop
  endfacet
  facet normal 7.64631e-05 -0.115516 0.993306
    outer loop
      vertex 1.64207 -69.9698 32.8745
      vertex 38.95 -52.9271 34.8536
      vertex 1.65412 -69.9096 32.8815
    endloop
  endfacet
  facet normal 2.27591e-06 -0.115356 0.993324
    outer loop
      vertex 38.95 -52.9271 34.8536
      vertex 1.64207 -69.9698 32.8745
      vertex 39.1488 -53.0244 34.8423
    endloop
  endfacet
  facet normal -2.84055e-06 -0.115345 0.993326
    outer loop
      vertex 39.1488 -53.0244 34.8423
      vertex 1.64207 -69.9698 32.8745
      vertex 39.6656 -53.2776 34.8129
    endloop
  endfacet
  facet normal 0.000220705 -0.115847 0.993267
    outer loop
      vertex 1.59045 -70.1208 32.8569
      vertex 39.6656 -53.2776 34.8129
      vertex 1.64207 -69.9698 32.8745
    endloop
  endfacet
  facet normal -0.000420174 -0.114417 0.993433
    outer loop
      vertex 1.57059 -70.1789 32.8502
      vertex 39.6656 -53.2776 34.8129
      vertex 1.59045 -70.1208 32.8569
    endloop
  endfacet
  facet normal 1.4017e-05 -0.115384 0.993321
    outer loop
      vertex 40.4212 -53.5324 34.7833
      vertex 1.57059 -70.1789 32.8502
      vertex 1.54327 -70.234 32.8438
    endloop
  endfacet
  facet normal -2.31545e-05 -0.115298 0.993331
    outer loop
      vertex 40.4212 -53.5324 34.7833
      vertex 1.54327 -70.234 32.8438
      vertex 1.47224 -70.377 32.8272
    endloop
  endfacet
  facet normal -0.000389167 -0.11444 0.99343
    outer loop
      vertex 41.2038 -53.687 34.7654
      vertex 1.47224 -70.377 32.8272
      vertex 1.43793 -70.4281 32.8213
    endloop
  endfacet
  facet normal 6.64468e-06 -0.115368 0.993323
    outer loop
      vertex 41.2038 -53.687 34.7654
      vertex 1.43793 -70.4281 32.8213
      vertex 1.3487 -70.5607 32.8059
    endloop
  endfacet
  facet normal 0.000662075 -0.116918 0.993141
    outer loop
      vertex 41.7788 -53.7245 34.761
      vertex 1.3487 -70.5607 32.8059
      vertex 1.30797 -70.6068 32.8005
    endloop
  endfacet
  facet normal -0.000192934 -0.114896 0.993378
    outer loop
      vertex 41.7788 -53.7245 34.761
      vertex 1.30797 -70.6068 32.8005
      vertex 1.20208 -70.7268 32.7866
    endloop
  endfacet
  facet normal -0.000126874 -0.115054 0.993359
    outer loop
      vertex 42 -53.7389 34.7594
      vertex 1.20208 -70.7268 32.7866
      vertex 1.08133 -70.832 32.7744
    endloop
  endfacet
  facet normal 0.000165953 -0.115745 0.993279
    outer loop
      vertex 42 -53.7389 34.7594
      vertex 1.08133 -70.832 32.7744
      vertex 1.03489 -70.8724 32.7697
    endloop
  endfacet
  facet normal 0 -0.11536 0.993324
    outer loop
      vertex 101.965 -70.8724 32.7697
      vertex 1.03489 -70.8724 32.7697
      vertex 110 -77.5 32
    endloop
  endfacet
  facet normal -6.45544e-05 -0.116407 0.993202
    outer loop
      vertex 0.983534 -70.9065 32.7657
      vertex 110 -77.5 32
      vertex 1.03489 -70.8724 32.7697
    endloop
  endfacet
  facet normal -6.78869e-06 -0.115465 0.993312
    outer loop
      vertex 0.849999 -70.9951 32.7554
      vertex 110 -77.5 32
      vertex 0.983534 -70.9065 32.7657
    endloop
  endfacet
  facet normal 2.4683e-05 -0.114944 0.993372
    outer loop
      vertex 0.650561 -71.0928 32.7441
      vertex 110 -77.5 32
      vertex 0.849999 -70.9951 32.7554
    endloop
  endfacet
  facet normal -3.80015e-05 -0.116 0.993249
    outer loop
      vertex 0.439992 -71.1638 32.7358
      vertex 110 -77.5 32
      vertex 0.650561 -71.0928 32.7441
    endloop
  endfacet
  facet normal 1.64742e-05 -0.11507 0.993357
    outer loop
      vertex 0.282477 -71.1949 32.7322
      vertex 110 -77.5 32
      vertex 0.439992 -71.1638 32.7358
    endloop
  endfacet
  facet normal -2.38233e-05 -0.115762 0.993277
    outer loop
      vertex 0.221894 -71.2069 32.7308
      vertex 110 -77.5 32
      vertex 0.282477 -71.1949 32.7322
    endloop
  endfacet
  facet normal -0.000268122 -0.119966 0.992778
    outer loop
      vertex 0.160257 -71.2109 32.7303
      vertex 110 -77.5 32
      vertex 0.221894 -71.2069 32.7308
    endloop
  endfacet
  facet normal 5.57259e-05 -0.114386 0.993436
    outer loop
      vertex 0 -71.2214 32.7291
      vertex 110 -77.5 32
      vertex 0.160257 -71.2109 32.7303
    endloop
  endfacet
  facet normal 0.0515675 0.706372 0.70596
    outer loop
      vertex -0.221894 -71.2069 32.7308
      vertex 0 -71.2214 32.7291
      vertex -0.160257 -71.2109 32.7303
    endloop
  endfacet
  facet normal -0.0521111 -0.371245 0.927071
    outer loop
      vertex -0.439992 -71.1638 32.7358
      vertex -0.221894 -71.2069 32.7308
      vertex -0.282477 -71.1949 32.7322
    endloop
  endfacet
  facet normal 0.455732 0.74372 -0.48907
    outer loop
      vertex -1.03489 -70.8724 32.7697
      vertex -0.849999 -70.9951 32.7554
      vertex -0.983534 -70.9065 32.7657
    endloop
  endfacet
  facet normal 0.655819 0.514741 0.552216
    outer loop
      vertex -1.3487 -70.5607 32.8059
      vertex -1.20208 -70.7268 32.7866
      vertex -1.30797 -70.6068 32.8005
    endloop
  endfacet
  facet normal 0.946802 0.321006 0.0228418
    outer loop
      vertex -1.64207 -69.9698 32.8745
      vertex -1.57059 -70.1789 32.8502
      vertex -1.59045 -70.1208 32.8569
    endloop
  endfacet
  facet normal 8.40959e-05 -0.115333 0.993327
    outer loop
      vertex -1.3487 -68.5047 33.0446
      vertex -5.05 -52.9271 34.8536
      vertex -1.43793 -68.6374 33.0292
    endloop
  endfacet
  facet normal 0.000485697 -0.115242 0.993337
    outer loop
      vertex -1.43793 -68.6374 33.0292
      vertex -5.05 -52.9271 34.8536
      vertex -1.47224 -68.6884 33.0233
    endloop
  endfacet
  facet normal 0.000102278 -0.115328 0.993327
    outer loop
      vertex -5.71344 -52.4867 34.9048
      vertex -1.47224 -68.6884 33.0233
      vertex -5.05 -52.9271 34.8536
    endloop
  endfacet
  facet normal 3.51229e-05 -0.115345 0.993325
    outer loop
      vertex -1.47224 -68.6884 33.0233
      vertex -5.71344 -52.4867 34.9048
      vertex -1.57059 -68.8865 33.0003
    endloop
  endfacet
  facet normal -8.01285e-05 -0.115374 0.993322
    outer loop
      vertex -6.14671 -52.1093 34.9486
      vertex -1.57059 -68.8865 33.0003
      vertex -5.71344 -52.4867 34.9048
    endloop
  endfacet
  facet normal -4.67975e-05 -0.115365 0.993323
    outer loop
      vertex -1.57059 -68.8865 33.0003
      vertex -6.14671 -52.1093 34.9486
      vertex -1.64207 -69.0957 32.976
    endloop
  endfacet
  facet normal 0.000296028 -0.115276 0.993334
    outer loop
      vertex -6.31335 -51.9641 34.9655
      vertex -1.64207 -69.0957 32.976
      vertex -6.14671 -52.1093 34.9486
    endloop
  endfacet
  facet normal -0.000718196 -0.115548 0.993302
    outer loop
      vertex -1.64207 -69.0957 32.976
      vertex -6.31335 -51.9641 34.9655
      vertex -1.65412 -69.1558 32.969
    endloop
  endfacet
  facet normal -0.000342101 -0.115448 0.993313
    outer loop
      vertex -1.65412 -69.1558 32.969
      vertex -6.31335 -51.9641 34.9655
      vertex -1.68546 -69.3123 32.9508
    endloop
  endfacet
  facet normal 0 -0.115358 0.993324
    outer loop
      vertex -35.6866 -51.9641 34.9655
      vertex -1.68546 -69.3123 32.9508
      vertex -6.31335 -51.9641 34.9655
    endloop
  endfacet
  facet normal -8.24875e-05 -0.115517 0.993305
    outer loop
      vertex -35.8533 -52.1093 34.9486
      vertex -1.68546 -69.3123 32.9508
      vertex -35.6866 -51.9641 34.9655
    endloop
  endfacet
  facet normal -1.04276e-05 -0.115376 0.993322
    outer loop
      vertex -1.68546 -69.3123 32.9508
      vertex -35.8533 -52.1093 34.9486
      vertex -1.7 -69.5327 32.9252
    endloop
  endfacet
  facet normal 2.36311e-05 -0.11531 0.99333
    outer loop
      vertex -36.2866 -52.4867 34.9048
      vertex -1.7 -69.5327 32.9252
      vertex -35.8533 -52.1093 34.9486
    endloop
  endfacet
  facet normal 6.05947e-05 -0.115236 0.993338
    outer loop
      vertex -1.7 -69.5327 32.9252
      vertex -36.2866 -52.4867 34.9048
      vertex -1.69596 -69.5939 32.9181
    endloop
  endfacet
  facet normal 0 -0.115239 0.993338
    outer loop
      vertex -35.6866 -51.9641 34.9655
      vertex -6.31335 -51.9641 34.9655
      vertex -6.45949 -51.7986 34.9847
    endloop
  endfacet
  facet normal 0 -0.115395 0.99332
    outer loop
      vertex -35.5405 -51.7986 34.9847
      vertex -6.45949 -51.7986 34.9847
      vertex -6.83945 -51.3682 35.0347
    endloop
  endfacet
  facet normal 0 -0.115311 0.993329
    outer loop
      vertex -35.1605 -51.3682 35.0347
      vertex -6.83945 -51.3682 35.0347
      vertex -7.28275 -50.7092 35.1112
    endloop
  endfacet
  facet normal 0 -0.115314 0.993329
    outer loop
      vertex -34.7172 -50.7092 35.1112
      vertex -7.28275 -50.7092 35.1112
      vertex -7.53763 -50.1958 35.1708
    endloop
  endfacet
  facet normal 0 -0.115235 0.993338
    outer loop
      vertex -34.4624 -50.1958 35.1708
      vertex -7.53763 -50.1958 35.1708
      vertex -7.63566 -49.9984 35.1937
    endloop
  endfacet
  facet normal 0 -0.115293 0.993332
    outer loop
      vertex -34.3643 -49.9984 35.1937
      vertex -7.63566 -49.9984 35.1937
      vertex -7.70691 -49.7899 35.2179
    endloop
  endfacet
  facet normal 0 -0.115438 0.993315
    outer loop
      vertex -34.2931 -49.7899 35.2179
      vertex -7.70691 -49.7899 35.2179
      vertex -7.89215 -49.2478 35.2809
    endloop
  endfacet
  facet normal 0 -0.11548 0.99331
    outer loop
      vertex -33.9954 -48.6864 35.3461
      vertex -8.00457 -48.6864 35.3461
      vertex -8.04781 -48.4705 35.3712
    endloop
  endfacet
  facet normal 0 -0.115297 0.993331
    outer loop
      vertex -33.9 -47.6796 35.463
      vertex -8.06231 -48.2508 35.3967
      vertex -8.1 -47.6796 35.463
    endloop
  endfacet
  facet normal 0 -0.11542 0.993317
    outer loop
      vertex -8.04781 -46.8887 35.5549
      vertex -33.9 -47.6796 35.463
      vertex -8.1 -47.6796 35.463
    endloop
  endfacet
  facet normal 0 -0.115297 0.993331
    outer loop
      vertex -33.9377 -48.2508 35.3967
      vertex -8.06231 -48.2508 35.3967
      vertex -33.9 -47.6796 35.463
    endloop
  endfacet
  facet normal 0 -0.115293 0.993331
    outer loop
      vertex -8.06231 -48.2508 35.3967
      vertex -33.9377 -48.2508 35.3967
      vertex -8.04781 -48.4705 35.3712
    endloop
  endfacet
  facet normal 0 -0.115354 0.993324
    outer loop
      vertex -6.83945 10.2179 42.1866
      vertex -28 -20.1148 38.6641
      vertex -14 -20.1148 38.6641
    endloop
  endfacet
  facet normal 0 -0.115355 0.993324
    outer loop
      vertex -14 -20.1148 38.6641
      vertex -28 -20.1148 38.6641
      vertex -14 -33.5247 37.1068
    endloop
  endfacet
  facet normal 0 -0.115355 0.993324
    outer loop
      vertex -28 -33.5247 37.1068
      vertex -14 -33.5247 37.1068
      vertex -28 -20.1148 38.6641
    endloop
  endfacet
  facet normal 0 -0.11535 0.993325
    outer loop
      vertex -33.9522 -46.8887 35.5549
      vertex -14 -33.5247 37.1068
      vertex -28 -33.5247 37.1068
    endloop
  endfacet
  facet normal 0 -0.115293 0.993331
    outer loop
      vertex -33.9522 -48.4705 35.3712
      vertex -8.04781 -48.4705 35.3712
      vertex -33.9377 -48.2508 35.3967
    endloop
  endfacet
  facet normal 0 -0.11548 0.99331
    outer loop
      vertex -33.9954 -48.6864 35.3461
      vertex -8.04781 -48.4705 35.3712
      vertex -33.9522 -48.4705 35.3712
    endloop
  endfacet
  facet normal 0 -0.115363 0.993323
    outer loop
      vertex -8.00457 -48.6864 35.3461
      vertex -33.9954 -48.6864 35.3461
      vertex -7.89215 -49.2478 35.2809
    endloop
  endfacet
  facet normal 0 -0.115363 0.993323
    outer loop
      vertex -7.89215 -49.2478 35.2809
      vertex -33.9954 -48.6864 35.3461
      vertex -34.1079 -49.2478 35.2809
    endloop
  endfacet
  facet normal 0 -0.115438 0.993315
    outer loop
      vertex -34.2931 -49.7899 35.2179
      vertex -7.89215 -49.2478 35.2809
      vertex -34.1079 -49.2478 35.2809
    endloop
  endfacet
  facet normal 0 -0.115293 0.993332
    outer loop
      vertex -7.70691 -49.7899 35.2179
      vertex -34.2931 -49.7899 35.2179
      vertex -34.3643 -49.9984 35.1937
    endloop
  endfacet
  facet normal 0 -0.115235 0.993338
    outer loop
      vertex -7.63566 -49.9984 35.1937
      vertex -34.3643 -49.9984 35.1937
      vertex -34.4624 -50.1958 35.1708
    endloop
  endfacet
  facet normal 0 -0.115314 0.993329
    outer loop
      vertex -7.53763 -50.1958 35.1708
      vertex -34.4624 -50.1958 35.1708
      vertex -34.7172 -50.7092 35.1112
    endloop
  endfacet
  facet normal 0 -0.115311 0.993329
    outer loop
      vertex -7.28275 -50.7092 35.1112
      vertex -34.7172 -50.7092 35.1112
      vertex -35.1605 -51.3682 35.0347
    endloop
  endfacet
  facet normal 0 -0.115395 0.99332
    outer loop
      vertex -6.83945 -51.3682 35.0347
      vertex -35.1605 -51.3682 35.0347
      vertex -35.5405 -51.7986 34.9847
    endloop
  endfacet
  facet normal 0 -0.115239 0.993338
    outer loop
      vertex -6.45949 -51.7986 34.9847
      vertex -35.5405 -51.7986 34.9847
      vertex -35.6866 -51.9641 34.9655
    endloop
  endfacet
  facet normal -3.73966e-05 -0.115432 0.993315
    outer loop
      vertex -1.69596 -69.5939 32.9181
      vertex -36.2866 -52.4867 34.9048
      vertex -1.68546 -69.7531 32.8996
    endloop
  endfacet
  facet normal -3.53373e-05 -0.115428 0.993316
    outer loop
      vertex -36.95 -52.9271 34.8536
      vertex -1.68546 -69.7531 32.8996
      vertex -36.2866 -52.4867 34.9048
    endloop
  endfacet
  facet normal 0.000248845 -0.11484 0.993384
    outer loop
      vertex -1.68546 -69.7531 32.8996
      vertex -36.95 -52.9271 34.8536
      vertex -1.65412 -69.9096 32.8815
    endloop
  endfacet
  facet normal -8.12575e-05 -0.115517 0.993306
    outer loop
      vertex -1.65412 -69.9096 32.8815
      vertex -36.95 -52.9271 34.8536
      vertex -1.64207 -69.9698 32.8745
    endloop
  endfacet
  facet normal -2.34081e-06 -0.115356 0.993324
    outer loop
      vertex -37.1488 -53.0244 34.8423
      vertex -1.64207 -69.9698 32.8745
      vertex -36.95 -52.9271 34.8536
    endloop
  endfacet
  facet normal 2.9216e-06 -0.115345 0.993326
    outer loop
      vertex -37.6656 -53.2776 34.8129
      vertex -1.64207 -69.9698 32.8745
      vertex -37.1488 -53.0244 34.8423
    endloop
  endfacet
  facet normal -4.71668e-05 -0.115451 0.993313
    outer loop
      vertex -1.64207 -69.9698 32.8745
      vertex -37.6656 -53.2776 34.8129
      vertex -1.57059 -70.1789 32.8502
    endloop
  endfacet
  facet normal -8.25311e-06 -0.115369 0.993323
    outer loop
      vertex -38.4212 -53.5324 34.7833
      vertex -1.57059 -70.1789 32.8502
      vertex -37.6656 -53.2776 34.8129
    endloop
  endfacet
  facet normal -1.49973e-05 -0.115384 0.993321
    outer loop
      vertex -1.57059 -70.1789 32.8502
      vertex -38.4212 -53.5324 34.7833
      vertex -1.54327 -70.234 32.8438
    endloop
  endfacet
  facet normal 2.47748e-05 -0.115297 0.993331
    outer loop
      vertex -1.54327 -70.234 32.8438
      vertex -38.4212 -53.5324 34.7833
      vertex -1.47224 -70.377 32.8272
    endloop
  endfacet
  facet normal 4.70369e-05 -0.115249 0.993337
    outer loop
      vertex -39.2038 -53.687 34.7654
      vertex -1.47224 -70.377 32.8272
      vertex -38.4212 -53.5324 34.7833
    endloop
  endfacet
  facet normal 0.000418511 -0.114421 0.993432
    outer loop
      vertex -1.47224 -70.377 32.8272
      vertex -39.2038 -53.687 34.7654
      vertex -1.43793 -70.4281 32.8213
    endloop
  endfacet
  facet normal -7.14615e-06 -0.115368 0.993323
    outer loop
      vertex -1.43793 -70.4281 32.8213
      vertex -39.2038 -53.687 34.7654
      vertex -1.3487 -70.5607 32.8059
    endloop
  endfacet
  facet normal -6.81466e-05 -0.115503 0.993307
    outer loop
      vertex -39.7788 -53.7245 34.761
      vertex -1.3487 -70.5607 32.8059
      vertex -39.2038 -53.687 34.7654
    endloop
  endfacet
  facet normal 0.000282286 -0.114714 0.993399
    outer loop
      vertex -40 -53.7389 34.7594
      vertex -1.3487 -70.5607 32.8059
      vertex -39.7788 -53.7245 34.761
    endloop
  endfacet
  facet normal -4.6327e-05 -0.115459 0.993312
    outer loop
      vertex -1.3487 -70.5607 32.8059
      vertex -40 -53.7389 34.7594
      vertex -1.20208 -70.7268 32.7866
    endloop
  endfacet
  facet normal -0.000381166 -0.116213 0.993224
    outer loop
      vertex -40.2212 -53.7245 34.761
      vertex -1.20208 -70.7268 32.7866
      vertex -40 -53.7389 34.7594
    endloop
  endfacet
  facet normal 9.20231e-05 -0.115142 0.993349
    outer loop
      vertex -40.7962 -53.687 34.7654
      vertex -1.20208 -70.7268 32.7866
      vertex -40.2212 -53.7245 34.761
    endloop
  endfacet
  facet normal 0.000133941 -0.115046 0.99336
    outer loop
      vertex -1.20208 -70.7268 32.7866
      vertex -40.7962 -53.687 34.7654
      vertex -1.08133 -70.832 32.7744
    endloop
  endfacet
  facet normal -0.000178313 -0.11576 0.993277
    outer loop
      vertex -1.08133 -70.832 32.7744
      vertex -40.7962 -53.687 34.7654
      vertex -1.03489 -70.8724 32.7697
    endloop
  endfacet
  facet normal 0 -0.115352 0.993325
    outer loop
      vertex -101.965 -70.8724 32.7697
      vertex -1.03489 -70.8724 32.7697
      vertex -40.7962 -53.687 34.7654
    endloop
  endfacet
  facet normal 0 -0.11536 0.993324
    outer loop
      vertex -110 -77.5 32
      vertex -1.03489 -70.8724 32.7697
      vertex -101.965 -70.8724 32.7697
    endloop
  endfacet
  facet normal -3.97079e-05 -0.115213 0.993341
    outer loop
      vertex -101.798 -70.7268 32.7866
      vertex -40.7962 -53.687 34.7654
      vertex -41.5788 -53.5324 34.7833
    endloop
  endfacet
  facet normal 0 -0.115394 0.99332
    outer loop
      vertex -76.4212 -53.5324 34.7833
      vertex -41.5788 -53.5324 34.7833
      vertex -42.3344 -53.2776 34.8129
    endloop
  endfacet
  facet normal 0 -0.115611 0.993295
    outer loop
      vertex -73.8533 -52.1093 34.9486
      vertex -44.1467 -52.1093 34.9486
      vertex -44.3134 -51.9641 34.9655
    endloop
  endfacet
  facet normal 0 -0.115438 0.993315
    outer loop
      vertex -72.1078 -49.2478 35.2809
      vertex -45.7069 -49.7899 35.2179
      vertex -45.8921 -49.2478 35.2809
    endloop
  endfacet
  facet normal 0 -0.115297 0.993331
    outer loop
      vertex -71.9 -47.6796 35.463
      vertex -46.0623 -48.2508 35.3967
      vertex -46.1 -47.6796 35.463
    endloop
  endfacet
  facet normal 0 -0.11542 0.993317
    outer loop
      vertex -46.0478 -46.8887 35.5549
      vertex -71.9 -47.6796 35.463
      vertex -46.1 -47.6796 35.463
    endloop
  endfacet
  facet normal 0 -0.115297 0.993331
    outer loop
      vertex -71.9377 -48.2508 35.3967
      vertex -46.0623 -48.2508 35.3967
      vertex -71.9 -47.6796 35.463
    endloop
  endfacet
  facet normal 0 -0.115293 0.993331
    outer loop
      vertex -46.0623 -48.2508 35.3967
      vertex -71.9377 -48.2508 35.3967
      vertex -46.0478 -48.4705 35.3712
    endloop
  endfacet
  facet normal 0 -0.115293 0.993331
    outer loop
      vertex -71.9522 -48.4705 35.3712
      vertex -46.0478 -48.4705 35.3712
      vertex -71.9377 -48.2508 35.3967
    endloop
  endfacet
  facet normal 0 -0.115354 0.993324
    outer loop
      vertex -44.8395 10.2179 42.1866
      vertex -66 -20.1148 38.6641
      vertex -52 -20.1148 38.6641
    endloop
  endfacet
  facet normal 0 -0.115355 0.993324
    outer loop
      vertex -52 -20.1148 38.6641
      vertex -66 -20.1148 38.6641
      vertex -52 -33.5247 37.1068
    endloop
  endfacet
  facet normal 0 -0.115355 0.993324
    outer loop
      vertex -66 -33.5247 37.1068
      vertex -52 -33.5247 37.1068
      vertex -66 -20.1148 38.6641
    endloop
  endfacet
  facet normal 0 -0.11535 0.993325
    outer loop
      vertex -71.9522 -46.8887 35.5549
      vertex -52 -33.5247 37.1068
      vertex -66 -33.5247 37.1068
    endloop
  endfacet
  facet normal 0 -0.11548 0.99331
    outer loop
      vertex -46.0478 -48.4705 35.3712
      vertex -71.9522 -48.4705 35.3712
      vertex -46.0046 -48.6864 35.3461
    endloop
  endfacet
  facet normal 0 -0.11548 0.99331
    outer loop
      vertex -71.9954 -48.6864 35.3461
      vertex -46.0046 -48.6864 35.3461
      vertex -71.9522 -48.4705 35.3712
    endloop
  endfacet
  facet normal 0 -0.115363 0.993323
    outer loop
      vertex -46.0046 -48.6864 35.3461
      vertex -71.9954 -48.6864 35.3461
      vertex -45.8921 -49.2478 35.2809
    endloop
  endfacet
  facet normal 0 -0.115363 0.993323
    outer loop
      vertex -72.1078 -49.2478 35.2809
      vertex -45.8921 -49.2478 35.2809
      vertex -71.9954 -48.6864 35.3461
    endloop
  endfacet
  facet normal 0 -0.115438 0.993315
    outer loop
      vertex -72.2931 -49.7899 35.2179
      vertex -45.7069 -49.7899 35.2179
      vertex -72.1078 -49.2478 35.2809
    endloop
  endfacet
  facet normal 0 -0.115293 0.993332
    outer loop
      vertex -45.7069 -49.7899 35.2179
      vertex -72.2931 -49.7899 35.2179
      vertex -45.6357 -49.9984 35.1937
    endloop
  endfacet
  facet normal 0 -0.115293 0.993332
    outer loop
      vertex -72.3643 -49.9984 35.1937
      vertex -45.6357 -49.9984 35.1937
      vertex -72.2931 -49.7899 35.2179
    endloop
  endfacet
  facet normal 0 -0.115235 0.993338
    outer loop
      vertex -45.6357 -49.9984 35.1937
      vertex -72.3643 -49.9984 35.1937
      vertex -45.5376 -50.1958 35.1708
    endloop
  endfacet
  facet normal 0 -0.115235 0.993338
    outer loop
      vertex -72.4624 -50.1958 35.1708
      vertex -45.5376 -50.1958 35.1708
      vertex -72.3643 -49.9984 35.1937
    endloop
  endfacet
  facet normal 0 -0.115314 0.993329
    outer loop
      vertex -45.5376 -50.1958 35.1708
      vertex -72.4624 -50.1958 35.1708
      vertex -45.2828 -50.7092 35.1112
    endloop
  endfacet
  facet normal 0 -0.115314 0.993329
    outer loop
      vertex -72.7172 -50.7092 35.1112
      vertex -45.2828 -50.7092 35.1112
      vertex -72.4624 -50.1958 35.1708
    endloop
  endfacet
  facet normal 0 -0.115311 0.993329
    outer loop
      vertex -45.2828 -50.7092 35.1112
      vertex -72.7172 -50.7092 35.1112
      vertex -44.8395 -51.3682 35.0347
    endloop
  endfacet
  facet normal 0 -0.115311 0.993329
    outer loop
      vertex -73.1605 -51.3682 35.0347
      vertex -44.8395 -51.3682 35.0347
      vertex -72.7172 -50.7092 35.1112
    endloop
  endfacet
  facet normal 0 -0.115395 0.99332
    outer loop
      vertex -44.8395 -51.3682 35.0347
      vertex -73.1605 -51.3682 35.0347
      vertex -44.4595 -51.7986 34.9847
    endloop
  endfacet
  facet normal 0 -0.115395 0.99332
    outer loop
      vertex -73.5405 -51.7986 34.9847
      vertex -44.4595 -51.7986 34.9847
      vertex -73.1605 -51.3682 35.0347
    endloop
  endfacet
  facet normal 0 -0.115239 0.993338
    outer loop
      vertex -44.4595 -51.7986 34.9847
      vertex -73.5405 -51.7986 34.9847
      vertex -44.3134 -51.9641 34.9655
    endloop
  endfacet
  facet normal 0 -0.115239 0.993338
    outer loop
      vertex -73.6866 -51.9641 34.9655
      vertex -44.3134 -51.9641 34.9655
      vertex -73.5405 -51.7986 34.9847
    endloop
  endfacet
  facet normal 0 -0.115611 0.993295
    outer loop
      vertex -73.8533 -52.1093 34.9486
      vertex -44.3134 -51.9641 34.9655
      vertex -73.6866 -51.9641 34.9655
    endloop
  endfacet
  facet normal 0 -0.115283 0.993333
    outer loop
      vertex -44.1467 -52.1093 34.9486
      vertex -73.8533 -52.1093 34.9486
      vertex -43.7134 -52.4867 34.9048
    endloop
  endfacet
  facet normal 0 -0.115283 0.993333
    outer loop
      vertex -74.2866 -52.4867 34.9048
      vertex -43.7134 -52.4867 34.9048
      vertex -73.8533 -52.1093 34.9486
    endloop
  endfacet
  facet normal 0 -0.11548 0.99331
    outer loop
      vertex -43.7134 -52.4867 34.9048
      vertex -74.2866 -52.4867 34.9048
      vertex -43.05 -52.9271 34.8536
    endloop
  endfacet
  facet normal 0 -0.11548 0.99331
    outer loop
      vertex -74.95 -52.9271 34.8536
      vertex -43.05 -52.9271 34.8536
      vertex -74.2866 -52.4867 34.9048
    endloop
  endfacet
  facet normal 0 -0.11536 0.993324
    outer loop
      vertex -43.05 -52.9271 34.8536
      vertex -74.95 -52.9271 34.8536
      vertex -42.8512 -53.0244 34.8423
    endloop
  endfacet
  facet normal 0 -0.11536 0.993324
    outer loop
      vertex -75.1488 -53.0244 34.8423
      vertex -42.8512 -53.0244 34.8423
      vertex -74.95 -52.9271 34.8536
    endloop
  endfacet
  facet normal 0 -0.115339 0.993326
    outer loop
      vertex -42.8512 -53.0244 34.8423
      vertex -75.1488 -53.0244 34.8423
      vertex -42.3344 -53.2776 34.8129
    endloop
  endfacet
  facet normal 0 -0.115339 0.993326
    outer loop
      vertex -75.6656 -53.2776 34.8129
      vertex -42.3344 -53.2776 34.8129
      vertex -75.1488 -53.0244 34.8423
    endloop
  endfacet
  facet normal 0 -0.115394 0.99332
    outer loop
      vertex -76.4212 -53.5324 34.7833
      vertex -42.3344 -53.2776 34.8129
      vertex -75.6656 -53.2776 34.8129
    endloop
  endfacet
  facet normal -6.48159e-05 -0.115124 0.993351
    outer loop
      vertex -40.7962 -53.687 34.7654
      vertex -101.798 -70.7268 32.7866
      vertex -101.919 -70.832 32.7744
    endloop
  endfacet
  facet normal 0 -0.115349 0.993325
    outer loop
      vertex -41.5788 -53.5324 34.7833
      vertex -76.4212 -53.5324 34.7833
      vertex -101.651 -70.5607 32.8059
    endloop
  endfacet
  facet normal 9.55517e-05 -0.115492 0.993308
    outer loop
      vertex -101.528 -70.377 32.8272
      vertex -76.4212 -53.5324 34.7833
      vertex -77.2038 -53.687 34.7654
    endloop
  endfacet
  facet normal -8.62337e-05 -0.11523 0.993339
    outer loop
      vertex -101.429 -70.1789 32.8502
      vertex -77.2038 -53.687 34.7654
      vertex -77.7788 -53.7245 34.761
    endloop
  endfacet
  facet normal 0.000357812 -0.115859 0.993266
    outer loop
      vertex -101.429 -70.1789 32.8502
      vertex -77.7788 -53.7245 34.761
      vertex -78 -53.7389 34.7594
    endloop
  endfacet
  facet normal -0.00029678 -0.114934 0.993373
    outer loop
      vertex -101.358 -69.9698 32.8745
      vertex -78 -53.7389 34.7594
      vertex -78.2212 -53.7245 34.761
    endloop
  endfacet
  facet normal 7.15716e-05 -0.115451 0.993313
    outer loop
      vertex -101.358 -69.9698 32.8745
      vertex -78.2212 -53.7245 34.761
      vertex -78.7962 -53.687 34.7654
    endloop
  endfacet
  facet normal -5.37968e-05 -0.115283 0.993333
    outer loop
      vertex -101.315 -69.7531 32.8996
      vertex -78.7962 -53.687 34.7654
      vertex -79.5788 -53.5324 34.7833
    endloop
  endfacet
  facet normal 1.87679e-06 -0.115357 0.993324
    outer loop
      vertex -101.3 -69.5327 32.9252
      vertex -80.8512 -53.0244 34.8423
      vertex -81.05 -52.9271 34.8536
    endloop
  endfacet
  facet normal 0.000114919 -0.115481 0.99331
    outer loop
      vertex -101.3 -69.5327 32.9252
      vertex -82.1467 -52.1093 34.9486
      vertex -82.3134 -51.9641 34.9655
    endloop
  endfacet
  facet normal 1.98157e-05 -0.115378 0.993322
    outer loop
      vertex -101.3 -69.5327 32.9252
      vertex -82.4595 -51.7986 34.9847
      vertex -82.8395 -51.3682 35.0347
    endloop
  endfacet
  facet normal 6.95353e-05 -0.115414 0.993317
    outer loop
      vertex -101.3 -69.5327 32.9252
      vertex -83.7069 -49.7899 35.2179
      vertex -83.8922 -49.2478 35.2809
    endloop
  endfacet
  facet normal 0.000122126 -0.115456 0.993313
    outer loop
      vertex -101.3 -69.5327 32.9252
      vertex -84.0046 -48.6864 35.3461
      vertex -84.0478 -48.4705 35.3712
    endloop
  endfacet
  facet normal -6.81744e-05 -0.115302 0.993331
    outer loop
      vertex -101.3 -69.5327 32.9252
      vertex -84.0623 -48.2508 35.3967
      vertex -84.1 -47.6796 35.463
    endloop
  endfacet
  facet normal -4.78634e-07 -0.115354 0.993324
    outer loop
      vertex -101.3 -69.5327 32.9252
      vertex -84.1 -47.6796 35.463
      vertex -90 -33.5247 37.1068
    endloop
  endfacet
  facet normal -7.27831e-05 -0.115298 0.993331
    outer loop
      vertex -84.0623 -48.2508 35.3967
      vertex -101.3 -69.5327 32.9252
      vertex -84.0478 -48.4705 35.3712
    endloop
  endfacet
  facet normal 7.04645e-06 -0.115361 0.993324
    outer loop
      vertex -84.0046 -48.6864 35.3461
      vertex -101.3 -69.5327 32.9252
      vertex -83.8922 -49.2478 35.2809
    endloop
  endfacet
  facet normal 2.75686e-06 -0.115355 0.993324
    outer loop
      vertex -90 -20.1148 38.6641
      vertex -101.3 -69.5327 32.9252
      vertex -90 -33.5247 37.1068
    endloop
  endfacet
  facet normal -4.93723e-05 -0.11531 0.99333
    outer loop
      vertex -83.7069 -49.7899 35.2179
      vertex -101.3 -69.5327 32.9252
      vertex -83.6357 -49.9984 35.1937
    endloop
  endfacet
  facet normal -8.57485e-05 -0.115277 0.993333
    outer loop
      vertex -101.3 -69.5327 32.9252
      vertex -83.5376 -50.1958 35.1708
      vertex -83.6357 -49.9984 35.1937
    endloop
  endfacet
  facet normal -2.91218e-05 -0.115329 0.993327
    outer loop
      vertex -101.3 -69.5327 32.9252
      vertex -83.2828 -50.7092 35.1112
      vertex -83.5376 -50.1958 35.1708
    endloop
  endfacet
  facet normal -2.83119e-05 -0.115329 0.993327
    outer loop
      vertex -101.3 -69.5327 32.9252
      vertex -82.8395 -51.3682 35.0347
      vertex -83.2828 -50.7092 35.1112
    endloop
  endfacet
  facet normal -6.13375e-05 -0.115293 0.993332
    outer loop
      vertex -82.4595 -51.7986 34.9847
      vertex -101.3 -69.5327 32.9252
      vertex -82.3134 -51.9641 34.9655
    endloop
  endfacet
  facet normal -3.26834e-05 -0.11532 0.993328
    outer loop
      vertex -82.1467 -52.1093 34.9486
      vertex -101.3 -69.5327 32.9252
      vertex -81.7134 -52.4867 34.9048
    endloop
  endfacet
  facet normal 4.6808e-05 -0.115411 0.993318
    outer loop
      vertex -101.3 -69.5327 32.9252
      vertex -81.05 -52.9271 34.8536
      vertex -81.7134 -52.4867 34.9048
    endloop
  endfacet
  facet normal -4.76044e-06 -0.115348 0.993325
    outer loop
      vertex -80.8512 -53.0244 34.8423
      vertex -101.3 -69.5327 32.9252
      vertex -80.3344 -53.2776 34.8129
    endloop
  endfacet
  facet normal 9.29952e-06 -0.115366 0.993323
    outer loop
      vertex -101.3 -69.5327 32.9252
      vertex -79.5788 -53.5324 34.7833
      vertex -80.3344 -53.2776 34.8129
    endloop
  endfacet
  facet normal -8.91726e-05 -0.115234 0.993338
    outer loop
      vertex -101.304 -69.5939 32.9181
      vertex -79.5788 -53.5324 34.7833
      vertex -101.3 -69.5327 32.9252
    endloop
  endfacet
  facet normal 5.9899e-05 -0.115433 0.993315
    outer loop
      vertex -101.315 -69.7531 32.8996
      vertex -79.5788 -53.5324 34.7833
      vertex -101.304 -69.5939 32.9181
    endloop
  endfacet
  facet normal -0.000394346 -0.114812 0.993387
    outer loop
      vertex -78.7962 -53.687 34.7654
      vertex -101.315 -69.7531 32.8996
      vertex -101.346 -69.9096 32.8815
    endloop
  endfacet
  facet normal 0.000125928 -0.115526 0.993304
    outer loop
      vertex -78.7962 -53.687 34.7654
      vertex -101.346 -69.9096 32.8815
      vertex -101.358 -69.9698 32.8745
    endloop
  endfacet
  facet normal 0.000386465 -0.115904 0.99326
    outer loop
      vertex -78 -53.7389 34.7594
      vertex -101.358 -69.9698 32.8745
      vertex -101.41 -70.1208 32.8569
    endloop
  endfacet
  facet normal -0.000735489 -0.114322 0.993443
    outer loop
      vertex -78 -53.7389 34.7594
      vertex -101.41 -70.1208 32.8569
      vertex -101.429 -70.1789 32.8502
    endloop
  endfacet
  facet normal 2.34837e-05 -0.115389 0.99332
    outer loop
      vertex -77.2038 -53.687 34.7654
      vertex -101.429 -70.1789 32.8502
      vertex -101.457 -70.234 32.8438
    endloop
  endfacet
  facet normal -4.70381e-05 -0.115287 0.993332
    outer loop
      vertex -77.2038 -53.687 34.7654
      vertex -101.457 -70.234 32.8438
      vertex -101.528 -70.377 32.8272
    endloop
  endfacet
  facet normal -0.00080229 -0.114171 0.993461
    outer loop
      vertex -76.4212 -53.5324 34.7833
      vertex -101.528 -70.377 32.8272
      vertex -101.562 -70.4281 32.8213
    endloop
  endfacet
  facet normal 1.76848e-05 -0.115375 0.993322
    outer loop
      vertex -76.4212 -53.5324 34.7833
      vertex -101.562 -70.4281 32.8213
      vertex -101.651 -70.5607 32.8059
    endloop
  endfacet
  facet normal 0.000381066 -0.116676 0.99317
    outer loop
      vertex -41.5788 -53.5324 34.7833
      vertex -101.651 -70.5607 32.8059
      vertex -101.692 -70.6068 32.8005
    endloop
  endfacet
  facet normal -0.000110637 -0.114968 0.993369
    outer loop
      vertex -41.5788 -53.5324 34.7833
      vertex -101.692 -70.6068 32.8005
      vertex -101.798 -70.7268 32.7866
    endloop
  endfacet
  facet normal 8.57542e-05 -0.115654 0.99329
    outer loop
      vertex -40.7962 -53.687 34.7654
      vertex -101.919 -70.832 32.7744
      vertex -101.965 -70.8724 32.7697
    endloop
  endfacet
  facet normal 2.26274e-05 -0.115727 0.993281
    outer loop
      vertex -1.03489 -70.8724 32.7697
      vertex -110 -77.5 32
      vertex -0.849999 -70.9951 32.7554
    endloop
  endfacet
  facet normal -2.4683e-05 -0.114944 0.993372
    outer loop
      vertex -0.849999 -70.9951 32.7554
      vertex -110 -77.5 32
      vertex -0.650561 -71.0928 32.7441
    endloop
  endfacet
  facet normal 3.80015e-05 -0.116 0.993249
    outer loop
      vertex -0.650561 -71.0928 32.7441
      vertex -110 -77.5 32
      vertex -0.439992 -71.1638 32.7358
    endloop
  endfacet
  facet normal -5.20431e-06 -0.115262 0.993335
    outer loop
      vertex -0.439992 -71.1638 32.7358
      vertex -110 -77.5 32
      vertex -0.221894 -71.2069 32.7308
    endloop
  endfacet
  facet normal 3.37946e-05 -0.115934 0.993257
    outer loop
      vertex -0.221894 -71.2069 32.7308
      vertex -110 -77.5 32
      vertex 0 -71.2214 32.7291
    endloop
  endfacet
  facet normal -0.00409307 -0.110462 0.993872
    outer loop
      vertex -110 -77.5 32
      vertex -101.965 -70.8724 32.7697
      vertex -102.016 -70.9065 32.7657
    endloop
  endfacet
  facet normal -0.000406214 -0.114869 0.993381
    outer loop
      vertex -110 -77.5 32
      vertex -102.016 -70.9065 32.7657
      vertex -102.15 -70.9951 32.7554
    endloop
  endfacet
  facet normal 0.000559594 -0.116019 0.993247
    outer loop
      vertex -110 -77.5 32
      vertex -102.15 -70.9951 32.7554
      vertex -102.349 -71.0928 32.7441
    endloop
  endfacet
  facet normal -0.000428284 -0.114855 0.993382
    outer loop
      vertex -110 -77.5 32
      vertex -102.349 -71.0928 32.7441
      vertex -102.56 -71.1638 32.7358
    endloop
  endfacet
  facet normal 9.42809e-05 -0.11546 0.993312
    outer loop
      vertex -110 -77.5 32
      vertex -102.56 -71.1638 32.7358
      vertex -102.718 -71.1949 32.7322
    endloop
  endfacet
  facet normal -0.000139105 -0.115194 0.993343
    outer loop
      vertex -110 -77.5 32
      vertex -102.718 -71.1949 32.7322
      vertex -102.778 -71.2069 32.7308
    endloop
  endfacet
  facet normal -0.000614134 -0.114657 0.993405
    outer loop
      vertex -110 -77.5 32
      vertex -102.778 -71.2069 32.7308
      vertex -102.84 -71.2109 32.7303
    endloop
  endfacet
  facet normal 0.000129333 -0.115492 0.993308
    outer loop
      vertex -110 -77.5 32
      vertex -102.84 -71.2109 32.7303
      vertex -103 -71.2214 32.7291
    endloop
  endfacet
  facet normal 0.000531638 -0.115917 0.993259
    outer loop
      vertex -110 -77.5 32
      vertex -103.16 -71.2109 32.7303
      vertex -103.222 -71.2069 32.7308
    endloop
  endfacet
  facet normal -6.02196e-05 -0.11529 0.993332
    outer loop
      vertex -110 -77.5 32
      vertex -103.282 -71.1949 32.7322
      vertex -103.44 -71.1638 32.7358
    endloop
  endfacet
  facet normal 0.000483653 -0.11579 0.993274
    outer loop
      vertex -110 -77.5 32
      vertex -103.984 -70.9065 32.7657
      vertex -104.035 -70.8724 32.7697
    endloop
  endfacet
  facet normal 0.000583599 -0.115829 0.993269
    outer loop
      vertex -110 -77.5 32
      vertex -104.308 -70.6068 32.8005
      vertex -104.349 -70.5607 32.8059
    endloop
  endfacet
  facet normal 1.77728e-05 -0.115368 0.993323
    outer loop
      vertex -110 -77.5 32
      vertex -104.543 -70.234 32.8438
      vertex -104.571 -70.1789 32.8502
    endloop
  endfacet
  facet normal 0.00039878 -0.115637 0.993291
    outer loop
      vertex -110 -77.5 32
      vertex -104.59 -70.1208 32.8569
      vertex -104.642 -69.9698 32.8745
    endloop
  endfacet
  facet normal -0.000526832 -0.114992 0.993366
    outer loop
      vertex -110 -77.5 32
      vertex -104.654 -69.9096 32.8815
      vertex -104.685 -69.7531 32.8996
    endloop
  endfacet
  facet normal 0 -0.115349 0.993325
    outer loop
      vertex 0 -71.2214 32.7291
      vertex -110 -77.5 32
      vertex 110 -77.5 32
    endloop
  endfacet
  facet normal -0.000111701 -0.115227 0.993339
    outer loop
      vertex -103.16 -71.2109 32.7303
      vertex -110 -77.5 32
      vertex -103 -71.2214 32.7291
    endloop
  endfacet
  facet normal 8.81797e-05 -0.115446 0.993314
    outer loop
      vertex -103.282 -71.1949 32.7322
      vertex -110 -77.5 32
      vertex -103.222 -71.2069 32.7308
    endloop
  endfacet
  facet normal 0.000192115 -0.115547 0.993302
    outer loop
      vertex -103.651 -71.0928 32.7441
      vertex -110 -77.5 32
      vertex -103.44 -71.1638 32.7358
    endloop
  endfacet
  facet normal -0.000155768 -0.115207 0.993341
    outer loop
      vertex -103.85 -70.9951 32.7554
      vertex -110 -77.5 32
      vertex -103.651 -71.0928 32.7441
    endloop
  endfacet
  facet normal 5.05093e-05 -0.1154 0.993319
    outer loop
      vertex -103.984 -70.9065 32.7657
      vertex -110 -77.5 32
      vertex -103.85 -70.9951 32.7554
    endloop
  endfacet
  facet normal 9.79746e-05 -0.115447 0.993314
    outer loop
      vertex -104.081 -70.832 32.7744
      vertex -110 -77.5 32
      vertex -104.035 -70.8724 32.7697
    endloop
  endfacet
  facet normal -8.14952e-05 -0.11529 0.993332
    outer loop
      vertex -104.202 -70.7268 32.7866
      vertex -110 -77.5 32
      vertex -104.081 -70.832 32.7744
    endloop
  endfacet
  facet normal -0.00017181 -0.115214 0.993341
    outer loop
      vertex -104.308 -70.6068 32.8005
      vertex -110 -77.5 32
      vertex -104.202 -70.7268 32.7866
    endloop
  endfacet
  facet normal 2.09286e-06 -0.115362 0.993324
    outer loop
      vertex -104.438 -70.4281 32.8213
      vertex -110 -77.5 32
      vertex -104.349 -70.5607 32.8059
    endloop
  endfacet
  facet normal -0.000462392 -0.115001 0.993365
    outer loop
      vertex -104.472 -70.377 32.8272
      vertex -110 -77.5 32
      vertex -104.438 -70.4281 32.8213
    endloop
  endfacet
  facet normal -3.66299e-05 -0.115328 0.993328
    outer loop
      vertex -104.543 -70.234 32.8438
      vertex -110 -77.5 32
      vertex -104.472 -70.377 32.8272
    endloop
  endfacet
  facet normal -0.000754561 -0.114803 0.993388
    outer loop
      vertex -104.59 -70.1208 32.8569
      vertex -110 -77.5 32
      vertex -104.571 -70.1789 32.8502
    endloop
  endfacet
  facet normal 0.000159973 -0.115469 0.993311
    outer loop
      vertex -104.654 -69.9096 32.8815
      vertex -110 -77.5 32
      vertex -104.642 -69.9698 32.8745
    endloop
  endfacet
  facet normal 0.00010807 -0.115422 0.993317
    outer loop
      vertex -104.696 -69.5939 32.9181
      vertex -110 -77.5 32
      vertex -104.685 -69.7531 32.8996
    endloop
  endfacet
  facet normal -0.000151721 -0.11525 0.993337
    outer loop
      vertex -104.7 -69.5327 32.9252
      vertex -110 -77.5 32
      vertex -104.696 -69.5939 32.9181
    endloop
  endfacet
  facet normal 4.6227e-05 -0.11538 0.993321
    outer loop
      vertex -104.685 -69.3123 32.9508
      vertex -110 -77.5 32
      vertex -104.7 -69.5327 32.9252
    endloop
  endfacet
  facet normal 0.000113454 0.115493 -0.993308
    outer loop
      vertex -66 41.8404 42.6374
      vertex -101.311 69.7427 45.8776
      vertex -101.3 69.9018 45.8961
    endloop
  endfacet
  facet normal 0.000679981 0.114633 -0.993408
    outer loop
      vertex -102.016 -67.7898 29.9061
      vertex -83.2828 -50.3401 31.9325
      vertex -101.965 -67.8239 29.9022
    endloop
  endfacet
  facet normal -0.0015819 0.115156 -0.993346
    outer loop
      vertex -90 -19.7457 35.4854
      vertex -101.315 69.6814 45.8705
      vertex -101.311 69.7427 45.8776
    endloop
  endfacet
  facet normal -4.7919e-05 0.115404 -0.993319
    outer loop
      vertex -102.15 -67.7012 29.9164
      vertex -83.2828 -50.3401 31.9325
      vertex -102.016 -67.7898 29.9061
    endloop
  endfacet
  facet normal 0.00104545 0.115484 -0.993309
    outer loop
      vertex -90 -19.7457 35.4854
      vertex -101.327 69.6213 45.8635
      vertex -101.315 69.6814 45.8705
    endloop
  endfacet
  facet normal -0.000205983 0.115573 -0.993299
    outer loop
      vertex -83.2828 -50.3401 31.9325
      vertex -102.15 -67.7012 29.9164
      vertex -83.3808 -50.1426 31.9555
    endloop
  endfacet
  facet normal -0.00144965 0.115172 -0.993344
    outer loop
      vertex -90 -19.7457 35.4854
      vertex -101.358 69.4648 45.8454
      vertex -101.327 69.6213 45.8635
    endloop
  endfacet
  facet normal 2.68453e-05 0.115328 -0.993328
    outer loop
      vertex -83.3808 -50.1426 31.9555
      vertex -102.15 -67.7012 29.9164
      vertex -83.6357 -49.6292 32.0151
    endloop
  endfacet
  facet normal 5.7381e-05 0.115362 -0.993324
    outer loop
      vertex -90 -19.7457 35.4854
      vertex -101.429 69.2556 45.8211
      vertex -101.358 69.4648 45.8454
    endloop
  endfacet
  facet normal -0.000201934 0.115329 -0.993327
    outer loop
      vertex -90 -19.7457 35.4854
      vertex -101.5 69.1125 45.8045
      vertex -101.429 69.2556 45.8211
    endloop
  endfacet
  facet normal -5.63552e-06 0.11536 -0.993324
    outer loop
      vertex -102.294 -67.6306 29.9246
      vertex -83.6357 -49.6292 32.0151
      vertex -102.15 -67.7012 29.9164
    endloop
  endfacet
  facet normal 0.000363512 0.115401 -0.993319
    outer loop
      vertex -90 -19.7457 35.4854
      vertex -101.528 69.0575 45.7981
      vertex -101.5 69.1125 45.8045
    endloop
  endfacet
  facet normal -0.000553173 0.115284 -0.993332
    outer loop
      vertex -90 -19.7457 35.4854
      vertex -101.562 69.0065 45.7922
      vertex -101.528 69.0575 45.7981
    endloop
  endfacet
  facet normal -0.000632141 0.116001 -0.993249
    outer loop
      vertex -102.349 -67.6035 29.9278
      vertex -83.6357 -49.6292 32.0151
      vertex -102.294 -67.6306 29.9246
    endloop
  endfacet
  facet normal 5.40581e-05 0.115296 -0.993331
    outer loop
      vertex -83.6357 -49.6292 32.0151
      vertex -102.349 -67.6035 29.9278
      vertex -83.8209 -49.0872 32.078
    endloop
  endfacet
  facet normal 0.00094543 0.115476 -0.99331
    outer loop
      vertex -90 -19.7457 35.4854
      vertex -101.651 68.8739 45.7767
      vertex -101.562 69.0065 45.7922
    endloop
  endfacet
  facet normal -0.000312243 0.115658 -0.993289
    outer loop
      vertex -83.8209 -49.0872 32.078
      vertex -102.349 -67.6035 29.9278
      vertex -83.8922 -48.8787 32.1023
    endloop
  endfacet
  facet normal -0.000289348 0.115316 -0.993329
    outer loop
      vertex -90 -19.7457 35.4854
      vertex -101.757 68.7539 45.7628
      vertex -101.651 68.8739 45.7767
    endloop
  endfacet
  facet normal -8.06708e-06 0.115362 -0.993324
    outer loop
      vertex -102.408 -67.5837 29.9301
      vertex -83.8922 -48.8787 32.1023
      vertex -102.349 -67.6035 29.9278
    endloop
  endfacet
  facet normal -0.00112905 0.115206 -0.993341
    outer loop
      vertex -90 -19.7457 35.4854
      vertex -101.798 68.7078 45.7575
      vertex -101.757 68.7539 45.7628
    endloop
  endfacet
  facet normal -6.30512e-05 0.115346 -0.993325
    outer loop
      vertex -90 -19.7457 35.4854
      vertex -101.844 68.6673 45.7528
      vertex -101.798 68.7078 45.7575
    endloop
  endfacet
  facet normal 0.000224585 0.115135 -0.99335
    outer loop
      vertex -102.56 -67.5325 29.936
      vertex -83.8922 -48.8787 32.1023
      vertex -102.408 -67.5837 29.9301
    endloop
  endfacet
  facet normal 0.000279172 0.115081 -0.993356
    outer loop
      vertex -83.8922 -48.8787 32.1023
      vertex -102.56 -67.5325 29.936
      vertex -83.9354 -48.6628 32.1273
    endloop
  endfacet
  facet normal -0.000124073 0.115338 -0.993326
    outer loop
      vertex -90 -19.7457 35.4854
      vertex -101.965 68.5621 45.7406
      vertex -101.844 68.6673 45.7528
    endloop
  endfacet
  facet normal 1.95036e-05 0.115334 -0.993327
    outer loop
      vertex -102.778 -67.4894 29.941
      vertex -83.9354 -48.6628 32.1273
      vertex -102.56 -67.5325 29.936
    endloop
  endfacet
  facet normal 7.39306e-05 0.115365 -0.993323
    outer loop
      vertex -90 -19.7457 35.4854
      vertex -102.099 68.4735 45.7303
      vertex -101.965 68.5621 45.7406
    endloop
  endfacet
  facet normal 8.85105e-06 0.115344 -0.993326
    outer loop
      vertex -83.9354 -48.6628 32.1273
      vertex -102.778 -67.4894 29.941
      vertex -84.0478 -48.1013 32.1925
    endloop
  endfacet
  facet normal 0.000713011 0.115451 -0.993313
    outer loop
      vertex -90 -19.7457 35.4854
      vertex -102.15 68.4394 45.7263
      vertex -102.099 68.4735 45.7303
    endloop
  endfacet
  facet normal -6.79513e-05 0.115418 -0.993317
    outer loop
      vertex -103 -67.4749 29.9427
      vertex -84.0478 -48.1013 32.1925
      vertex -102.778 -67.4894 29.941
    endloop
  endfacet
  facet normal -0.000113574 0.115462 -0.993312
    outer loop
      vertex -84.0478 -48.1013 32.1925
      vertex -103 -67.4749 29.9427
      vertex -84.0855 -47.5301 32.2589
    endloop
  endfacet
  facet normal -0.000214418 0.115325 -0.993328
    outer loop
      vertex -90 -19.7457 35.4854
      vertex -102.349 68.3417 45.715
      vertex -102.15 68.4394 45.7263
    endloop
  endfacet
  facet normal 6.18475e-05 0.115297 -0.993331
    outer loop
      vertex -84.0855 -47.5301 32.2589
      vertex -103 -67.4749 29.9427
      vertex -84.1 -47.3104 32.2844
    endloop
  endfacet
  facet normal -2.82554e-07 0.115355 -0.993324
    outer loop
      vertex -84.1 -47.3104 32.2844
      vertex -103 -67.4749 29.9427
      vertex -90 -33.1556 33.9282
    endloop
  endfacet
  facet normal 0.000246187 0.115389 -0.99332
    outer loop
      vertex -90 -19.7457 35.4854
      vertex -102.56 68.2707 45.7067
      vertex -102.349 68.3417 45.715
    endloop
  endfacet
  facet normal 0.000286107 0.115395 -0.99332
    outer loop
      vertex -90 -19.7457 35.4854
      vertex -102.621 68.2588 45.7053
      vertex -102.56 68.2707 45.7067
    endloop
  endfacet
  facet normal 7.39356e-05 0.115327 -0.993328
    outer loop
      vertex -103.222 -67.4894 29.941
      vertex -90 -33.1556 33.9282
      vertex -103 -67.4749 29.9427
    endloop
  endfacet
  facet normal -0.000142925 0.115334 -0.993327
    outer loop
      vertex -90 -19.7457 35.4854
      vertex -102.778 68.2276 45.7017
      vertex -102.621 68.2588 45.7053
    endloop
  endfacet
  facet normal -4.76479e-05 0.115347 -0.993325
    outer loop
      vertex -90 -19.7457 35.4854
      vertex -102.938 68.2172 45.7005
      vertex -102.778 68.2276 45.7017
    endloop
  endfacet
  facet normal -2.57593e-05 0.115365 -0.993323
    outer loop
      vertex -103.44 -67.5325 29.936
      vertex -90 -33.1556 33.9282
      vertex -103.222 -67.4894 29.941
    endloop
  endfacet
  facet normal 0.000563112 0.115436 -0.993315
    outer loop
      vertex -90 -19.7457 35.4854
      vertex -103 68.2132 45.7
      vertex -102.938 68.2172 45.7005
    endloop
  endfacet
  facet normal -0.000573965 0.11527 -0.993334
    outer loop
      vertex -90 -19.7457 35.4854
      vertex -103.062 68.2172 45.7005
      vertex -103 68.2132 45.7
    endloop
  endfacet
  facet normal -0.000345233 0.115488 -0.993309
    outer loop
      vertex -103.592 -67.5837 29.9301
      vertex -90 -33.1556 33.9282
      vertex -103.44 -67.5325 29.936
    endloop
  endfacet
  facet normal 4.85722e-05 0.115362 -0.993324
    outer loop
      vertex -90 -19.7457 35.4854
      vertex -103.222 68.2276 45.7017
      vertex -103.062 68.2172 45.7005
    endloop
  endfacet
  facet normal 0.000151577 0.115377 -0.993322
    outer loop
      vertex -90 -19.7457 35.4854
      vertex -103.379 68.2588 45.7053
      vertex -103.222 68.2276 45.7017
    endloop
  endfacet
  facet normal 1.25424e-05 0.115349 -0.993325
    outer loop
      vertex -103.651 -67.6035 29.9278
      vertex -90 -33.1556 33.9282
      vertex -103.592 -67.5837 29.9301
    endloop
  endfacet
  facet normal -0.000303104 0.115309 -0.99333
    outer loop
      vertex -90 -19.7457 35.4854
      vertex -103.44 68.2707 45.7067
      vertex -103.379 68.2588 45.7053
    endloop
  endfacet
  facet normal 0.00118737 0.114889 -0.993378
    outer loop
      vertex -103.706 -67.6306 29.9246
      vertex -90 -33.1556 33.9282
      vertex -103.651 -67.6035 29.9278
    endloop
  endfacet
  facet normal 1.01501e-05 0.115351 -0.993325
    outer loop
      vertex -103.85 -67.7012 29.9164
      vertex -90 -33.1556 33.9282
      vertex -103.706 -67.6306 29.9246
    endloop
  endfacet
  facet normal -0.000271986 0.115313 -0.993329
    outer loop
      vertex -90 -19.7457 35.4854
      vertex -103.651 68.3417 45.715
      vertex -103.44 68.2707 45.7067
    endloop
  endfacet
  facet normal 0.00010926 0.115312 -0.993329
    outer loop
      vertex -103.984 -67.7898 29.9061
      vertex -90 -33.1556 33.9282
      vertex -103.85 -67.7012 29.9164
    endloop
  endfacet
  facet normal -0.00160233 0.115994 -0.993249
    outer loop
      vertex -104.035 -67.8239 29.9022
      vertex -90 -33.1556 33.9282
      vertex -103.984 -67.7898 29.9061
    endloop
  endfacet
  facet normal 0.000248046 0.115393 -0.99332
    outer loop
      vertex -90 -19.7457 35.4854
      vertex -103.85 68.4394 45.7263
      vertex -103.651 68.3417 45.715
    endloop
  endfacet
  facet normal -0.000870085 0.115219 -0.99334
    outer loop
      vertex -90 -19.7457 35.4854
      vertex -103.901 68.4735 45.7303
      vertex -103.85 68.4394 45.7263
    endloop
  endfacet
  facet normal 0.000280885 0.115242 -0.993337
    outer loop
      vertex -104.081 -67.8643 29.8975
      vertex -90 -33.1556 33.9282
      vertex -104.035 -67.8239 29.9022
    endloop
  endfacet
  facet normal -0.000213211 0.115439 -0.993314
    outer loop
      vertex -104.202 -67.9695 29.8853
      vertex -90 -33.1556 33.9282
      vertex -104.081 -67.8643 29.8975
    endloop
  endfacet
  facet normal -9.00131e-05 0.115341 -0.993326
    outer loop
      vertex -90 -19.7457 35.4854
      vertex -104.035 68.5621 45.7406
      vertex -103.901 68.4735 45.7303
    endloop
  endfacet
  facet normal 0.00112371 0.114901 -0.993376
    outer loop
      vertex -104.308 -68.0895 29.8713
      vertex -90 -33.1556 33.9282
      vertex -104.202 -67.9695 29.8853
    endloop
  endfacet
  facet normal 0.000160925 0.11538 -0.993321
    outer loop
      vertex -90 -19.7457 35.4854
      vertex -104.156 68.6673 45.7528
      vertex -104.035 68.5621 45.7406
    endloop
  endfacet
  facet normal -0.00240807 0.116328 -0.993208
    outer loop
      vertex -104.349 -68.1356 29.866
      vertex -90 -33.1556 33.9282
      vertex -104.308 -68.0895 29.8713
    endloop
  endfacet
  facet normal 8.20547e-05 0.115368 -0.993323
    outer loop
      vertex -90 -19.7457 35.4854
      vertex -104.202 68.7078 45.7575
      vertex -104.156 68.6673 45.7528
    endloop
  endfacet
  facet normal 0.00158434 0.115606 -0.993294
    outer loop
      vertex -90 -19.7457 35.4854
      vertex -104.243 68.7539 45.7628
      vertex -104.202 68.7078 45.7575
    endloop
  endfacet
  facet normal 1.46598e-05 0.115348 -0.993325
    outer loop
      vertex -90 -33.1556 33.9282
      vertex -104.349 -68.1356 29.866
      vertex -90 -19.7457 35.4854
    endloop
  endfacet
  facet normal 0.00407841 0.114158 -0.993454
    outer loop
      vertex -104.383 -68.1866 29.86
      vertex -90 -19.7457 35.4854
      vertex -104.349 -68.1356 29.866
    endloop
  endfacet
  facet normal 0.000407017 0.115419 -0.993317
    outer loop
      vertex -90 -19.7457 35.4854
      vertex -104.349 68.8739 45.7767
      vertex -104.243 68.7539 45.7628
    endloop
  endfacet
  facet normal -0.000207013 0.115415 -0.993317
    outer loop
      vertex -104.472 -68.3193 29.8446
      vertex -90 -19.7457 35.4854
      vertex -104.383 -68.1866 29.86
    endloop
  endfacet
  facet normal -0.00149015 0.115116 -0.993351
    outer loop
      vertex -90 -19.7457 35.4854
      vertex -104.438 69.0065 45.7922
      vertex -104.349 68.8739 45.7767
    endloop
  endfacet
  facet normal -1.59457e-05 0.115358 -0.993324
    outer loop
      vertex -110 -77.5 28.7785
      vertex -90 -19.7457 35.4854
      vertex -104.472 -68.3193 29.8446
    endloop
  endfacet
  facet normal 0.000874691 0.115495 -0.993308
    outer loop
      vertex -90 -19.7457 35.4854
      vertex -104.472 69.0575 45.7981
      vertex -104.438 69.0065 45.7922
    endloop
  endfacet
  facet normal 6.22968e-06 0.115356 -0.993324
    outer loop
      vertex -90 -19.7457 35.4854
      vertex -110 77.5 46.7785
      vertex -104.472 69.0575 45.7981
    endloop
  endfacet
  facet normal 0.000204368 0.115227 -0.993339
    outer loop
      vertex -110 -77.5 28.7785
      vertex -104.472 -68.3193 29.8446
      vertex -104.571 -68.5174 29.8216
    endloop
  endfacet
  facet normal 0.00161496 0.116395 -0.993202
    outer loop
      vertex -104.472 69.0575 45.7981
      vertex -110 77.5 46.7785
      vertex -104.5 69.1125 45.8045
    endloop
  endfacet
  facet normal -0.000329417 0.115546 -0.993302
    outer loop
      vertex -110 -77.5 28.7785
      vertex -104.571 -68.5174 29.8216
      vertex -104.642 -68.7265 29.7973
    endloop
  endfacet
  facet normal -0.000761876 0.114857 -0.993382
    outer loop
      vertex -104.5 69.1125 45.8045
      vertex -110 77.5 46.7785
      vertex -104.571 69.2556 45.8211
    endloop
  endfacet
  facet normal 0.00112544 0.114669 -0.993403
    outer loop
      vertex -110 -77.5 28.7785
      vertex -104.642 -68.7265 29.7973
      vertex -104.673 -68.883 29.7792
    endloop
  endfacet
  facet normal 9.17529e-05 0.115412 -0.993318
    outer loop
      vertex -104.571 69.2556 45.8211
      vertex -110 77.5 46.7785
      vertex -104.642 69.4648 45.8454
    endloop
  endfacet
  facet normal -0.000351365 0.11557 -0.993299
    outer loop
      vertex -110 -77.5 28.7785
      vertex -104.673 -68.883 29.7792
      vertex -104.685 -68.9432 29.7722
    endloop
  endfacet
  facet normal -0.000999458 0.114694 -0.9934
    outer loop
      vertex -104.642 69.4648 45.8454
      vertex -110 77.5 46.7785
      vertex -104.673 69.6213 45.8635
    endloop
  endfacet
  facet normal 0.000701779 0.115829 -0.993269
    outer loop
      vertex -104.673 69.6213 45.8635
      vertex -110 77.5 46.7785
      vertex -104.685 69.6814 45.8705
    endloop
  endfacet
  facet normal -4.05681e-05 0.115379 -0.993321
    outer loop
      vertex -110 -77.5 28.7785
      vertex -104.685 -68.9432 29.7722
      vertex -104.7 -69.1636 29.7466
    endloop
  endfacet
  facet normal -0.000500298 0.115022 -0.993363
    outer loop
      vertex -104.685 69.6814 45.8705
      vertex -110 77.5 46.7785
      vertex -104.689 69.7427 45.8776
    endloop
  endfacet
  facet normal 0 0.115469 -0.993311
    outer loop
      vertex -46.0855 14.4954 39.4618
      vertex -71.9145 14.4954 39.4618
      vertex -46.0478 15.0666 39.5282
    endloop
  endfacet
  facet normal -5.35962e-06 0.115298 -0.993331
    outer loop
      vertex -44.8395 10.587 39.008
      vertex -71.9377 13.7045 39.37
      vertex -71.9 14.2757 39.4363
    endloop
  endfacet
  facet normal -5.82055e-06 0.115294 -0.993331
    outer loop
      vertex -44.8395 10.587 39.008
      vertex -71.9522 13.4848 39.3445
      vertex -71.9377 13.7045 39.37
    endloop
  endfacet
  facet normal 8.43273e-06 0.115425 -0.993316
    outer loop
      vertex -44.8395 10.587 39.008
      vertex -71.9954 13.2688 39.3194
      vertex -71.9522 13.4848 39.3445
    endloop
  endfacet
  facet normal 2.13401e-06 0.115362 -0.993323
    outer loop
      vertex -44.8395 10.587 39.008
      vertex -72.1078 12.7074 39.2542
      vertex -71.9954 13.2688 39.3194
    endloop
  endfacet
  facet normal 5.94703e-06 0.115411 -0.993318
    outer loop
      vertex -44.8395 10.587 39.008
      vertex -72.3643 11.9569 39.167
      vertex -72.1078 12.7074 39.2542
    endloop
  endfacet
  facet normal 1.05915e-06 0.115314 -0.993329
    outer loop
      vertex -44.8395 10.587 39.008
      vertex -72.6192 11.4435 39.1074
      vertex -72.3643 11.9569 39.167
    endloop
  endfacet
  facet normal -3.14743e-06 0.115179 -0.993345
    outer loop
      vertex -44.8395 10.587 39.008
      vertex -72.7172 11.246 39.0845
      vertex -72.6192 11.4435 39.1074
    endloop
  endfacet
  facet normal 7.12945e-06 0.115608 -0.993295
    outer loop
      vertex -44.8395 10.587 39.008
      vertex -72.8404 11.063 39.0632
      vertex -72.7172 11.246 39.0845
    endloop
  endfacet
  facet normal 0 0.115194 -0.993343
    outer loop
      vertex -44.8395 10.587 39.008
      vertex -73.1605 10.587 39.008
      vertex -72.8404 11.063 39.0632
    endloop
  endfacet
  facet normal -1.1811e-06 0.115357 -0.993324
    outer loop
      vertex -66 -19.7457 35.4854
      vertex -73.6866 9.99112 38.9388
      vertex -73.1605 10.587 39.008
    endloop
  endfacet
  facet normal 0.000127712 0.115389 -0.99332
    outer loop
      vertex -66 -19.7457 35.4854
      vertex -74.1199 9.61369 38.8949
      vertex -73.6866 9.99112 38.9388
    endloop
  endfacet
  facet normal -0.00028123 0.115278 -0.993333
    outer loop
      vertex -66 -19.7457 35.4854
      vertex -74.2866 9.46852 38.8781
      vertex -74.1199 9.61369 38.8949
    endloop
  endfacet
  facet normal 7.87832e-05 0.115379 -0.993322
    outer loop
      vertex -66 -19.7457 35.4854
      vertex -74.95 9.02818 38.8269
      vertex -74.2866 9.46852 38.8781
    endloop
  endfacet
  facet normal -1.11317e-05 0.115351 -0.993325
    outer loop
      vertex -66 -19.7457 35.4854
      vertex -75.6656 8.67763 38.7862
      vertex -74.95 9.02818 38.8269
    endloop
  endfacet
  facet normal -7.86152e-05 0.115328 -0.993327
    outer loop
      vertex -66 -19.7457 35.4854
      vertex -75.8755 8.60686 38.778
      vertex -75.6656 8.67763 38.7862
    endloop
  endfacet
  facet normal 5.20751e-05 0.115373 -0.993322
    outer loop
      vertex -66 -19.7457 35.4854
      vertex -76.4212 8.42286 38.7566
      vertex -75.8755 8.60686 38.778
    endloop
  endfacet
  facet normal -6.75385e-05 0.11533 -0.993327
    outer loop
      vertex -66 -19.7457 35.4854
      vertex -77.2038 8.26823 38.7387
      vertex -76.4212 8.42286 38.7566
    endloop
  endfacet
  facet normal 8.76118e-05 0.115391 -0.99332
    outer loop
      vertex -66 -19.7457 35.4854
      vertex -77.7788 8.23079 38.7343
      vertex -77.2038 8.26823 38.7387
    endloop
  endfacet
  facet normal -0.0003108 0.115225 -0.993339
    outer loop
      vertex -66 -19.7457 35.4854
      vertex -78 8.2164 38.7327
      vertex -77.7788 8.23079 38.7343
    endloop
  endfacet
  facet normal 0 0.115357 -0.993324
    outer loop
      vertex -90 -19.7457 35.4854
      vertex -78 8.2164 38.7327
      vertex -66 -19.7457 35.4854
    endloop
  endfacet
  facet normal 0.0003108 0.115225 -0.993339
    outer loop
      vertex -78 8.2164 38.7327
      vertex -90 -19.7457 35.4854
      vertex -78.2212 8.23079 38.7343
    endloop
  endfacet
  facet normal -8.76118e-05 0.115391 -0.99332
    outer loop
      vertex -78.2212 8.23079 38.7343
      vertex -90 -19.7457 35.4854
      vertex -78.7962 8.26823 38.7387
    endloop
  endfacet
  facet normal 6.75385e-05 0.11533 -0.993327
    outer loop
      vertex -78.7962 8.26823 38.7387
      vertex -90 -19.7457 35.4854
      vertex -79.5788 8.42286 38.7566
    endloop
  endfacet
  facet normal -5.20751e-05 0.115373 -0.993322
    outer loop
      vertex -79.5788 8.42286 38.7566
      vertex -90 -19.7457 35.4854
      vertex -80.1245 8.60686 38.778
    endloop
  endfacet
  facet normal 7.86152e-05 0.115328 -0.993327
    outer loop
      vertex -80.1245 8.60686 38.778
      vertex -90 -19.7457 35.4854
      vertex -80.3344 8.67763 38.7862
    endloop
  endfacet
  facet normal 1.11317e-05 0.115351 -0.993325
    outer loop
      vertex -80.3344 8.67763 38.7862
      vertex -90 -19.7457 35.4854
      vertex -81.05 9.02818 38.8269
    endloop
  endfacet
  facet normal -7.87832e-05 0.115379 -0.993322
    outer loop
      vertex -81.05 9.02818 38.8269
      vertex -90 -19.7457 35.4854
      vertex -81.7134 9.46852 38.8781
    endloop
  endfacet
  facet normal 0.00028123 0.115278 -0.993333
    outer loop
      vertex -81.7134 9.46852 38.8781
      vertex -90 -19.7457 35.4854
      vertex -81.8801 9.61369 38.8949
    endloop
  endfacet
  facet normal -0.000127712 0.115389 -0.99332
    outer loop
      vertex -81.8801 9.61369 38.8949
      vertex -90 -19.7457 35.4854
      vertex -82.3134 9.99112 38.9388
    endloop
  endfacet
  facet normal 1.1811e-06 0.115357 -0.993324
    outer loop
      vertex -82.3134 9.99112 38.9388
      vertex -90 -19.7457 35.4854
      vertex -82.8395 10.587 39.008
    endloop
  endfacet
  facet normal 0.000181172 0.115315 -0.993329
    outer loop
      vertex -82.8395 10.587 39.008
      vertex -90 -19.7457 35.4854
      vertex -83.1596 11.063 39.0632
    endloop
  endfacet
  facet normal 0.000253195 0.115302 -0.99333
    outer loop
      vertex -90 -19.7457 35.4854
      vertex -83.3808 11.4435 39.1074
      vertex -83.2828 11.246 39.0845
    endloop
  endfacet
  facet normal -0.288765 -0.167295 0.94267
    outer loop
      vertex -83.8922 12.7074 39.2542
      vertex -84.0478 13.4848 39.3445
      vertex -84.0046 13.2688 39.3194
    endloop
  endfacet
  facet normal -0.000178429 0.115282 -0.993333
    outer loop
      vertex -84.0478 13.4848 39.3445
      vertex -90 28.4305 41.0801
      vertex -84.0623 13.7045 39.37
    endloop
  endfacet
  facet normal 7.25738e-06 0.115355 -0.993324
    outer loop
      vertex -90 28.4305 41.0801
      vertex -84.0478 13.4848 39.3445
      vertex -90 -19.7457 35.4854
    endloop
  endfacet
  facet normal -6.58785e-05 0.115368 -0.993323
    outer loop
      vertex -83.8922 12.7074 39.2542
      vertex -90 -19.7457 35.4854
      vertex -84.0478 13.4848 39.3445
    endloop
  endfacet
  facet normal -0.000109729 0.115376 -0.993322
    outer loop
      vertex -83.6357 11.9569 39.167
      vertex -90 -19.7457 35.4854
      vertex -83.8922 12.7074 39.2542
    endloop
  endfacet
  facet normal 5.76366e-05 0.115343 -0.993326
    outer loop
      vertex -83.3808 11.4435 39.1074
      vertex -90 -19.7457 35.4854
      vertex -83.6357 11.9569 39.167
    endloop
  endfacet
  facet normal -0.000292816 0.115418 -0.993317
    outer loop
      vertex -83.1596 11.063 39.0632
      vertex -90 -19.7457 35.4854
      vertex -83.2828 11.246 39.0845
    endloop
  endfacet
  facet normal 0 0.115358 -0.993324
    outer loop
      vertex -52 -33.1556 33.9282
      vertex -71.9522 -46.5195 32.3762
      vertex -66 -33.1556 33.9282
    endloop
  endfacet
  facet normal -6.86597e-06 0.115361 -0.993324
    outer loop
      vertex -72.0646 -45.9581 32.4414
      vertex -66 -33.1556 33.9282
      vertex -71.9522 -46.5195 32.3762
    endloop
  endfacet
  facet normal -0.000182741 0.115444 -0.993314
    outer loop
      vertex -72.1078 -45.7422 32.4665
      vertex -66 -33.1556 33.9282
      vertex -72.0646 -45.9581 32.4414
    endloop
  endfacet
  facet normal -6.93804e-05 0.115389 -0.99332
    outer loop
      vertex -72.3643 -44.9917 32.5537
      vertex -66 -33.1556 33.9282
      vertex -72.1078 -45.7422 32.4665
    endloop
  endfacet
  facet normal 7.46366e-05 0.115313 -0.993329
    outer loop
      vertex -72.7172 -44.2808 32.6362
      vertex -66 -33.1556 33.9282
      vertex -72.3643 -44.9917 32.5537
    endloop
  endfacet
  facet normal -0.000153381 0.115449 -0.993313
    outer loop
      vertex -72.8404 -44.0977 32.6575
      vertex -66 -33.1556 33.9282
      vertex -72.7172 -44.2808 32.6362
    endloop
  endfacet
  facet normal 0.000106156 0.115289 -0.993332
    outer loop
      vertex -73.1605 -43.6218 32.7127
      vertex -66 -33.1556 33.9282
      vertex -72.8404 -44.0977 32.6575
    endloop
  endfacet
  facet normal 5.63173e-06 0.115357 -0.993324
    outer loop
      vertex -73.6866 -43.0259 32.7819
      vertex -66 -33.1556 33.9282
      vertex -73.1605 -43.6218 32.7127
    endloop
  endfacet
  facet normal -7.07875e-06 0.115366 -0.993323
    outer loop
      vertex -74.2866 -42.5033 32.8426
      vertex -66 -33.1556 33.9282
      vertex -73.6866 -43.0259 32.7819
    endloop
  endfacet
  facet normal -6.17742e-05 0.115414 -0.993317
    outer loop
      vertex -74.95 -42.063 32.8938
      vertex -66 -33.1556 33.9282
      vertex -74.2866 -42.5033 32.8426
    endloop
  endfacet
  facet normal 1.35193e-05 0.11534 -0.993326
    outer loop
      vertex -75.6656 -41.7124 32.9345
      vertex -66 -33.1556 33.9282
      vertex -74.95 -42.063 32.8938
    endloop
  endfacet
  facet normal 8.95e-05 0.115255 -0.993336
    outer loop
      vertex -76.2113 -41.5284 32.9558
      vertex -66 -33.1556 33.9282
      vertex -75.6656 -41.7124 32.9345
    endloop
  endfacet
  facet normal -0.000259621 0.115675 -0.993287
    outer loop
      vertex -76.4212 -41.4576 32.9641
      vertex -66 -33.1556 33.9282
      vertex -76.2113 -41.5284 32.9558
    endloop
  endfacet
  facet normal 5.44012e-05 0.115286 -0.993332
    outer loop
      vertex -77.2038 -41.303 32.982
      vertex -66 -33.1556 33.9282
      vertex -76.4212 -41.4576 32.9641
    endloop
  endfacet
  facet normal -0.000113974 0.115515 -0.993306
    outer loop
      vertex -77.425 -41.2886 32.9837
      vertex -66 -33.1556 33.9282
      vertex -77.2038 -41.303 32.982
    endloop
  endfacet
  facet normal 6.85868e-05 0.115261 -0.993335
    outer loop
      vertex -78 -41.2512 32.988
      vertex -66 -33.1556 33.9282
      vertex -77.425 -41.2886 32.9837
    endloop
  endfacet
  facet normal -6.85868e-05 0.115261 -0.993335
    outer loop
      vertex -90 -33.1556 33.9282
      vertex -78 -41.2512 32.988
      vertex -78.575 -41.2886 32.9837
    endloop
  endfacet
  facet normal 0.000113974 0.115515 -0.993306
    outer loop
      vertex -90 -33.1556 33.9282
      vertex -78.575 -41.2886 32.9837
      vertex -78.7962 -41.303 32.982
    endloop
  endfacet
  facet normal -5.44012e-05 0.115286 -0.993332
    outer loop
      vertex -90 -33.1556 33.9282
      vertex -78.7962 -41.303 32.982
      vertex -79.5788 -41.4576 32.9641
    endloop
  endfacet
  facet normal 0.000259621 0.115675 -0.993287
    outer loop
      vertex -90 -33.1556 33.9282
      vertex -79.5788 -41.4576 32.9641
      vertex -79.7887 -41.5284 32.9558
    endloop
  endfacet
  facet normal -8.95e-05 0.115255 -0.993336
    outer loop
      vertex -90 -33.1556 33.9282
      vertex -79.7887 -41.5284 32.9558
      vertex -80.3344 -41.7124 32.9345
    endloop
  endfacet
  facet normal -1.35193e-05 0.11534 -0.993326
    outer loop
      vertex -90 -33.1556 33.9282
      vertex -80.3344 -41.7124 32.9345
      vertex -81.05 -42.063 32.8938
    endloop
  endfacet
  facet normal 0.000153381 0.115449 -0.993313
    outer loop
      vertex -90 -33.1556 33.9282
      vertex -83.1596 -44.0977 32.6575
      vertex -83.2828 -44.2808 32.6362
    endloop
  endfacet
  facet normal 6.86597e-06 0.115361 -0.993324
    outer loop
      vertex -90 -33.1556 33.9282
      vertex -83.9354 -45.9581 32.4414
      vertex -84.0478 -46.5195 32.3762
    endloop
  endfacet
  facet normal 0 0.115362 -0.993324
    outer loop
      vertex -78 -41.2512 32.988
      vertex -90 -33.1556 33.9282
      vertex -66 -33.1556 33.9282
    endloop
  endfacet
  facet normal 6.17742e-05 0.115414 -0.993317
    outer loop
      vertex -81.7134 -42.5033 32.8426
      vertex -90 -33.1556 33.9282
      vertex -81.05 -42.063 32.8938
    endloop
  endfacet
  facet normal 7.07875e-06 0.115366 -0.993323
    outer loop
      vertex -82.3134 -43.0259 32.7819
      vertex -90 -33.1556 33.9282
      vertex -81.7134 -42.5033 32.8426
    endloop
  endfacet
  facet normal -5.63173e-06 0.115357 -0.993324
    outer loop
      vertex -82.8395 -43.6218 32.7127
      vertex -90 -33.1556 33.9282
      vertex -82.3134 -43.0259 32.7819
    endloop
  endfacet
  facet normal -0.000106156 0.115289 -0.993332
    outer loop
      vertex -83.1596 -44.0977 32.6575
      vertex -90 -33.1556 33.9282
      vertex -82.8395 -43.6218 32.7127
    endloop
  endfacet
  facet normal -7.46366e-05 0.115313 -0.993329
    outer loop
      vertex -83.6357 -44.9917 32.5537
      vertex -90 -33.1556 33.9282
      vertex -83.2828 -44.2808 32.6362
    endloop
  endfacet
  facet normal 6.93804e-05 0.115389 -0.99332
    outer loop
      vertex -83.8922 -45.7422 32.4665
      vertex -90 -33.1556 33.9282
      vertex -83.6357 -44.9917 32.5537
    endloop
  endfacet
  facet normal 0.000182741 0.115444 -0.993314
    outer loop
      vertex -83.9354 -45.9581 32.4414
      vertex -90 -33.1556 33.9282
      vertex -83.8922 -45.7422 32.4665
    endloop
  endfacet
  facet normal -0.000123272 0.115304 -0.99333
    outer loop
      vertex -90 -33.1556 33.9282
      vertex -84.0478 -46.5195 32.3762
      vertex -84.1 -47.3104 32.2844
    endloop
  endfacet
  facet normal 0 0.115469 -0.993311
    outer loop
      vertex -71.9522 15.0666 39.5282
      vertex -46.0478 15.0666 39.5282
      vertex -71.9145 14.4954 39.4618
    endloop
  endfacet
  facet normal 0 0.115351 -0.993325
    outer loop
      vertex -46.0478 15.0666 39.5282
      vertex -71.9522 15.0666 39.5282
      vertex -66 28.4305 41.0801
    endloop
  endfacet
  facet normal 0.000128585 0.115295 -0.993331
    outer loop
      vertex -72.1078 15.8439 39.6184
      vertex -66 28.4305 41.0801
      vertex -71.9522 15.0666 39.5282
    endloop
  endfacet
  facet normal -5.07914e-05 0.11538 -0.993321
    outer loop
      vertex -72.3643 16.5945 39.7056
      vertex -66 28.4305 41.0801
      vertex -72.1078 15.8439 39.6184
    endloop
  endfacet
  facet normal 5.98919e-05 0.115322 -0.993328
    outer loop
      vertex -72.7172 17.3053 39.7881
      vertex -66 28.4305 41.0801
      vertex -72.3643 16.5945 39.7056
    endloop
  endfacet
  facet normal -3.40273e-05 0.115378 -0.993322
    outer loop
      vertex -73.0374 17.7813 39.8434
      vertex -66 28.4305 41.0801
      vertex -72.7172 17.3053 39.7881
    endloop
  endfacet
  facet normal -0.000195645 0.115483 -0.993309
    outer loop
      vertex -73.1605 17.9643 39.8647
      vertex -66 28.4305 41.0801
      vertex -73.0374 17.7813 39.8434
    endloop
  endfacet
  facet normal 0.000116745 0.115272 -0.993334
    outer loop
      vertex -73.3067 18.1299 39.8839
      vertex -66 28.4305 41.0801
      vertex -73.1605 17.9643 39.8647
    endloop
  endfacet
  facet normal -4.29489e-05 0.115384 -0.993321
    outer loop
      vertex -73.6866 18.5602 39.9339
      vertex -66 28.4305 41.0801
      vertex -73.3067 18.1299 39.8839
    endloop
  endfacet
  facet normal -1.23016e-05 0.11536 -0.993324
    outer loop
      vertex -74.2866 19.0828 39.9946
      vertex -66 28.4305 41.0801
      vertex -73.6866 18.5602 39.9339
    endloop
  endfacet
  facet normal 7.01244e-06 0.115344 -0.993326
    outer loop
      vertex -74.4708 19.2051 40.0088
      vertex -66 28.4305 41.0801
      vertex -74.2866 19.0828 39.9946
    endloop
  endfacet
  facet normal 5.07137e-05 0.115304 -0.99333
    outer loop
      vertex -74.95 19.5232 40.0457
      vertex -66 28.4305 41.0801
      vertex -74.4708 19.2051 40.0088
    endloop
  endfacet
  facet normal -9.83122e-06 0.115364 -0.993323
    outer loop
      vertex -75.4668 19.7763 40.0751
      vertex -66 28.4305 41.0801
      vertex -74.95 19.5232 40.0457
    endloop
  endfacet
  facet normal 3.55378e-05 0.115315 -0.993329
    outer loop
      vertex -75.6656 19.8737 40.0864
      vertex -66 28.4305 41.0801
      vertex -75.4668 19.7763 40.0751
    endloop
  endfacet
  facet normal -9.62582e-06 0.115365 -0.993323
    outer loop
      vertex -76.4212 20.1285 40.116
      vertex -66 28.4305 41.0801
      vertex -75.6656 19.8737 40.0864
    endloop
  endfacet
  facet normal -6.62129e-05 0.115435 -0.993315
    outer loop
      vertex -76.6386 20.1714 40.121
      vertex -66 28.4305 41.0801
      vertex -76.4212 20.1285 40.116
    endloop
  endfacet
  facet normal -4.01695e-05 0.115402 -0.993319
    outer loop
      vertex -77.2038 20.2831 40.134
      vertex -66 28.4305 41.0801
      vertex -76.6386 20.1714 40.121
    endloop
  endfacet
  facet normal 8.65769e-05 0.11523 -0.993339
    outer loop
      vertex -77.7788 20.3206 40.1383
      vertex -66 28.4305 41.0801
      vertex -77.2038 20.2831 40.134
    endloop
  endfacet
  facet normal -0.000113777 0.115517 -0.993305
    outer loop
      vertex -78 20.335 40.14
      vertex -66 28.4305 41.0801
      vertex -77.7788 20.3206 40.1383
    endloop
  endfacet
  facet normal 0.000113777 0.115517 -0.993305
    outer loop
      vertex -90 28.4305 41.0801
      vertex -78 20.335 40.14
      vertex -78.2212 20.3206 40.1383
    endloop
  endfacet
  facet normal -8.65769e-05 0.11523 -0.993339
    outer loop
      vertex -90 28.4305 41.0801
      vertex -78.2212 20.3206 40.1383
      vertex -78.7962 20.2831 40.134
    endloop
  endfacet
  facet normal 4.01695e-05 0.115402 -0.993319
    outer loop
      vertex -90 28.4305 41.0801
      vertex -78.7962 20.2831 40.134
      vertex -79.3614 20.1714 40.121
    endloop
  endfacet
  facet normal 6.62129e-05 0.115435 -0.993315
    outer loop
      vertex -90 28.4305 41.0801
      vertex -79.3614 20.1714 40.121
      vertex -79.5788 20.1285 40.116
    endloop
  endfacet
  facet normal 9.62582e-06 0.115365 -0.993323
    outer loop
      vertex -90 28.4305 41.0801
      vertex -79.5788 20.1285 40.116
      vertex -80.3344 19.8737 40.0864
    endloop
  endfacet
  facet normal -3.55378e-05 0.115315 -0.993329
    outer loop
      vertex -90 28.4305 41.0801
      vertex -80.3344 19.8737 40.0864
      vertex -80.5332 19.7763 40.0751
    endloop
  endfacet
  facet normal 9.83122e-06 0.115364 -0.993323
    outer loop
      vertex -90 28.4305 41.0801
      vertex -80.5332 19.7763 40.0751
      vertex -81.05 19.5232 40.0457
    endloop
  endfacet
  facet normal -7.01244e-06 0.115344 -0.993326
    outer loop
      vertex -90 28.4305 41.0801
      vertex -81.5292 19.2051 40.0088
      vertex -81.7134 19.0828 39.9946
    endloop
  endfacet
  facet normal -0.000116745 0.115272 -0.993334
    outer loop
      vertex -90 28.4305 41.0801
      vertex -82.6933 18.1299 39.8839
      vertex -82.8395 17.9643 39.8647
    endloop
  endfacet
  facet normal -0.00012931 0.115302 -0.99333
    outer loop
      vertex -90 28.4305 41.0801
      vertex -84.0855 14.4954 39.4618
      vertex -84.1 14.2757 39.4363
    endloop
  endfacet
  facet normal -0.000166459 0.115287 -0.993332
    outer loop
      vertex -84.0623 13.7045 39.37
      vertex -90 28.4305 41.0801
      vertex -84.1 14.2757 39.4363
    endloop
  endfacet
  facet normal 0 0.115351 -0.993325
    outer loop
      vertex -78 20.335 40.14
      vertex -90 28.4305 41.0801
      vertex -66 28.4305 41.0801
    endloop
  endfacet
  facet normal -5.07137e-05 0.115304 -0.99333
    outer loop
      vertex -81.5292 19.2051 40.0088
      vertex -90 28.4305 41.0801
      vertex -81.05 19.5232 40.0457
    endloop
  endfacet
  facet normal 1.23016e-05 0.11536 -0.993324
    outer loop
      vertex -82.3134 18.5602 39.9339
      vertex -90 28.4305 41.0801
      vertex -81.7134 19.0828 39.9946
    endloop
  endfacet
  facet normal 4.29489e-05 0.115384 -0.993321
    outer loop
      vertex -82.6933 18.1299 39.8839
      vertex -90 28.4305 41.0801
      vertex -82.3134 18.5602 39.9339
    endloop
  endfacet
  facet normal 0.000195645 0.115483 -0.993309
    outer loop
      vertex -82.9626 17.7813 39.8434
      vertex -90 28.4305 41.0801
      vertex -82.8395 17.9643 39.8647
    endloop
  endfacet
  facet normal 3.40273e-05 0.115378 -0.993322
    outer loop
      vertex -83.2828 17.3053 39.7881
      vertex -90 28.4305 41.0801
      vertex -82.9626 17.7813 39.8434
    endloop
  endfacet
  facet normal -5.98919e-05 0.115322 -0.993328
    outer loop
      vertex -83.6357 16.5945 39.7056
      vertex -90 28.4305 41.0801
      vertex -83.2828 17.3053 39.7881
    endloop
  endfacet
  facet normal 5.07914e-05 0.11538 -0.993321
    outer loop
      vertex -83.8922 15.8439 39.6184
      vertex -90 28.4305 41.0801
      vertex -83.6357 16.5945 39.7056
    endloop
  endfacet
  facet normal -0.000128585 0.115295 -0.993331
    outer loop
      vertex -84.0478 15.0666 39.5282
      vertex -90 28.4305 41.0801
      vertex -83.8922 15.8439 39.6184
    endloop
  endfacet
  facet normal 0.000233507 0.115454 -0.993313
    outer loop
      vertex -84.0855 14.4954 39.4618
      vertex -90 28.4305 41.0801
      vertex -84.0478 15.0666 39.5282
    endloop
  endfacet
  facet normal 0 0.115469 -0.993311
    outer loop
      vertex -33.9522 15.0666 39.5282
      vertex -8.04781 15.0666 39.5282
      vertex -33.9145 14.4954 39.4618
    endloop
  endfacet
  facet normal -5.35961e-06 0.115298 -0.993331
    outer loop
      vertex -6.83945 10.587 39.008
      vertex -33.9377 13.7045 39.37
      vertex -33.9 14.2757 39.4363
    endloop
  endfacet
  facet normal -5.82054e-06 0.115294 -0.993331
    outer loop
      vertex -6.83945 10.587 39.008
      vertex -33.9522 13.4848 39.3445
      vertex -33.9377 13.7045 39.37
    endloop
  endfacet
  facet normal 8.43271e-06 0.115425 -0.993316
    outer loop
      vertex -6.83945 10.587 39.008
      vertex -33.9954 13.2688 39.3194
      vertex -33.9522 13.4848 39.3445
    endloop
  endfacet
  facet normal 2.13397e-06 0.115362 -0.993323
    outer loop
      vertex -6.83945 10.587 39.008
      vertex -34.1079 12.7074 39.2542
      vertex -33.9954 13.2688 39.3194
    endloop
  endfacet
  facet normal 5.94705e-06 0.115411 -0.993318
    outer loop
      vertex -6.83945 10.587 39.008
      vertex -34.3643 11.9569 39.167
      vertex -34.1079 12.7074 39.2542
    endloop
  endfacet
  facet normal 1.05915e-06 0.115314 -0.993329
    outer loop
      vertex -6.83945 10.587 39.008
      vertex -34.6192 11.4435 39.1074
      vertex -34.3643 11.9569 39.167
    endloop
  endfacet
  facet normal -3.14742e-06 0.115179 -0.993345
    outer loop
      vertex -6.83945 10.587 39.008
      vertex -34.7172 11.246 39.0845
      vertex -34.6192 11.4435 39.1074
    endloop
  endfacet
  facet normal 7.12944e-06 0.115608 -0.993295
    outer loop
      vertex -6.83945 10.587 39.008
      vertex -34.8404 11.063 39.0632
      vertex -34.7172 11.246 39.0845
    endloop
  endfacet
  facet normal 0 0.115194 -0.993343
    outer loop
      vertex -6.83945 10.587 39.008
      vertex -35.1605 10.587 39.008
      vertex -34.8404 11.063 39.0632
    endloop
  endfacet
  facet normal -1.1811e-06 0.115357 -0.993324
    outer loop
      vertex -28 -19.7457 35.4854
      vertex -35.6866 9.99112 38.9388
      vertex -35.1605 10.587 39.008
    endloop
  endfacet
  facet normal 0.000127712 0.115389 -0.99332
    outer loop
      vertex -28 -19.7457 35.4854
      vertex -36.1199 9.61369 38.8949
      vertex -35.6866 9.99112 38.9388
    endloop
  endfacet
  facet normal -0.00028123 0.115278 -0.993333
    outer loop
      vertex -28 -19.7457 35.4854
      vertex -36.2866 9.46852 38.8781
      vertex -36.1199 9.61369 38.8949
    endloop
  endfacet
  facet normal 7.87832e-05 0.115379 -0.993322
    outer loop
      vertex -28 -19.7457 35.4854
      vertex -36.95 9.02818 38.8269
      vertex -36.2866 9.46852 38.8781
    endloop
  endfacet
  facet normal -1.11317e-05 0.115351 -0.993325
    outer loop
      vertex -28 -19.7457 35.4854
      vertex -37.6656 8.67763 38.7862
      vertex -36.95 9.02818 38.8269
    endloop
  endfacet
  facet normal -7.86152e-05 0.115328 -0.993327
    outer loop
      vertex -28 -19.7457 35.4854
      vertex -37.8755 8.60686 38.778
      vertex -37.6656 8.67763 38.7862
    endloop
  endfacet
  facet normal 5.20751e-05 0.115373 -0.993322
    outer loop
      vertex -28 -19.7457 35.4854
      vertex -38.4212 8.42286 38.7566
      vertex -37.8755 8.60686 38.778
    endloop
  endfacet
  facet normal -6.75385e-05 0.11533 -0.993327
    outer loop
      vertex -28 -19.7457 35.4854
      vertex -39.2038 8.26823 38.7387
      vertex -38.4212 8.42286 38.7566
    endloop
  endfacet
  facet normal 8.76118e-05 0.115391 -0.99332
    outer loop
      vertex -28 -19.7457 35.4854
      vertex -39.7788 8.23079 38.7343
      vertex -39.2038 8.26823 38.7387
    endloop
  endfacet
  facet normal -0.0003108 0.115225 -0.993339
    outer loop
      vertex -28 -19.7457 35.4854
      vertex -40 8.2164 38.7327
      vertex -39.7788 8.23079 38.7343
    endloop
  endfacet
  facet normal 0 0.115357 -0.993324
    outer loop
      vertex -52 -19.7457 35.4854
      vertex -40 8.2164 38.7327
      vertex -28 -19.7457 35.4854
    endloop
  endfacet
  facet normal 0.0003108 0.115225 -0.993339
    outer loop
      vertex -40 8.2164 38.7327
      vertex -52 -19.7457 35.4854
      vertex -40.2212 8.23079 38.7343
    endloop
  endfacet
  facet normal -8.76118e-05 0.115391 -0.99332
    outer loop
      vertex -40.2212 8.23079 38.7343
      vertex -52 -19.7457 35.4854
      vertex -40.7962 8.26823 38.7387
    endloop
  endfacet
  facet normal 6.75385e-05 0.11533 -0.993327
    outer loop
      vertex -40.7962 8.26823 38.7387
      vertex -52 -19.7457 35.4854
      vertex -41.5788 8.42286 38.7566
    endloop
  endfacet
  facet normal -5.20751e-05 0.115373 -0.993322
    outer loop
      vertex -41.5788 8.42286 38.7566
      vertex -52 -19.7457 35.4854
      vertex -42.1245 8.60686 38.778
    endloop
  endfacet
  facet normal 7.86152e-05 0.115328 -0.993327
    outer loop
      vertex -42.1245 8.60686 38.778
      vertex -52 -19.7457 35.4854
      vertex -42.3344 8.67763 38.7862
    endloop
  endfacet
  facet normal 1.11317e-05 0.115351 -0.993325
    outer loop
      vertex -42.3344 8.67763 38.7862
      vertex -52 -19.7457 35.4854
      vertex -43.05 9.02818 38.8269
    endloop
  endfacet
  facet normal -7.87832e-05 0.115379 -0.993322
    outer loop
      vertex -43.05 9.02818 38.8269
      vertex -52 -19.7457 35.4854
      vertex -43.7134 9.46852 38.8781
    endloop
  endfacet
  facet normal 0.00028123 0.115278 -0.993333
    outer loop
      vertex -43.7134 9.46852 38.8781
      vertex -52 -19.7457 35.4854
      vertex -43.8801 9.61369 38.8949
    endloop
  endfacet
  facet normal -0.000127712 0.115389 -0.99332
    outer loop
      vertex -43.8801 9.61369 38.8949
      vertex -52 -19.7457 35.4854
      vertex -44.3134 9.99112 38.9388
    endloop
  endfacet
  facet normal 1.1811e-06 0.115357 -0.993324
    outer loop
      vertex -44.3134 9.99112 38.9388
      vertex -52 -19.7457 35.4854
      vertex -44.8395 10.587 39.008
    endloop
  endfacet
  facet normal 0 0.115357 -0.993324
    outer loop
      vertex -66 -19.7457 35.4854
      vertex -44.8395 10.587 39.008
      vertex -52 -19.7457 35.4854
    endloop
  endfacet
  facet normal 4.07893e-06 0.115428 -0.993316
    outer loop
      vertex -71.9 14.2757 39.4363
      vertex -46.0478 13.4848 39.3445
      vertex -46.0046 13.2688 39.3194
    endloop
  endfacet
  facet normal 1.53016e-06 0.115363 -0.993323
    outer loop
      vertex -71.9 14.2757 39.4363
      vertex -46.0046 13.2688 39.3194
      vertex -45.8921 12.7074 39.2542
    endloop
  endfacet
  facet normal 4.66137e-06 0.115414 -0.993317
    outer loop
      vertex -45.6357 11.9569 39.167
      vertex -71.9 14.2757 39.4363
      vertex -45.8921 12.7074 39.2542
    endloop
  endfacet
  facet normal -4.47933e-06 0.115312 -0.993329
    outer loop
      vertex -45.3808 11.4435 39.1074
      vertex -71.9 14.2757 39.4363
      vertex -45.6357 11.9569 39.167
    endloop
  endfacet
  facet normal -2.01013e-05 0.115168 -0.993346
    outer loop
      vertex -45.2828 11.246 39.0845
      vertex -71.9 14.2757 39.4363
      vertex -45.3808 11.4435 39.1074
    endloop
  endfacet
  facet normal 3.38357e-05 0.115635 -0.993292
    outer loop
      vertex -45.1596 11.063 39.0632
      vertex -71.9 14.2757 39.4363
      vertex -45.2828 11.246 39.0845
    endloop
  endfacet
  facet normal -2.16124e-05 0.11518 -0.993345
    outer loop
      vertex -44.8395 10.587 39.008
      vertex -71.9 14.2757 39.4363
      vertex -45.1596 11.063 39.0632
    endloop
  endfacet
  facet normal 0 0.115357 -0.993324
    outer loop
      vertex -73.1605 10.587 39.008
      vertex -44.8395 10.587 39.008
      vertex -66 -19.7457 35.4854
    endloop
  endfacet
  facet normal 0 0.115358 -0.993324
    outer loop
      vertex -14 -33.1556 33.9282
      vertex -33.9522 -46.5195 32.3762
      vertex -28 -33.1556 33.9282
    endloop
  endfacet
  facet normal -6.86597e-06 0.115361 -0.993324
    outer loop
      vertex -34.0646 -45.9581 32.4414
      vertex -28 -33.1556 33.9282
      vertex -33.9522 -46.5195 32.3762
    endloop
  endfacet
  facet normal -0.000182615 0.115444 -0.993314
    outer loop
      vertex -34.1079 -45.7422 32.4665
      vertex -28 -33.1556 33.9282
      vertex -34.0646 -45.9581 32.4414
    endloop
  endfacet
  facet normal -6.93909e-05 0.115389 -0.99332
    outer loop
      vertex -34.3643 -44.9917 32.5537
      vertex -28 -33.1556 33.9282
      vertex -34.1079 -45.7422 32.4665
    endloop
  endfacet
  facet normal 7.46366e-05 0.115313 -0.993329
    outer loop
      vertex -34.7172 -44.2808 32.6362
      vertex -28 -33.1556 33.9282
      vertex -34.3643 -44.9917 32.5537
    endloop
  endfacet
  facet normal -0.000153381 0.115449 -0.993313
    outer loop
      vertex -34.8404 -44.0977 32.6575
      vertex -28 -33.1556 33.9282
      vertex -34.7172 -44.2808 32.6362
    endloop
  endfacet
  facet normal 0.000106156 0.115289 -0.993332
    outer loop
      vertex -35.1605 -43.6218 32.7127
      vertex -28 -33.1556 33.9282
      vertex -34.8404 -44.0977 32.6575
    endloop
  endfacet
  facet normal 5.63173e-06 0.115357 -0.993324
    outer loop
      vertex -35.6866 -43.0259 32.7819
      vertex -28 -33.1556 33.9282
      vertex -35.1605 -43.6218 32.7127
    endloop
  endfacet
  facet normal -7.07875e-06 0.115366 -0.993323
    outer loop
      vertex -36.2866 -42.5033 32.8426
      vertex -28 -33.1556 33.9282
      vertex -35.6866 -43.0259 32.7819
    endloop
  endfacet
  facet normal -6.17742e-05 0.115414 -0.993317
    outer loop
      vertex -36.95 -42.063 32.8938
      vertex -28 -33.1556 33.9282
      vertex -36.2866 -42.5033 32.8426
    endloop
  endfacet
  facet normal 1.35193e-05 0.11534 -0.993326
    outer loop
      vertex -37.6656 -41.7124 32.9345
      vertex -28 -33.1556 33.9282
      vertex -36.95 -42.063 32.8938
    endloop
  endfacet
  facet normal 8.95e-05 0.115255 -0.993336
    outer loop
      vertex -38.2113 -41.5284 32.9558
      vertex -28 -33.1556 33.9282
      vertex -37.6656 -41.7124 32.9345
    endloop
  endfacet
  facet normal -0.000259621 0.115675 -0.993287
    outer loop
      vertex -38.4212 -41.4576 32.9641
      vertex -28 -33.1556 33.9282
      vertex -38.2113 -41.5284 32.9558
    endloop
  endfacet
  facet normal 5.44012e-05 0.115286 -0.993332
    outer loop
      vertex -39.2038 -41.303 32.982
      vertex -28 -33.1556 33.9282
      vertex -38.4212 -41.4576 32.9641
    endloop
  endfacet
  facet normal -0.000113974 0.115515 -0.993306
    outer loop
      vertex -39.425 -41.2886 32.9837
      vertex -28 -33.1556 33.9282
      vertex -39.2038 -41.303 32.982
    endloop
  endfacet
  facet normal 6.85868e-05 0.115261 -0.993335
    outer loop
      vertex -40 -41.2512 32.988
      vertex -28 -33.1556 33.9282
      vertex -39.425 -41.2886 32.9837
    endloop
  endfacet
  facet normal -6.85868e-05 0.115261 -0.993335
    outer loop
      vertex -52 -33.1556 33.9282
      vertex -40 -41.2512 32.988
      vertex -40.575 -41.2886 32.9837
    endloop
  endfacet
  facet normal 0.000113974 0.115515 -0.993306
    outer loop
      vertex -52 -33.1556 33.9282
      vertex -40.575 -41.2886 32.9837
      vertex -40.7962 -41.303 32.982
    endloop
  endfacet
  facet normal -5.44012e-05 0.115286 -0.993332
    outer loop
      vertex -52 -33.1556 33.9282
      vertex -40.7962 -41.303 32.982
      vertex -41.5788 -41.4576 32.9641
    endloop
  endfacet
  facet normal 0.000259621 0.115675 -0.993287
    outer loop
      vertex -52 -33.1556 33.9282
      vertex -41.5788 -41.4576 32.9641
      vertex -41.7887 -41.5284 32.9558
    endloop
  endfacet
  facet normal -8.95e-05 0.115255 -0.993336
    outer loop
      vertex -52 -33.1556 33.9282
      vertex -41.7887 -41.5284 32.9558
      vertex -42.3344 -41.7124 32.9345
    endloop
  endfacet
  facet normal -1.35193e-05 0.11534 -0.993326
    outer loop
      vertex -52 -33.1556 33.9282
      vertex -42.3344 -41.7124 32.9345
      vertex -43.05 -42.063 32.8938
    endloop
  endfacet
  facet normal 0.000153381 0.115449 -0.993313
    outer loop
      vertex -52 -33.1556 33.9282
      vertex -45.1596 -44.0977 32.6575
      vertex -45.2828 -44.2808 32.6362
    endloop
  endfacet
  facet normal 6.86597e-06 0.115361 -0.993324
    outer loop
      vertex -52 -33.1556 33.9282
      vertex -45.9354 -45.9581 32.4414
      vertex -46.0478 -46.5195 32.3762
    endloop
  endfacet
  facet normal 0 0.115362 -0.993324
    outer loop
      vertex -40 -41.2512 32.988
      vertex -52 -33.1556 33.9282
      vertex -28 -33.1556 33.9282
    endloop
  endfacet
  facet normal 6.17742e-05 0.115414 -0.993317
    outer loop
      vertex -43.7134 -42.5033 32.8426
      vertex -52 -33.1556 33.9282
      vertex -43.05 -42.063 32.8938
    endloop
  endfacet
  facet normal 7.07875e-06 0.115366 -0.993323
    outer loop
      vertex -44.3134 -43.0259 32.7819
      vertex -52 -33.1556 33.9282
      vertex -43.7134 -42.5033 32.8426
    endloop
  endfacet
  facet normal -5.63173e-06 0.115357 -0.993324
    outer loop
      vertex -44.8395 -43.6218 32.7127
      vertex -52 -33.1556 33.9282
      vertex -44.3134 -43.0259 32.7819
    endloop
  endfacet
  facet normal -0.000106156 0.115289 -0.993332
    outer loop
      vertex -45.1596 -44.0977 32.6575
      vertex -52 -33.1556 33.9282
      vertex -44.8395 -43.6218 32.7127
    endloop
  endfacet
  facet normal -7.46366e-05 0.115313 -0.993329
    outer loop
      vertex -45.6357 -44.9917 32.5537
      vertex -52 -33.1556 33.9282
      vertex -45.2828 -44.2808 32.6362
    endloop
  endfacet
  facet normal 6.93909e-05 0.115389 -0.99332
    outer loop
      vertex -45.8921 -45.7422 32.4665
      vertex -52 -33.1556 33.9282
      vertex -45.6357 -44.9917 32.5537
    endloop
  endfacet
  facet normal 0.000182615 0.115444 -0.993314
    outer loop
      vertex -45.9354 -45.9581 32.4414
      vertex -52 -33.1556 33.9282
      vertex -45.8921 -45.7422 32.4665
    endloop
  endfacet
  facet normal 0 0.115296 -0.993331
    outer loop
      vertex -71.9 -47.3104 32.2844
      vertex -46.0478 -46.5195 32.3762
      vertex -46.1 -47.3104 32.2844
    endloop
  endfacet
  facet normal 0 0.115351 -0.993325
    outer loop
      vertex -8.04781 15.0666 39.5282
      vertex -33.9522 15.0666 39.5282
      vertex -14 28.4305 41.0801
    endloop
  endfacet
  facet normal 0 0.115351 -0.993325
    outer loop
      vertex -14 28.4305 41.0801
      vertex -33.9522 15.0666 39.5282
      vertex -28 28.4305 41.0801
    endloop
  endfacet
  facet normal 0.00012856 0.115295 -0.993331
    outer loop
      vertex -34.1079 15.8439 39.6184
      vertex -28 28.4305 41.0801
      vertex -33.9522 15.0666 39.5282
    endloop
  endfacet
  facet normal -5.07991e-05 0.11538 -0.993321
    outer loop
      vertex -34.3643 16.5945 39.7056
      vertex -28 28.4305 41.0801
      vertex -34.1079 15.8439 39.6184
    endloop
  endfacet
  facet normal 5.98919e-05 0.115322 -0.993328
    outer loop
      vertex -34.7172 17.3053 39.7881
      vertex -28 28.4305 41.0801
      vertex -34.3643 16.5945 39.7056
    endloop
  endfacet
  facet normal -3.40273e-05 0.115378 -0.993322
    outer loop
      vertex -35.0374 17.7813 39.8434
      vertex -28 28.4305 41.0801
      vertex -34.7172 17.3053 39.7881
    endloop
  endfacet
  facet normal -0.000195645 0.115483 -0.993309
    outer loop
      vertex -35.1605 17.9643 39.8647
      vertex -28 28.4305 41.0801
      vertex -35.0374 17.7813 39.8434
    endloop
  endfacet
  facet normal 0.000116745 0.115272 -0.993334
    outer loop
      vertex -35.3067 18.1299 39.8839
      vertex -28 28.4305 41.0801
      vertex -35.1605 17.9643 39.8647
    endloop
  endfacet
  facet normal -4.29489e-05 0.115384 -0.993321
    outer loop
      vertex -35.6866 18.5602 39.9339
      vertex -28 28.4305 41.0801
      vertex -35.3067 18.1299 39.8839
    endloop
  endfacet
  facet normal -1.23016e-05 0.11536 -0.993324
    outer loop
      vertex -36.2866 19.0828 39.9946
      vertex -28 28.4305 41.0801
      vertex -35.6866 18.5602 39.9339
    endloop
  endfacet
  facet normal 7.01244e-06 0.115344 -0.993326
    outer loop
      vertex -36.4708 19.2051 40.0088
      vertex -28 28.4305 41.0801
      vertex -36.2866 19.0828 39.9946
    endloop
  endfacet
  facet normal 5.07137e-05 0.115304 -0.99333
    outer loop
      vertex -36.95 19.5232 40.0457
      vertex -28 28.4305 41.0801
      vertex -36.4708 19.2051 40.0088
    endloop
  endfacet
  facet normal -9.83122e-06 0.115364 -0.993323
    outer loop
      vertex -37.4668 19.7763 40.0751
      vertex -28 28.4305 41.0801
      vertex -36.95 19.5232 40.0457
    endloop
  endfacet
  facet normal 3.55378e-05 0.115315 -0.993329
    outer loop
      vertex -37.6656 19.8737 40.0864
      vertex -28 28.4305 41.0801
      vertex -37.4668 19.7763 40.0751
    endloop
  endfacet
  facet normal -9.62582e-06 0.115365 -0.993323
    outer loop
      vertex -38.4212 20.1285 40.116
      vertex -28 28.4305 41.0801
      vertex -37.6656 19.8737 40.0864
    endloop
  endfacet
  facet normal -6.62129e-05 0.115435 -0.993315
    outer loop
      vertex -38.6386 20.1714 40.121
      vertex -28 28.4305 41.0801
      vertex -38.4212 20.1285 40.116
    endloop
  endfacet
  facet normal -4.01695e-05 0.115402 -0.993319
    outer loop
      vertex -39.2038 20.2831 40.134
      vertex -28 28.4305 41.0801
      vertex -38.6386 20.1714 40.121
    endloop
  endfacet
  facet normal 8.65769e-05 0.11523 -0.993339
    outer loop
      vertex -39.7788 20.3206 40.1383
      vertex -28 28.4305 41.0801
      vertex -39.2038 20.2831 40.134
    endloop
  endfacet
  facet normal -0.000113777 0.115517 -0.993305
    outer loop
      vertex -40 20.335 40.14
      vertex -28 28.4305 41.0801
      vertex -39.7788 20.3206 40.1383
    endloop
  endfacet
  facet normal 0.000113777 0.115517 -0.993305
    outer loop
      vertex -52 28.4305 41.0801
      vertex -40 20.335 40.14
      vertex -40.2212 20.3206 40.1383
    endloop
  endfacet
  facet normal -8.65769e-05 0.11523 -0.993339
    outer loop
      vertex -52 28.4305 41.0801
      vertex -40.2212 20.3206 40.1383
      vertex -40.7962 20.2831 40.134
    endloop
  endfacet
  facet normal 4.01695e-05 0.115402 -0.993319
    outer loop
      vertex -52 28.4305 41.0801
      vertex -40.7962 20.2831 40.134
      vertex -41.3614 20.1714 40.121
    endloop
  endfacet
  facet normal 6.62129e-05 0.115435 -0.993315
    outer loop
      vertex -52 28.4305 41.0801
      vertex -41.3614 20.1714 40.121
      vertex -41.5788 20.1285 40.116
    endloop
  endfacet
  facet normal 9.62582e-06 0.115365 -0.993323
    outer loop
      vertex -52 28.4305 41.0801
      vertex -41.5788 20.1285 40.116
      vertex -42.3344 19.8737 40.0864
    endloop
  endfacet
  facet normal -3.55378e-05 0.115315 -0.993329
    outer loop
      vertex -52 28.4305 41.0801
      vertex -42.3344 19.8737 40.0864
      vertex -42.5332 19.7763 40.0751
    endloop
  endfacet
  facet normal 9.83122e-06 0.115364 -0.993323
    outer loop
      vertex -52 28.4305 41.0801
      vertex -42.5332 19.7763 40.0751
      vertex -43.05 19.5232 40.0457
    endloop
  endfacet
  facet normal -0.000116745 0.115272 -0.993334
    outer loop
      vertex -52 28.4305 41.0801
      vertex -44.6933 18.1299 39.8839
      vertex -44.8395 17.9643 39.8647
    endloop
  endfacet
  facet normal 0 0.115293 -0.993331
    outer loop
      vertex -71.9 14.2757 39.4363
      vertex -46.0855 14.4954 39.4618
      vertex -46.1 14.2757 39.4363
    endloop
  endfacet
  facet normal -8.93747e-08 0.115293 -0.993331
    outer loop
      vertex -71.9 14.2757 39.4363
      vertex -46.0623 13.7045 39.37
      vertex -46.0478 13.4848 39.3445
    endloop
  endfacet
  facet normal 0 0.115351 -0.993325
    outer loop
      vertex -40 20.335 40.14
      vertex -52 28.4305 41.0801
      vertex -28 28.4305 41.0801
    endloop
  endfacet
  facet normal -5.07137e-05 0.115304 -0.99333
    outer loop
      vertex -43.5292 19.2051 40.0088
      vertex -52 28.4305 41.0801
      vertex -43.05 19.5232 40.0457
    endloop
  endfacet
  facet normal -7.01244e-06 0.115344 -0.993326
    outer loop
      vertex -43.7134 19.0828 39.9946
      vertex -52 28.4305 41.0801
      vertex -43.5292 19.2051 40.0088
    endloop
  endfacet
  facet normal 1.23016e-05 0.11536 -0.993324
    outer loop
      vertex -44.3134 18.5602 39.9339
      vertex -52 28.4305 41.0801
      vertex -43.7134 19.0828 39.9946
    endloop
  endfacet
  facet normal 4.29489e-05 0.115384 -0.993321
    outer loop
      vertex -44.6933 18.1299 39.8839
      vertex -52 28.4305 41.0801
      vertex -44.3134 18.5602 39.9339
    endloop
  endfacet
  facet normal 0.000195645 0.115483 -0.993309
    outer loop
      vertex -44.9626 17.7813 39.8434
      vertex -52 28.4305 41.0801
      vertex -44.8395 17.9643 39.8647
    endloop
  endfacet
  facet normal 3.40273e-05 0.115378 -0.993322
    outer loop
      vertex -45.2828 17.3053 39.7881
      vertex -52 28.4305 41.0801
      vertex -44.9626 17.7813 39.8434
    endloop
  endfacet
  facet normal -5.98919e-05 0.115322 -0.993328
    outer loop
      vertex -45.6357 16.5945 39.7056
      vertex -52 28.4305 41.0801
      vertex -45.2828 17.3053 39.7881
    endloop
  endfacet
  facet normal 5.07991e-05 0.11538 -0.993321
    outer loop
      vertex -45.8921 15.8439 39.6184
      vertex -52 28.4305 41.0801
      vertex -45.6357 16.5945 39.7056
    endloop
  endfacet
  facet normal -0.00012856 0.115295 -0.993331
    outer loop
      vertex -46.0478 15.0666 39.5282
      vertex -52 28.4305 41.0801
      vertex -45.8921 15.8439 39.6184
    endloop
  endfacet
  facet normal 0 0.115297 -0.993331
    outer loop
      vertex -71.9 14.2757 39.4363
      vertex -46.1 14.2757 39.4363
      vertex -46.0623 13.7045 39.37
    endloop
  endfacet
  facet normal 5.77999e-05 0.115497 -0.993308
    outer loop
      vertex 28.875 58.9753 44.6272
      vertex 1.6895 69.7427 45.8776
      vertex 1.7 69.9018 45.8961
    endloop
  endfacet
  facet normal -0.000116753 0.115062 -0.993358
    outer loop
      vertex 28.875 58.9753 44.6272
      vertex 1.68546 69.6814 45.8705
      vertex 1.6895 69.7427 45.8776
    endloop
  endfacet
  facet normal 0.000124144 0.115666 -0.993288
    outer loop
      vertex 28.875 58.9753 44.6272
      vertex 1.6734 69.6213 45.8635
      vertex 1.68546 69.6814 45.8705
    endloop
  endfacet
  facet normal -0.000170594 0.114923 -0.993374
    outer loop
      vertex 28.875 58.9753 44.6272
      vertex 1.64207 69.4648 45.8454
      vertex 1.6734 69.6213 45.8635
    endloop
  endfacet
  facet normal 7.30479e-06 0.115379 -0.993322
    outer loop
      vertex 28.875 58.9753 44.6272
      vertex 1.57059 69.2556 45.8211
      vertex 1.64207 69.4648 45.8454
    endloop
  endfacet
  facet normal -4.1578e-05 0.11525 -0.993336
    outer loop
      vertex 28.875 58.9753 44.6272
      vertex 1.49956 69.1125 45.8045
      vertex 1.57059 69.2556 45.8211
    endloop
  endfacet
  facet normal 7.05331e-05 0.115549 -0.993302
    outer loop
      vertex 28.875 58.9753 44.6272
      vertex 1.47224 69.0575 45.7981
      vertex 1.49956 69.1125 45.8045
    endloop
  endfacet
  facet normal -0.00013157 0.115007 -0.993365
    outer loop
      vertex 28.875 58.9753 44.6272
      vertex 1.43793 69.0065 45.7922
      vertex 1.47224 69.0575 45.7981
    endloop
  endfacet
  facet normal 0.000220113 0.115956 -0.993254
    outer loop
      vertex 28.875 58.9753 44.6272
      vertex 1.3487 68.8739 45.7767
      vertex 1.43793 69.0065 45.7922
    endloop
  endfacet
  facet normal -7.97772e-05 0.115133 -0.99335
    outer loop
      vertex 28.875 58.9753 44.6272
      vertex 1.24281 68.7539 45.7628
      vertex 1.3487 68.8739 45.7767
    endloop
  endfacet
  facet normal -0.000311658 0.114487 -0.993425
    outer loop
      vertex 28.875 58.9753 44.6272
      vertex 1.20208 68.7078 45.7575
      vertex 1.24281 68.7539 45.7628
    endloop
  endfacet
  facet normal -5.40434e-05 0.115337 -0.993326
    outer loop
      vertex 10 41.8404 42.6374
      vertex 1.15564 68.6673 45.7528
      vertex 1.20208 68.7078 45.7575
    endloop
  endfacet
  facet normal -0.000107652 0.115319 -0.993328
    outer loop
      vertex 10 41.8404 42.6374
      vertex 1.03489 68.5621 45.7406
      vertex 1.15564 68.6673 45.7528
    endloop
  endfacet
  facet normal 6.60297e-05 0.115377 -0.993322
    outer loop
      vertex 10 41.8404 42.6374
      vertex 0.901359 68.4735 45.7303
      vertex 1.03489 68.5621 45.7406
    endloop
  endfacet
  facet normal 0.000630089 0.115567 -0.993299
    outer loop
      vertex 10 41.8404 42.6374
      vertex 0.849999 68.4394 45.7263
      vertex 0.901359 68.4735 45.7303
    endloop
  endfacet
  facet normal -0.000194992 0.115287 -0.993332
    outer loop
      vertex 10 41.8404 42.6374
      vertex 0.650561 68.3417 45.715
      vertex 0.849999 68.4394 45.7263
    endloop
  endfacet
  facet normal 0.000230854 0.115435 -0.993315
    outer loop
      vertex 10 41.8404 42.6374
      vertex 0.439992 68.2707 45.7067
      vertex 0.650561 68.3417 45.715
    endloop
  endfacet
  facet normal 0.00027671 0.115452 -0.993313
    outer loop
      vertex 10 41.8404 42.6374
      vertex 0.379409 68.2588 45.7053
      vertex 0.439992 68.2707 45.7067
    endloop
  endfacet
  facet normal -0.000136313 0.115303 -0.99333
    outer loop
      vertex 10 41.8404 42.6374
      vertex 0.221894 68.2276 45.7017
      vertex 0.379409 68.2588 45.7053
    endloop
  endfacet
  facet normal -4.68126e-05 0.115336 -0.993327
    outer loop
      vertex 10 41.8404 42.6374
      vertex 0.0616373 68.2172 45.7005
      vertex 0.221894 68.2276 45.7017
    endloop
  endfacet
  facet normal 0.000558212 0.115561 -0.9933
    outer loop
      vertex 10 41.8404 42.6374
      vertex 0 68.2132 45.7
      vertex 0.0616373 68.2172 45.7005
    endloop
  endfacet
  facet normal -0.000586406 0.115133 -0.99335
    outer loop
      vertex 10 41.8404 42.6374
      vertex -0.0616373 68.2172 45.7005
      vertex 0 68.2132 45.7
    endloop
  endfacet
  facet normal 4.91744e-05 0.115372 -0.993322
    outer loop
      vertex 10 41.8404 42.6374
      vertex -0.221894 68.2276 45.7017
      vertex -0.0616373 68.2172 45.7005
    endloop
  endfacet
  facet normal 0 0.115353 -0.993325
    outer loop
      vertex -14 41.8404 42.6374
      vertex -0.221894 68.2276 45.7017
      vertex 10 41.8404 42.6374
    endloop
  endfacet
  facet normal 0.000132604 0.115285 -0.993332
    outer loop
      vertex -0.221894 68.2276 45.7017
      vertex -14 41.8404 42.6374
      vertex -0.379409 68.2588 45.7053
    endloop
  endfacet
  facet normal -0.000269236 0.115489 -0.993309
    outer loop
      vertex -0.379409 68.2588 45.7053
      vertex -14 41.8404 42.6374
      vertex -0.439992 68.2707 45.7067
    endloop
  endfacet
  facet normal -0.00022081 0.115465 -0.993312
    outer loop
      vertex -0.439992 68.2707 45.7067
      vertex -14 41.8404 42.6374
      vertex -0.650561 68.3417 45.715
    endloop
  endfacet
  facet normal 0.000183428 0.115264 -0.993335
    outer loop
      vertex -0.650561 68.3417 45.715
      vertex -14 41.8404 42.6374
      vertex -0.849999 68.4394 45.7263
    endloop
  endfacet
  facet normal -0.00058272 0.115637 -0.993291
    outer loop
      vertex -0.849999 68.4394 45.7263
      vertex -14 41.8404 42.6374
      vertex -0.901359 68.4735 45.7303
    endloop
  endfacet
  facet normal -6.10685e-05 0.115384 -0.993321
    outer loop
      vertex -0.901359 68.4735 45.7303
      vertex -14 41.8404 42.6374
      vertex -1.03489 68.5621 45.7406
    endloop
  endfacet
  facet normal 9.77842e-05 0.115308 -0.99333
    outer loop
      vertex -1.03489 68.5621 45.7406
      vertex -14 41.8404 42.6374
      vertex -1.15564 68.6673 45.7528
    endloop
  endfacet
  facet normal 4.9086e-05 0.115331 -0.993327
    outer loop
      vertex -1.15564 68.6673 45.7528
      vertex -14 41.8404 42.6374
      vertex -1.20208 68.7078 45.7575
    endloop
  endfacet
  facet normal 0.00084893 0.114955 -0.99337
    outer loop
      vertex -1.20208 68.7078 45.7575
      vertex -14 41.8404 42.6374
      vertex -1.24281 68.7539 45.7628
    endloop
  endfacet
  facet normal 0.000215493 0.115252 -0.993336
    outer loop
      vertex -1.24281 68.7539 45.7628
      vertex -14 41.8404 42.6374
      vertex -1.3487 68.8739 45.7767
    endloop
  endfacet
  facet normal -0.000667429 0.115659 -0.993289
    outer loop
      vertex -1.3487 68.8739 45.7767
      vertex -14 41.8404 42.6374
      vertex -1.43793 69.0065 45.7922
    endloop
  endfacet
  facet normal 0.000388316 0.115178 -0.993345
    outer loop
      vertex -1.43793 69.0065 45.7922
      vertex -14 41.8404 42.6374
      vertex -1.47224 69.0575 45.7981
    endloop
  endfacet
  facet normal -0.000243329 0.115464 -0.993312
    outer loop
      vertex -1.47224 69.0575 45.7981
      vertex -14 41.8404 42.6374
      vertex -1.49956 69.1125 45.8045
    endloop
  endfacet
  facet normal -0.979803 -0.0419285 -0.195519
    outer loop
      vertex -1.68546 69.6814 45.8705
      vertex -1.7 69.9018 45.8961
      vertex -1.6895 69.7427 45.8776
    endloop
  endfacet
  facet normal -0.000299288 0.115631 -0.993292
    outer loop
      vertex -1.6734 69.6213 45.8635
      vertex -28 41.8404 42.6374
      vertex -1.68546 69.6814 45.8705
    endloop
  endfacet
  facet normal 0.000408129 0.11497 -0.993369
    outer loop
      vertex -1.64207 69.4648 45.8454
      vertex -28 41.8404 42.6374
      vertex -1.6734 69.6213 45.8635
    endloop
  endfacet
  facet normal -2.11327e-05 0.115374 -0.993322
    outer loop
      vertex -1.57059 69.2556 45.8211
      vertex -28 41.8404 42.6374
      vertex -1.64207 69.4648 45.8454
    endloop
  endfacet
  facet normal 0 0.115354 -0.993324
    outer loop
      vertex -28 41.8404 42.6374
      vertex -1.57059 69.2556 45.8211
      vertex -14 41.8404 42.6374
    endloop
  endfacet
  facet normal 0.000132006 0.115295 -0.993331
    outer loop
      vertex -1.49956 69.1125 45.8045
      vertex -14 41.8404 42.6374
      vertex -1.57059 69.2556 45.8211
    endloop
  endfacet
  facet normal -4.81962e-06 0.115293 -0.993332
    outer loop
      vertex 4.0855 14.4954 39.4618
      vertex 28.875 11.2957 39.0903
      vertex 4.1 14.2757 39.4363
    endloop
  endfacet
  facet normal -4.26197e-06 0.115298 -0.993331
    outer loop
      vertex 28.875 11.2957 39.0903
      vertex 4.06231 13.7045 39.37
      vertex 4.1 14.2757 39.4363
    endloop
  endfacet
  facet normal -4.65137e-06 0.115294 -0.993331
    outer loop
      vertex 28.875 11.2957 39.0903
      vertex 4.04781 13.4848 39.3445
      vertex 4.06231 13.7045 39.37
    endloop
  endfacet
  facet normal 7.13681e-06 0.115426 -0.993316
    outer loop
      vertex 28.875 11.2957 39.0903
      vertex 4.00457 13.2688 39.3194
      vertex 4.04781 13.4848 39.3445
    endloop
  endfacet
  facet normal 2.05751e-06 0.115362 -0.993323
    outer loop
      vertex 28.875 11.2957 39.0903
      vertex 3.89215 12.7074 39.2542
      vertex 4.00457 13.2688 39.3194
    endloop
  endfacet
  facet normal 4.84868e-06 0.115411 -0.993318
    outer loop
      vertex 28.875 11.2957 39.0903
      vertex 3.63566 11.9569 39.167
      vertex 3.89215 12.7074 39.2542
    endloop
  endfacet
  facet normal 2.25055e-06 0.115313 -0.993329
    outer loop
      vertex 28.875 11.2957 39.0903
      vertex 3.38079 11.4435 39.1074
      vertex 3.63566 11.9569 39.167
    endloop
  endfacet
  facet normal 1.44981e-06 0.115177 -0.993345
    outer loop
      vertex 28.875 11.2957 39.0903
      vertex 3.28275 11.246 39.0845
      vertex 3.38079 11.4435 39.1074
    endloop
  endfacet
  facet normal 5.92503e-07 0.115613 -0.993294
    outer loop
      vertex 28.875 11.2957 39.0903
      vertex 3.15962 11.063 39.0632
      vertex 3.28275 11.246 39.0845
    endloop
  endfacet
  facet normal 4.45477e-06 0.115191 -0.993343
    outer loop
      vertex 28.875 11.2957 39.0903
      vertex 2.83945 10.587 39.008
      vertex 3.15962 11.063 39.0632
    endloop
  endfacet
  facet normal -7.32141e-08 0.115356 -0.993324
    outer loop
      vertex 28.875 11.2957 39.0903
      vertex 2.31335 9.99112 38.9388
      vertex 2.83945 10.587 39.008
    endloop
  endfacet
  facet normal 0.000127722 0.115389 -0.99332
    outer loop
      vertex 10 -19.7457 35.4854
      vertex 1.88009 9.61369 38.8949
      vertex 2.31335 9.99112 38.9388
    endloop
  endfacet
  facet normal -0.000281297 0.115278 -0.993333
    outer loop
      vertex 10 -19.7457 35.4854
      vertex 1.71344 9.46852 38.8781
      vertex 1.88009 9.61369 38.8949
    endloop
  endfacet
  facet normal 7.87792e-05 0.115379 -0.993322
    outer loop
      vertex 10 -19.7457 35.4854
      vertex 1.05 9.02818 38.8269
      vertex 1.71344 9.46852 38.8781
    endloop
  endfacet
  facet normal -1.11313e-05 0.115351 -0.993325
    outer loop
      vertex 10 -19.7457 35.4854
      vertex 0.334369 8.67763 38.7862
      vertex 1.05 9.02818 38.8269
    endloop
  endfacet
  facet normal -7.86215e-05 0.115328 -0.993327
    outer loop
      vertex 10 -19.7457 35.4854
      vertex 0.124488 8.60686 38.778
      vertex 0.334369 8.67763 38.7862
    endloop
  endfacet
  facet normal 5.20758e-05 0.115373 -0.993322
    outer loop
      vertex 10 -19.7457 35.4854
      vertex -0.421204 8.42286 38.7566
      vertex 0.124488 8.60686 38.778
    endloop
  endfacet
  facet normal -6.75396e-05 0.11533 -0.993327
    outer loop
      vertex 10 -19.7457 35.4854
      vertex -1.20379 8.26823 38.7387
      vertex -0.421204 8.42286 38.7566
    endloop
  endfacet
  facet normal 8.76059e-05 0.115391 -0.99332
    outer loop
      vertex 10 -19.7457 35.4854
      vertex -1.77883 8.23079 38.7343
      vertex -1.20379 8.26823 38.7387
    endloop
  endfacet
  facet normal -0.000310841 0.115225 -0.993339
    outer loop
      vertex 10 -19.7457 35.4854
      vertex -2 8.2164 38.7327
      vertex -1.77883 8.23079 38.7343
    endloop
  endfacet
  facet normal 0 0.115357 -0.993324
    outer loop
      vertex -14 -19.7457 35.4854
      vertex -2 8.2164 38.7327
      vertex 10 -19.7457 35.4854
    endloop
  endfacet
  facet normal 0.000310841 0.115225 -0.993339
    outer loop
      vertex -2 8.2164 38.7327
      vertex -14 -19.7457 35.4854
      vertex -2.22117 8.23079 38.7343
    endloop
  endfacet
  facet normal -8.76059e-05 0.115391 -0.99332
    outer loop
      vertex -2.22117 8.23079 38.7343
      vertex -14 -19.7457 35.4854
      vertex -2.79621 8.26823 38.7387
    endloop
  endfacet
  facet normal 6.75393e-05 0.11533 -0.993327
    outer loop
      vertex -2.79621 8.26823 38.7387
      vertex -14 -19.7457 35.4854
      vertex -3.5788 8.42286 38.7566
    endloop
  endfacet
  facet normal -5.2076e-05 0.115373 -0.993322
    outer loop
      vertex -3.5788 8.42286 38.7566
      vertex -14 -19.7457 35.4854
      vertex -4.12449 8.60686 38.778
    endloop
  endfacet
  facet normal 7.86219e-05 0.115328 -0.993327
    outer loop
      vertex -4.12449 8.60686 38.778
      vertex -14 -19.7457 35.4854
      vertex -4.33437 8.67763 38.7862
    endloop
  endfacet
  facet normal 1.11313e-05 0.115351 -0.993325
    outer loop
      vertex -4.33437 8.67763 38.7862
      vertex -14 -19.7457 35.4854
      vertex -5.05 9.02818 38.8269
    endloop
  endfacet
  facet normal -7.87792e-05 0.115379 -0.993322
    outer loop
      vertex -5.05 9.02818 38.8269
      vertex -14 -19.7457 35.4854
      vertex -5.71344 9.46852 38.8781
    endloop
  endfacet
  facet normal 0.000281297 0.115278 -0.993333
    outer loop
      vertex -5.71344 9.46852 38.8781
      vertex -14 -19.7457 35.4854
      vertex -5.88009 9.61369 38.8949
    endloop
  endfacet
  facet normal -0.000127722 0.115389 -0.99332
    outer loop
      vertex -5.88009 9.61369 38.8949
      vertex -14 -19.7457 35.4854
      vertex -6.31335 9.99112 38.9388
    endloop
  endfacet
  facet normal 1.18109e-06 0.115357 -0.993324
    outer loop
      vertex -6.31335 9.99112 38.9388
      vertex -14 -19.7457 35.4854
      vertex -6.83945 10.587 39.008
    endloop
  endfacet
  facet normal 0 0.115357 -0.993324
    outer loop
      vertex -28 -19.7457 35.4854
      vertex -6.83945 10.587 39.008
      vertex -14 -19.7457 35.4854
    endloop
  endfacet
  facet normal -8.93747e-08 0.115293 -0.993331
    outer loop
      vertex -33.9 14.2757 39.4363
      vertex -8.06231 13.7045 39.37
      vertex -8.04781 13.4848 39.3445
    endloop
  endfacet
  facet normal 1.53015e-06 0.115363 -0.993323
    outer loop
      vertex -33.9 14.2757 39.4363
      vertex -8.00457 13.2688 39.3194
      vertex -7.89215 12.7074 39.2542
    endloop
  endfacet
  facet normal 4.66141e-06 0.115414 -0.993317
    outer loop
      vertex -7.63566 11.9569 39.167
      vertex -33.9 14.2757 39.4363
      vertex -7.89215 12.7074 39.2542
    endloop
  endfacet
  facet normal -4.4793e-06 0.115312 -0.993329
    outer loop
      vertex -7.38079 11.4435 39.1074
      vertex -33.9 14.2757 39.4363
      vertex -7.63566 11.9569 39.167
    endloop
  endfacet
  facet normal -2.01017e-05 0.115168 -0.993346
    outer loop
      vertex -7.28275 11.246 39.0845
      vertex -33.9 14.2757 39.4363
      vertex -7.38079 11.4435 39.1074
    endloop
  endfacet
  facet normal 3.3834e-05 0.115635 -0.993292
    outer loop
      vertex -7.15962 11.063 39.0632
      vertex -33.9 14.2757 39.4363
      vertex -7.28275 11.246 39.0845
    endloop
  endfacet
  facet normal -2.16128e-05 0.11518 -0.993345
    outer loop
      vertex -6.83945 10.587 39.008
      vertex -33.9 14.2757 39.4363
      vertex -7.15962 11.063 39.0632
    endloop
  endfacet
  facet normal 0 0.115357 -0.993324
    outer loop
      vertex -35.1605 10.587 39.008
      vertex -6.83945 10.587 39.008
      vertex -28 -19.7457 35.4854
    endloop
  endfacet
  facet normal -0.000231259 0.115517 -0.993306
    outer loop
      vertex 110 77.5 46.7785
      vertex 104.689 69.7427 45.8776
      vertex 104.7 69.9018 45.8961
    endloop
  endfacet
  facet normal -0.00112544 0.114669 -0.993403
    outer loop
      vertex 104.642 -68.7265 29.7973
      vertex 110 -77.5 28.7785
      vertex 104.673 -68.883 29.7792
    endloop
  endfacet
  facet normal 0.000500298 0.115022 -0.993363
    outer loop
      vertex 110 77.5 46.7785
      vertex 104.685 69.6814 45.8705
      vertex 104.689 69.7427 45.8776
    endloop
  endfacet
  facet normal 0.000329417 0.115546 -0.993302
    outer loop
      vertex 104.571 -68.5174 29.8216
      vertex 110 -77.5 28.7785
      vertex 104.642 -68.7265 29.7973
    endloop
  endfacet
  facet normal -0.000701779 0.115829 -0.993269
    outer loop
      vertex 110 77.5 46.7785
      vertex 104.673 69.6213 45.8635
      vertex 104.685 69.6814 45.8705
    endloop
  endfacet
  facet normal -3.12493e-06 0.115354 -0.993324
    outer loop
      vertex 110 -77.5 28.7785
      vertex 96.875 11.2957 39.0903
      vertex 110 77.5 46.7785
    endloop
  endfacet
  facet normal 0.000999458 0.114694 -0.9934
    outer loop
      vertex 110 77.5 46.7785
      vertex 104.642 69.4648 45.8454
      vertex 104.673 69.6213 45.8635
    endloop
  endfacet
  facet normal -0.000204368 0.115227 -0.993339
    outer loop
      vertex 104.472 -68.3193 29.8446
      vertex 110 -77.5 28.7785
      vertex 104.571 -68.5174 29.8216
    endloop
  endfacet
  facet normal -3.63113e-06 0.115354 -0.993324
    outer loop
      vertex 104.472 69.0575 45.7981
      vertex 110 77.5 46.7785
      vertex 96.875 11.2957 39.0903
    endloop
  endfacet
  facet normal -9.17529e-05 0.115412 -0.993318
    outer loop
      vertex 110 77.5 46.7785
      vertex 104.571 69.2556 45.8211
      vertex 104.642 69.4648 45.8454
    endloop
  endfacet
  facet normal 1.19255e-05 0.115356 -0.993324
    outer loop
      vertex 110 -77.5 28.7785
      vertex 104.472 -68.3193 29.8446
      vertex 96.875 11.2957 39.0903
    endloop
  endfacet
  facet normal 0.000761876 0.114857 -0.993382
    outer loop
      vertex 110 77.5 46.7785
      vertex 104.5 69.1125 45.8045
      vertex 104.571 69.2556 45.8211
    endloop
  endfacet
  facet normal -0.00161496 0.116395 -0.993202
    outer loop
      vertex 110 77.5 46.7785
      vertex 104.472 69.0575 45.7981
      vertex 104.5 69.1125 45.8045
    endloop
  endfacet
  facet normal 0.000136209 0.115368 -0.993323
    outer loop
      vertex 96.875 11.2957 39.0903
      vertex 104.472 -68.3193 29.8446
      vertex 104.383 -68.1866 29.86
    endloop
  endfacet
  facet normal -0.00263317 0.115109 -0.993349
    outer loop
      vertex 96.875 11.2957 39.0903
      vertex 104.383 -68.1866 29.86
      vertex 104.349 -68.1356 29.866
    endloop
  endfacet
  facet normal -0.000821124 0.11546 -0.993312
    outer loop
      vertex 104.472 69.0575 45.7981
      vertex 96.875 11.2957 39.0903
      vertex 104.438 69.0065 45.7922
    endloop
  endfacet
  facet normal 0.00145113 0.115489 -0.993308
    outer loop
      vertex 96.875 11.2957 39.0903
      vertex 104.349 -68.1356 29.866
      vertex 104.308 -68.0895 29.8713
    endloop
  endfacet
  facet normal 0.00140479 0.115172 -0.993345
    outer loop
      vertex 104.438 69.0065 45.7922
      vertex 96.875 11.2957 39.0903
      vertex 104.349 68.8739 45.7767
    endloop
  endfacet
  facet normal -0.000675102 0.115292 -0.993331
    outer loop
      vertex 96.875 11.2957 39.0903
      vertex 104.308 -68.0895 29.8713
      vertex 104.202 -67.9695 29.8853
    endloop
  endfacet
  facet normal -0.000387494 0.115402 -0.993319
    outer loop
      vertex 104.349 68.8739 45.7767
      vertex 96.875 11.2957 39.0903
      vertex 104.243 68.7539 45.7628
    endloop
  endfacet
  facet normal -0.00151439 0.115544 -0.993301
    outer loop
      vertex 104.243 68.7539 45.7628
      vertex 96.875 11.2957 39.0903
      vertex 104.202 68.7078 45.7575
    endloop
  endfacet
  facet normal 0.000149845 0.115368 -0.993323
    outer loop
      vertex 96.875 11.2957 39.0903
      vertex 104.202 -67.9695 29.8853
      vertex 104.081 -67.8643 29.8975
    endloop
  endfacet
  facet normal -0.00019654 0.115336 -0.993326
    outer loop
      vertex 96.875 11.2957 39.0903
      vertex 104.081 -67.8643 29.8975
      vertex 104.035 -67.8239 29.9022
    endloop
  endfacet
  facet normal 1.2433e-05 0.115352 -0.993325
    outer loop
      vertex 96.875 58.9753 44.6272
      vertex 104.202 68.7078 45.7575
      vertex 96.875 11.2957 39.0903
    endloop
  endfacet
  facet normal 0.0025345 0.117369 -0.993085
    outer loop
      vertex 85.6357 -44.9917 32.5537
      vertex 104.035 -67.8239 29.9022
      vertex 103.984 -67.7898 29.9061
    endloop
  endfacet
  facet normal -0.000226362 0.115529 -0.993304
    outer loop
      vertex 104.202 68.7078 45.7575
      vertex 96.875 58.9753 44.6272
      vertex 104.156 68.6673 45.7528
    endloop
  endfacet
  facet normal -0.000168931 0.115223 -0.99334
    outer loop
      vertex 85.6357 -44.9917 32.5537
      vertex 103.984 -67.7898 29.9061
      vertex 103.85 -67.7012 29.9164
    endloop
  endfacet
  facet normal -0.000416879 0.115671 -0.993288
    outer loop
      vertex 104.156 68.6673 45.7528
      vertex 96.875 58.9753 44.6272
      vertex 104.035 68.5621 45.7406
    endloop
  endfacet
  facet normal -1.4022e-05 0.115344 -0.993326
    outer loop
      vertex 85.8922 -45.7422 32.4665
      vertex 103.85 -67.7012 29.9164
      vertex 103.706 -67.6306 29.9246
    endloop
  endfacet
  facet normal -0.00159454 0.114074 -0.993471
    outer loop
      vertex 85.8922 -45.7422 32.4665
      vertex 103.706 -67.6306 29.9246
      vertex 103.651 -67.6035 29.9278
    endloop
  endfacet
  facet normal 0.000147873 0.115254 -0.993336
    outer loop
      vertex 104.035 68.5621 45.7406
      vertex 96.875 58.9753 44.6272
      vertex 103.901 68.4735 45.7303
    endloop
  endfacet
  facet normal -1.65071e-05 0.115337 -0.993326
    outer loop
      vertex 86.0478 -46.5195 32.3762
      vertex 103.651 -67.6035 29.9278
      vertex 103.592 -67.5837 29.9301
    endloop
  endfacet
  facet normal 0.000414624 0.115692 -0.993285
    outer loop
      vertex 86.0478 -46.5195 32.3762
      vertex 103.592 -67.5837 29.9301
      vertex 103.44 -67.5325 29.936
    endloop
  endfacet
  facet normal 0.00153018 0.114245 -0.993451
    outer loop
      vertex 103.901 68.4735 45.7303
      vertex 96.875 58.9753 44.6272
      vertex 103.85 68.4394 45.7263
    endloop
  endfacet
  facet normal -0.000361765 0.115621 -0.993293
    outer loop
      vertex 103.85 68.4394 45.7263
      vertex 96.875 58.9753 44.6272
      vertex 103.651 68.3417 45.715
    endloop
  endfacet
  facet normal 2.86352e-05 0.115379 -0.993322
    outer loop
      vertex 86.1 -47.3104 32.2844
      vertex 103.44 -67.5325 29.936
      vertex 103.222 -67.4894 29.941
    endloop
  endfacet
  facet normal 0.00033704 0.115123 -0.993351
    outer loop
      vertex 103.651 68.3417 45.715
      vertex 96.875 58.9753 44.6272
      vertex 103.44 68.2707 45.7067
    endloop
  endfacet
  facet normal 0.000340351 0.11512 -0.993352
    outer loop
      vertex 103.44 68.2707 45.7067
      vertex 96.875 58.9753 44.6272
      vertex 103.379 68.2588 45.7053
    endloop
  endfacet
  facet normal -7.66764e-05 0.115286 -0.993332
    outer loop
      vertex 86.0478 -48.1013 32.1925
      vertex 103.222 -67.4894 29.941
      vertex 103 -67.4749 29.9427
    endloop
  endfacet
  facet normal -0.000171112 0.115474 -0.993311
    outer loop
      vertex 103.379 68.2588 45.7053
      vertex 96.875 58.9753 44.6272
      vertex 103.222 68.2276 45.7017
    endloop
  endfacet
  facet normal -5.05945e-05 0.115392 -0.99332
    outer loop
      vertex 103.222 68.2276 45.7017
      vertex 96.875 58.9753 44.6272
      vertex 103.062 68.2172 45.7005
    endloop
  endfacet
  facet normal 6.83848e-05 0.115411 -0.993318
    outer loop
      vertex 86.0478 -48.1013 32.1925
      vertex 103 -67.4749 29.9427
      vertex 102.778 -67.4894 29.941
    endloop
  endfacet
  facet normal 0.000593847 0.114967 -0.993369
    outer loop
      vertex 103.062 68.2172 45.7005
      vertex 96.875 58.9753 44.6272
      vertex 103 68.2132 45.7
    endloop
  endfacet
  facet normal -0.000545079 0.115712 -0.993283
    outer loop
      vertex 103 68.2132 45.7
      vertex 96.875 58.9753 44.6272
      vertex 102.938 68.2172 45.7005
    endloop
  endfacet
  facet normal -2.04544e-05 0.115339 -0.993326
    outer loop
      vertex 85.8922 -48.8787 32.1023
      vertex 102.778 -67.4894 29.941
      vertex 102.56 -67.5325 29.936
    endloop
  endfacet
  facet normal 4.64141e-05 0.115329 -0.993327
    outer loop
      vertex 102.938 68.2172 45.7005
      vertex 96.875 58.9753 44.6272
      vertex 102.778 68.2276 45.7017
    endloop
  endfacet
  facet normal -0.000227155 0.115142 -0.993349
    outer loop
      vertex 85.6357 -49.6292 32.0151
      vertex 102.56 -67.5325 29.936
      vertex 102.408 -67.5837 29.9301
    endloop
  endfacet
  facet normal 8.81665e-06 0.11536 -0.993324
    outer loop
      vertex 85.6357 -49.6292 32.0151
      vertex 102.408 -67.5837 29.9301
      vertex 102.349 -67.6035 29.9278
    endloop
  endfacet
  facet normal 0.000131159 0.115275 -0.993334
    outer loop
      vertex 102.778 68.2276 45.7017
      vertex 96.875 58.9753 44.6272
      vertex 102.621 68.2588 45.7053
    endloop
  endfacet
  facet normal 0.000644011 0.115977 -0.993252
    outer loop
      vertex 85.2828 -50.3401 31.9325
      vertex 102.349 -67.6035 29.9278
      vertex 102.294 -67.6306 29.9246
    endloop
  endfacet
  facet normal 6.55609e-06 0.115359 -0.993324
    outer loop
      vertex 85.2828 -50.3401 31.9325
      vertex 102.294 -67.6306 29.9246
      vertex 102.15 -67.7012 29.9164
    endloop
  endfacet
  facet normal -0.000262165 0.115516 -0.993306
    outer loop
      vertex 102.621 68.2588 45.7053
      vertex 96.875 58.9753 44.6272
      vertex 102.56 68.2707 45.7067
    endloop
  endfacet
  facet normal -0.00021308 0.115486 -0.993309
    outer loop
      vertex 102.56 68.2707 45.7067
      vertex 96.875 58.9753 44.6272
      vertex 102.349 68.3417 45.715
    endloop
  endfacet
  facet normal 5.01414e-05 0.1154 -0.993319
    outer loop
      vertex 85.2828 -50.3401 31.9325
      vertex 102.15 -67.7012 29.9164
      vertex 102.016 -67.7898 29.9061
    endloop
  endfacet
  facet normal -0.000711729 0.114679 -0.993402
    outer loop
      vertex 85.2828 -50.3401 31.9325
      vertex 102.016 -67.7898 29.9061
      vertex 101.965 -67.8239 29.9022
    endloop
  endfacet
  facet normal 0.000181273 0.115259 -0.993336
    outer loop
      vertex 102.349 68.3417 45.715
      vertex 96.875 58.9753 44.6272
      vertex 102.15 68.4394 45.7263
    endloop
  endfacet
  facet normal 9.69317e-05 0.115448 -0.993313
    outer loop
      vertex 84.8395 -50.9991 31.856
      vertex 101.965 -67.8239 29.9022
      vertex 101.919 -67.8643 29.8975
    endloop
  endfacet
  facet normal -0.000565332 0.115669 -0.993288
    outer loop
      vertex 102.15 68.4394 45.7263
      vertex 96.875 58.9753 44.6272
      vertex 102.099 68.4735 45.7303
    endloop
  endfacet
  facet normal -7.21576e-05 0.115279 -0.993333
    outer loop
      vertex 84.8395 -50.9991 31.856
      vertex 101.919 -67.8643 29.8975
      vertex 101.798 -67.9695 29.8853
    endloop
  endfacet
  facet normal -5.54005e-05 0.115392 -0.99332
    outer loop
      vertex 102.099 68.4735 45.7303
      vertex 96.875 58.9753 44.6272
      vertex 101.965 68.5621 45.7406
    endloop
  endfacet
  facet normal 0.00010002 0.115311 -0.993329
    outer loop
      vertex 101.965 68.5621 45.7406
      vertex 96.875 58.9753 44.6272
      vertex 101.844 68.6673 45.7528
    endloop
  endfacet
  facet normal 0.000275407 0.115641 -0.993291
    outer loop
      vertex 84.3134 -51.595 31.7868
      vertex 101.798 -67.9695 29.8853
      vertex 101.692 -68.0895 29.8713
    endloop
  endfacet
  facet normal -0.000594184 0.114737 -0.993396
    outer loop
      vertex 84.3134 -51.595 31.7868
      vertex 101.692 -68.0895 29.8713
      vertex 101.651 -68.1356 29.866
    endloop
  endfacet
  facet normal 5.28074e-05 0.115335 -0.993327
    outer loop
      vertex 101.844 68.6673 45.7528
      vertex 96.875 58.9753 44.6272
      vertex 101.798 68.7078 45.7575
    endloop
  endfacet
  facet normal 0.000845856 0.116285 -0.993216
    outer loop
      vertex 83.7134 -52.1176 31.7261
      vertex 101.651 -68.1356 29.866
      vertex 101.617 -68.1866 29.86
    endloop
  endfacet
  facet normal 0.000832455 0.114946 -0.993371
    outer loop
      vertex 101.798 68.7078 45.7575
      vertex 96.875 58.9753 44.6272
      vertex 101.757 68.7539 45.7628
    endloop
  endfacet
  facet normal -4.40741e-05 0.115307 -0.99333
    outer loop
      vertex 83.7134 -52.1176 31.7261
      vertex 101.617 -68.1866 29.86
      vertex 101.528 -68.3193 29.8446
    endloop
  endfacet
  facet normal 0.000213965 0.11525 -0.993336
    outer loop
      vertex 101.757 68.7539 45.7628
      vertex 96.875 58.9753 44.6272
      vertex 101.651 68.8739 45.7767
    endloop
  endfacet
  facet normal -0.000658968 0.115666 -0.993288
    outer loop
      vertex 101.651 68.8739 45.7767
      vertex 96.875 58.9753 44.6272
      vertex 101.562 69.0065 45.7922
    endloop
  endfacet
  facet normal -1.66521e-05 0.115336 -0.993326
    outer loop
      vertex 83.7134 -52.1176 31.7261
      vertex 101.528 -68.3193 29.8446
      vertex 101.429 -68.5174 29.8216
    endloop
  endfacet
  facet normal 0.000395421 0.11518 -0.993345
    outer loop
      vertex 101.562 69.0065 45.7922
      vertex 96.875 58.9753 44.6272
      vertex 101.528 69.0575 45.7981
    endloop
  endfacet
  facet normal 5.3878e-05 0.115417 -0.993317
    outer loop
      vertex 83.05 -52.5579 31.675
      vertex 101.429 -68.5174 29.8216
      vertex 101.358 -68.7265 29.7973
    endloop
  endfacet
  facet normal -0.000233611 0.115466 -0.993311
    outer loop
      vertex 101.528 69.0575 45.7981
      vertex 96.875 58.9753 44.6272
      vertex 101.5 69.1125 45.8045
    endloop
  endfacet
  facet normal -0.000339388 0.114955 -0.993371
    outer loop
      vertex 82.3344 -52.9085 31.6343
      vertex 101.358 -68.7265 29.7973
      vertex 101.327 -68.883 29.7792
    endloop
  endfacet
  facet normal 0.000139562 0.115298 -0.993331
    outer loop
      vertex 101.5 69.1125 45.8045
      vertex 96.875 58.9753 44.6272
      vertex 101.429 69.2556 45.8211
    endloop
  endfacet
  facet normal 0.000107497 0.11548 -0.99331
    outer loop
      vertex 82.3344 -52.9085 31.6343
      vertex 101.327 -68.883 29.7792
      vertex 101.315 -68.9432 29.7722
    endloop
  endfacet
  facet normal -2.79885e-05 0.115372 -0.993322
    outer loop
      vertex 101.429 69.2556 45.8211
      vertex 96.875 58.9753 44.6272
      vertex 101.358 69.4648 45.8454
    endloop
  endfacet
  facet normal 0.000762703 0.115038 -0.993361
    outer loop
      vertex 101.358 69.4648 45.8454
      vertex 96.875 58.9753 44.6272
      vertex 101.327 69.6213 45.8635
    endloop
  endfacet
  facet normal 1.78542e-05 0.115376 -0.993322
    outer loop
      vertex 81.5788 -53.1633 31.6047
      vertex 101.315 -68.9432 29.7722
      vertex 101.3 -69.1636 29.7466
    endloop
  endfacet
  facet normal -0.000553715 0.115581 -0.993298
    outer loop
      vertex 101.327 69.6213 45.8635
      vertex 96.875 58.9753 44.6272
      vertex 101.315 69.6814 45.8705
    endloop
  endfacet
  facet normal 4.05681e-05 0.115379 -0.993321
    outer loop
      vertex 104.685 -68.9432 29.7722
      vertex 110 -77.5 28.7785
      vertex 104.7 -69.1636 29.7466
    endloop
  endfacet
  facet normal 0.000108181 0.115422 -0.993317
    outer loop
      vertex 110 -77.5 28.7785
      vertex 104.689 -69.3228 29.7281
      vertex 104.7 -69.1636 29.7466
    endloop
  endfacet
  facet normal -0.000159382 0.11525 -0.993336
    outer loop
      vertex 110 -77.5 28.7785
      vertex 104.685 -69.384 29.721
      vertex 104.689 -69.3228 29.7281
    endloop
  endfacet
  facet normal 0.000174931 0.115466 -0.993311
    outer loop
      vertex 110 -77.5 28.7785
      vertex 104.673 -69.4442 29.714
      vertex 104.685 -69.384 29.721
    endloop
  endfacet
  facet normal 0.000278268 0.115534 -0.993304
    outer loop
      vertex 110 -77.5 28.7785
      vertex 104.642 -69.6006 29.6958
      vertex 104.673 -69.4442 29.714
    endloop
  endfacet
  facet normal -0.000781414 0.114825 -0.993385
    outer loop
      vertex 110 -77.5 28.7785
      vertex 104.622 -69.6587 29.6891
      vertex 104.642 -69.6006 29.6958
    endloop
  endfacet
  facet normal -0.000302226 0.115149 -0.993348
    outer loop
      vertex 110 -77.5 28.7785
      vertex 104.571 -69.8098 29.6716
      vertex 104.622 -69.6587 29.6891
    endloop
  endfacet
  facet normal 0.000468323 0.115686 -0.993286
    outer loop
      vertex 110 -77.5 28.7785
      vertex 104.5 -69.9529 29.6549
      vertex 104.571 -69.8098 29.6716
    endloop
  endfacet
  facet normal 0.000192236 0.115487 -0.993309
    outer loop
      vertex 110 -77.5 28.7785
      vertex 104.472 -70.0079 29.6485
      vertex 104.5 -69.9529 29.6549
    endloop
  endfacet
  facet normal 1.15951e-05 0.115356 -0.993324
    outer loop
      vertex 110 -77.5 28.7785
      vertex 104.383 -70.1405 29.6331
      vertex 104.472 -70.0079 29.6485
    endloop
  endfacet
  facet normal -0.000460413 0.115 -0.993365
    outer loop
      vertex 110 -77.5 28.7785
      vertex 104.349 -70.1916 29.6272
      vertex 104.383 -70.1405 29.6331
    endloop
  endfacet
  facet normal -0.000117901 0.115262 -0.993335
    outer loop
      vertex 110 -77.5 28.7785
      vertex 104.243 -70.3115 29.6133
      vertex 104.349 -70.1916 29.6272
    endloop
  endfacet
  facet normal 0.000591607 0.115822 -0.99327
    outer loop
      vertex 110 -77.5 28.7785
      vertex 104.202 -70.3576 29.6079
      vertex 104.243 -70.3115 29.6133
    endloop
  endfacet
  facet normal -3.77676e-05 0.115318 -0.993329
    outer loop
      vertex 110 -77.5 28.7785
      vertex 104.156 -70.3981 29.6032
      vertex 104.202 -70.3576 29.6079
    endloop
  endfacet
  facet normal -7.76678e-05 0.115286 -0.993332
    outer loop
      vertex 110 -77.5 28.7785
      vertex 104.035 -70.5033 29.591
      vertex 104.156 -70.3981 29.6032
    endloop
  endfacet
  facet normal 5.31941e-05 0.115396 -0.99332
    outer loop
      vertex 110 -77.5 28.7785
      vertex 103.901 -70.5919 29.5807
      vertex 104.035 -70.5033 29.591
    endloop
  endfacet
  facet normal -0.000733016 0.114711 -0.993399
    outer loop
      vertex 110 -77.5 28.7785
      vertex 103.85 -70.626 29.5768
      vertex 103.901 -70.5919 29.5807
    endloop
  endfacet
  facet normal 0.000186519 0.115523 -0.993305
    outer loop
      vertex 110 -77.5 28.7785
      vertex 103.651 -70.7237 29.5654
      vertex 103.85 -70.626 29.5768
    endloop
  endfacet
  facet normal -0.000160703 0.115202 -0.993342
    outer loop
      vertex 110 -77.5 28.7785
      vertex 103.44 -70.7947 29.5572
      vertex 103.651 -70.7237 29.5654
    endloop
  endfacet
  facet normal 8.76124e-05 0.115441 -0.993314
    outer loop
      vertex 110 -77.5 28.7785
      vertex 103.379 -70.8067 29.5558
      vertex 103.44 -70.7947 29.5572
    endloop
  endfacet
  facet normal -6.1769e-05 0.115296 -0.993331
    outer loop
      vertex 110 -77.5 28.7785
      vertex 103.222 -70.8378 29.5522
      vertex 103.379 -70.8067 29.5558
    endloop
  endfacet
  facet normal -4.53117e-05 0.115312 -0.993329
    outer loop
      vertex 110 -77.5 28.7785
      vertex 103.062 -70.8482 29.551
      vertex 103.222 -70.8378 29.5522
    endloop
  endfacet
  facet normal 0.000532325 0.115906 -0.99326
    outer loop
      vertex 110 -77.5 28.7785
      vertex 103 -70.8522 29.5505
      vertex 103.062 -70.8482 29.551
    endloop
  endfacet
  facet normal -0.000610007 0.11472 -0.993398
    outer loop
      vertex 110 -77.5 28.7785
      vertex 102.938 -70.8482 29.551
      vertex 103 -70.8522 29.5505
    endloop
  endfacet
  facet normal 5.19695e-05 0.115413 -0.993318
    outer loop
      vertex 110 -77.5 28.7785
      vertex 102.778 -70.8378 29.5522
      vertex 102.938 -70.8482 29.551
    endloop
  endfacet
  facet normal 9.45106e-05 0.115459 -0.993312
    outer loop
      vertex 110 -77.5 28.7785
      vertex 102.621 -70.8067 29.5558
      vertex 102.778 -70.8378 29.5522
    endloop
  endfacet
  facet normal -0.00013365 0.11521 -0.993341
    outer loop
      vertex 110 -77.5 28.7785
      vertex 102.56 -70.7947 29.5572
      vertex 102.621 -70.8067 29.5558
    endloop
  endfacet
  facet normal 0.000340856 0.11573 -0.993281
    outer loop
      vertex 110 -77.5 28.7785
      vertex 102.349 -70.7237 29.5654
      vertex 102.56 -70.7947 29.5572
    endloop
  endfacet
  facet normal -0.000611086 0.114669 -0.993404
    outer loop
      vertex 110 -77.5 28.7785
      vertex 102.15 -70.626 29.5768
      vertex 102.349 -70.7237 29.5654
    endloop
  endfacet
  facet normal 0.00495109 0.120934 -0.992648
    outer loop
      vertex 110 -77.5 28.7785
      vertex 102.099 -70.5919 29.5807
      vertex 102.15 -70.626 29.5768
    endloop
  endfacet
  facet normal -0.000345611 0.114959 -0.99337
    outer loop
      vertex 110 -77.5 28.7785
      vertex 101.965 -70.5033 29.591
      vertex 102.099 -70.5919 29.5807
    endloop
  endfacet
  facet normal -0.115592 0.037693 -0.992581
    outer loop
      vertex 101.651 -70.1916 29.6272
      vertex 101.528 -70.0079 29.6485
      vertex 101.617 -70.1405 29.6331
    endloop
  endfacet
  facet normal 0.000633799 0.115095 -0.993354
    outer loop
      vertex 101.315 69.6814 45.8705
      vertex 96.875 58.9753 44.6272
      vertex 101.311 69.7427 45.8776
    endloop
  endfacet
  facet normal -7.53932e-05 0.115291 -0.993332
    outer loop
      vertex 103.44 -67.5325 29.936
      vertex 86.1 -47.3104 32.2844
      vertex 86.0478 -46.5195 32.3762
    endloop
  endfacet
  facet normal 6.47861e-05 0.115434 -0.993315
    outer loop
      vertex 80.7962 -53.3179 31.5867
      vertex 101.3 -69.1636 29.7466
      vertex 101.311 -69.3228 29.7281
    endloop
  endfacet
  facet normal -9.29822e-05 0.115234 -0.993338
    outer loop
      vertex 80.7962 -53.3179 31.5867
      vertex 101.311 -69.3228 29.7281
      vertex 101.315 -69.384 29.721
    endloop
  endfacet
  facet normal 0.000134594 0.115527 -0.993304
    outer loop
      vertex 80.575 -53.3323 31.5851
      vertex 101.315 -69.384 29.721
      vertex 101.327 -69.4442 29.714
    endloop
  endfacet
  facet normal 0.000215771 0.11563 -0.993292
    outer loop
      vertex 80.575 -53.3323 31.5851
      vertex 101.327 -69.4442 29.714
      vertex 101.358 -69.6006 29.6958
    endloop
  endfacet
  facet normal -0.000830142 0.114277 -0.993449
    outer loop
      vertex 80 -53.3697 31.5807
      vertex 101.358 -69.6006 29.6958
      vertex 101.378 -69.6587 29.6891
    endloop
  endfacet
  facet normal -0.000315986 0.114943 -0.993372
    outer loop
      vertex 80 -53.3697 31.5807
      vertex 101.378 -69.6587 29.6891
      vertex 101.429 -69.8098 29.6716
    endloop
  endfacet
  facet normal 0.000674134 0.116245 -0.99322
    outer loop
      vertex 79.2038 -53.3179 31.5867
      vertex 101.429 -69.8098 29.6716
      vertex 101.5 -69.9529 29.6549
    endloop
  endfacet
  facet normal 0.000280805 0.115725 -0.993281
    outer loop
      vertex 79.2038 -53.3179 31.5867
      vertex 101.5 -69.9529 29.6549
      vertex 101.528 -70.0079 29.6485
    endloop
  endfacet
  facet normal -0.000257828 0.115008 -0.993365
    outer loop
      vertex 78.4212 -53.1633 31.6047
      vertex 101.528 -70.0079 29.6485
      vertex 101.651 -70.1916 29.6272
    endloop
  endfacet
  facet normal -6.87195e-05 0.115298 -0.993331
    outer loop
      vertex 103.222 -67.4894 29.941
      vertex 86.0855 -47.5301 32.2589
      vertex 86.1 -47.3104 32.2844
    endloop
  endfacet
  facet normal 0.000123734 0.115461 -0.993312
    outer loop
      vertex 103.222 -67.4894 29.941
      vertex 86.0478 -48.1013 32.1925
      vertex 86.0855 -47.5301 32.2589
    endloop
  endfacet
  facet normal -9.7099e-06 0.115344 -0.993326
    outer loop
      vertex 102.778 -67.4894 29.941
      vertex 85.9354 -48.6628 32.1273
      vertex 86.0478 -48.1013 32.1925
    endloop
  endfacet
  facet normal -0.000302981 0.115086 -0.993356
    outer loop
      vertex 102.778 -67.4894 29.941
      vertex 85.8922 -48.8787 32.1023
      vertex 85.9354 -48.6628 32.1273
    endloop
  endfacet
  facet normal 0.000333585 0.115651 -0.99329
    outer loop
      vertex 102.56 -67.5325 29.936
      vertex 85.8209 -49.0872 32.078
      vertex 85.8922 -48.8787 32.1023
    endloop
  endfacet
  facet normal -6.00222e-05 0.115298 -0.993331
    outer loop
      vertex 102.56 -67.5325 29.936
      vertex 85.6357 -49.6292 32.0151
      vertex 85.8209 -49.0872 32.078
    endloop
  endfacet
  facet normal -2.653e-05 0.115327 -0.993328
    outer loop
      vertex 102.349 -67.6035 29.9278
      vertex 85.3808 -50.1426 31.9555
      vertex 85.6357 -49.6292 32.0151
    endloop
  endfacet
  facet normal 0.000221709 0.115565 -0.9933
    outer loop
      vertex 102.349 -67.6035 29.9278
      vertex 85.2828 -50.3401 31.9325
      vertex 85.3808 -50.1426 31.9555
    endloop
  endfacet
  facet normal -2.42183e-05 0.115327 -0.993328
    outer loop
      vertex 101.965 -67.8239 29.9022
      vertex 84.8395 -50.9991 31.856
      vertex 85.2828 -50.3401 31.9325
    endloop
  endfacet
  facet normal -5.99583e-05 0.115291 -0.993332
    outer loop
      vertex 101.798 -67.9695 29.8853
      vertex 84.6933 -51.1646 31.8368
      vertex 84.8395 -50.9991 31.856
    endloop
  endfacet
  facet normal -7.87465e-05 0.11509 -0.993355
    outer loop
      vertex 43.5788 -53.1633 31.6047
      vertex 101.651 -70.1916 29.6272
      vertex 101.757 -70.3115 29.6133
    endloop
  endfacet
  facet normal 0.000399859 0.116692 -0.993168
    outer loop
      vertex 43.5788 -53.1633 31.6047
      vertex 101.757 -70.3115 29.6133
      vertex 101.798 -70.3576 29.6079
    endloop
  endfacet
  facet normal 2.30806e-05 0.115375 -0.993322
    outer loop
      vertex 101.798 -67.9695 29.8853
      vertex 84.3134 -51.595 31.7868
      vertex 84.6933 -51.1646 31.8368
    endloop
  endfacet
  facet normal -3.1273e-05 0.115319 -0.993329
    outer loop
      vertex 101.651 -68.1356 29.866
      vertex 83.8801 -51.9724 31.743
      vertex 84.3134 -51.595 31.7868
    endloop
  endfacet
  facet normal 0.000116318 0.115479 -0.99331
    outer loop
      vertex 101.651 -68.1356 29.866
      vertex 83.7134 -52.1176 31.7261
      vertex 83.8801 -51.9724 31.743
    endloop
  endfacet
  facet normal -2.77353e-05 0.115325 -0.993328
    outer loop
      vertex 101.429 -68.5174 29.8216
      vertex 83.05 -52.5579 31.675
      vertex 83.7134 -52.1176 31.7261
    endloop
  endfacet
  facet normal -5.87209e-06 0.115351 -0.993325
    outer loop
      vertex 101.358 -68.7265 29.7973
      vertex 82.5332 -52.8111 31.6456
      vertex 83.05 -52.5579 31.675
    endloop
  endfacet
  facet normal -3.58571e-05 0.115316 -0.993329
    outer loop
      vertex 101.358 -68.7265 29.7973
      vertex 82.3344 -52.9085 31.6343
      vertex 82.5332 -52.8111 31.6456
    endloop
  endfacet
  facet normal 9.61208e-06 0.115365 -0.993323
    outer loop
      vertex 101.315 -68.9432 29.7722
      vertex 81.5788 -53.1633 31.6047
      vertex 82.3344 -52.9085 31.6343
    endloop
  endfacet
  facet normal -3.39063e-05 0.115238 -0.993338
    outer loop
      vertex 42.7962 -53.3179 31.5867
      vertex 101.798 -70.3576 29.6079
      vertex 101.844 -70.3981 29.6032
    endloop
  endfacet
  facet normal -6.84805e-05 0.11512 -0.993352
    outer loop
      vertex 42.7962 -53.3179 31.5867
      vertex 101.844 -70.3981 29.6032
      vertex 101.965 -70.5033 29.591
    endloop
  endfacet
  facet normal 0 0.115351 -0.993325
    outer loop
      vertex 1.03489 -70.5033 29.591
      vertex 101.965 -70.5033 29.591
      vertex 110 -77.5 28.7785
    endloop
  endfacet
  facet normal 4.74078e-05 0.115412 -0.993318
    outer loop
      vertex 101.3 -69.1636 29.7466
      vertex 80.7962 -53.3179 31.5867
      vertex 81.5788 -53.1633 31.6047
    endloop
  endfacet
  facet normal -0.000299438 0.114974 -0.993368
    outer loop
      vertex 101.315 -69.384 29.721
      vertex 80.575 -53.3323 31.5851
      vertex 80.7962 -53.3179 31.5867
    endloop
  endfacet
  facet normal 9.02666e-05 0.115472 -0.993311
    outer loop
      vertex 101.358 -69.6006 29.6958
      vertex 80 -53.3697 31.5807
      vertex 80.575 -53.3323 31.5851
    endloop
  endfacet
  facet normal -0.000107479 0.115211 -0.993341
    outer loop
      vertex 101.429 -69.8098 29.6716
      vertex 79.425 -53.3323 31.5851
      vertex 80 -53.3697 31.5807
    endloop
  endfacet
  facet normal 0.000355289 0.115821 -0.99327
    outer loop
      vertex 101.429 -69.8098 29.6716
      vertex 79.2038 -53.3179 31.5867
      vertex 79.425 -53.3323 31.5851
    endloop
  endfacet
  facet normal -8.00311e-05 0.115249 -0.993337
    outer loop
      vertex 101.528 -70.0079 29.6485
      vertex 78.4212 -53.1633 31.6047
      vertex 79.2038 -53.3179 31.5867
    endloop
  endfacet
  facet normal 6.12869e-06 0.115376 -0.993322
    outer loop
      vertex 101.651 -70.1916 29.6272
      vertex 43.5788 -53.1633 31.6047
      vertex 44.3344 -52.9085 31.6343
    endloop
  endfacet
  facet normal -2.44027e-05 0.115322 -0.993328
    outer loop
      vertex 101.651 -70.1916 29.6272
      vertex 77.6656 -52.9085 31.6343
      vertex 78.4212 -53.1633 31.6047
    endloop
  endfacet
  facet normal 0 0.115356 -0.993324
    outer loop
      vertex 101.651 -70.1916 29.6272
      vertex 44.3344 -52.9085 31.6343
      vertex 77.6656 -52.9085 31.6343
    endloop
  endfacet
  facet normal 0 0.115243 -0.993337
    outer loop
      vertex 77.6656 -52.9085 31.6343
      vertex 44.3344 -52.9085 31.6343
      vertex 77.4668 -52.8111 31.6456
    endloop
  endfacet
  facet normal 0 0.115278 -0.993333
    outer loop
      vertex 47.8209 -49.0872 32.078
      vertex 74.1791 -49.0872 32.078
      vertex 74.3643 -49.6292 32.0151
    endloop
  endfacet
  facet normal 0 0.115026 -0.993363
    outer loop
      vertex 47.9354 -48.6628 32.1273
      vertex 74.0646 -48.6628 32.1273
      vertex 74.1078 -48.8787 32.1023
    endloop
  endfacet
  facet normal 0 0.115293 -0.993331
    outer loop
      vertex 73.9145 -47.5301 32.2589
      vertex 48.1 -47.3104 32.2844
      vertex 73.9 -47.3104 32.2844
    endloop
  endfacet
  facet normal 0 0.115469 -0.993311
    outer loop
      vertex 48.0855 -47.5301 32.2589
      vertex 73.9145 -47.5301 32.2589
      vertex 73.9522 -48.1013 32.1925
    endloop
  endfacet
  facet normal 0 0.115343 -0.993326
    outer loop
      vertex 74.0646 -48.6628 32.1273
      vertex 48.0478 -48.1013 32.1925
      vertex 73.9522 -48.1013 32.1925
    endloop
  endfacet
  facet normal 0 0.115763 -0.993277
    outer loop
      vertex 74.1791 -49.0872 32.078
      vertex 47.8209 -49.0872 32.078
      vertex 74.1078 -48.8787 32.1023
    endloop
  endfacet
  facet normal 0 0.115314 -0.993329
    outer loop
      vertex 47.6357 -49.6292 32.0151
      vertex 74.3643 -49.6292 32.0151
      vertex 74.6192 -50.1426 31.9555
    endloop
  endfacet
  facet normal 0 0.115674 -0.993287
    outer loop
      vertex 47.3808 -50.1426 31.9555
      vertex 74.6192 -50.1426 31.9555
      vertex 74.7172 -50.3401 31.9325
    endloop
  endfacet
  facet normal 0 0.115311 -0.993329
    outer loop
      vertex 47.2828 -50.3401 31.9325
      vertex 74.7172 -50.3401 31.9325
      vertex 75.1605 -50.9991 31.856
    endloop
  endfacet
  facet normal 0 0.115239 -0.993338
    outer loop
      vertex 46.8395 -50.9991 31.856
      vertex 75.1605 -50.9991 31.856
      vertex 75.3067 -51.1646 31.8368
    endloop
  endfacet
  facet normal 0 0.115395 -0.99332
    outer loop
      vertex 46.6933 -51.1646 31.8368
      vertex 75.3067 -51.1646 31.8368
      vertex 75.6866 -51.595 31.7868
    endloop
  endfacet
  facet normal 0 0.115283 -0.993333
    outer loop
      vertex 46.3134 -51.595 31.7868
      vertex 75.6866 -51.595 31.7868
      vertex 76.1199 -51.9724 31.743
    endloop
  endfacet
  facet normal 0 0.115611 -0.993295
    outer loop
      vertex 45.8801 -51.9724 31.743
      vertex 76.1199 -51.9724 31.743
      vertex 76.2866 -52.1176 31.7261
    endloop
  endfacet
  facet normal 0 0.115339 -0.993326
    outer loop
      vertex 77.4668 -52.8111 31.6456
      vertex 44.5332 -52.8111 31.6456
      vertex 76.95 -52.5579 31.675
    endloop
  endfacet
  facet normal 0 0.115293 -0.993331
    outer loop
      vertex 73.9145 -47.5301 32.2589
      vertex 48.0855 -47.5301 32.2589
      vertex 48.1 -47.3104 32.2844
    endloop
  endfacet
  facet normal 0 0.115469 -0.993311
    outer loop
      vertex 73.9522 -48.1013 32.1925
      vertex 48.0478 -48.1013 32.1925
      vertex 48.0855 -47.5301 32.2589
    endloop
  endfacet
  facet normal 0 0.115343 -0.993326
    outer loop
      vertex 74.0646 -48.6628 32.1273
      vertex 47.9354 -48.6628 32.1273
      vertex 48.0478 -48.1013 32.1925
    endloop
  endfacet
  facet normal 0 0.115026 -0.993363
    outer loop
      vertex 74.1078 -48.8787 32.1023
      vertex 47.8921 -48.8787 32.1023
      vertex 47.9354 -48.6628 32.1273
    endloop
  endfacet
  facet normal 0 0.115763 -0.993277
    outer loop
      vertex 74.1078 -48.8787 32.1023
      vertex 47.8209 -49.0872 32.078
      vertex 47.8921 -48.8787 32.1023
    endloop
  endfacet
  facet normal 0 0.115278 -0.993333
    outer loop
      vertex 74.3643 -49.6292 32.0151
      vertex 47.6357 -49.6292 32.0151
      vertex 47.8209 -49.0872 32.078
    endloop
  endfacet
  facet normal 0 0.115314 -0.993329
    outer loop
      vertex 74.6192 -50.1426 31.9555
      vertex 47.3808 -50.1426 31.9555
      vertex 47.6357 -49.6292 32.0151
    endloop
  endfacet
  facet normal 0 0.115674 -0.993287
    outer loop
      vertex 74.7172 -50.3401 31.9325
      vertex 47.2828 -50.3401 31.9325
      vertex 47.3808 -50.1426 31.9555
    endloop
  endfacet
  facet normal 0 0.115311 -0.993329
    outer loop
      vertex 75.1605 -50.9991 31.856
      vertex 46.8395 -50.9991 31.856
      vertex 47.2828 -50.3401 31.9325
    endloop
  endfacet
  facet normal 0 0.115239 -0.993338
    outer loop
      vertex 75.3067 -51.1646 31.8368
      vertex 46.6933 -51.1646 31.8368
      vertex 46.8395 -50.9991 31.856
    endloop
  endfacet
  facet normal 0 0.115395 -0.99332
    outer loop
      vertex 75.6866 -51.595 31.7868
      vertex 46.3134 -51.595 31.7868
      vertex 46.6933 -51.1646 31.8368
    endloop
  endfacet
  facet normal 0 0.115283 -0.993333
    outer loop
      vertex 76.1199 -51.9724 31.743
      vertex 45.8801 -51.9724 31.743
      vertex 46.3134 -51.595 31.7868
    endloop
  endfacet
  facet normal 0 0.115611 -0.993295
    outer loop
      vertex 76.2866 -52.1176 31.7261
      vertex 45.7134 -52.1176 31.7261
      vertex 45.8801 -51.9724 31.743
    endloop
  endfacet
  facet normal 0 0.115283 -0.993333
    outer loop
      vertex 76.2866 -52.1176 31.7261
      vertex 45.05 -52.5579 31.675
      vertex 45.7134 -52.1176 31.7261
    endloop
  endfacet
  facet normal 0 0.115283 -0.993333
    outer loop
      vertex 76.95 -52.5579 31.675
      vertex 45.05 -52.5579 31.675
      vertex 76.2866 -52.1176 31.7261
    endloop
  endfacet
  facet normal 0 0.115339 -0.993326
    outer loop
      vertex 45.05 -52.5579 31.675
      vertex 76.95 -52.5579 31.675
      vertex 44.5332 -52.8111 31.6456
    endloop
  endfacet
  facet normal 0 0.115243 -0.993337
    outer loop
      vertex 44.5332 -52.8111 31.6456
      vertex 77.4668 -52.8111 31.6456
      vertex 44.3344 -52.9085 31.6343
    endloop
  endfacet
  facet normal 3.50369e-05 0.115473 -0.993311
    outer loop
      vertex 101.798 -70.3576 29.6079
      vertex 42.7962 -53.3179 31.5867
      vertex 43.5788 -53.1633 31.6047
    endloop
  endfacet
  facet normal 0 0.115352 -0.993325
    outer loop
      vertex 101.965 -70.5033 29.591
      vertex 1.03489 -70.5033 29.591
      vertex 42.7962 -53.3179 31.5867
    endloop
  endfacet
  facet normal -0.000385313 0.116276 -0.993217
    outer loop
      vertex 42.7962 -53.3179 31.5867
      vertex 1.03489 -70.5033 29.591
      vertex 42.575 -53.3323 31.5851
    endloop
  endfacet
  facet normal 0.000116181 0.115079 -0.993356
    outer loop
      vertex 42.575 -53.3323 31.5851
      vertex 1.03489 -70.5033 29.591
      vertex 42 -53.3697 31.5807
    endloop
  endfacet
  facet normal 0.000127025 0.115054 -0.993359
    outer loop
      vertex 1.15564 -70.3981 29.6032
      vertex 42 -53.3697 31.5807
      vertex 1.03489 -70.5033 29.591
    endloop
  endfacet
  facet normal 6.35883e-05 0.115204 -0.993342
    outer loop
      vertex 1.20208 -70.3576 29.6079
      vertex 42 -53.3697 31.5807
      vertex 1.15564 -70.3981 29.6032
    endloop
  endfacet
  facet normal -0.000658755 0.116915 -0.993142
    outer loop
      vertex 1.24281 -70.3115 29.6133
      vertex 42 -53.3697 31.5807
      vertex 1.20208 -70.3576 29.6079
    endloop
  endfacet
  facet normal -7.96696e-05 0.11552 -0.993305
    outer loop
      vertex 1.7 -69.1636 29.7466
      vertex 38.1199 -51.9724 31.743
      vertex 38.2866 -52.1176 31.7261
    endloop
  endfacet
  facet normal 0 0.115293 -0.993331
    outer loop
      vertex 4.1 -47.3104 32.2844
      vertex 35.9 -47.3104 32.2844
      vertex 35.9145 -47.5301 32.2589
    endloop
  endfacet
  facet normal 0 0.115469 -0.993311
    outer loop
      vertex 4.0855 -47.5301 32.2589
      vertex 35.9145 -47.5301 32.2589
      vertex 35.9522 -48.1013 32.1925
    endloop
  endfacet
  facet normal 3.34967e-06 0.115355 -0.993324
    outer loop
      vertex 35.9 -47.3104 32.2844
      vertex 10 -19.7457 35.4854
      vertex 28.875 11.2957 39.0903
    endloop
  endfacet
  facet normal -3.82971e-06 0.115348 -0.993325
    outer loop
      vertex 35.9 -47.3104 32.2844
      vertex 10 -33.1556 33.9282
      vertex 10 -19.7457 35.4854
    endloop
  endfacet
  facet normal 0 0.115343 -0.993326
    outer loop
      vertex 4.04781 -48.1013 32.1925
      vertex 35.9522 -48.1013 32.1925
      vertex 36.0646 -48.6628 32.1273
    endloop
  endfacet
  facet normal 0 0.115026 -0.993363
    outer loop
      vertex 3.93539 -48.6628 32.1273
      vertex 36.0646 -48.6628 32.1273
      vertex 36.1079 -48.8787 32.1023
    endloop
  endfacet
  facet normal 0 0.115763 -0.993277
    outer loop
      vertex 3.89215 -48.8787 32.1023
      vertex 36.1079 -48.8787 32.1023
      vertex 36.1791 -49.0872 32.078
    endloop
  endfacet
  facet normal 0 0.115278 -0.993333
    outer loop
      vertex 3.8209 -49.0872 32.078
      vertex 36.1791 -49.0872 32.078
      vertex 36.3643 -49.6292 32.0151
    endloop
  endfacet
  facet normal 0 0.115314 -0.993329
    outer loop
      vertex 3.63566 -49.6292 32.0151
      vertex 36.3643 -49.6292 32.0151
      vertex 36.6192 -50.1426 31.9555
    endloop
  endfacet
  facet normal 0 0.115674 -0.993287
    outer loop
      vertex 3.38079 -50.1426 31.9555
      vertex 36.6192 -50.1426 31.9555
      vertex 36.7172 -50.3401 31.9325
    endloop
  endfacet
  facet normal 1.65339e-05 0.115322 -0.993328
    outer loop
      vertex 1.57059 -68.5174 29.8216
      vertex 36.7172 -50.3401 31.9325
      vertex 37.1605 -50.9991 31.856
    endloop
  endfacet
  facet normal 4.09024e-05 0.115275 -0.993334
    outer loop
      vertex 1.64207 -68.7265 29.7973
      vertex 37.1605 -50.9991 31.856
      vertex 37.3067 -51.1646 31.8368
    endloop
  endfacet
  facet normal -1.46694e-05 0.115382 -0.993321
    outer loop
      vertex 1.68546 -68.9432 29.7722
      vertex 37.3067 -51.1646 31.8368
      vertex 37.6866 -51.595 31.7868
    endloop
  endfacet
  facet normal 2.18784e-05 0.115308 -0.99333
    outer loop
      vertex 38.1199 -51.9724 31.743
      vertex 1.7 -69.1636 29.7466
      vertex 37.6866 -51.595 31.7868
    endloop
  endfacet
  facet normal 0 0.115296 -0.993331
    outer loop
      vertex 35.9 -47.3104 32.2844
      vertex 4.1 -47.3104 32.2844
      vertex 4.04781 -46.5195 32.3762
    endloop
  endfacet
  facet normal 1.91853e-05 0.115312 -0.993329
    outer loop
      vertex 1.68546 -69.384 29.721
      vertex 38.2866 -52.1176 31.7261
      vertex 38.95 -52.5579 31.675
    endloop
  endfacet
  facet normal 4.24777e-06 0.115347 -0.993325
    outer loop
      vertex 1.64207 -69.6006 29.6958
      vertex 38.95 -52.5579 31.675
      vertex 39.4668 -52.8111 31.6456
    endloop
  endfacet
  facet normal 2.67604e-05 0.115297 -0.993331
    outer loop
      vertex 1.64207 -69.6006 29.6958
      vertex 39.4668 -52.8111 31.6456
      vertex 39.6656 -52.9085 31.6343
    endloop
  endfacet
  facet normal -8.4921e-05 0.115553 -0.993301
    outer loop
      vertex 42 -53.3697 31.5807
      vertex 1.24281 -70.3115 29.6133
      vertex 41.425 -53.3323 31.5851
    endloop
  endfacet
  facet normal 0 0.115293 -0.993331
    outer loop
      vertex 35.9145 -47.5301 32.2589
      vertex 4.0855 -47.5301 32.2589
      vertex 4.1 -47.3104 32.2844
    endloop
  endfacet
  facet normal 0 0.115469 -0.993311
    outer loop
      vertex 35.9522 -48.1013 32.1925
      vertex 4.04781 -48.1013 32.1925
      vertex 4.0855 -47.5301 32.2589
    endloop
  endfacet
  facet normal 0 0.115343 -0.993326
    outer loop
      vertex 36.0646 -48.6628 32.1273
      vertex 3.93539 -48.6628 32.1273
      vertex 4.04781 -48.1013 32.1925
    endloop
  endfacet
  facet normal 0 0.115026 -0.993363
    outer loop
      vertex 36.1079 -48.8787 32.1023
      vertex 3.89215 -48.8787 32.1023
      vertex 3.93539 -48.6628 32.1273
    endloop
  endfacet
  facet normal -6.7916e-05 0.115487 -0.993309
    outer loop
      vertex 37.3067 -51.1646 31.8368
      vertex 1.68546 -68.9432 29.7722
      vertex 1.6734 -68.883 29.7792
    endloop
  endfacet
  facet normal 0 0.115763 -0.993277
    outer loop
      vertex 36.1791 -49.0872 32.078
      vertex 3.8209 -49.0872 32.078
      vertex 3.89215 -48.8787 32.1023
    endloop
  endfacet
  facet normal 0 0.115278 -0.993333
    outer loop
      vertex 36.3643 -49.6292 32.0151
      vertex 3.63566 -49.6292 32.0151
      vertex 3.8209 -49.0872 32.078
    endloop
  endfacet
  facet normal 0.000212447 0.114931 -0.993373
    outer loop
      vertex 37.3067 -51.1646 31.8368
      vertex 1.6734 -68.883 29.7792
      vertex 1.64207 -68.7265 29.7973
    endloop
  endfacet
  facet normal -3.44642e-05 0.115424 -0.993316
    outer loop
      vertex 37.1605 -50.9991 31.856
      vertex 1.64207 -68.7265 29.7973
      vertex 1.57059 -68.5174 29.8216
    endloop
  endfacet
  facet normal 0 0.115314 -0.993329
    outer loop
      vertex 36.6192 -50.1426 31.9555
      vertex 3.38079 -50.1426 31.9555
      vertex 3.63566 -49.6292 32.0151
    endloop
  endfacet
  facet normal 0 0.115674 -0.993287
    outer loop
      vertex 36.7172 -50.3401 31.9325
      vertex 3.28275 -50.3401 31.9325
      vertex 3.38079 -50.1426 31.9555
    endloop
  endfacet
  facet normal 0 0.115353 -0.993325
    outer loop
      vertex 36.7172 -50.3401 31.9325
      vertex 1.57059 -68.5174 29.8216
      vertex 3.28275 -50.3401 31.9325
    endloop
  endfacet
  facet normal -7.44883e-05 0.11536 -0.993324
    outer loop
      vertex 3.28275 -50.3401 31.9325
      vertex 1.57059 -68.5174 29.8216
      vertex 2.83945 -50.9991 31.856
    endloop
  endfacet
  facet normal -1.16575e-05 0.115376 -0.993322
    outer loop
      vertex 37.6866 -51.595 31.7868
      vertex 1.7 -69.1636 29.7466
      vertex 1.68546 -68.9432 29.7722
    endloop
  endfacet
  facet normal -3.77578e-05 0.115432 -0.993315
    outer loop
      vertex 38.2866 -52.1176 31.7261
      vertex 1.6895 -69.3228 29.7281
      vertex 1.7 -69.1636 29.7466
    endloop
  endfacet
  facet normal 5.52365e-05 0.115237 -0.993338
    outer loop
      vertex 38.2866 -52.1176 31.7261
      vertex 1.68546 -69.384 29.721
      vertex 1.6895 -69.3228 29.7281
    endloop
  endfacet
  facet normal -7.39477e-05 0.115515 -0.993306
    outer loop
      vertex 38.95 -52.5579 31.675
      vertex 1.6734 -69.4442 29.714
      vertex 1.68546 -69.384 29.721
    endloop
  endfacet
  facet normal -0.000118097 0.115612 -0.993294
    outer loop
      vertex 38.95 -52.5579 31.675
      vertex 1.64207 -69.6006 29.6958
      vertex 1.6734 -69.4442 29.714
    endloop
  endfacet
  facet normal 0.000417819 0.114418 -0.993433
    outer loop
      vertex 39.6656 -52.9085 31.6343
      vertex 1.62222 -69.6587 29.6891
      vertex 1.64207 -69.6006 29.6958
    endloop
  endfacet
  facet normal 0.000160943 0.114994 -0.993366
    outer loop
      vertex 39.6656 -52.9085 31.6343
      vertex 1.57059 -69.8098 29.6716
      vertex 1.62222 -69.6587 29.6891
    endloop
  endfacet
  facet normal -8.066e-06 0.11537 -0.993323
    outer loop
      vertex 40.4212 -53.1633 31.6047
      vertex 1.57059 -69.8098 29.6716
      vertex 39.6656 -52.9085 31.6343
    endloop
  endfacet
  facet normal -0.000310862 0.116067 -0.993241
    outer loop
      vertex 1.57059 -69.8098 29.6716
      vertex 40.4212 -53.1633 31.6047
      vertex 1.49956 -69.9529 29.6549
    endloop
  endfacet
  facet normal -0.000126636 0.115646 -0.993291
    outer loop
      vertex 1.49956 -69.9529 29.6549
      vertex 40.4212 -53.1633 31.6047
      vertex 1.47224 -70.0079 29.6485
    endloop
  endfacet
  facet normal -4.00489e-05 0.115448 -0.993313
    outer loop
      vertex 41.2038 -53.3179 31.5867
      vertex 1.47224 -70.0079 29.6485
      vertex 40.4212 -53.1633 31.6047
    endloop
  endfacet
  facet normal -5.43534e-06 0.115367 -0.993323
    outer loop
      vertex 1.47224 -70.0079 29.6485
      vertex 41.2038 -53.3179 31.5867
      vertex 1.38302 -70.1405 29.6331
    endloop
  endfacet
  facet normal 0.000392345 0.114438 -0.99343
    outer loop
      vertex 1.38302 -70.1405 29.6331
      vertex 41.2038 -53.3179 31.5867
      vertex 1.3487 -70.1916 29.6272
    endloop
  endfacet
  facet normal 0.000281173 0.114697 -0.9934
    outer loop
      vertex 41.425 -53.3323 31.5851
      vertex 1.3487 -70.1916 29.6272
      vertex 41.2038 -53.3179 31.5867
    endloop
  endfacet
  facet normal 0.000134186 0.115042 -0.993361
    outer loop
      vertex 1.3487 -70.1916 29.6272
      vertex 41.425 -53.3323 31.5851
      vertex 1.24281 -70.3115 29.6133
    endloop
  endfacet
  facet normal 7.365e-06 0.115464 -0.993312
    outer loop
      vertex 110 -77.5 28.7785
      vertex 0.901359 -70.5919 29.5807
      vertex 1.03489 -70.5033 29.591
    endloop
  endfacet
  facet normal -0.000100795 0.113779 -0.993506
    outer loop
      vertex 110 -77.5 28.7785
      vertex 0.849999 -70.626 29.5768
      vertex 0.901359 -70.5919 29.5807
    endloop
  endfacet
  facet normal 3.05114e-05 0.115836 -0.993268
    outer loop
      vertex 110 -77.5 28.7785
      vertex 0.650561 -70.7237 29.5654
      vertex 0.849999 -70.626 29.5768
    endloop
  endfacet
  facet normal -3.28841e-05 0.114827 -0.993386
    outer loop
      vertex 110 -77.5 28.7785
      vertex 0.439992 -70.7947 29.5572
      vertex 0.650561 -70.7237 29.5654
    endloop
  endfacet
  facet normal 2.48298e-05 0.115757 -0.993278
    outer loop
      vertex 110 -77.5 28.7785
      vertex 0.379409 -70.8067 29.5558
      vertex 0.439992 -70.7947 29.5572
    endloop
  endfacet
  facet normal -1.73924e-05 0.115075 -0.993357
    outer loop
      vertex 110 -77.5 28.7785
      vertex 0.221894 -70.8378 29.5522
      vertex 0.379409 -70.8067 29.5558
    endloop
  endfacet
  facet normal -2.33083e-05 0.114979 -0.993368
    outer loop
      vertex 110 -77.5 28.7785
      vertex 0.0616373 -70.8482 29.551
      vertex 0.221894 -70.8378 29.5522
    endloop
  endfacet
  facet normal 0.000275609 0.119852 -0.992792
    outer loop
      vertex 110 -77.5 28.7785
      vertex 0 -70.8522 29.5505
      vertex 0.0616373 -70.8482 29.551
    endloop
  endfacet
  facet normal -0.545754 -0.790058 -0.279217
    outer loop
      vertex -0.849999 -70.626 29.5768
      vertex -1.03489 -70.5033 29.591
      vertex -0.901359 -70.5919 29.5807
    endloop
  endfacet
  facet normal -0.472565 -0.218818 -0.853699
    outer loop
      vertex -1.3487 -70.1916 29.6272
      vertex -1.47224 -70.0079 29.6485
      vertex -1.38302 -70.1405 29.6331
    endloop
  endfacet
  facet normal -0.629039 -0.390666 0.672079
    outer loop
      vertex -1.47224 -70.0079 29.6485
      vertex -1.57059 -69.8098 29.6716
      vertex -1.49956 -69.9529 29.6549
    endloop
  endfacet
  facet normal 0.968241 0.209785 -0.136015
    outer loop
      vertex -1.64207 -69.6006 29.6958
      vertex -1.68546 -69.384 29.721
      vertex -1.6734 -69.4442 29.714
    endloop
  endfacet
  facet normal -0.952815 -0.0962952 0.287872
    outer loop
      vertex -1.68546 -69.384 29.721
      vertex -1.7 -69.1636 29.7466
      vertex -1.6895 -69.3228 29.7281
    endloop
  endfacet
  facet normal -9.88359e-05 0.115342 -0.993326
    outer loop
      vertex -0.439992 -67.5325 29.936
      vertex -2.57504 -53.3323 31.5851
      vertex -2 -53.3697 31.5807
    endloop
  endfacet
  facet normal 0.000325824 0.115373 -0.993322
    outer loop
      vertex -1.68546 -68.9432 29.7722
      vertex -2.79621 -53.3179 31.5867
      vertex -2.57504 -53.3323 31.5851
    endloop
  endfacet
  facet normal 1.2903e-05 0.115378 -0.993322
    outer loop
      vertex -36.2866 -52.1176 31.7261
      vertex -1.7 -69.1636 29.7466
      vertex -1.68546 -69.384 29.721
    endloop
  endfacet
  facet normal -6.0449e-05 0.115346 -0.993325
    outer loop
      vertex -1.68546 -68.9432 29.7722
      vertex -3.5788 -53.1633 31.6047
      vertex -2.79621 -53.3179 31.5867
    endloop
  endfacet
  facet normal -1.42429e-05 0.115352 -0.993325
    outer loop
      vertex -1.68546 -68.9432 29.7722
      vertex -4.33437 -52.9085 31.6343
      vertex -3.5788 -53.1633 31.6047
    endloop
  endfacet
  facet normal 5.98258e-05 0.115364 -0.993323
    outer loop
      vertex -1.68546 -68.9432 29.7722
      vertex -4.53315 -52.8111 31.6456
      vertex -4.33437 -52.9085 31.6343
    endloop
  endfacet
  facet normal 7.97336e-06 0.115355 -0.993324
    outer loop
      vertex -1.68546 -68.9432 29.7722
      vertex -5.05 -52.5579 31.675
      vertex -4.53315 -52.8111 31.6456
    endloop
  endfacet
  facet normal 5.4379e-05 0.115364 -0.993323
    outer loop
      vertex -1.68546 -68.9432 29.7722
      vertex -5.71344 -52.1176 31.7261
      vertex -5.05 -52.5579 31.675
    endloop
  endfacet
  facet normal 0.000112342 0.115586 -0.993297
    outer loop
      vertex -36.95 -52.5579 31.675
      vertex -1.68546 -69.384 29.721
      vertex -1.64207 -69.6006 29.6958
    endloop
  endfacet
  facet normal -0.000289326 0.115283 -0.993333
    outer loop
      vertex -1.68546 -68.9432 29.7722
      vertex -5.88009 -51.9724 31.743
      vertex -5.71344 -52.1176 31.7261
    endloop
  endfacet
  facet normal 7.90014e-05 0.115373 -0.993322
    outer loop
      vertex -1.68546 -68.9432 29.7722
      vertex -6.31335 -51.595 31.7868
      vertex -5.88009 -51.9724 31.743
    endloop
  endfacet
  facet normal 0 0.115352 -0.993325
    outer loop
      vertex -1.68546 -68.9432 29.7722
      vertex -35.6866 -51.595 31.7868
      vertex -6.31335 -51.595 31.7868
    endloop
  endfacet
  facet normal 0 0.115395 -0.99332
    outer loop
      vertex -6.31335 -51.595 31.7868
      vertex -35.6866 -51.595 31.7868
      vertex -6.69331 -51.1646 31.8368
    endloop
  endfacet
  facet normal 0 0.115395 -0.99332
    outer loop
      vertex -35.3067 -51.1646 31.8368
      vertex -6.69331 -51.1646 31.8368
      vertex -35.6866 -51.595 31.7868
    endloop
  endfacet
  facet normal 0 0.115239 -0.993338
    outer loop
      vertex -6.69331 -51.1646 31.8368
      vertex -35.3067 -51.1646 31.8368
      vertex -6.83945 -50.9991 31.856
    endloop
  endfacet
  facet normal 0 0.115239 -0.993338
    outer loop
      vertex -35.1605 -50.9991 31.856
      vertex -6.83945 -50.9991 31.856
      vertex -35.3067 -51.1646 31.8368
    endloop
  endfacet
  facet normal 0 0.115311 -0.993329
    outer loop
      vertex -34.7172 -50.3401 31.9325
      vertex -7.28275 -50.3401 31.9325
      vertex -35.1605 -50.9991 31.856
    endloop
  endfacet
  facet normal 0 0.115674 -0.993287
    outer loop
      vertex -34.6192 -50.1426 31.9555
      vertex -7.38079 -50.1426 31.9555
      vertex -34.7172 -50.3401 31.9325
    endloop
  endfacet
  facet normal 0 0.115026 -0.993363
    outer loop
      vertex -34.0646 -48.6628 32.1273
      vertex -7.93539 -48.6628 32.1273
      vertex -7.89215 -48.8787 32.1023
    endloop
  endfacet
  facet normal 0 0.115293 -0.993331
    outer loop
      vertex -33.9 -47.3104 32.2844
      vertex -8.1 -47.3104 32.2844
      vertex -8.0855 -47.5301 32.2589
    endloop
  endfacet
  facet normal 0 0.115469 -0.993311
    outer loop
      vertex -33.9145 -47.5301 32.2589
      vertex -8.0855 -47.5301 32.2589
      vertex -8.04781 -48.1013 32.1925
    endloop
  endfacet
  facet normal 0 0.115343 -0.993326
    outer loop
      vertex -7.93539 -48.6628 32.1273
      vertex -33.9522 -48.1013 32.1925
      vertex -8.04781 -48.1013 32.1925
    endloop
  endfacet
  facet normal 0 0.115314 -0.993329
    outer loop
      vertex -7.38079 -50.1426 31.9555
      vertex -34.6192 -50.1426 31.9555
      vertex -7.63566 -49.6292 32.0151
    endloop
  endfacet
  facet normal 0 0.115348 -0.993325
    outer loop
      vertex -28 -19.7457 35.4854
      vertex -14 -19.7457 35.4854
      vertex -14 -33.1556 33.9282
    endloop
  endfacet
  facet normal 4.07895e-06 0.115428 -0.993316
    outer loop
      vertex -33.9 14.2757 39.4363
      vertex -8.04781 13.4848 39.3445
      vertex -8.00457 13.2688 39.3194
    endloop
  endfacet
  facet normal 0 0.115348 -0.993325
    outer loop
      vertex -28 -19.7457 35.4854
      vertex -14 -33.1556 33.9282
      vertex -28 -33.1556 33.9282
    endloop
  endfacet
  facet normal 0 0.115026 -0.993363
    outer loop
      vertex -34.0646 -48.6628 32.1273
      vertex -7.89215 -48.8787 32.1023
      vertex -34.1079 -48.8787 32.1023
    endloop
  endfacet
  facet normal -0.00044538 0.114409 -0.993434
    outer loop
      vertex -37.6656 -52.9085 31.6343
      vertex -1.64207 -69.6006 29.6958
      vertex -1.62222 -69.6587 29.6891
    endloop
  endfacet
  facet normal -0.000171559 0.11499 -0.993367
    outer loop
      vertex -37.6656 -52.9085 31.6343
      vertex -1.62222 -69.6587 29.6891
      vertex -1.57059 -69.8098 29.6716
    endloop
  endfacet
  facet normal 0.00027836 0.115959 -0.993254
    outer loop
      vertex -38.4212 -53.1633 31.6047
      vertex -1.57059 -69.8098 29.6716
      vertex -1.47224 -70.0079 29.6485
    endloop
  endfacet
  facet normal -0.000112269 0.115104 -0.993353
    outer loop
      vertex -39.2038 -53.3179 31.5867
      vertex -1.47224 -70.0079 29.6485
      vertex -1.3487 -70.1916 29.6272
    endloop
  endfacet
  facet normal 0 0.115358 -0.993324
    outer loop
      vertex -8.04781 -46.5195 32.3762
      vertex -33.9522 -46.5195 32.3762
      vertex -14 -33.1556 33.9282
    endloop
  endfacet
  facet normal -0.000139355 0.115037 -0.993361
    outer loop
      vertex -40 -53.3697 31.5807
      vertex -1.3487 -70.1916 29.6272
      vertex -1.24281 -70.3115 29.6133
    endloop
  endfacet
  facet normal 0.000714134 0.116964 -0.993136
    outer loop
      vertex -40 -53.3697 31.5807
      vertex -1.24281 -70.3115 29.6133
      vertex -1.20208 -70.3576 29.6079
    endloop
  endfacet
  facet normal -6.70309e-05 0.1152 -0.993342
    outer loop
      vertex -40.7962 -53.3179 31.5867
      vertex -1.20208 -70.3576 29.6079
      vertex -1.15564 -70.3981 29.6032
    endloop
  endfacet
  facet normal -0.000134675 0.115045 -0.99336
    outer loop
      vertex -40.7962 -53.3179 31.5867
      vertex -1.15564 -70.3981 29.6032
      vertex -1.03489 -70.5033 29.591
    endloop
  endfacet
  facet normal 0 0.115296 -0.993331
    outer loop
      vertex -33.9522 -46.5195 32.3762
      vertex -8.1 -47.3104 32.2844
      vertex -33.9 -47.3104 32.2844
    endloop
  endfacet
  facet normal 0 0.115293 -0.993331
    outer loop
      vertex -8.0855 -47.5301 32.2589
      vertex -33.9145 -47.5301 32.2589
      vertex -33.9 -47.3104 32.2844
    endloop
  endfacet
  facet normal 0 0.115469 -0.993311
    outer loop
      vertex -8.04781 -48.1013 32.1925
      vertex -33.9522 -48.1013 32.1925
      vertex -33.9145 -47.5301 32.2589
    endloop
  endfacet
  facet normal 2.30741e-05 0.114996 -0.993366
    outer loop
      vertex -110 -77.5 28.7785
      vertex -1.03489 -70.5033 29.591
      vertex -0.849999 -70.626 29.5768
    endloop
  endfacet
  facet normal 0 0.115343 -0.993326
    outer loop
      vertex -7.93539 -48.6628 32.1273
      vertex -34.0646 -48.6628 32.1273
      vertex -33.9522 -48.1013 32.1925
    endloop
  endfacet
  facet normal 0 0.115763 -0.993277
    outer loop
      vertex -7.89215 -48.8787 32.1023
      vertex -34.1791 -49.0872 32.078
      vertex -34.1079 -48.8787 32.1023
    endloop
  endfacet
  facet normal 0 0.115763 -0.993277
    outer loop
      vertex -7.8209 -49.0872 32.078
      vertex -34.1791 -49.0872 32.078
      vertex -7.89215 -48.8787 32.1023
    endloop
  endfacet
  facet normal 0 0.115278 -0.993333
    outer loop
      vertex -34.1791 -49.0872 32.078
      vertex -7.8209 -49.0872 32.078
      vertex -34.3643 -49.6292 32.0151
    endloop
  endfacet
  facet normal 0 0.115278 -0.993333
    outer loop
      vertex -7.63566 -49.6292 32.0151
      vertex -34.3643 -49.6292 32.0151
      vertex -7.8209 -49.0872 32.078
    endloop
  endfacet
  facet normal 0 0.115314 -0.993329
    outer loop
      vertex -34.3643 -49.6292 32.0151
      vertex -7.63566 -49.6292 32.0151
      vertex -34.6192 -50.1426 31.9555
    endloop
  endfacet
  facet normal 0 0.115674 -0.993287
    outer loop
      vertex -7.28275 -50.3401 31.9325
      vertex -34.7172 -50.3401 31.9325
      vertex -7.38079 -50.1426 31.9555
    endloop
  endfacet
  facet normal 0 0.115311 -0.993329
    outer loop
      vertex -6.83945 -50.9991 31.856
      vertex -35.1605 -50.9991 31.856
      vertex -7.28275 -50.3401 31.9325
    endloop
  endfacet
  facet normal -2.24001e-05 0.115309 -0.99333
    outer loop
      vertex -1.68546 -68.9432 29.7722
      vertex -36.1199 -51.9724 31.743
      vertex -35.6866 -51.595 31.7868
    endloop
  endfacet
  facet normal 8.26118e-05 0.115517 -0.993305
    outer loop
      vertex -1.7 -69.1636 29.7466
      vertex -36.2866 -52.1176 31.7261
      vertex -36.1199 -51.9724 31.743
    endloop
  endfacet
  facet normal -1.98183e-05 0.115313 -0.993329
    outer loop
      vertex -1.68546 -69.384 29.721
      vertex -36.95 -52.5579 31.675
      vertex -36.2866 -52.1176 31.7261
    endloop
  endfacet
  facet normal -4.36897e-06 0.115348 -0.993325
    outer loop
      vertex -1.64207 -69.6006 29.6958
      vertex -37.4668 -52.8111 31.6456
      vertex -36.95 -52.5579 31.675
    endloop
  endfacet
  facet normal -3.05114e-05 0.115836 -0.993268
    outer loop
      vertex -110 -77.5 28.7785
      vertex -0.849999 -70.626 29.5768
      vertex -0.650561 -70.7237 29.5654
    endloop
  endfacet
  facet normal -2.7524e-05 0.115299 -0.993331
    outer loop
      vertex -1.64207 -69.6006 29.6958
      vertex -37.6656 -52.9085 31.6343
      vertex -37.4668 -52.8111 31.6456
    endloop
  endfacet
  facet normal 8.25311e-06 0.115369 -0.993323
    outer loop
      vertex -1.57059 -69.8098 29.6716
      vertex -38.4212 -53.1633 31.6047
      vertex -37.6656 -52.9085 31.6343
    endloop
  endfacet
  facet normal 4.07043e-05 0.115445 -0.993314
    outer loop
      vertex -1.47224 -70.0079 29.6485
      vertex -39.2038 -53.3179 31.5867
      vertex -38.4212 -53.1633 31.6047
    endloop
  endfacet
  facet normal -0.000283065 0.114726 -0.993397
    outer loop
      vertex -1.3487 -70.1916 29.6272
      vertex -39.425 -53.3323 31.5851
      vertex -39.2038 -53.3179 31.5867
    endloop
  endfacet
  facet normal 8.53613e-05 0.115547 -0.993302
    outer loop
      vertex -1.3487 -70.1916 29.6272
      vertex -40 -53.3697 31.5807
      vertex -39.425 -53.3323 31.5851
    endloop
  endfacet
  facet normal -0.000115142 0.115095 -0.993354
    outer loop
      vertex -1.20208 -70.3576 29.6079
      vertex -40.575 -53.3323 31.5851
      vertex -40 -53.3697 31.5807
    endloop
  endfacet
  facet normal 0.000382259 0.11623 -0.993222
    outer loop
      vertex -1.20208 -70.3576 29.6079
      vertex -40.7962 -53.3179 31.5867
      vertex -40.575 -53.3323 31.5851
    endloop
  endfacet
  facet normal 0 0.115352 -0.993325
    outer loop
      vertex -1.03489 -70.5033 29.591
      vertex -101.965 -70.5033 29.591
      vertex -40.7962 -53.3179 31.5867
    endloop
  endfacet
  facet normal 6.51724e-05 0.115124 -0.993351
    outer loop
      vertex -101.844 -70.3981 29.6032
      vertex -40.7962 -53.3179 31.5867
      vertex -101.965 -70.5033 29.591
    endloop
  endfacet
  facet normal 0 0.115026 -0.993363
    outer loop
      vertex -72.0646 -48.6628 32.1273
      vertex -45.9354 -48.6628 32.1273
      vertex -45.8921 -48.8787 32.1023
    endloop
  endfacet
  facet normal 0 0.115293 -0.993331
    outer loop
      vertex -71.9 -47.3104 32.2844
      vertex -46.1 -47.3104 32.2844
      vertex -46.0855 -47.5301 32.2589
    endloop
  endfacet
  facet normal 0 0.115469 -0.993311
    outer loop
      vertex -71.9145 -47.5301 32.2589
      vertex -46.0855 -47.5301 32.2589
      vertex -46.0478 -48.1013 32.1925
    endloop
  endfacet
  facet normal 0 0.115343 -0.993326
    outer loop
      vertex -45.9354 -48.6628 32.1273
      vertex -71.9522 -48.1013 32.1925
      vertex -46.0478 -48.1013 32.1925
    endloop
  endfacet
  facet normal 0 0.115763 -0.993277
    outer loop
      vertex -72.1078 -48.8787 32.1023
      vertex -45.8921 -48.8787 32.1023
      vertex -45.8209 -49.0872 32.078
    endloop
  endfacet
  facet normal 0 0.115278 -0.993333
    outer loop
      vertex -72.1791 -49.0872 32.078
      vertex -45.8209 -49.0872 32.078
      vertex -45.6357 -49.6292 32.0151
    endloop
  endfacet
  facet normal 0 0.115348 -0.993325
    outer loop
      vertex -66 -19.7457 35.4854
      vertex -52 -19.7457 35.4854
      vertex -52 -33.1556 33.9282
    endloop
  endfacet
  facet normal 0 0.115293 -0.993331
    outer loop
      vertex -71.9145 14.4954 39.4618
      vertex -46.0855 14.4954 39.4618
      vertex -71.9 14.2757 39.4363
    endloop
  endfacet
  facet normal 0 0.115348 -0.993325
    outer loop
      vertex -66 -19.7457 35.4854
      vertex -52 -33.1556 33.9282
      vertex -66 -33.1556 33.9282
    endloop
  endfacet
  facet normal 0 0.115296 -0.993331
    outer loop
      vertex -71.9522 -46.5195 32.3762
      vertex -46.0478 -46.5195 32.3762
      vertex -71.9 -47.3104 32.2844
    endloop
  endfacet
  facet normal 0 0.115314 -0.993329
    outer loop
      vertex -72.3643 -49.6292 32.0151
      vertex -45.6357 -49.6292 32.0151
      vertex -45.3808 -50.1426 31.9555
    endloop
  endfacet
  facet normal 0 0.115674 -0.993287
    outer loop
      vertex -72.6192 -50.1426 31.9555
      vertex -45.3808 -50.1426 31.9555
      vertex -45.2828 -50.3401 31.9325
    endloop
  endfacet
  facet normal 0 0.115311 -0.993329
    outer loop
      vertex -72.7172 -50.3401 31.9325
      vertex -45.2828 -50.3401 31.9325
      vertex -44.8395 -50.9991 31.856
    endloop
  endfacet
  facet normal 0 0.115239 -0.993338
    outer loop
      vertex -73.1605 -50.9991 31.856
      vertex -44.8395 -50.9991 31.856
      vertex -44.6933 -51.1646 31.8368
    endloop
  endfacet
  facet normal 0 0.115395 -0.99332
    outer loop
      vertex -73.3067 -51.1646 31.8368
      vertex -44.6933 -51.1646 31.8368
      vertex -44.3134 -51.595 31.7868
    endloop
  endfacet
  facet normal 0 0.115283 -0.993333
    outer loop
      vertex -73.6866 -51.595 31.7868
      vertex -44.3134 -51.595 31.7868
      vertex -43.8801 -51.9724 31.743
    endloop
  endfacet
  facet normal 0 0.115611 -0.993295
    outer loop
      vertex -74.1199 -51.9724 31.743
      vertex -43.8801 -51.9724 31.743
      vertex -43.7134 -52.1176 31.7261
    endloop
  endfacet
  facet normal 0 0.115358 -0.993324
    outer loop
      vertex -46.0478 -46.5195 32.3762
      vertex -71.9522 -46.5195 32.3762
      vertex -52 -33.1556 33.9282
    endloop
  endfacet
  facet normal 0 0.115283 -0.993333
    outer loop
      vertex -74.2866 -52.1176 31.7261
      vertex -43.7134 -52.1176 31.7261
      vertex -43.05 -52.5579 31.675
    endloop
  endfacet
  facet normal 0 0.115339 -0.993326
    outer loop
      vertex -74.95 -52.5579 31.675
      vertex -43.05 -52.5579 31.675
      vertex -42.5332 -52.8111 31.6456
    endloop
  endfacet
  facet normal 0 0.115243 -0.993337
    outer loop
      vertex -75.4668 -52.8111 31.6456
      vertex -42.5332 -52.8111 31.6456
      vertex -42.3344 -52.9085 31.6343
    endloop
  endfacet
  facet normal 3.2278e-05 0.11524 -0.993338
    outer loop
      vertex -101.798 -70.3576 29.6079
      vertex -40.7962 -53.3179 31.5867
      vertex -101.844 -70.3981 29.6032
    endloop
  endfacet
  facet normal 3.28841e-05 0.114827 -0.993386
    outer loop
      vertex -110 -77.5 28.7785
      vertex -0.650561 -70.7237 29.5654
      vertex -0.439992 -70.7947 29.5572
    endloop
  endfacet
  facet normal 0 0.115293 -0.993331
    outer loop
      vertex -46.0855 -47.5301 32.2589
      vertex -71.9145 -47.5301 32.2589
      vertex -71.9 -47.3104 32.2844
    endloop
  endfacet
  facet normal 0 0.115469 -0.993311
    outer loop
      vertex -46.0478 -48.1013 32.1925
      vertex -71.9522 -48.1013 32.1925
      vertex -71.9145 -47.5301 32.2589
    endloop
  endfacet
  facet normal 0 0.115343 -0.993326
    outer loop
      vertex -45.9354 -48.6628 32.1273
      vertex -72.0646 -48.6628 32.1273
      vertex -71.9522 -48.1013 32.1925
    endloop
  endfacet
  facet normal 0 0.115026 -0.993363
    outer loop
      vertex -45.8921 -48.8787 32.1023
      vertex -72.1078 -48.8787 32.1023
      vertex -72.0646 -48.6628 32.1273
    endloop
  endfacet
  facet normal 0 0.115763 -0.993277
    outer loop
      vertex -45.8209 -49.0872 32.078
      vertex -72.1791 -49.0872 32.078
      vertex -72.1078 -48.8787 32.1023
    endloop
  endfacet
  facet normal 0 0.115278 -0.993333
    outer loop
      vertex -45.6357 -49.6292 32.0151
      vertex -72.3643 -49.6292 32.0151
      vertex -72.1791 -49.0872 32.078
    endloop
  endfacet
  facet normal 0 0.115314 -0.993329
    outer loop
      vertex -45.3808 -50.1426 31.9555
      vertex -72.6192 -50.1426 31.9555
      vertex -72.3643 -49.6292 32.0151
    endloop
  endfacet
  facet normal 0 0.115674 -0.993287
    outer loop
      vertex -45.2828 -50.3401 31.9325
      vertex -72.7172 -50.3401 31.9325
      vertex -72.6192 -50.1426 31.9555
    endloop
  endfacet
  facet normal 0 0.115311 -0.993329
    outer loop
      vertex -44.8395 -50.9991 31.856
      vertex -73.1605 -50.9991 31.856
      vertex -72.7172 -50.3401 31.9325
    endloop
  endfacet
  facet normal 0 0.115239 -0.993338
    outer loop
      vertex -44.6933 -51.1646 31.8368
      vertex -73.3067 -51.1646 31.8368
      vertex -73.1605 -50.9991 31.856
    endloop
  endfacet
  facet normal 0 0.115395 -0.99332
    outer loop
      vertex -44.3134 -51.595 31.7868
      vertex -73.6866 -51.595 31.7868
      vertex -73.3067 -51.1646 31.8368
    endloop
  endfacet
  facet normal 0 0.115283 -0.993333
    outer loop
      vertex -43.8801 -51.9724 31.743
      vertex -74.1199 -51.9724 31.743
      vertex -73.6866 -51.595 31.7868
    endloop
  endfacet
  facet normal 0 0.115611 -0.993295
    outer loop
      vertex -43.7134 -52.1176 31.7261
      vertex -74.2866 -52.1176 31.7261
      vertex -74.1199 -51.9724 31.743
    endloop
  endfacet
  facet normal 0 0.115283 -0.993333
    outer loop
      vertex -43.05 -52.5579 31.675
      vertex -74.95 -52.5579 31.675
      vertex -74.2866 -52.1176 31.7261
    endloop
  endfacet
  facet normal 0 0.115339 -0.993326
    outer loop
      vertex -42.5332 -52.8111 31.6456
      vertex -75.4668 -52.8111 31.6456
      vertex -74.95 -52.5579 31.675
    endloop
  endfacet
  facet normal 0 0.115243 -0.993337
    outer loop
      vertex -42.3344 -52.9085 31.6343
      vertex -75.6656 -52.9085 31.6343
      vertex -75.4668 -52.8111 31.6456
    endloop
  endfacet
  facet normal 7.5248e-05 0.115093 -0.993355
    outer loop
      vertex -101.651 -70.1916 29.6272
      vertex -41.5788 -53.1633 31.6047
      vertex -101.757 -70.3115 29.6133
    endloop
  endfacet
  facet normal 0 0.115355 -0.993324
    outer loop
      vertex -76.4212 -53.1633 31.6047
      vertex -41.5788 -53.1633 31.6047
      vertex -101.651 -70.1916 29.6272
    endloop
  endfacet
  facet normal 0 0.115394 -0.99332
    outer loop
      vertex -42.3344 -52.9085 31.6343
      vertex -76.4212 -53.1633 31.6047
      vertex -75.6656 -52.9085 31.6343
    endloop
  endfacet
  facet normal 0 0.115394 -0.99332
    outer loop
      vertex -41.5788 -53.1633 31.6047
      vertex -76.4212 -53.1633 31.6047
      vertex -42.3344 -52.9085 31.6343
    endloop
  endfacet
  facet normal 0.000815827 0.114162 -0.993462
    outer loop
      vertex -101.617 -70.1405 29.6331
      vertex -76.4212 -53.1633 31.6047
      vertex -101.651 -70.1916 29.6272
    endloop
  endfacet
  facet normal -0.000245322 0.115707 -0.993283
    outer loop
      vertex -101.5 -69.9529 29.6549
      vertex -77.2038 -53.3179 31.5867
      vertex -101.528 -70.0079 29.6485
    endloop
  endfacet
  facet normal -0.000590094 0.116204 -0.993225
    outer loop
      vertex -101.429 -69.8098 29.6716
      vertex -77.2038 -53.3179 31.5867
      vertex -101.5 -69.9529 29.6549
    endloop
  endfacet
  facet normal 4.32238e-05 0.115306 -0.99333
    outer loop
      vertex -101.617 -68.1866 29.86
      vertex -82.3134 -51.595 31.7868
      vertex -101.528 -68.3193 29.8446
    endloop
  endfacet
  facet normal -2.16037e-05 0.115376 -0.993322
    outer loop
      vertex -82.3134 -51.595 31.7868
      vertex -101.651 -68.1356 29.866
      vertex -82.6933 -51.1646 31.8368
    endloop
  endfacet
  facet normal 5.64261e-05 0.115288 -0.993332
    outer loop
      vertex -82.6933 -51.1646 31.8368
      vertex -101.798 -67.9695 29.8853
      vertex -82.8395 -50.9991 31.856
    endloop
  endfacet
  facet normal -0.000265421 0.115649 -0.99329
    outer loop
      vertex -101.798 -67.9695 29.8853
      vertex -82.6933 -51.1646 31.8368
      vertex -101.692 -68.0895 29.8713
    endloop
  endfacet
  facet normal 0.000574347 0.114719 -0.993398
    outer loop
      vertex -101.692 -68.0895 29.8713
      vertex -82.6933 -51.1646 31.8368
      vertex -101.651 -68.1356 29.866
    endloop
  endfacet
  facet normal -0.000822741 0.1163 -0.993214
    outer loop
      vertex -101.651 -68.1356 29.866
      vertex -82.3134 -51.595 31.7868
      vertex -101.617 -68.1866 29.86
    endloop
  endfacet
  facet normal -9.18676e-05 0.115454 -0.993313
    outer loop
      vertex -101.965 -67.8239 29.9022
      vertex -82.8395 -50.9991 31.856
      vertex -101.919 -67.8643 29.8975
    endloop
  endfacet
  facet normal 2.26272e-05 0.115326 -0.993328
    outer loop
      vertex -82.8395 -50.9991 31.856
      vertex -101.965 -67.8239 29.9022
      vertex -83.2828 -50.3401 31.9325
    endloop
  endfacet
  facet normal 7.37507e-06 0.115355 -0.993324
    outer loop
      vertex -101.311 69.7427 45.8776
      vertex -90 28.4305 41.0801
      vertex -90 -19.7457 35.4854
    endloop
  endfacet
  facet normal 6.84071e-05 0.115275 -0.993334
    outer loop
      vertex -101.919 -67.8643 29.8975
      vertex -82.8395 -50.9991 31.856
      vertex -101.798 -67.9695 29.8853
    endloop
  endfacet
  facet normal 3.16493e-05 0.115319 -0.993328
    outer loop
      vertex -81.8801 -51.9724 31.743
      vertex -101.528 -68.3193 29.8446
      vertex -82.3134 -51.595 31.7868
    endloop
  endfacet
  facet normal -0.000109506 0.115487 -0.993309
    outer loop
      vertex -81.7134 -52.1176 31.7261
      vertex -101.528 -68.3193 29.8446
      vertex -81.8801 -51.9724 31.743
    endloop
  endfacet
  facet normal 1.54589e-05 0.115336 -0.993327
    outer loop
      vertex -101.528 -68.3193 29.8446
      vertex -81.7134 -52.1176 31.7261
      vertex -101.429 -68.5174 29.8216
    endloop
  endfacet
  facet normal 2.64867e-05 0.115323 -0.993328
    outer loop
      vertex -81.05 -52.5579 31.675
      vertex -101.429 -68.5174 29.8216
      vertex -81.7134 -52.1176 31.7261
    endloop
  endfacet
  facet normal -4.97011e-05 0.115419 -0.993317
    outer loop
      vertex -101.429 -68.5174 29.8216
      vertex -81.05 -52.5579 31.675
      vertex -101.358 -68.7265 29.7973
    endloop
  endfacet
  facet normal 5.65179e-06 0.11535 -0.993325
    outer loop
      vertex -80.5332 -52.8111 31.6456
      vertex -101.358 -68.7265 29.7973
      vertex -81.05 -52.5579 31.675
    endloop
  endfacet
  facet normal 0.000315079 0.114951 -0.993371
    outer loop
      vertex -101.358 -68.7265 29.7973
      vertex -80.5332 -52.8111 31.6456
      vertex -101.327 -68.883 29.7792
    endloop
  endfacet
  facet normal -0.0001004 0.115481 -0.99331
    outer loop
      vertex -101.327 -68.883 29.7792
      vertex -80.5332 -52.8111 31.6456
      vertex -101.315 -68.9432 29.7722
    endloop
  endfacet
  facet normal 3.35015e-05 0.115311 -0.993329
    outer loop
      vertex -80.3344 -52.9085 31.6343
      vertex -101.315 -68.9432 29.7722
      vertex -80.5332 -52.8111 31.6456
    endloop
  endfacet
  facet normal -1.66376e-05 0.115376 -0.993322
    outer loop
      vertex -101.315 -68.9432 29.7722
      vertex -80.3344 -52.9085 31.6343
      vertex -101.3 -69.1636 29.7466
    endloop
  endfacet
  facet normal -9.29952e-06 0.115366 -0.993323
    outer loop
      vertex -79.5788 -53.1633 31.6047
      vertex -101.3 -69.1636 29.7466
      vertex -80.3344 -52.9085 31.6343
    endloop
  endfacet
  facet normal -0.000358388 0.115868 -0.993265
    outer loop
      vertex -77.2038 -53.3179 31.5867
      vertex -101.429 -69.8098 29.6716
      vertex -77.425 -53.3323 31.5851
    endloop
  endfacet
  facet normal -2.48298e-05 0.115757 -0.993278
    outer loop
      vertex -110 -77.5 28.7785
      vertex -0.439992 -70.7947 29.5572
      vertex -0.379409 -70.8067 29.5558
    endloop
  endfacet
  facet normal 1.73924e-05 0.115075 -0.993357
    outer loop
      vertex -110 -77.5 28.7785
      vertex -0.379409 -70.8067 29.5558
      vertex -0.221894 -70.8378 29.5522
    endloop
  endfacet
  facet normal 2.33083e-05 0.114979 -0.993368
    outer loop
      vertex -110 -77.5 28.7785
      vertex -0.221894 -70.8378 29.5522
      vertex -0.0616373 -70.8482 29.551
    endloop
  endfacet
  facet normal -0.000275609 0.119852 -0.992792
    outer loop
      vertex -110 -77.5 28.7785
      vertex -0.0616373 -70.8482 29.551
      vertex 0 -70.8522 29.5505
    endloop
  endfacet
  facet normal 0 0.115353 -0.993325
    outer loop
      vertex -110 -77.5 28.7785
      vertex 0 -70.8522 29.5505
      vertex 110 -77.5 28.7785
    endloop
  endfacet
  facet normal -5.93293e-05 0.115433 -0.993315
    outer loop
      vertex -79.5788 -53.1633 31.6047
      vertex -101.311 -69.3228 29.7281
      vertex -101.3 -69.1636 29.7466
    endloop
  endfacet
  facet normal 9.06458e-05 0.115234 -0.993338
    outer loop
      vertex -79.5788 -53.1633 31.6047
      vertex -101.315 -69.384 29.721
      vertex -101.311 -69.3228 29.7281
    endloop
  endfacet
  facet normal -4.65626e-05 0.115416 -0.993317
    outer loop
      vertex -78.7962 -53.3179 31.5867
      vertex -101.315 -69.384 29.721
      vertex -79.5788 -53.1633 31.6047
    endloop
  endfacet
  facet normal -0.000126047 0.115526 -0.993304
    outer loop
      vertex -101.315 -69.384 29.721
      vertex -78.7962 -53.3179 31.5867
      vertex -101.327 -69.4442 29.714
    endloop
  endfacet
  facet normal -0.000199841 0.115627 -0.993293
    outer loop
      vertex -101.327 -69.4442 29.714
      vertex -78.7962 -53.3179 31.5867
      vertex -101.358 -69.6006 29.6958
    endloop
  endfacet
  facet normal 0.000297671 0.114947 -0.993372
    outer loop
      vertex -78.575 -53.3323 31.5851
      vertex -101.358 -69.6006 29.6958
      vertex -78.7962 -53.3179 31.5867
    endloop
  endfacet
  facet normal -8.9605e-05 0.115482 -0.99331
    outer loop
      vertex -78 -53.3697 31.5807
      vertex -101.358 -69.6006 29.6958
      vertex -78.575 -53.3323 31.5851
    endloop
  endfacet
  facet normal 0.000736711 0.114309 -0.993445
    outer loop
      vertex -101.358 -69.6006 29.6958
      vertex -78 -53.3697 31.5807
      vertex -101.378 -69.6587 29.6891
    endloop
  endfacet
  facet normal 0.000280641 0.114955 -0.993371
    outer loop
      vertex -101.378 -69.6587 29.6891
      vertex -78 -53.3697 31.5807
      vertex -101.429 -69.8098 29.6716
    endloop
  endfacet
  facet normal 0.000108417 0.115197 -0.993343
    outer loop
      vertex -77.425 -53.3323 31.5851
      vertex -101.429 -69.8098 29.6716
      vertex -78 -53.3697 31.5807
    endloop
  endfacet
  facet normal 8.26917e-05 0.115235 -0.993338
    outer loop
      vertex -76.4212 -53.1633 31.6047
      vertex -101.528 -70.0079 29.6485
      vertex -77.2038 -53.3179 31.5867
    endloop
  endfacet
  facet normal -7.99004e-06 0.115369 -0.993323
    outer loop
      vertex -101.528 -70.0079 29.6485
      vertex -76.4212 -53.1633 31.6047
      vertex -101.617 -70.1405 29.6331
    endloop
  endfacet
  facet normal -0.000382059 0.116676 -0.99317
    outer loop
      vertex -101.757 -70.3115 29.6133
      vertex -41.5788 -53.1633 31.6047
      vertex -101.798 -70.3576 29.6079
    endloop
  endfacet
  facet normal -3.4561e-05 0.115476 -0.99331
    outer loop
      vertex -40.7962 -53.3179 31.5867
      vertex -101.798 -70.3576 29.6079
      vertex -41.5788 -53.1633 31.6047
    endloop
  endfacet
  facet normal 0 0.115351 -0.993325
    outer loop
      vertex -1.03489 -70.5033 29.591
      vertex -110 -77.5 28.7785
      vertex -101.965 -70.5033 29.591
    endloop
  endfacet
  facet normal 0.000345611 0.114959 -0.99337
    outer loop
      vertex -101.965 -70.5033 29.591
      vertex -110 -77.5 28.7785
      vertex -102.099 -70.5919 29.5807
    endloop
  endfacet
  facet normal -0.00495109 0.120934 -0.992648
    outer loop
      vertex -102.099 -70.5919 29.5807
      vertex -110 -77.5 28.7785
      vertex -102.15 -70.626 29.5768
    endloop
  endfacet
  facet normal 0.000611086 0.114669 -0.993404
    outer loop
      vertex -102.15 -70.626 29.5768
      vertex -110 -77.5 28.7785
      vertex -102.349 -70.7237 29.5654
    endloop
  endfacet
  facet normal -0.000340856 0.11573 -0.993281
    outer loop
      vertex -102.349 -70.7237 29.5654
      vertex -110 -77.5 28.7785
      vertex -102.56 -70.7947 29.5572
    endloop
  endfacet
  facet normal 0.00013365 0.11521 -0.993341
    outer loop
      vertex -102.56 -70.7947 29.5572
      vertex -110 -77.5 28.7785
      vertex -102.621 -70.8067 29.5558
    endloop
  endfacet
  facet normal -9.45106e-05 0.115459 -0.993312
    outer loop
      vertex -102.621 -70.8067 29.5558
      vertex -110 -77.5 28.7785
      vertex -102.778 -70.8378 29.5522
    endloop
  endfacet
  facet normal -5.19695e-05 0.115413 -0.993318
    outer loop
      vertex -102.778 -70.8378 29.5522
      vertex -110 -77.5 28.7785
      vertex -102.938 -70.8482 29.551
    endloop
  endfacet
  facet normal 0.000733016 0.114711 -0.993399
    outer loop
      vertex -110 -77.5 28.7785
      vertex -103.901 -70.5919 29.5807
      vertex -103.85 -70.626 29.5768
    endloop
  endfacet
  facet normal 0.000460413 0.115 -0.993365
    outer loop
      vertex -110 -77.5 28.7785
      vertex -104.383 -70.1405 29.6331
      vertex -104.349 -70.1916 29.6272
    endloop
  endfacet
  facet normal 0.000302226 0.115149 -0.993348
    outer loop
      vertex -110 -77.5 28.7785
      vertex -104.622 -69.6587 29.6891
      vertex -104.571 -69.8098 29.6716
    endloop
  endfacet
  facet normal -2.53138e-06 0.115354 -0.993324
    outer loop
      vertex -90 -19.7457 35.4854
      vertex -110 -77.5 28.7785
      vertex -110 77.5 46.7785
    endloop
  endfacet
  facet normal -0.000108181 0.115422 -0.993317
    outer loop
      vertex -104.689 -69.3228 29.7281
      vertex -110 -77.5 28.7785
      vertex -104.7 -69.1636 29.7466
    endloop
  endfacet
  facet normal 0.000159382 0.11525 -0.993336
    outer loop
      vertex -104.685 -69.384 29.721
      vertex -110 -77.5 28.7785
      vertex -104.689 -69.3228 29.7281
    endloop
  endfacet
  facet normal -0.000174931 0.115466 -0.993311
    outer loop
      vertex -104.673 -69.4442 29.714
      vertex -110 -77.5 28.7785
      vertex -104.685 -69.384 29.721
    endloop
  endfacet
  facet normal -0.000278268 0.115534 -0.993304
    outer loop
      vertex -104.642 -69.6006 29.6958
      vertex -110 -77.5 28.7785
      vertex -104.673 -69.4442 29.714
    endloop
  endfacet
  facet normal 0.000781414 0.114825 -0.993385
    outer loop
      vertex -104.622 -69.6587 29.6891
      vertex -110 -77.5 28.7785
      vertex -104.642 -69.6006 29.6958
    endloop
  endfacet
  facet normal -0.000468323 0.115686 -0.993286
    outer loop
      vertex -104.5 -69.9529 29.6549
      vertex -110 -77.5 28.7785
      vertex -104.571 -69.8098 29.6716
    endloop
  endfacet
  facet normal -0.000192236 0.115487 -0.993309
    outer loop
      vertex -104.472 -70.0079 29.6485
      vertex -110 -77.5 28.7785
      vertex -104.5 -69.9529 29.6549
    endloop
  endfacet
  facet normal -1.15951e-05 0.115356 -0.993324
    outer loop
      vertex -104.383 -70.1405 29.6331
      vertex -110 -77.5 28.7785
      vertex -104.472 -70.0079 29.6485
    endloop
  endfacet
  facet normal 0.000117901 0.115262 -0.993335
    outer loop
      vertex -104.243 -70.3115 29.6133
      vertex -110 -77.5 28.7785
      vertex -104.349 -70.1916 29.6272
    endloop
  endfacet
  facet normal -0.000591607 0.115822 -0.99327
    outer loop
      vertex -104.202 -70.3576 29.6079
      vertex -110 -77.5 28.7785
      vertex -104.243 -70.3115 29.6133
    endloop
  endfacet
  facet normal 3.77676e-05 0.115318 -0.993329
    outer loop
      vertex -104.156 -70.3981 29.6032
      vertex -110 -77.5 28.7785
      vertex -104.202 -70.3576 29.6079
    endloop
  endfacet
  facet normal 7.76678e-05 0.115286 -0.993332
    outer loop
      vertex -104.035 -70.5033 29.591
      vertex -110 -77.5 28.7785
      vertex -104.156 -70.3981 29.6032
    endloop
  endfacet
  facet normal -5.31941e-05 0.115396 -0.99332
    outer loop
      vertex -103.901 -70.5919 29.5807
      vertex -110 -77.5 28.7785
      vertex -104.035 -70.5033 29.591
    endloop
  endfacet
  facet normal -0.000186519 0.115523 -0.993305
    outer loop
      vertex -103.651 -70.7237 29.5654
      vertex -110 -77.5 28.7785
      vertex -103.85 -70.626 29.5768
    endloop
  endfacet
  facet normal 0.000160703 0.115202 -0.993342
    outer loop
      vertex -103.44 -70.7947 29.5572
      vertex -110 -77.5 28.7785
      vertex -103.651 -70.7237 29.5654
    endloop
  endfacet
  facet normal -8.76124e-05 0.115441 -0.993314
    outer loop
      vertex -103.379 -70.8067 29.5558
      vertex -110 -77.5 28.7785
      vertex -103.44 -70.7947 29.5572
    endloop
  endfacet
  facet normal 6.1769e-05 0.115296 -0.993331
    outer loop
      vertex -103.222 -70.8378 29.5522
      vertex -110 -77.5 28.7785
      vertex -103.379 -70.8067 29.5558
    endloop
  endfacet
  facet normal 4.53117e-05 0.115312 -0.993329
    outer loop
      vertex -103.062 -70.8482 29.551
      vertex -110 -77.5 28.7785
      vertex -103.222 -70.8378 29.5522
    endloop
  endfacet
  facet normal -0.000532325 0.115906 -0.99326
    outer loop
      vertex -103 -70.8522 29.5505
      vertex -110 -77.5 28.7785
      vertex -103.062 -70.8482 29.551
    endloop
  endfacet
  facet normal 0.000610007 0.11472 -0.993398
    outer loop
      vertex -102.938 -70.8482 29.551
      vertex -110 -77.5 28.7785
      vertex -103 -70.8522 29.5505
    endloop
  endfacet
  facet normal 0.000351365 0.11557 -0.993299
    outer loop
      vertex 104.673 -68.883 29.7792
      vertex 110 -77.5 28.7785
      vertex 104.685 -68.9432 29.7722
    endloop
  endfacet
  facet normal 4.28116e-05 0.115328 -0.993327
    outer loop
      vertex 104.685 70.1223 45.9217
      vertex 110 77.5 46.7785
      vertex 104.7 69.9018 45.8961
    endloop
  endfacet
  facet normal -0.000253598 0.115539 -0.993303
    outer loop
      vertex 104.654 70.2787 45.9399
      vertex 110 77.5 46.7785
      vertex 104.685 70.1223 45.9217
    endloop
  endfacet
  facet normal -0.000158984 0.11547 -0.993311
    outer loop
      vertex 104.642 70.3389 45.9469
      vertex 110 77.5 46.7785
      vertex 104.654 70.2787 45.9399
    endloop
  endfacet
  facet normal 0.00073564 0.114809 -0.993387
    outer loop
      vertex 104.622 70.397 45.9536
      vertex 110 77.5 46.7785
      vertex 104.642 70.3389 45.9469
    endloop
  endfacet
  facet normal -0.000313164 0.115593 -0.993297
    outer loop
      vertex 104.571 70.5481 45.9712
      vertex 110 77.5 46.7785
      vertex 104.622 70.397 45.9536
    endloop
  endfacet
  facet normal 1.82645e-05 0.115337 -0.993326
    outer loop
      vertex 104.472 70.7462 45.9942
      vertex 110 77.5 46.7785
      vertex 104.571 70.5481 45.9712
    endloop
  endfacet
  facet normal -7.69879e-06 0.115358 -0.993324
    outer loop
      vertex 104.383 70.8788 46.0096
      vertex 110 77.5 46.7785
      vertex 104.472 70.7462 45.9942
    endloop
  endfacet
  facet normal 0.000288965 0.11511 -0.993353
    outer loop
      vertex 104.349 70.9298 46.0155
      vertex 110 77.5 46.7785
      vertex 104.383 70.8788 46.0096
    endloop
  endfacet
  facet normal -0.000427831 0.115718 -0.993282
    outer loop
      vertex 104.308 70.976 46.0209
      vertex 110 77.5 46.7785
      vertex 104.349 70.9298 46.0155
    endloop
  endfacet
  facet normal 0.00011035 0.115255 -0.993336
    outer loop
      vertex 104.202 71.0959 46.0348
      vertex 110 77.5 46.7785
      vertex 104.308 70.976 46.0209
    endloop
  endfacet
  facet normal 2.77338e-05 0.115329 -0.993327
    outer loop
      vertex 104.035 71.2415 46.0517
      vertex 110 77.5 46.7785
      vertex 104.202 71.0959 46.0348
    endloop
  endfacet
  facet normal -0.000129008 0.115476 -0.99331
    outer loop
      vertex 103.85 71.3643 46.066
      vertex 110 77.5 46.7785
      vertex 104.035 71.2415 46.0517
    endloop
  endfacet
  facet normal -6.14566e-05 0.115409 -0.993318
    outer loop
      vertex 103.706 71.4348 46.0742
      vertex 110 77.5 46.7785
      vertex 103.85 71.3643 46.066
    endloop
  endfacet
  facet normal 0.000698322 0.114631 -0.993408
    outer loop
      vertex 103.651 71.462 46.0773
      vertex 110 77.5 46.7785
      vertex 103.706 71.4348 46.0742
    endloop
  endfacet
  facet normal -0.00015222 0.115514 -0.993306
    outer loop
      vertex 103.592 71.4817 46.0796
      vertex 110 77.5 46.7785
      vertex 103.651 71.462 46.0773
    endloop
  endfacet
  facet normal 0.000276077 0.115064 -0.993358
    outer loop
      vertex 103.44 71.533 46.0855
      vertex 110 77.5 46.7785
      vertex 103.592 71.4817 46.0796
    endloop
  endfacet
  facet normal -0.000240655 0.115624 -0.993293
    outer loop
      vertex 103.379 71.5449 46.0869
      vertex 110 77.5 46.7785
      vertex 103.44 71.533 46.0855
    endloop
  endfacet
  facet normal 6.12961e-05 0.115293 -0.993332
    outer loop
      vertex 103.222 71.576 46.0905
      vertex 110 77.5 46.7785
      vertex 103.379 71.5449 46.0869
    endloop
  endfacet
  facet normal -6.66235e-05 0.115438 -0.993315
    outer loop
      vertex 103 71.5905 46.0922
      vertex 110 77.5 46.7785
      vertex 103.222 71.576 46.0905
    endloop
  endfacet
  facet normal 7.77986e-05 0.115269 -0.993334
    outer loop
      vertex 102.778 71.576 46.0905
      vertex 110 77.5 46.7785
      vertex 103 71.5905 46.0922
    endloop
  endfacet
  facet normal -9.91249e-05 0.115482 -0.99331
    outer loop
      vertex 102.621 71.5449 46.0869
      vertex 110 77.5 46.7785
      vertex 102.778 71.576 46.0905
    endloop
  endfacet
  facet normal 0.000386242 0.114888 -0.993378
    outer loop
      vertex 102.56 71.533 46.0855
      vertex 110 77.5 46.7785
      vertex 102.621 71.5449 46.0869
    endloop
  endfacet
  facet normal -0.00065344 0.116167 -0.993229
    outer loop
      vertex 102.408 71.4817 46.0796
      vertex 110 77.5 46.7785
      vertex 102.56 71.533 46.0855
    endloop
  endfacet
  facet normal 0.000356522 0.11491 -0.993376
    outer loop
      vertex 102.349 71.462 46.0773
      vertex 110 77.5 46.7785
      vertex 102.408 71.4817 46.0796
    endloop
  endfacet
  facet normal -0.00284169 0.118908 -0.992901
    outer loop
      vertex 102.294 71.4348 46.0742
      vertex 110 77.5 46.7785
      vertex 102.349 71.462 46.0773
    endloop
  endfacet
  facet normal 0.000245214 0.115039 -0.993361
    outer loop
      vertex 102.15 71.3643 46.066
      vertex 110 77.5 46.7785
      vertex 102.294 71.4348 46.0742
    endloop
  endfacet
  facet normal 0.00142541 0.113549 -0.993531
    outer loop
      vertex 101.965 71.2415 46.0517
      vertex 110 77.5 46.7785
      vertex 102.15 71.3643 46.066
    endloop
  endfacet
  facet normal 0.269508 -0.127608 -0.954506
    outer loop
      vertex 101.651 70.9298 46.0155
      vertex 101.798 71.0959 46.0348
      vertex 101.692 70.976 46.0209
    endloop
  endfacet
  facet normal 0.0993856 0.0487184 -0.993856
    outer loop
      vertex 101.528 70.7462 45.9942
      vertex 101.651 70.9298 46.0155
      vertex 101.617 70.8788 46.0096
    endloop
  endfacet
  facet normal 0.0783217 -0.130536 0.988345
    outer loop
      vertex 101.315 70.1223 45.9217
      vertex 101.358 70.3389 45.9469
      vertex 101.346 70.2787 45.9399
    endloop
  endfacet
  facet normal -0.000311247 0.11548 -0.99331
    outer loop
      vertex 101.311 69.7427 45.8776
      vertex 96.875 58.9753 44.6272
      vertex 101.3 69.9018 45.8961
    endloop
  endfacet
  facet normal 9.06068e-05 0.115319 -0.993328
    outer loop
      vertex 101.3 69.9018 45.8961
      vertex 96.875 58.9753 44.6272
      vertex 101.315 70.1223 45.9217
    endloop
  endfacet
  facet normal -0.00106188 0.115772 -0.993275
    outer loop
      vertex 96.875 58.9753 44.6272
      vertex 101.358 70.3389 45.9469
      vertex 101.315 70.1223 45.9217
    endloop
  endfacet
  facet normal 0 0.115359 -0.993324
    outer loop
      vertex 28.875 58.9753 44.6272
      vertex 101.358 70.3389 45.9469
      vertex 96.875 58.9753 44.6272
    endloop
  endfacet
  facet normal 0.000134264 0.114514 -0.993422
    outer loop
      vertex 101.358 70.3389 45.9469
      vertex 28.875 58.9753 44.6272
      vertex 101.378 70.397 45.9536
    endloop
  endfacet
  facet normal -5.77314e-05 0.115716 -0.993282
    outer loop
      vertex 101.378 70.397 45.9536
      vertex 28.875 58.9753 44.6272
      vertex 101.429 70.5481 45.9712
    endloop
  endfacet
  facet normal 5.40699e-06 0.115326 -0.993328
    outer loop
      vertex 28.875 58.9753 44.6272
      vertex 101.528 70.7462 45.9942
      vertex 101.429 70.5481 45.9712
    endloop
  endfacet
  facet normal 2.18052e-05 0.115226 -0.993339
    outer loop
      vertex 28.875 58.9753 44.6272
      vertex 101.651 70.9298 46.0155
      vertex 101.528 70.7462 45.9942
    endloop
  endfacet
  facet normal -1.204e-05 0.115429 -0.993316
    outer loop
      vertex 28.875 58.9753 44.6272
      vertex 101.798 71.0959 46.0348
      vertex 101.651 70.9298 46.0155
    endloop
  endfacet
  facet normal 1.25325e-05 0.115283 -0.993333
    outer loop
      vertex 28.875 58.9753 44.6272
      vertex 101.965 71.2415 46.0517
      vertex 101.798 71.0959 46.0348
    endloop
  endfacet
  facet normal 4.40343e-07 0.115354 -0.993324
    outer loop
      vertex 28.875 58.9753 44.6272
      vertex 110 77.5 46.7785
      vertex 101.965 71.2415 46.0517
    endloop
  endfacet
  facet normal -1.34542e-07 0.115357 -0.993324
    outer loop
      vertex 2.31335 9.99112 38.9388
      vertex 28.875 11.2957 39.0903
      vertex 10 -19.7457 35.4854
    endloop
  endfacet
  facet normal 8.89669e-07 0.115352 -0.993325
    outer loop
      vertex 28.875 11.2957 39.0903
      vertex 10 28.4305 41.0801
      vertex 28.875 58.9753 44.6272
    endloop
  endfacet
  facet normal -4.5553e-06 0.115355 -0.993324
    outer loop
      vertex 10 41.8404 42.6374
      vertex 28.875 58.9753 44.6272
      vertex 10 28.4305 41.0801
    endloop
  endfacet
  facet normal -2.79176e-06 0.115353 -0.993325
    outer loop
      vertex 1.20208 68.7078 45.7575
      vertex 28.875 58.9753 44.6272
      vertex 10 41.8404 42.6374
    endloop
  endfacet
  facet normal -1.26098e-05 0.115324 -0.993328
    outer loop
      vertex 1.68546 70.1223 45.9217
      vertex 28.875 58.9753 44.6272
      vertex 1.7 69.9018 45.8961
    endloop
  endfacet
  facet normal 0.000105766 0.115609 -0.993295
    outer loop
      vertex 1.65412 70.2787 45.9399
      vertex 28.875 58.9753 44.6272
      vertex 1.68546 70.1223 45.9217
    endloop
  endfacet
  facet normal 6.56214e-05 0.115514 -0.993306
    outer loop
      vertex 1.64207 70.3389 45.9469
      vertex 28.875 58.9753 44.6272
      vertex 1.65412 70.2787 45.9399
    endloop
  endfacet
  facet normal -0.000394285 0.114426 -0.993432
    outer loop
      vertex 1.62222 70.397 45.9536
      vertex 28.875 58.9753 44.6272
      vertex 1.64207 70.3389 45.9469
    endloop
  endfacet
  facet normal 0.000169726 0.115754 -0.993278
    outer loop
      vertex 1.57059 70.5481 45.9712
      vertex 28.875 58.9753 44.6272
      vertex 1.62222 70.397 45.9536
    endloop
  endfacet
  facet normal -1.67461e-05 0.11532 -0.993328
    outer loop
      vertex 1.47224 70.7462 45.9942
      vertex 28.875 58.9753 44.6272
      vertex 1.57059 70.5481 45.9712
    endloop
  endfacet
  facet normal 2.94528e-06 0.115365 -0.993323
    outer loop
      vertex 1.38302 70.8788 46.0096
      vertex 28.875 58.9753 44.6272
      vertex 1.47224 70.7462 45.9942
    endloop
  endfacet
  facet normal -0.000271704 0.114739 -0.993396
    outer loop
      vertex 1.3487 70.9298 46.0155
      vertex 28.875 58.9753 44.6272
      vertex 1.38302 70.8788 46.0096
    endloop
  endfacet
  facet normal 0.000524985 0.116549 -0.993185
    outer loop
      vertex 1.30797 70.976 46.0209
      vertex 28.875 58.9753 44.6272
      vertex 1.3487 70.9298 46.0155
    endloop
  endfacet
  facet normal -0.000143985 0.115033 -0.993362
    outer loop
      vertex 1.20208 71.0959 46.0348
      vertex 28.875 58.9753 44.6272
      vertex 1.30797 70.976 46.0209
    endloop
  endfacet
  facet normal -5.37753e-05 0.115236 -0.993338
    outer loop
      vertex 1.03489 71.2415 46.0517
      vertex 28.875 58.9753 44.6272
      vertex 1.20208 71.0959 46.0348
    endloop
  endfacet
  facet normal -1.04597e-07 0.115357 -0.993324
    outer loop
      vertex 28.875 58.9753 44.6272
      vertex 1.03489 71.2415 46.0517
      vertex 110 77.5 46.7785
    endloop
  endfacet
  facet normal -1.67741e-05 0.115643 -0.993291
    outer loop
      vertex 0.849999 71.3643 46.066
      vertex 110 77.5 46.7785
      vertex 1.03489 71.2415 46.0517
    endloop
  endfacet
  facet normal -9.43536e-06 0.115514 -0.993306
    outer loop
      vertex 0.705961 71.4348 46.0742
      vertex 110 77.5 46.7785
      vertex 0.849999 71.3643 46.066
    endloop
  endfacet
  facet normal 0.000106549 0.113452 -0.993544
    outer loop
      vertex 0.650561 71.462 46.0773
      vertex 110 77.5 46.7785
      vertex 0.705961 71.4348 46.0742
    endloop
  endfacet
  facet normal -2.92193e-05 0.115878 -0.993263
    outer loop
      vertex 0.59207 71.4817 46.0796
      vertex 110 77.5 46.7785
      vertex 0.650561 71.462 46.0773
    endloop
  endfacet
  facet normal 5.25945e-05 0.11441 -0.993434
    outer loop
      vertex 0.439992 71.533 46.0855
      vertex 110 77.5 46.7785
      vertex 0.59207 71.4817 46.0796
    endloop
  endfacet
  facet normal -6.38761e-05 0.11652 -0.993188
    outer loop
      vertex 0.379409 71.5449 46.0869
      vertex 110 77.5 46.7785
      vertex 0.439992 71.533 46.0855
    endloop
  endfacet
  facet normal 1.60867e-05 0.115068 -0.993358
    outer loop
      vertex 0.221894 71.576 46.0905
      vertex 110 77.5 46.7785
      vertex 0.379409 71.5449 46.0869
    endloop
  endfacet
  facet normal -3.2399e-05 0.115955 -0.993254
    outer loop
      vertex 0 71.5905 46.0922
      vertex 110 77.5 46.7785
      vertex 0.221894 71.576 46.0905
    endloop
  endfacet
  facet normal 0.297595 -0.514475 -0.804209
    outer loop
      vertex -0.849999 71.3643 46.066
      vertex -0.650561 71.462 46.0773
      vertex -0.705961 71.4348 46.0742
    endloop
  endfacet
  facet normal 0.45662 -0.489397 0.742959
    outer loop
      vertex -1.3487 70.9298 46.0155
      vertex -1.20208 71.0959 46.0348
      vertex -1.30797 70.976 46.0209
    endloop
  endfacet
  facet normal 0.809902 -0.563756 0.16198
    outer loop
      vertex -1.47224 70.7462 45.9942
      vertex -1.3487 70.9298 46.0155
      vertex -1.38302 70.8788 46.0096
    endloop
  endfacet
  facet normal -2.47124e-05 0.115375 -0.993322
    outer loop
      vertex -1.68546 69.6814 45.8705
      vertex -28 41.8404 42.6374
      vertex -1.7 69.9018 45.8961
    endloop
  endfacet
  facet normal 3.16011e-05 0.115323 -0.993328
    outer loop
      vertex -1.7 69.9018 45.8961
      vertex -28 41.8404 42.6374
      vertex -1.68546 70.1223 45.9217
    endloop
  endfacet
  facet normal -0.000327912 0.115653 -0.99329
    outer loop
      vertex -1.68546 70.1223 45.9217
      vertex -28 41.8404 42.6374
      vertex -1.65412 70.2787 45.9399
    endloop
  endfacet
  facet normal -0.000205796 0.115541 -0.993303
    outer loop
      vertex -1.65412 70.2787 45.9399
      vertex -28 41.8404 42.6374
      vertex -1.64207 70.3389 45.9469
    endloop
  endfacet
  facet normal 0 0.115354 -0.993324
    outer loop
      vertex -52 41.8404 42.6374
      vertex -1.64207 70.3389 45.9469
      vertex -28 41.8404 42.6374
    endloop
  endfacet
  facet normal 0 0.115469 -0.993311
    outer loop
      vertex -8.0855 14.4954 39.4618
      vertex -33.9145 14.4954 39.4618
      vertex -8.04781 15.0666 39.5282
    endloop
  endfacet
  facet normal 0 0.115355 -0.993324
    outer loop
      vertex -14 28.4305 41.0801
      vertex -28 28.4305 41.0801
      vertex -14 41.8404 42.6374
    endloop
  endfacet
  facet normal 0 0.115355 -0.993324
    outer loop
      vertex -28 41.8404 42.6374
      vertex -14 41.8404 42.6374
      vertex -28 28.4305 41.0801
    endloop
  endfacet
  facet normal 0.000564889 0.114369 -0.993438
    outer loop
      vertex -1.64207 70.3389 45.9469
      vertex -52 41.8404 42.6374
      vertex -1.62222 70.397 45.9536
    endloop
  endfacet
  facet normal -0.000245715 0.11578 -0.993275
    outer loop
      vertex -1.62222 70.397 45.9536
      vertex -52 41.8404 42.6374
      vertex -1.57059 70.5481 45.9712
    endloop
  endfacet
  facet normal 2.06076e-05 0.115318 -0.993329
    outer loop
      vertex -1.57059 70.5481 45.9712
      vertex -52 41.8404 42.6374
      vertex -1.47224 70.7462 45.9942
    endloop
  endfacet
  facet normal 0 0.115354 -0.993324
    outer loop
      vertex -101.528 70.7462 45.9942
      vertex -1.47224 70.7462 45.9942
      vertex -52 41.8404 42.6374
    endloop
  endfacet
  facet normal 0 0.11524 -0.993338
    outer loop
      vertex -1.47224 70.7462 45.9942
      vertex -101.528 70.7462 45.9942
      vertex -1.3487 70.9298 46.0155
    endloop
  endfacet
  facet normal -2.28537e-07 0.115363 -0.993323
    outer loop
      vertex -101.617 70.8788 46.0096
      vertex -1.3487 70.9298 46.0155
      vertex -101.528 70.7462 45.9942
    endloop
  endfacet
  facet normal 0 0.11492 -0.993375
    outer loop
      vertex -101.651 70.9298 46.0155
      vertex -1.3487 70.9298 46.0155
      vertex -101.617 70.8788 46.0096
    endloop
  endfacet
  facet normal 0 0.115351 -0.993325
    outer loop
      vertex -46.0478 15.0666 39.5282
      vertex -66 28.4305 41.0801
      vertex -52 28.4305 41.0801
    endloop
  endfacet
  facet normal 0 0.115355 -0.993324
    outer loop
      vertex -52 28.4305 41.0801
      vertex -66 28.4305 41.0801
      vertex -52 41.8404 42.6374
    endloop
  endfacet
  facet normal 0 0.115355 -0.993324
    outer loop
      vertex -66 41.8404 42.6374
      vertex -52 41.8404 42.6374
      vertex -66 28.4305 41.0801
    endloop
  endfacet
  facet normal 0 0.115354 -0.993324
    outer loop
      vertex -101.429 70.5481 45.9712
      vertex -52 41.8404 42.6374
      vertex -66 41.8404 42.6374
    endloop
  endfacet
  facet normal 0 0.115419 -0.993317
    outer loop
      vertex -1.3487 70.9298 46.0155
      vertex -101.651 70.9298 46.0155
      vertex -1.20208 71.0959 46.0348
    endloop
  endfacet
  facet normal 0 0.115351 -0.993325
    outer loop
      vertex -101.311 69.7427 45.8776
      vertex -66 41.8404 42.6374
      vertex -90 41.8404 42.6374
    endloop
  endfacet
  facet normal 0.000227893 0.115633 -0.993292
    outer loop
      vertex -101.346 70.2787 45.9399
      vertex -66 41.8404 42.6374
      vertex -101.315 70.1223 45.9217
    endloop
  endfacet
  facet normal 0.000143221 0.115529 -0.993304
    outer loop
      vertex -101.358 70.3389 45.9469
      vertex -66 41.8404 42.6374
      vertex -101.346 70.2787 45.9399
    endloop
  endfacet
  facet normal 9.78273e-06 0.115355 -0.993324
    outer loop
      vertex -101.311 69.7427 45.8776
      vertex -90 41.8404 42.6374
      vertex -90 28.4305 41.0801
    endloop
  endfacet
  facet normal -2.31389e-05 0.115324 -0.993328
    outer loop
      vertex -66 41.8404 42.6374
      vertex -101.3 69.9018 45.8961
      vertex -101.315 70.1223 45.9217
    endloop
  endfacet
  facet normal -0.000898191 0.114254 -0.993451
    outer loop
      vertex -101.378 70.397 45.9536
      vertex -66 41.8404 42.6374
      vertex -101.358 70.3389 45.9469
    endloop
  endfacet
  facet normal 0.000387769 0.115826 -0.993269
    outer loop
      vertex -101.429 70.5481 45.9712
      vertex -66 41.8404 42.6374
      vertex -101.378 70.397 45.9536
    endloop
  endfacet
  facet normal -2.12506e-05 0.115318 -0.993329
    outer loop
      vertex -52 41.8404 42.6374
      vertex -101.429 70.5481 45.9712
      vertex -101.528 70.7462 45.9942
    endloop
  endfacet
  facet normal -1.1284e-06 0.116092 -0.993238
    outer loop
      vertex -101.692 70.976 46.0209
      vertex -1.20208 71.0959 46.0348
      vertex -101.651 70.9298 46.0155
    endloop
  endfacet
  facet normal 0 0.115159 -0.993347
    outer loop
      vertex -101.798 71.0959 46.0348
      vertex -1.20208 71.0959 46.0348
      vertex -101.692 70.976 46.0209
    endloop
  endfacet
  facet normal 0 0.115297 -0.993331
    outer loop
      vertex -1.20208 71.0959 46.0348
      vertex -101.798 71.0959 46.0348
      vertex -1.03489 71.2415 46.0517
    endloop
  endfacet
  facet normal 0 0.115297 -0.993331
    outer loop
      vertex -101.965 71.2415 46.0517
      vertex -1.03489 71.2415 46.0517
      vertex -101.798 71.0959 46.0348
    endloop
  endfacet
  facet normal 0 0.115355 -0.993324
    outer loop
      vertex -110 77.5 46.7785
      vertex -1.03489 71.2415 46.0517
      vertex -101.965 71.2415 46.0517
    endloop
  endfacet
  facet normal 1.67741e-05 0.115643 -0.993291
    outer loop
      vertex -1.03489 71.2415 46.0517
      vertex -110 77.5 46.7785
      vertex -0.849999 71.3643 46.066
    endloop
  endfacet
  facet normal -2.32173e-05 0.114941 -0.993372
    outer loop
      vertex -0.849999 71.3643 46.066
      vertex -110 77.5 46.7785
      vertex -0.650561 71.462 46.0773
    endloop
  endfacet
  facet normal 2.92193e-05 0.115878 -0.993263
    outer loop
      vertex -0.650561 71.462 46.0773
      vertex -110 77.5 46.7785
      vertex -0.59207 71.4817 46.0796
    endloop
  endfacet
  facet normal -5.25945e-05 0.11441 -0.993434
    outer loop
      vertex -0.59207 71.4817 46.0796
      vertex -110 77.5 46.7785
      vertex -0.439992 71.533 46.0855
    endloop
  endfacet
  facet normal 6.38761e-05 0.11652 -0.993188
    outer loop
      vertex -0.439992 71.533 46.0855
      vertex -110 77.5 46.7785
      vertex -0.379409 71.5449 46.0869
    endloop
  endfacet
  facet normal -1.60867e-05 0.115068 -0.993358
    outer loop
      vertex -0.379409 71.5449 46.0869
      vertex -110 77.5 46.7785
      vertex -0.221894 71.576 46.0905
    endloop
  endfacet
  facet normal 3.2399e-05 0.115955 -0.993254
    outer loop
      vertex -0.221894 71.576 46.0905
      vertex -110 77.5 46.7785
      vertex 0 71.5905 46.0922
    endloop
  endfacet
  facet normal -0.00142541 0.113549 -0.993531
    outer loop
      vertex -110 77.5 46.7785
      vertex -101.965 71.2415 46.0517
      vertex -102.15 71.3643 46.066
    endloop
  endfacet
  facet normal -0.000245214 0.115039 -0.993361
    outer loop
      vertex -110 77.5 46.7785
      vertex -102.15 71.3643 46.066
      vertex -102.294 71.4348 46.0742
    endloop
  endfacet
  facet normal 0.00284169 0.118908 -0.992901
    outer loop
      vertex -110 77.5 46.7785
      vertex -102.294 71.4348 46.0742
      vertex -102.349 71.462 46.0773
    endloop
  endfacet
  facet normal -0.000356522 0.11491 -0.993376
    outer loop
      vertex -110 77.5 46.7785
      vertex -102.349 71.462 46.0773
      vertex -102.408 71.4817 46.0796
    endloop
  endfacet
  facet normal 0.00065344 0.116167 -0.993229
    outer loop
      vertex -110 77.5 46.7785
      vertex -102.408 71.4817 46.0796
      vertex -102.56 71.533 46.0855
    endloop
  endfacet
  facet normal -0.000386242 0.114888 -0.993378
    outer loop
      vertex -110 77.5 46.7785
      vertex -102.56 71.533 46.0855
      vertex -102.621 71.5449 46.0869
    endloop
  endfacet
  facet normal 9.91249e-05 0.115482 -0.99331
    outer loop
      vertex -110 77.5 46.7785
      vertex -102.621 71.5449 46.0869
      vertex -102.778 71.576 46.0905
    endloop
  endfacet
  facet normal -7.77986e-05 0.115269 -0.993334
    outer loop
      vertex -110 77.5 46.7785
      vertex -102.778 71.576 46.0905
      vertex -103 71.5905 46.0922
    endloop
  endfacet
  facet normal 0.000427831 0.115718 -0.993282
    outer loop
      vertex -110 77.5 46.7785
      vertex -104.308 70.976 46.0209
      vertex -104.349 70.9298 46.0155
    endloop
  endfacet
  facet normal 7.69879e-06 0.115358 -0.993324
    outer loop
      vertex -110 77.5 46.7785
      vertex -104.383 70.8788 46.0096
      vertex -104.472 70.7462 45.9942
    endloop
  endfacet
  facet normal -0.00073564 0.114809 -0.993387
    outer loop
      vertex -110 77.5 46.7785
      vertex -104.622 70.397 45.9536
      vertex -104.642 70.3389 45.9469
    endloop
  endfacet
  facet normal 0.000253598 0.115539 -0.993303
    outer loop
      vertex -110 77.5 46.7785
      vertex -104.654 70.2787 45.9399
      vertex -104.685 70.1223 45.9217
    endloop
  endfacet
  facet normal 0 0.11536 -0.993324
    outer loop
      vertex 0 71.5905 46.0922
      vertex -110 77.5 46.7785
      vertex 110 77.5 46.7785
    endloop
  endfacet
  facet normal 6.66235e-05 0.115438 -0.993315
    outer loop
      vertex -103.222 71.576 46.0905
      vertex -110 77.5 46.7785
      vertex -103 71.5905 46.0922
    endloop
  endfacet
  facet normal -6.12961e-05 0.115293 -0.993332
    outer loop
      vertex -103.379 71.5449 46.0869
      vertex -110 77.5 46.7785
      vertex -103.222 71.576 46.0905
    endloop
  endfacet
  facet normal 0.000240655 0.115624 -0.993293
    outer loop
      vertex -103.44 71.533 46.0855
      vertex -110 77.5 46.7785
      vertex -103.379 71.5449 46.0869
    endloop
  endfacet
  facet normal -0.000276077 0.115064 -0.993358
    outer loop
      vertex -103.592 71.4817 46.0796
      vertex -110 77.5 46.7785
      vertex -103.44 71.533 46.0855
    endloop
  endfacet
  facet normal 0.00015222 0.115514 -0.993306
    outer loop
      vertex -103.651 71.462 46.0773
      vertex -110 77.5 46.7785
      vertex -103.592 71.4817 46.0796
    endloop
  endfacet
  facet normal -0.000698322 0.114631 -0.993408
    outer loop
      vertex -103.706 71.4348 46.0742
      vertex -110 77.5 46.7785
      vertex -103.651 71.462 46.0773
    endloop
  endfacet
  facet normal 6.14566e-05 0.115409 -0.993318
    outer loop
      vertex -103.85 71.3643 46.066
      vertex -110 77.5 46.7785
      vertex -103.706 71.4348 46.0742
    endloop
  endfacet
  facet normal 0.000129008 0.115476 -0.99331
    outer loop
      vertex -104.035 71.2415 46.0517
      vertex -110 77.5 46.7785
      vertex -103.85 71.3643 46.066
    endloop
  endfacet
  facet normal -2.77338e-05 0.115329 -0.993327
    outer loop
      vertex -104.202 71.0959 46.0348
      vertex -110 77.5 46.7785
      vertex -104.035 71.2415 46.0517
    endloop
  endfacet
  facet normal -0.00011035 0.115255 -0.993336
    outer loop
      vertex -104.308 70.976 46.0209
      vertex -110 77.5 46.7785
      vertex -104.202 71.0959 46.0348
    endloop
  endfacet
  facet normal -0.000288965 0.11511 -0.993353
    outer loop
      vertex -104.383 70.8788 46.0096
      vertex -110 77.5 46.7785
      vertex -104.349 70.9298 46.0155
    endloop
  endfacet
  facet normal -1.82645e-05 0.115337 -0.993326
    outer loop
      vertex -104.571 70.5481 45.9712
      vertex -110 77.5 46.7785
      vertex -104.472 70.7462 45.9942
    endloop
  endfacet
  facet normal 0.000313164 0.115593 -0.993297
    outer loop
      vertex -104.622 70.397 45.9536
      vertex -110 77.5 46.7785
      vertex -104.571 70.5481 45.9712
    endloop
  endfacet
  facet normal 0.000158984 0.11547 -0.993311
    outer loop
      vertex -104.654 70.2787 45.9399
      vertex -110 77.5 46.7785
      vertex -104.642 70.3389 45.9469
    endloop
  endfacet
  facet normal -4.28116e-05 0.115328 -0.993327
    outer loop
      vertex -104.7 69.9018 45.8961
      vertex -110 77.5 46.7785
      vertex -104.685 70.1223 45.9217
    endloop
  endfacet
  facet normal 0.000231259 0.115517 -0.993306
    outer loop
      vertex -104.689 69.7427 45.8776
      vertex -110 77.5 46.7785
      vertex -104.7 69.9018 45.8961
    endloop
  endfacet
  facet normal 1.91773e-05 0.115367 -0.993323
    outer loop
      vertex 103.651 -67.6035 29.9278
      vertex 86.0478 -46.5195 32.3762
      vertex 85.9354 -45.9581 32.4414
    endloop
  endfacet
  facet normal 0.000210814 0.115521 -0.993305
    outer loop
      vertex 103.651 -67.6035 29.9278
      vertex 85.9354 -45.9581 32.4414
      vertex 85.8922 -45.7422 32.4665
    endloop
  endfacet
  facet normal 0.000123423 0.115454 -0.993313
    outer loop
      vertex 103.85 -67.7012 29.9164
      vertex 85.8922 -45.7422 32.4665
      vertex 85.6357 -44.9917 32.5537
    endloop
  endfacet
  facet normal -8.32145e-07 0.115354 -0.993324
    outer loop
      vertex 104.035 -67.8239 29.9022
      vertex 85.6357 -44.9917 32.5537
      vertex 96.875 11.2957 39.0903
    endloop
  endfacet
  facet normal 0.000112637 0.115332 -0.993327
    outer loop
      vertex 85.2828 -44.2808 32.6362
      vertex 96.875 11.2957 39.0903
      vertex 85.6357 -44.9917 32.5537
    endloop
  endfacet
  facet normal -0.000225223 0.115401 -0.993319
    outer loop
      vertex 85.1596 -44.0977 32.6575
      vertex 96.875 11.2957 39.0903
      vertex 85.2828 -44.2808 32.6362
    endloop
  endfacet
  facet normal 0.000155726 0.115322 -0.993328
    outer loop
      vertex 84.8395 -43.6218 32.7127
      vertex 96.875 11.2957 39.0903
      vertex 85.1596 -44.0977 32.6575
    endloop
  endfacet
  facet normal 3.32834e-06 0.115355 -0.993324
    outer loop
      vertex 84.3134 -43.0259 32.7819
      vertex 96.875 11.2957 39.0903
      vertex 84.8395 -43.6218 32.7127
    endloop
  endfacet
  facet normal -1.39845e-05 0.115359 -0.993324
    outer loop
      vertex 83.7134 -42.5033 32.8426
      vertex 96.875 11.2957 39.0903
      vertex 84.3134 -43.0259 32.7819
    endloop
  endfacet
  facet normal -8.73113e-05 0.115376 -0.993322
    outer loop
      vertex 83.05 -42.063 32.8938
      vertex 96.875 11.2957 39.0903
      vertex 83.7134 -42.5033 32.8426
    endloop
  endfacet
  facet normal 1.83245e-05 0.115349 -0.993325
    outer loop
      vertex 82.3344 -41.7124 32.9345
      vertex 96.875 11.2957 39.0903
      vertex 83.05 -42.063 32.8938
    endloop
  endfacet
  facet normal 0.000112989 0.115324 -0.993328
    outer loop
      vertex 81.7887 -41.5284 32.9558
      vertex 96.875 11.2957 39.0903
      vertex 82.3344 -41.7124 32.9345
    endloop
  endfacet
  facet normal -0.000336454 0.11545 -0.993313
    outer loop
      vertex 81.5788 -41.4576 32.9641
      vertex 96.875 11.2957 39.0903
      vertex 81.7887 -41.5284 32.9558
    endloop
  endfacet
  facet normal 6.43212e-05 0.115336 -0.993327
    outer loop
      vertex 80.7962 -41.303 32.982
      vertex 96.875 11.2957 39.0903
      vertex 81.5788 -41.4576 32.9641
    endloop
  endfacet
  facet normal -0.00012207 0.115392 -0.99332
    outer loop
      vertex 80.575 -41.2886 32.9837
      vertex 96.875 11.2957 39.0903
      vertex 80.7962 -41.303 32.982
    endloop
  endfacet
  facet normal 7.32414e-05 0.115332 -0.993327
    outer loop
      vertex 80 -41.2512 32.988
      vertex 96.875 11.2957 39.0903
      vertex 80.575 -41.2886 32.9837
    endloop
  endfacet
  facet normal -7.6366e-05 0.115379 -0.993321
    outer loop
      vertex 79.425 -41.2886 32.9837
      vertex 96.875 11.2957 39.0903
      vertex 80 -41.2512 32.988
    endloop
  endfacet
  facet normal 0.000127284 0.115313 -0.993329
    outer loop
      vertex 79.2038 -41.303 32.982
      vertex 96.875 11.2957 39.0903
      vertex 79.425 -41.2886 32.9837
    endloop
  endfacet
  facet normal -7.30534e-05 0.115379 -0.993322
    outer loop
      vertex 78.4212 -41.4576 32.9641
      vertex 96.875 11.2957 39.0903
      vertex 79.2038 -41.303 32.982
    endloop
  endfacet
  facet normal 0.000418785 0.115209 -0.993341
    outer loop
      vertex 78.2113 -41.5284 32.9558
      vertex 96.875 11.2957 39.0903
      vertex 78.4212 -41.4576 32.9641
    endloop
  endfacet
  facet normal -0.000140621 0.115404 -0.993319
    outer loop
      vertex 77.6656 -41.7124 32.9345
      vertex 96.875 11.2957 39.0903
      vertex 78.2113 -41.5284 32.9558
    endloop
  endfacet
  facet normal -1.43265e-05 0.115341 -0.993326
    outer loop
      vertex 28.875 11.2957 39.0903
      vertex 77.6656 -41.7124 32.9345
      vertex 76.95 -42.063 32.8938
    endloop
  endfacet
  facet normal 0 0.115506 -0.993307
    outer loop
      vertex 45.05 -42.063 32.8938
      vertex 76.95 -42.063 32.8938
      vertex 76.2866 -42.5033 32.8426
    endloop
  endfacet
  facet normal 0 0.115374 -0.993322
    outer loop
      vertex 45.7134 -42.5033 32.8426
      vertex 76.2866 -42.5033 32.8426
      vertex 75.6866 -43.0259 32.7819
    endloop
  endfacet
  facet normal 0 0.115352 -0.993325
    outer loop
      vertex 46.3134 -43.0259 32.7819
      vertex 75.6866 -43.0259 32.7819
      vertex 75.1605 -43.6218 32.7127
    endloop
  endfacet
  facet normal 0 0.115218 -0.99334
    outer loop
      vertex 46.8395 -43.6218 32.7127
      vertex 75.1605 -43.6218 32.7127
      vertex 74.8404 -44.0977 32.6575
    endloop
  endfacet
  facet normal 0 0.115551 -0.993302
    outer loop
      vertex 47.1596 -44.0977 32.6575
      vertex 74.8404 -44.0977 32.6575
      vertex 74.7172 -44.2808 32.6362
    endloop
  endfacet
  facet normal 0 0.115276 -0.993333
    outer loop
      vertex 47.2828 -44.2808 32.6362
      vertex 74.7172 -44.2808 32.6362
      vertex 74.3643 -44.9917 32.5537
    endloop
  endfacet
  facet normal 0 0.115363 -0.993323
    outer loop
      vertex 48.0478 -46.5195 32.3762
      vertex 74.0646 -45.9581 32.4414
      vertex 73.9522 -46.5195 32.3762
    endloop
  endfacet
  facet normal 0 0.115296 -0.993331
    outer loop
      vertex 48.1 -47.3104 32.2844
      vertex 73.9522 -46.5195 32.3762
      vertex 73.9 -47.3104 32.2844
    endloop
  endfacet
  facet normal 0 0.115296 -0.993331
    outer loop
      vertex 48.0478 -46.5195 32.3762
      vertex 73.9522 -46.5195 32.3762
      vertex 48.1 -47.3104 32.2844
    endloop
  endfacet
  facet normal 0 0.115363 -0.993323
    outer loop
      vertex 47.9354 -45.9581 32.4414
      vertex 74.0646 -45.9581 32.4414
      vertex 48.0478 -46.5195 32.3762
    endloop
  endfacet
  facet normal 0 0.11548 -0.99331
    outer loop
      vertex 74.0646 -45.9581 32.4414
      vertex 47.9354 -45.9581 32.4414
      vertex 74.1078 -45.7422 32.4665
    endloop
  endfacet
  facet normal 0 0.11548 -0.99331
    outer loop
      vertex 47.8921 -45.7422 32.4665
      vertex 74.1078 -45.7422 32.4665
      vertex 47.9354 -45.9581 32.4414
    endloop
  endfacet
  facet normal 0 0.115413 -0.993318
    outer loop
      vertex 74.1078 -45.7422 32.4665
      vertex 47.8921 -45.7422 32.4665
      vertex 74.3643 -44.9917 32.5537
    endloop
  endfacet
  facet normal 0 0.115413 -0.993318
    outer loop
      vertex 47.6357 -44.9917 32.5537
      vertex 74.3643 -44.9917 32.5537
      vertex 47.8921 -45.7422 32.4665
    endloop
  endfacet
  facet normal 0 0.115276 -0.993333
    outer loop
      vertex 47.2828 -44.2808 32.6362
      vertex 74.3643 -44.9917 32.5537
      vertex 47.6357 -44.9917 32.5537
    endloop
  endfacet
  facet normal 0 0.115551 -0.993302
    outer loop
      vertex 74.7172 -44.2808 32.6362
      vertex 47.2828 -44.2808 32.6362
      vertex 47.1596 -44.0977 32.6575
    endloop
  endfacet
  facet normal 0 0.115218 -0.99334
    outer loop
      vertex 74.8404 -44.0977 32.6575
      vertex 47.1596 -44.0977 32.6575
      vertex 46.8395 -43.6218 32.7127
    endloop
  endfacet
  facet normal 0 0.115352 -0.993325
    outer loop
      vertex 75.1605 -43.6218 32.7127
      vertex 46.8395 -43.6218 32.7127
      vertex 46.3134 -43.0259 32.7819
    endloop
  endfacet
  facet normal 0 0.115374 -0.993322
    outer loop
      vertex 75.6866 -43.0259 32.7819
      vertex 46.3134 -43.0259 32.7819
      vertex 45.7134 -42.5033 32.8426
    endloop
  endfacet
  facet normal 0 0.115506 -0.993307
    outer loop
      vertex 76.2866 -42.5033 32.8426
      vertex 45.7134 -42.5033 32.8426
      vertex 45.05 -42.063 32.8938
    endloop
  endfacet
  facet normal 0 0.115354 -0.993324
    outer loop
      vertex 76.95 -42.063 32.8938
      vertex 45.05 -42.063 32.8938
      vertex 28.875 11.2957 39.0903
    endloop
  endfacet
  facet normal 2.42525e-05 0.115361 -0.993324
    outer loop
      vertex 28.875 11.2957 39.0903
      vertex 45.05 -42.063 32.8938
      vertex 44.3344 -41.7124 32.9345
    endloop
  endfacet
  facet normal 0.000136901 0.115394 -0.99332
    outer loop
      vertex 28.875 11.2957 39.0903
      vertex 44.3344 -41.7124 32.9345
      vertex 43.7887 -41.5284 32.9558
    endloop
  endfacet
  facet normal -0.0004077 0.115242 -0.993337
    outer loop
      vertex 28.875 11.2957 39.0903
      vertex 43.7887 -41.5284 32.9558
      vertex 43.5788 -41.4576 32.9641
    endloop
  endfacet
  facet normal 7.19678e-05 0.115374 -0.993322
    outer loop
      vertex 28.875 11.2957 39.0903
      vertex 43.5788 -41.4576 32.9641
      vertex 42.7962 -41.303 32.982
    endloop
  endfacet
  facet normal -0.000126683 0.115322 -0.993328
    outer loop
      vertex 28.875 11.2957 39.0903
      vertex 42.7962 -41.303 32.982
      vertex 42.575 -41.2886 32.9837
    endloop
  endfacet
  facet normal 7.60057e-05 0.115374 -0.993322
    outer loop
      vertex 28.875 11.2957 39.0903
      vertex 42.575 -41.2886 32.9837
      vertex 42 -41.2512 32.988
    endloop
  endfacet
  facet normal -7.35759e-05 0.115337 -0.993326
    outer loop
      vertex 28.875 11.2957 39.0903
      vertex 42 -41.2512 32.988
      vertex 41.425 -41.2886 32.9837
    endloop
  endfacet
  facet normal 0.000122628 0.115383 -0.993321
    outer loop
      vertex 28.875 11.2957 39.0903
      vertex 41.425 -41.2886 32.9837
      vertex 41.2038 -41.303 32.982
    endloop
  endfacet
  facet normal -6.51869e-05 0.11534 -0.993326
    outer loop
      vertex 28.875 11.2957 39.0903
      vertex 41.2038 -41.303 32.982
      vertex 40.4212 -41.4576 32.9641
    endloop
  endfacet
  facet normal 0.000343968 0.115428 -0.993316
    outer loop
      vertex 28.875 11.2957 39.0903
      vertex 40.4212 -41.4576 32.9641
      vertex 40.2113 -41.5284 32.9558
    endloop
  endfacet
  facet normal -0.000115511 0.115331 -0.993327
    outer loop
      vertex 28.875 11.2957 39.0903
      vertex 40.2113 -41.5284 32.9558
      vertex 39.6656 -41.7124 32.9345
    endloop
  endfacet
  facet normal -1.8902e-05 0.11535 -0.993325
    outer loop
      vertex 28.875 11.2957 39.0903
      vertex 39.6656 -41.7124 32.9345
      vertex 38.95 -42.063 32.8938
    endloop
  endfacet
  facet normal 9.09305e-05 0.115371 -0.993322
    outer loop
      vertex 28.875 11.2957 39.0903
      vertex 38.95 -42.063 32.8938
      vertex 38.2866 -42.5033 32.8426
    endloop
  endfacet
  facet normal 1.47213e-05 0.115358 -0.993324
    outer loop
      vertex 28.875 11.2957 39.0903
      vertex 38.2866 -42.5033 32.8426
      vertex 37.6866 -43.0259 32.7819
    endloop
  endfacet
  facet normal 0 0.115354 -0.993324
    outer loop
      vertex 77.6656 -41.7124 32.9345
      vertex 28.875 11.2957 39.0903
      vertex 96.875 11.2957 39.0903
    endloop
  endfacet
  facet normal -3.54819e-06 0.115355 -0.993324
    outer loop
      vertex 37.1605 -43.6218 32.7127
      vertex 28.875 11.2957 39.0903
      vertex 37.6866 -43.0259 32.7819
    endloop
  endfacet
  facet normal -0.000168638 0.11533 -0.993327
    outer loop
      vertex 36.8404 -44.0977 32.6575
      vertex 28.875 11.2957 39.0903
      vertex 37.1605 -43.6218 32.7127
    endloop
  endfacet
  facet normal 0.000243894 0.115389 -0.99332
    outer loop
      vertex 36.7172 -44.2808 32.6362
      vertex 28.875 11.2957 39.0903
      vertex 36.8404 -44.0977 32.6575
    endloop
  endfacet
  facet normal -0.000124558 0.115337 -0.993326
    outer loop
      vertex 36.3643 -44.9917 32.5537
      vertex 28.875 11.2957 39.0903
      vertex 36.7172 -44.2808 32.6362
    endloop
  endfacet
  facet normal 0.000125967 0.11537 -0.993323
    outer loop
      vertex 36.1079 -45.7422 32.4665
      vertex 28.875 11.2957 39.0903
      vertex 36.3643 -44.9917 32.5537
    endloop
  endfacet
  facet normal 0.000387555 0.115403 -0.993319
    outer loop
      vertex 36.0646 -45.9581 32.4414
      vertex 28.875 11.2957 39.0903
      vertex 36.1079 -45.7422 32.4665
    endloop
  endfacet
  facet normal 2.42175e-05 0.115358 -0.993324
    outer loop
      vertex 35.9522 -46.5195 32.3762
      vertex 28.875 11.2957 39.0903
      vertex 36.0646 -45.9581 32.4414
    endloop
  endfacet
  facet normal -0.000316647 0.115317 -0.993329
    outer loop
      vertex 28.875 11.2957 39.0903
      vertex 35.9522 -46.5195 32.3762
      vertex 35.9 -47.3104 32.2844
    endloop
  endfacet
  facet normal 1.54818e-06 0.115358 -0.993324
    outer loop
      vertex 35.9 -47.3104 32.2844
      vertex 4.04781 -46.5195 32.3762
      vertex 10 -33.1556 33.9282
    endloop
  endfacet
  facet normal -6.8656e-06 0.115361 -0.993324
    outer loop
      vertex 3.93539 -45.9581 32.4414
      vertex 10 -33.1556 33.9282
      vertex 4.04781 -46.5195 32.3762
    endloop
  endfacet
  facet normal -0.00018269 0.115444 -0.993314
    outer loop
      vertex 3.89215 -45.7422 32.4665
      vertex 10 -33.1556 33.9282
      vertex 3.93539 -45.9581 32.4414
    endloop
  endfacet
  facet normal -6.93812e-05 0.115389 -0.99332
    outer loop
      vertex 3.63566 -44.9917 32.5537
      vertex 10 -33.1556 33.9282
      vertex 3.89215 -45.7422 32.4665
    endloop
  endfacet
  facet normal 7.46354e-05 0.115313 -0.993329
    outer loop
      vertex 3.28275 -44.2808 32.6362
      vertex 10 -33.1556 33.9282
      vertex 3.63566 -44.9917 32.5537
    endloop
  endfacet
  facet normal -0.000153427 0.115449 -0.993313
    outer loop
      vertex 3.15962 -44.0977 32.6575
      vertex 10 -33.1556 33.9282
      vertex 3.28275 -44.2808 32.6362
    endloop
  endfacet
  facet normal 0.000106144 0.115289 -0.993332
    outer loop
      vertex 2.83945 -43.6218 32.7127
      vertex 10 -33.1556 33.9282
      vertex 3.15962 -44.0977 32.6575
    endloop
  endfacet
  facet normal 5.63171e-06 0.115357 -0.993324
    outer loop
      vertex 2.31335 -43.0259 32.7819
      vertex 10 -33.1556 33.9282
      vertex 2.83945 -43.6218 32.7127
    endloop
  endfacet
  facet normal -7.07936e-06 0.115366 -0.993323
    outer loop
      vertex 1.71344 -42.5033 32.8426
      vertex 10 -33.1556 33.9282
      vertex 2.31335 -43.0259 32.7819
    endloop
  endfacet
  facet normal -6.17719e-05 0.115414 -0.993317
    outer loop
      vertex 1.05 -42.063 32.8938
      vertex 10 -33.1556 33.9282
      vertex 1.71344 -42.5033 32.8426
    endloop
  endfacet
  facet normal 1.35189e-05 0.11534 -0.993326
    outer loop
      vertex 0.334369 -41.7124 32.9345
      vertex 10 -33.1556 33.9282
      vertex 1.05 -42.063 32.8938
    endloop
  endfacet
  facet normal 8.9501e-05 0.115255 -0.993336
    outer loop
      vertex -0.211322 -41.5284 32.9558
      vertex 10 -33.1556 33.9282
      vertex 0.334369 -41.7124 32.9345
    endloop
  endfacet
  facet normal -0.000259637 0.115675 -0.993287
    outer loop
      vertex -0.421204 -41.4576 32.9641
      vertex 10 -33.1556 33.9282
      vertex -0.211322 -41.5284 32.9558
    endloop
  endfacet
  facet normal 5.4402e-05 0.115286 -0.993332
    outer loop
      vertex -1.20379 -41.303 32.982
      vertex 10 -33.1556 33.9282
      vertex -0.421204 -41.4576 32.9641
    endloop
  endfacet
  facet normal -0.000113988 0.115515 -0.993306
    outer loop
      vertex -1.42496 -41.2886 32.9837
      vertex 10 -33.1556 33.9282
      vertex -1.20379 -41.303 32.982
    endloop
  endfacet
  facet normal 6.85825e-05 0.115261 -0.993335
    outer loop
      vertex -2 -41.2512 32.988
      vertex 10 -33.1556 33.9282
      vertex -1.42496 -41.2886 32.9837
    endloop
  endfacet
  facet normal -6.85825e-05 0.115261 -0.993335
    outer loop
      vertex -14 -33.1556 33.9282
      vertex -2 -41.2512 32.988
      vertex -2.57504 -41.2886 32.9837
    endloop
  endfacet
  facet normal 0.000113988 0.115515 -0.993306
    outer loop
      vertex -14 -33.1556 33.9282
      vertex -2.57504 -41.2886 32.9837
      vertex -2.79621 -41.303 32.982
    endloop
  endfacet
  facet normal -5.44017e-05 0.115286 -0.993332
    outer loop
      vertex -14 -33.1556 33.9282
      vertex -2.79621 -41.303 32.982
      vertex -3.5788 -41.4576 32.9641
    endloop
  endfacet
  facet normal 0.000259639 0.115675 -0.993287
    outer loop
      vertex -14 -33.1556 33.9282
      vertex -3.5788 -41.4576 32.9641
      vertex -3.78868 -41.5284 32.9558
    endloop
  endfacet
  facet normal -8.95011e-05 0.115255 -0.993336
    outer loop
      vertex -14 -33.1556 33.9282
      vertex -3.78868 -41.5284 32.9558
      vertex -4.33437 -41.7124 32.9345
    endloop
  endfacet
  facet normal -1.3519e-05 0.11534 -0.993326
    outer loop
      vertex -14 -33.1556 33.9282
      vertex -4.33437 -41.7124 32.9345
      vertex -5.05 -42.063 32.8938
    endloop
  endfacet
  facet normal 0.000153427 0.115449 -0.993313
    outer loop
      vertex -14 -33.1556 33.9282
      vertex -7.15962 -44.0977 32.6575
      vertex -7.28275 -44.2808 32.6362
    endloop
  endfacet
  facet normal 6.8656e-06 0.115361 -0.993324
    outer loop
      vertex -14 -33.1556 33.9282
      vertex -7.93539 -45.9581 32.4414
      vertex -8.04781 -46.5195 32.3762
    endloop
  endfacet
  facet normal 0 0.115362 -0.993324
    outer loop
      vertex -2 -41.2512 32.988
      vertex -14 -33.1556 33.9282
      vertex 10 -33.1556 33.9282
    endloop
  endfacet
  facet normal 6.17719e-05 0.115414 -0.993317
    outer loop
      vertex -5.71344 -42.5033 32.8426
      vertex -14 -33.1556 33.9282
      vertex -5.05 -42.063 32.8938
    endloop
  endfacet
  facet normal 7.07936e-06 0.115366 -0.993323
    outer loop
      vertex -6.31335 -43.0259 32.7819
      vertex -14 -33.1556 33.9282
      vertex -5.71344 -42.5033 32.8426
    endloop
  endfacet
  facet normal -5.63171e-06 0.115357 -0.993324
    outer loop
      vertex -6.83945 -43.6218 32.7127
      vertex -14 -33.1556 33.9282
      vertex -6.31335 -43.0259 32.7819
    endloop
  endfacet
  facet normal -0.000106144 0.115289 -0.993332
    outer loop
      vertex -7.15962 -44.0977 32.6575
      vertex -14 -33.1556 33.9282
      vertex -6.83945 -43.6218 32.7127
    endloop
  endfacet
  facet normal -7.46354e-05 0.115313 -0.993329
    outer loop
      vertex -7.63566 -44.9917 32.5537
      vertex -14 -33.1556 33.9282
      vertex -7.28275 -44.2808 32.6362
    endloop
  endfacet
  facet normal 6.93812e-05 0.115389 -0.99332
    outer loop
      vertex -7.89215 -45.7422 32.4665
      vertex -14 -33.1556 33.9282
      vertex -7.63566 -44.9917 32.5537
    endloop
  endfacet
  facet normal 0.00018269 0.115444 -0.993314
    outer loop
      vertex -7.93539 -45.9581 32.4414
      vertex -14 -33.1556 33.9282
      vertex -7.89215 -45.7422 32.4665
    endloop
  endfacet
  facet normal 0 0.115296 -0.993331
    outer loop
      vertex -33.9522 -46.5195 32.3762
      vertex -8.04781 -46.5195 32.3762
      vertex -8.1 -47.3104 32.2844
    endloop
  endfacet
  facet normal 1.83448e-05 0.11547 -0.993311
    outer loop
      vertex 4.04781 15.0666 39.5282
      vertex 28.875 11.2957 39.0903
      vertex 4.0855 14.4954 39.4618
    endloop
  endfacet
  facet normal 2.21528e-08 0.115351 -0.993325
    outer loop
      vertex 28.875 11.2957 39.0903
      vertex 4.04781 15.0666 39.5282
      vertex 10 28.4305 41.0801
    endloop
  endfacet
  facet normal 0.00012857 0.115295 -0.993331
    outer loop
      vertex 3.89215 15.8439 39.6184
      vertex 10 28.4305 41.0801
      vertex 4.04781 15.0666 39.5282
    endloop
  endfacet
  facet normal -5.0792e-05 0.11538 -0.993321
    outer loop
      vertex 3.63566 16.5945 39.7056
      vertex 10 28.4305 41.0801
      vertex 3.89215 15.8439 39.6184
    endloop
  endfacet
  facet normal 5.98909e-05 0.115322 -0.993328
    outer loop
      vertex 3.28275 17.3053 39.7881
      vertex 10 28.4305 41.0801
      vertex 3.63566 16.5945 39.7056
    endloop
  endfacet
  facet normal -3.40294e-05 0.115378 -0.993322
    outer loop
      vertex 2.96259 17.7813 39.8434
      vertex 10 28.4305 41.0801
      vertex 3.28275 17.3053 39.7881
    endloop
  endfacet
  facet normal -0.000195613 0.115483 -0.993309
    outer loop
      vertex 2.83945 17.9643 39.8647
      vertex 10 28.4305 41.0801
      vertex 2.96259 17.7813 39.8434
    endloop
  endfacet
  facet normal 0.000116772 0.115272 -0.993334
    outer loop
      vertex 2.69331 18.1299 39.8839
      vertex 10 28.4305 41.0801
      vertex 2.83945 17.9643 39.8647
    endloop
  endfacet
  facet normal -4.29452e-05 0.115384 -0.993321
    outer loop
      vertex 2.31335 18.5602 39.9339
      vertex 10 28.4305 41.0801
      vertex 2.69331 18.1299 39.8839
    endloop
  endfacet
  facet normal -1.23027e-05 0.11536 -0.993324
    outer loop
      vertex 1.71344 19.0828 39.9946
      vertex 10 28.4305 41.0801
      vertex 2.31335 18.5602 39.9339
    endloop
  endfacet
  facet normal 7.0103e-06 0.115344 -0.993326
    outer loop
      vertex 1.52915 19.2051 40.0088
      vertex 10 28.4305 41.0801
      vertex 1.71344 19.0828 39.9946
    endloop
  endfacet
  facet normal 5.07169e-05 0.115304 -0.99333
    outer loop
      vertex 1.05 19.5232 40.0457
      vertex 10 28.4305 41.0801
      vertex 1.52915 19.2051 40.0088
    endloop
  endfacet
  facet normal -9.83065e-06 0.115364 -0.993323
    outer loop
      vertex 0.533155 19.7763 40.0751
      vertex 10 28.4305 41.0801
      vertex 1.05 19.5232 40.0457
    endloop
  endfacet
  facet normal 3.55393e-05 0.115315 -0.993329
    outer loop
      vertex 0.334369 19.8737 40.0864
      vertex 10 28.4305 41.0801
      vertex 0.533155 19.7763 40.0751
    endloop
  endfacet
  facet normal -9.62606e-06 0.115365 -0.993323
    outer loop
      vertex -0.421204 20.1285 40.116
      vertex 10 28.4305 41.0801
      vertex 0.334369 19.8737 40.0864
    endloop
  endfacet
  facet normal -6.62166e-05 0.115435 -0.993315
    outer loop
      vertex -0.638589 20.1714 40.121
      vertex 10 28.4305 41.0801
      vertex -0.421204 20.1285 40.116
    endloop
  endfacet
  facet normal -4.01695e-05 0.115402 -0.993319
    outer loop
      vertex -1.20379 20.2831 40.134
      vertex 10 28.4305 41.0801
      vertex -0.638589 20.1714 40.121
    endloop
  endfacet
  facet normal 8.65714e-05 0.11523 -0.993339
    outer loop
      vertex -1.77883 20.3206 40.1383
      vertex 10 28.4305 41.0801
      vertex -1.20379 20.2831 40.134
    endloop
  endfacet
  facet normal -0.000113791 0.115518 -0.993305
    outer loop
      vertex -2 20.335 40.14
      vertex 10 28.4305 41.0801
      vertex -1.77883 20.3206 40.1383
    endloop
  endfacet
  facet normal 0.000113791 0.115518 -0.993305
    outer loop
      vertex -14 28.4305 41.0801
      vertex -2 20.335 40.14
      vertex -2.22117 20.3206 40.1383
    endloop
  endfacet
  facet normal -8.65714e-05 0.11523 -0.993339
    outer loop
      vertex -14 28.4305 41.0801
      vertex -2.22117 20.3206 40.1383
      vertex -2.79621 20.2831 40.134
    endloop
  endfacet
  facet normal 4.01695e-05 0.115402 -0.993319
    outer loop
      vertex -14 28.4305 41.0801
      vertex -2.79621 20.2831 40.134
      vertex -3.36141 20.1714 40.121
    endloop
  endfacet
  facet normal 6.62154e-05 0.115435 -0.993315
    outer loop
      vertex -14 28.4305 41.0801
      vertex -3.36141 20.1714 40.121
      vertex -3.5788 20.1285 40.116
    endloop
  endfacet
  facet normal 9.62609e-06 0.115365 -0.993323
    outer loop
      vertex -14 28.4305 41.0801
      vertex -3.5788 20.1285 40.116
      vertex -4.33437 19.8737 40.0864
    endloop
  endfacet
  facet normal -3.554e-05 0.115315 -0.993329
    outer loop
      vertex -14 28.4305 41.0801
      vertex -4.33437 19.8737 40.0864
      vertex -4.53315 19.7763 40.0751
    endloop
  endfacet
  facet normal 9.83058e-06 0.115364 -0.993323
    outer loop
      vertex -14 28.4305 41.0801
      vertex -4.53315 19.7763 40.0751
      vertex -5.05 19.5232 40.0457
    endloop
  endfacet
  facet normal -0.000116772 0.115272 -0.993334
    outer loop
      vertex -14 28.4305 41.0801
      vertex -6.69331 18.1299 39.8839
      vertex -6.83945 17.9643 39.8647
    endloop
  endfacet
  facet normal 0 0.115297 -0.993331
    outer loop
      vertex -33.9 14.2757 39.4363
      vertex -8.1 14.2757 39.4363
      vertex -8.06231 13.7045 39.37
    endloop
  endfacet
  facet normal 0 0.115293 -0.993331
    outer loop
      vertex -33.9 14.2757 39.4363
      vertex -8.0855 14.4954 39.4618
      vertex -8.1 14.2757 39.4363
    endloop
  endfacet
  facet normal 0 0.115351 -0.993325
    outer loop
      vertex -2 20.335 40.14
      vertex -14 28.4305 41.0801
      vertex 10 28.4305 41.0801
    endloop
  endfacet
  facet normal -5.07169e-05 0.115304 -0.99333
    outer loop
      vertex -5.52915 19.2051 40.0088
      vertex -14 28.4305 41.0801
      vertex -5.05 19.5232 40.0457
    endloop
  endfacet
  facet normal -7.0103e-06 0.115344 -0.993326
    outer loop
      vertex -5.71344 19.0828 39.9946
      vertex -14 28.4305 41.0801
      vertex -5.52915 19.2051 40.0088
    endloop
  endfacet
  facet normal 1.23027e-05 0.11536 -0.993324
    outer loop
      vertex -6.31335 18.5602 39.9339
      vertex -14 28.4305 41.0801
      vertex -5.71344 19.0828 39.9946
    endloop
  endfacet
  facet normal 4.29452e-05 0.115384 -0.993321
    outer loop
      vertex -6.69331 18.1299 39.8839
      vertex -14 28.4305 41.0801
      vertex -6.31335 18.5602 39.9339
    endloop
  endfacet
  facet normal 0.000195613 0.115483 -0.993309
    outer loop
      vertex -6.96259 17.7813 39.8434
      vertex -14 28.4305 41.0801
      vertex -6.83945 17.9643 39.8647
    endloop
  endfacet
  facet normal 3.40294e-05 0.115378 -0.993322
    outer loop
      vertex -7.28275 17.3053 39.7881
      vertex -14 28.4305 41.0801
      vertex -6.96259 17.7813 39.8434
    endloop
  endfacet
  facet normal -5.98909e-05 0.115322 -0.993328
    outer loop
      vertex -7.63566 16.5945 39.7056
      vertex -14 28.4305 41.0801
      vertex -7.28275 17.3053 39.7881
    endloop
  endfacet
  facet normal 5.0792e-05 0.11538 -0.993321
    outer loop
      vertex -7.89215 15.8439 39.6184
      vertex -14 28.4305 41.0801
      vertex -7.63566 16.5945 39.7056
    endloop
  endfacet
  facet normal -0.00012857 0.115295 -0.993331
    outer loop
      vertex -8.04781 15.0666 39.5282
      vertex -14 28.4305 41.0801
      vertex -7.89215 15.8439 39.6184
    endloop
  endfacet
  facet normal 0 0.115293 -0.993331
    outer loop
      vertex -33.9145 14.4954 39.4618
      vertex -8.0855 14.4954 39.4618
      vertex -33.9 14.2757 39.4363
    endloop
  endfacet
  facet normal 4.71635e-05 0.115351 -0.993325
    outer loop
      vertex 1.47224 -68.3193 29.8446
      vertex 2.83945 -50.9991 31.856
      vertex 1.57059 -68.5174 29.8216
    endloop
  endfacet
  facet normal -0.000146036 0.115366 -0.993323
    outer loop
      vertex 2.83945 -50.9991 31.856
      vertex 1.47224 -68.3193 29.8446
      vertex 2.69331 -51.1646 31.8368
    endloop
  endfacet
  facet normal 4.84218e-05 0.115353 -0.993325
    outer loop
      vertex 2.69331 -51.1646 31.8368
      vertex 1.47224 -68.3193 29.8446
      vertex 2.31335 -51.595 31.7868
    endloop
  endfacet
  facet normal 0.000108836 0.11535 -0.993325
    outer loop
      vertex 1.38302 -68.1866 29.86
      vertex 2.31335 -51.595 31.7868
      vertex 1.47224 -68.3193 29.8446
    endloop
  endfacet
  facet normal -0.00206561 0.11547 -0.993309
    outer loop
      vertex 1.3487 -68.1356 29.866
      vertex 2.31335 -51.595 31.7868
      vertex 1.38302 -68.1866 29.86
    endloop
  endfacet
  facet normal 0.00122229 0.115281 -0.993332
    outer loop
      vertex 1.30797 -68.0895 29.8713
      vertex 2.31335 -51.595 31.7868
      vertex 1.3487 -68.1356 29.866
    endloop
  endfacet
  facet normal -0.000565484 0.115388 -0.99332
    outer loop
      vertex 1.20208 -67.9695 29.8853
      vertex 2.31335 -51.595 31.7868
      vertex 1.30797 -68.0895 29.8713
    endloop
  endfacet
  facet normal -6.29475e-05 0.115355 -0.993324
    outer loop
      vertex 2.31335 -51.595 31.7868
      vertex 1.20208 -67.9695 29.8853
      vertex 1.88009 -51.9724 31.743
    endloop
  endfacet
  facet normal 0.000237144 0.115342 -0.993326
    outer loop
      vertex 1.88009 -51.9724 31.743
      vertex 1.20208 -67.9695 29.8853
      vertex 1.71344 -52.1176 31.7261
    endloop
  endfacet
  facet normal 0.000130723 0.115346 -0.993325
    outer loop
      vertex 1.08133 -67.8643 29.8975
      vertex 1.71344 -52.1176 31.7261
      vertex 1.20208 -67.9695 29.8853
    endloop
  endfacet
  facet normal -0.000175942 0.115358 -0.993324
    outer loop
      vertex 1.03489 -67.8239 29.9022
      vertex 1.71344 -52.1176 31.7261
      vertex 1.08133 -67.8643 29.8975
    endloop
  endfacet
  facet normal -4.62479e-05 0.115352 -0.993325
    outer loop
      vertex 1.71344 -52.1176 31.7261
      vertex 1.03489 -67.8239 29.9022
      vertex 1.05 -52.5579 31.675
    endloop
  endfacet
  facet normal 0.00115864 0.115351 -0.993324
    outer loop
      vertex 0.983534 -67.7898 29.9061
      vertex 1.05 -52.5579 31.675
      vertex 1.03489 -67.8239 29.9022
    endloop
  endfacet
  facet normal -7.98748e-05 0.115356 -0.993324
    outer loop
      vertex 0.849999 -67.7012 29.9164
      vertex 1.05 -52.5579 31.675
      vertex 0.983534 -67.7898 29.9061
    endloop
  endfacet
  facet normal -8.09924e-06 0.115355 -0.993324
    outer loop
      vertex 0.705961 -67.6306 29.9246
      vertex 1.05 -52.5579 31.675
      vertex 0.849999 -67.7012 29.9164
    endloop
  endfacet
  facet normal -0.000953148 0.115344 -0.993325
    outer loop
      vertex 0.533155 -52.8111 31.6456
      vertex 0.705961 -67.6306 29.9246
      vertex 0.650561 -67.6035 29.9278
    endloop
  endfacet
  facet normal -1.14086e-05 0.115352 -0.993325
    outer loop
      vertex 0.334369 -52.9085 31.6343
      vertex 0.650561 -67.6035 29.9278
      vertex 0.59207 -67.5837 29.9301
    endloop
  endfacet
  facet normal -8.23994e-06 0.115355 -0.993324
    outer loop
      vertex 0.705961 -67.6306 29.9246
      vertex 0.533155 -52.8111 31.6456
      vertex 1.05 -52.5579 31.675
    endloop
  endfacet
  facet normal 0.000300588 0.115358 -0.993324
    outer loop
      vertex 0.334369 -52.9085 31.6343
      vertex 0.59207 -67.5837 29.9301
      vertex 0.439992 -67.5325 29.936
    endloop
  endfacet
  facet normal -5.37049e-05 0.115352 -0.993325
    outer loop
      vertex 0.650561 -67.6035 29.9278
      vertex 0.334369 -52.9085 31.6343
      vertex 0.533155 -52.8111 31.6456
    endloop
  endfacet
  facet normal 2.40474e-05 0.115357 -0.993324
    outer loop
      vertex -0.421204 -53.1633 31.6047
      vertex 0.439992 -67.5325 29.936
      vertex 0.221894 -67.4894 29.941
    endloop
  endfacet
  facet normal -7.23067e-05 0.115352 -0.993325
    outer loop
      vertex -0.421204 -53.1633 31.6047
      vertex 0.221894 -67.4894 29.941
      vertex 0 -67.4749 29.9427
    endloop
  endfacet
  facet normal 7.19803e-05 0.115357 -0.993324
    outer loop
      vertex -1.20379 -53.3179 31.5867
      vertex 0 -67.4749 29.9427
      vertex -0.221894 -67.4894 29.941
    endloop
  endfacet
  facet normal 1.28744e-05 0.115356 -0.993324
    outer loop
      vertex 0.439992 -67.5325 29.936
      vertex -0.421204 -53.1633 31.6047
      vertex 0.334369 -52.9085 31.6343
    endloop
  endfacet
  facet normal -2.284e-05 0.11535 -0.993325
    outer loop
      vertex -2 -53.3697 31.5807
      vertex -0.221894 -67.4894 29.941
      vertex -0.439992 -67.5325 29.936
    endloop
  endfacet
  facet normal -0.000285777 0.115314 -0.993329
    outer loop
      vertex -2.57504 -53.3323 31.5851
      vertex -0.439992 -67.5325 29.936
      vertex -0.59207 -67.5837 29.9301
    endloop
  endfacet
  facet normal 1.04927e-05 0.115355 -0.993324
    outer loop
      vertex -2.57504 -53.3323 31.5851
      vertex -0.59207 -67.5837 29.9301
      vertex -0.650561 -67.6035 29.9278
    endloop
  endfacet
  facet normal 0.000889866 0.115472 -0.99331
    outer loop
      vertex -2.57504 -53.3323 31.5851
      vertex -0.650561 -67.6035 29.9278
      vertex -0.705961 -67.6306 29.9246
    endloop
  endfacet
  facet normal 6.69028e-06 0.115358 -0.993324
    outer loop
      vertex -2.57504 -53.3323 31.5851
      vertex -0.705961 -67.6306 29.9246
      vertex -0.849999 -67.7012 29.9164
    endloop
  endfacet
  facet normal 7.32913e-05 0.115366 -0.993323
    outer loop
      vertex -2.57504 -53.3323 31.5851
      vertex -0.849999 -67.7012 29.9164
      vertex -0.983534 -67.7898 29.9061
    endloop
  endfacet
  facet normal -0.00108422 0.11524 -0.993337
    outer loop
      vertex -2.57504 -53.3323 31.5851
      vertex -0.983534 -67.7898 29.9061
      vertex -1.03489 -67.8239 29.9022
    endloop
  endfacet
  facet normal 0.000163966 0.115371 -0.993322
    outer loop
      vertex -2.57504 -53.3323 31.5851
      vertex -1.03489 -67.8239 29.9022
      vertex -1.08133 -67.8643 29.8975
    endloop
  endfacet
  facet normal -0.000127353 0.115342 -0.993326
    outer loop
      vertex -2.57504 -53.3323 31.5851
      vertex -1.08133 -67.8643 29.8975
      vertex -1.20208 -67.9695 29.8853
    endloop
  endfacet
  facet normal 5.8514e-05 0.115356 -0.993324
    outer loop
      vertex 0 -67.4749 29.9427
      vertex -1.20379 -53.3179 31.5867
      vertex -0.421204 -53.1633 31.6047
    endloop
  endfacet
  facet normal 0.000547322 0.115404 -0.993318
    outer loop
      vertex -2.57504 -53.3323 31.5851
      vertex -1.20208 -67.9695 29.8853
      vertex -1.30797 -68.0895 29.8713
    endloop
  endfacet
  facet normal -0.00119449 0.115257 -0.993335
    outer loop
      vertex -2.57504 -53.3323 31.5851
      vertex -1.30797 -68.0895 29.8713
      vertex -1.3487 -68.1356 29.866
    endloop
  endfacet
  facet normal 0.00199447 0.115517 -0.993303
    outer loop
      vertex -2.57504 -53.3323 31.5851
      vertex -1.3487 -68.1356 29.866
      vertex -1.38302 -68.1866 29.86
    endloop
  endfacet
  facet normal -0.000322968 0.11533 -0.993327
    outer loop
      vertex -0.221894 -67.4894 29.941
      vertex -1.42496 -53.3323 31.5851
      vertex -1.20379 -53.3179 31.5867
    endloop
  endfacet
  facet normal -0.000110181 0.115351 -0.993325
    outer loop
      vertex -2.57504 -53.3323 31.5851
      vertex -1.38302 -68.1866 29.86
      vertex -1.47224 -68.3193 29.8446
    endloop
  endfacet
  facet normal -5.4026e-05 0.115355 -0.993324
    outer loop
      vertex -2.57504 -53.3323 31.5851
      vertex -1.47224 -68.3193 29.8446
      vertex -1.57059 -68.5174 29.8216
    endloop
  endfacet
  facet normal 0.000191754 0.115371 -0.993322
    outer loop
      vertex -2.57504 -53.3323 31.5851
      vertex -1.57059 -68.5174 29.8216
      vertex -1.64207 -68.7265 29.7973
    endloop
  endfacet
  facet normal -0.00182709 0.11525 -0.993335
    outer loop
      vertex -2.57504 -53.3323 31.5851
      vertex -1.64207 -68.7265 29.7973
      vertex -1.6734 -68.883 29.7792
    endloop
  endfacet
  facet normal 0.000573925 0.115387 -0.99332
    outer loop
      vertex -2.57504 -53.3323 31.5851
      vertex -1.6734 -68.883 29.7792
      vertex -1.68546 -68.9432 29.7722
    endloop
  endfacet
  facet normal 1.11754e-05 0.115376 -0.993322
    outer loop
      vertex -36.1199 -51.9724 31.743
      vertex -1.68546 -68.9432 29.7722
      vertex -1.7 -69.1636 29.7466
    endloop
  endfacet
  facet normal 9.73071e-05 0.115365 -0.993323
    outer loop
      vertex -0.221894 -67.4894 29.941
      vertex -2 -53.3697 31.5807
      vertex -1.42496 -53.3323 31.5851
    endloop
  endfacet
  facet normal 0 1 -0
    outer loop
      vertex 110 77.5 46.7785
      vertex -110 77.5 50
      vertex 110 77.5 50
    endloop
  endfacet
  facet normal 0 1 0
    outer loop
      vertex -110 77.5 50
      vertex 110 77.5 46.7785
      vertex -110 77.5 46.7785
    endloop
  endfacet
  facet normal 0 -1 0
    outer loop
      vertex -110 -77.5 28.7785
      vertex 110 -77.5 32
      vertex -110 -77.5 32
    endloop
  endfacet
  facet normal 0 -1 -0
    outer loop
      vertex 110 -77.5 32
      vertex -110 -77.5 28.7785
      vertex 110 -77.5 28.7785
    endloop
  endfacet
  facet normal -0.997858 -0.0649826 -0.00754791
    outer loop
      vertex -71.9377 14.4777 42.6813
      vertex -71.9522 15.0666 39.5282
      vertex -71.9145 14.4954 39.4618
    endloop
  endfacet
  facet normal -0.997858 -0.0649817 -0.00754774
    outer loop
      vertex -71.9522 15.0666 39.5282
      vertex -71.9377 14.4777 42.6813
      vertex -71.9522 14.6974 42.7068
    endloop
  endfacet
  facet normal -0.997858 -0.0649817 -0.0075475
    outer loop
      vertex -71.9 13.9065 42.615
      vertex -71.9145 14.4954 39.4618
      vertex -71.9 14.2757 39.4363
    endloop
  endfacet
  facet normal -0.997858 -0.0649839 -0.00754792
    outer loop
      vertex -71.9145 14.4954 39.4618
      vertex -71.9 13.9065 42.615
      vertex -71.9377 14.4777 42.6813
    endloop
  endfacet
  facet normal 0.94692 0.319323 0.0370799
    outer loop
      vertex -83.8922 12.3383 42.4328
      vertex -83.6357 11.9569 39.167
      vertex -83.8922 12.7074 39.2542
    endloop
  endfacet
  facet normal 0.946919 0.319327 0.0370792
    outer loop
      vertex -83.6357 11.9569 39.167
      vertex -83.8922 12.3383 42.4328
      vertex -83.6357 11.5878 42.3457
    endloop
  endfacet
  facet normal -0.89696 0.439161 0.0509955
    outer loop
      vertex -72.7172 10.8769 42.2631
      vertex -72.6192 11.4435 39.1074
      vertex -72.7172 11.246 39.0845
    endloop
  endfacet
  facet normal -0.896929 0.439224 0.0510077
    outer loop
      vertex -72.6192 11.4435 39.1074
      vertex -72.7172 10.8769 42.2631
      vertex -72.4624 11.3903 42.3227
    endloop
  endfacet
  facet normal -0.831474 -0.551855 -0.0640816
    outer loop
      vertex -73.0374 17.7813 39.8434
      vertex -73.1605 17.5952 43.0433
      vertex -73.1605 17.9643 39.8647
    endloop
  endfacet
  facet normal -0.831544 -0.551751 -0.0640782
    outer loop
      vertex -73.1605 17.5952 43.0433
      vertex -73.0374 17.7813 39.8434
      vertex -72.8404 17.1192 42.988
    endloop
  endfacet
  facet normal 0.946933 -0.319284 -0.0370854
    outer loop
      vertex -83.6357 16.2253 42.8842
      vertex -83.8922 15.8439 39.6184
      vertex -83.6357 16.5945 39.7056
    endloop
  endfacet
  facet normal 0.946919 -0.319327 -0.0370792
    outer loop
      vertex -83.8922 15.8439 39.6184
      vertex -83.6357 16.2253 42.8842
      vertex -83.8922 15.4748 42.7971
    endloop
  endfacet
  facet normal -0.659214 0.746935 0.0867437
    outer loop
      vertex -73.6866 9.99112 38.9388
      vertex -73.8533 9.47682 42.1005
      vertex -73.6866 9.62198 42.1174
    endloop
  endfacet
  facet normal -0.659327 0.746838 0.0867221
    outer loop
      vertex -73.8533 9.47682 42.1005
      vertex -73.6866 9.99112 38.9388
      vertex -74.1199 9.61369 38.8949
    endloop
  endfacet
  facet normal -0.0655037 -0.991191 -0.115104
    outer loop
      vertex -77.2038 20.2831 40.134
      vertex -77.425 19.9284 43.3143
      vertex -77.7788 20.3206 40.1383
    endloop
  endfacet
  facet normal -0.065411 -0.991198 -0.115098
    outer loop
      vertex -77.425 19.9284 43.3143
      vertex -77.2038 20.2831 40.134
      vertex -77.2038 19.914 43.3126
    endloop
  endfacet
  facet normal 0.195291 -0.974199 -0.113124
    outer loop
      vertex -79.0136 19.871 43.3076
      vertex -78.7962 20.2831 40.134
      vertex -78.7962 19.914 43.3126
    endloop
  endfacet
  facet normal 0.195138 -0.974228 -0.113139
    outer loop
      vertex -78.7962 20.2831 40.134
      vertex -79.0136 19.871 43.3076
      vertex -79.3614 20.1714 40.121
    endloop
  endfacet
  facet normal -0.195291 -0.974199 -0.113124
    outer loop
      vertex -77.2038 20.2831 40.134
      vertex -76.9864 19.871 43.3076
      vertex -77.2038 19.914 43.3126
    endloop
  endfacet
  facet normal -0.195138 -0.974228 -0.113139
    outer loop
      vertex -76.9864 19.871 43.3076
      vertex -77.2038 20.2831 40.134
      vertex -76.6386 20.1714 40.121
    endloop
  endfacet
  facet normal -0.0654007 0.991198 0.115105
    outer loop
      vertex -77.7788 8.23079 38.7343
      vertex -78 7.84726 41.9113
      vertex -77.425 7.8847 41.9156
    endloop
  endfacet
  facet normal -0.0653146 0.991203 0.115111
    outer loop
      vertex -78 7.84726 41.9113
      vertex -77.7788 8.23079 38.7343
      vertex -78 8.2164 38.7327
    endloop
  endfacet
  facet normal 0.896929 0.439224 0.0510077
    outer loop
      vertex -83.2828 10.8769 42.2631
      vertex -83.3808 11.4435 39.1074
      vertex -83.5376 11.3903 42.3227
    endloop
  endfacet
  facet normal 0.89696 0.439161 0.0509955
    outer loop
      vertex -83.3808 11.4435 39.1074
      vertex -83.2828 10.8769 42.2631
      vertex -83.2828 11.246 39.0845
    endloop
  endfacet
  facet normal -0.75184 -0.654945 -0.0760524
    outer loop
      vertex -73.1605 17.5952 43.0433
      vertex -73.3067 18.1299 39.8839
      vertex -73.1605 17.9643 39.8647
    endloop
  endfacet
  facet normal -0.75183 -0.654955 -0.0760547
    outer loop
      vertex -73.3067 18.1299 39.8839
      vertex -73.1605 17.5952 43.0433
      vertex -73.5405 18.0256 43.0933
    endloop
  endfacet
  facet normal -0.194972 -0.974263 -0.113124
    outer loop
      vertex -76.6386 20.1714 40.121
      vertex -76.4212 19.7594 43.2946
      vertex -76.9864 19.871 43.3076
    endloop
  endfacet
  facet normal -0.19486 -0.974285 -0.113134
    outer loop
      vertex -76.4212 19.7594 43.2946
      vertex -76.6386 20.1714 40.121
      vertex -76.4212 20.1285 40.116
    endloop
  endfacet
  facet normal -0.997858 0.0649839 0.00754815
    outer loop
      vertex -71.9145 13.6868 42.5894
      vertex -71.9 14.2757 39.4363
      vertex -71.9377 13.7045 39.37
    endloop
  endfacet
  facet normal -0.997858 0.0649783 0.00754711
    outer loop
      vertex -71.9 14.2757 39.4363
      vertex -71.9145 13.6868 42.5894
      vertex -71.9 13.9065 42.615
    endloop
  endfacet
  facet normal -0.980832 0.193554 0.0224816
    outer loop
      vertex -71.9954 13.2688 39.3194
      vertex -71.9522 13.1156 42.5231
      vertex -71.9522 13.4848 39.3445
    endloop
  endfacet
  facet normal -0.980792 0.193756 0.0224908
    outer loop
      vertex -71.9522 13.1156 42.5231
      vertex -71.9954 13.2688 39.3194
      vertex -72.0646 12.5542 42.4579
    endloop
  endfacet
  facet normal 0.065332 -0.9912 -0.115124
    outer loop
      vertex -78.2212 20.3206 40.1383
      vertex -78 19.9658 43.3186
      vertex -78.575 19.9284 43.3143
    endloop
  endfacet
  facet normal 0.065411 -0.991195 -0.115129
    outer loop
      vertex -78 19.9658 43.3186
      vertex -78.2212 20.3206 40.1383
      vertex -78 20.335 40.14
    endloop
  endfacet
  facet normal -0.831266 0.552165 0.0641176
    outer loop
      vertex -72.8404 11.063 39.0632
      vertex -72.7172 10.8769 42.2631
      vertex -72.7172 11.246 39.0845
    endloop
  endfacet
  facet normal -0.831457 0.551878 0.0641082
    outer loop
      vertex -72.7172 10.8769 42.2631
      vertex -72.8404 11.063 39.0632
      vertex -73.0374 10.4009 42.2079
    endloop
  endfacet
  facet normal -0.442299 0.890881 0.103455
    outer loop
      vertex -74.95 9.02818 38.8269
      vertex -75.6656 8.3085 41.9649
      vertex -74.95 8.65905 42.0056
    endloop
  endfacet
  facet normal -0.442299 0.890881 0.103455
    outer loop
      vertex -75.6656 8.3085 41.9649
      vertex -74.95 9.02818 38.8269
      vertex -75.6656 8.67763 38.7862
    endloop
  endfacet
  facet normal -0.659315 0.746848 0.0867216
    outer loop
      vertex -74.1199 9.61369 38.8949
      vertex -74.2866 9.09939 42.0567
      vertex -73.8533 9.47682 42.1005
    endloop
  endfacet
  facet normal -0.65921 0.746939 0.0867418
    outer loop
      vertex -74.2866 9.09939 42.0567
      vertex -74.1199 9.61369 38.8949
      vertex -74.2866 9.46852 38.8781
    endloop
  endfacet
  facet normal 0.442299 0.890881 0.103455
    outer loop
      vertex -80.3344 8.3085 41.9649
      vertex -81.05 9.02818 38.8269
      vertex -81.05 8.65905 42.0056
    endloop
  endfacet
  facet normal 0.442299 0.890881 0.103455
    outer loop
      vertex -81.05 9.02818 38.8269
      vertex -80.3344 8.3085 41.9649
      vertex -80.3344 8.67763 38.7862
    endloop
  endfacet
  facet normal 0.980798 -0.193726 -0.0224948
    outer loop
      vertex -83.8922 15.4748 42.7971
      vertex -84.0478 15.0666 39.5282
      vertex -83.8922 15.8439 39.6184
    endloop
  endfacet
  facet normal 0.980803 -0.193699 -0.0224984
    outer loop
      vertex -84.0478 15.0666 39.5282
      vertex -83.8922 15.4748 42.7971
      vertex -84.0478 14.6974 42.7068
    endloop
  endfacet
  facet normal 0.75183 -0.654955 -0.0760547
    outer loop
      vertex -82.8395 17.5952 43.0433
      vertex -82.6933 18.1299 39.8839
      vertex -82.4595 18.0256 43.0933
    endloop
  endfacet
  facet normal 0.75184 -0.654945 -0.0760524
    outer loop
      vertex -82.6933 18.1299 39.8839
      vertex -82.8395 17.5952 43.0433
      vertex -82.8395 17.9643 39.8647
    endloop
  endfacet
  facet normal -0.065411 -0.991195 -0.115129
    outer loop
      vertex -77.7788 20.3206 40.1383
      vertex -78 19.9658 43.3186
      vertex -78 20.335 40.14
    endloop
  endfacet
  facet normal -0.065332 -0.9912 -0.115124
    outer loop
      vertex -78 19.9658 43.3186
      vertex -77.7788 20.3206 40.1383
      vertex -77.425 19.9284 43.3143
    endloop
  endfacet
  facet normal 0.555581 -0.825911 -0.0959154
    outer loop
      vertex -81.7134 18.7137 43.1732
      vertex -81.5292 19.2051 40.0088
      vertex -81.2343 19.0317 43.2101
    endloop
  endfacet
  facet normal 0.555705 -0.825831 -0.0958957
    outer loop
      vertex -81.5292 19.2051 40.0088
      vertex -81.7134 18.7137 43.1732
      vertex -81.7134 19.0828 39.9946
    endloop
  endfacet
  facet normal 0.065411 -0.991198 -0.115098
    outer loop
      vertex -78.7962 20.2831 40.134
      vertex -78.575 19.9284 43.3143
      vertex -78.7962 19.914 43.3126
    endloop
  endfacet
  facet normal 0.0655037 -0.991191 -0.115104
    outer loop
      vertex -78.575 19.9284 43.3143
      vertex -78.7962 20.2831 40.134
      vertex -78.2212 20.3206 40.1383
    endloop
  endfacet
  facet normal 0.751869 -0.654912 -0.0760486
    outer loop
      vertex -82.4595 18.0256 43.0933
      vertex -82.3134 18.5602 39.9339
      vertex -82.3134 18.1911 43.1125
    endloop
  endfacet
  facet normal 0.751842 -0.654943 -0.076055
    outer loop
      vertex -82.3134 18.5602 39.9339
      vertex -82.4595 18.0256 43.0933
      vertex -82.6933 18.1299 39.8839
    endloop
  endfacet
  facet normal -0.831463 -0.551868 -0.0641079
    outer loop
      vertex -72.7172 17.3053 39.7881
      vertex -72.8404 17.1192 42.988
      vertex -73.0374 17.7813 39.8434
    endloop
  endfacet
  facet normal -0.83125 -0.552189 -0.0641184
    outer loop
      vertex -72.8404 17.1192 42.988
      vertex -72.7172 17.3053 39.7881
      vertex -72.7172 16.9362 42.9668
    endloop
  endfacet
  facet normal -0.555581 -0.825911 -0.0959154
    outer loop
      vertex -74.4708 19.2051 40.0088
      vertex -74.2866 18.7137 43.1732
      vertex -74.7657 19.0317 43.2101
    endloop
  endfacet
  facet normal -0.555705 -0.825831 -0.0958957
    outer loop
      vertex -74.2866 18.7137 43.1732
      vertex -74.4708 19.2051 40.0088
      vertex -74.2866 19.0828 39.9946
    endloop
  endfacet
  facet normal -0.896863 -0.439356 -0.0510165
    outer loop
      vertex -72.3643 16.5945 39.7056
      vertex -72.7172 16.9362 42.9668
      vertex -72.7172 17.3053 39.7881
    endloop
  endfacet
  facet normal -0.89689 -0.439299 -0.0510254
    outer loop
      vertex -72.7172 16.9362 42.9668
      vertex -72.3643 16.5945 39.7056
      vertex -72.3643 16.2253 42.8842
    endloop
  endfacet
  facet normal -0.831537 0.55176 0.0640785
    outer loop
      vertex -73.1605 10.587 39.008
      vertex -73.0374 10.4009 42.2079
      vertex -72.8404 11.063 39.0632
    endloop
  endfacet
  facet normal -0.831474 0.551855 0.0640816
    outer loop
      vertex -73.0374 10.4009 42.2079
      vertex -73.1605 10.587 39.008
      vertex -73.1605 10.2179 42.1866
    endloop
  endfacet
  facet normal -0.75183 0.654956 0.0760537
    outer loop
      vertex -73.6866 9.99112 38.9388
      vertex -73.1605 10.2179 42.1866
      vertex -73.1605 10.587 39.008
    endloop
  endfacet
  facet normal -0.751852 0.65493 0.0760589
    outer loop
      vertex -73.1605 10.2179 42.1866
      vertex -73.6866 9.99112 38.9388
      vertex -73.6866 9.62198 42.1174
    endloop
  endfacet
  facet normal -0.997858 0.0649817 0.00754774
    outer loop
      vertex -71.9522 13.1156 42.5231
      vertex -71.9377 13.7045 39.37
      vertex -71.9522 13.4848 39.3445
    endloop
  endfacet
  facet normal -0.997858 0.0649839 0.00754815
    outer loop
      vertex -71.9377 13.7045 39.37
      vertex -71.9522 13.1156 42.5231
      vertex -71.9145 13.6868 42.5894
    endloop
  endfacet
  facet normal -0.94692 0.319323 0.0370799
    outer loop
      vertex -72.3643 11.9569 39.167
      vertex -72.1078 12.3383 42.4328
      vertex -72.1078 12.7074 39.2542
    endloop
  endfacet
  facet normal -0.946919 0.319327 0.0370792
    outer loop
      vertex -72.1078 12.3383 42.4328
      vertex -72.3643 11.9569 39.167
      vertex -72.3643 11.5878 42.3457
    endloop
  endfacet
  facet normal -0.946933 -0.319284 -0.0370854
    outer loop
      vertex -72.1078 15.8439 39.6184
      vertex -72.3643 16.2253 42.8842
      vertex -72.3643 16.5945 39.7056
    endloop
  endfacet
  facet normal -0.946919 -0.319327 -0.0370792
    outer loop
      vertex -72.3643 16.2253 42.8842
      vertex -72.1078 15.8439 39.6184
      vertex -72.1078 15.4748 42.7971
    endloop
  endfacet
  facet normal -0.32144 0.940609 0.109232
    outer loop
      vertex -76.4212 8.42286 38.7566
      vertex -76.2113 8.1245 41.9435
      vertex -75.8755 8.60686 38.778
    endloop
  endfacet
  facet normal -0.321407 0.94062 0.109231
    outer loop
      vertex -76.2113 8.1245 41.9435
      vertex -76.4212 8.42286 38.7566
      vertex -76.4212 8.05373 41.9353
    endloop
  endfacet
  facet normal -0.321407 0.94062 0.109231
    outer loop
      vertex -75.8755 8.60686 38.778
      vertex -75.6656 8.3085 41.9649
      vertex -75.6656 8.67763 38.7862
    endloop
  endfacet
  facet normal -0.32144 0.940609 0.109232
    outer loop
      vertex -75.6656 8.3085 41.9649
      vertex -75.8755 8.60686 38.778
      vertex -76.2113 8.1245 41.9435
    endloop
  endfacet
  facet normal -0.195097 0.974237 0.113134
    outer loop
      vertex -76.4212 8.42286 38.7566
      vertex -77.2038 7.8991 41.9173
      vertex -76.4212 8.05373 41.9353
    endloop
  endfacet
  facet normal -0.195083 0.974239 0.113138
    outer loop
      vertex -77.2038 7.8991 41.9173
      vertex -76.4212 8.42286 38.7566
      vertex -77.2038 8.26823 38.7387
    endloop
  endfacet
  facet normal -0.065411 0.991197 0.115107
    outer loop
      vertex -77.2038 8.26823 38.7387
      vertex -77.425 7.8847 41.9156
      vertex -77.2038 7.8991 41.9173
    endloop
  endfacet
  facet normal -0.0654206 0.991197 0.115107
    outer loop
      vertex -77.425 7.8847 41.9156
      vertex -77.2038 8.26823 38.7387
      vertex -77.7788 8.23079 38.7343
    endloop
  endfacet
  facet normal 0.659315 0.746848 0.0867216
    outer loop
      vertex -81.7134 9.09939 42.0567
      vertex -81.8801 9.61369 38.8949
      vertex -82.1467 9.47682 42.1005
    endloop
  endfacet
  facet normal 0.65921 0.746939 0.0867418
    outer loop
      vertex -81.8801 9.61369 38.8949
      vertex -81.7134 9.09939 42.0567
      vertex -81.7134 9.46852 38.8781
    endloop
  endfacet
  facet normal 0.896791 0.439501 0.0510334
    outer loop
      vertex -83.5376 11.3903 42.3227
      vertex -83.6357 11.9569 39.167
      vertex -83.6357 11.5878 42.3457
    endloop
  endfacet
  facet normal 0.89686 0.439364 0.0510067
    outer loop
      vertex -83.6357 11.9569 39.167
      vertex -83.5376 11.3903 42.3227
      vertex -83.3808 11.4435 39.1074
    endloop
  endfacet
  facet normal 0.997858 -0.0649839 -0.00754792
    outer loop
      vertex -84.1 13.9065 42.615
      vertex -84.0855 14.4954 39.4618
      vertex -84.0623 14.4777 42.6813
    endloop
  endfacet
  facet normal 0.997858 -0.0649817 -0.0075475
    outer loop
      vertex -84.0855 14.4954 39.4618
      vertex -84.1 13.9065 42.615
      vertex -84.1 14.2757 39.4363
    endloop
  endfacet
  facet normal 0.980792 0.193756 0.0224908
    outer loop
      vertex -83.9354 12.5542 42.4579
      vertex -83.8922 12.7074 39.2542
      vertex -84.0046 13.2688 39.3194
    endloop
  endfacet
  facet normal 0.980815 0.19364 0.0224855
    outer loop
      vertex -83.8922 12.7074 39.2542
      vertex -83.9354 12.5542 42.4579
      vertex -83.8922 12.3383 42.4328
    endloop
  endfacet
  facet normal 0.831463 -0.551868 -0.0641079
    outer loop
      vertex -83.1596 17.1192 42.988
      vertex -83.2828 17.3053 39.7881
      vertex -82.9626 17.7813 39.8434
    endloop
  endfacet
  facet normal 0.83125 -0.552189 -0.0641184
    outer loop
      vertex -83.2828 17.3053 39.7881
      vertex -83.1596 17.1192 42.988
      vertex -83.2828 16.9362 42.9668
    endloop
  endfacet
  facet normal 0.194972 -0.974263 -0.113124
    outer loop
      vertex -79.5788 19.7594 43.2946
      vertex -79.3614 20.1714 40.121
      vertex -79.0136 19.871 43.3076
    endloop
  endfacet
  facet normal 0.19486 -0.974285 -0.113134
    outer loop
      vertex -79.3614 20.1714 40.121
      vertex -79.5788 19.7594 43.2946
      vertex -79.5788 20.1285 40.116
    endloop
  endfacet
  facet normal 0.896863 -0.439356 -0.0510165
    outer loop
      vertex -83.2828 16.9362 42.9668
      vertex -83.6357 16.5945 39.7056
      vertex -83.2828 17.3053 39.7881
    endloop
  endfacet
  facet normal 0.89689 -0.439299 -0.0510254
    outer loop
      vertex -83.6357 16.5945 39.7056
      vertex -83.2828 16.9362 42.9668
      vertex -83.6357 16.2253 42.8842
    endloop
  endfacet
  facet normal -0.89686 0.439364 0.0510067
    outer loop
      vertex -72.4624 11.3903 42.3227
      vertex -72.3643 11.9569 39.167
      vertex -72.6192 11.4435 39.1074
    endloop
  endfacet
  facet normal -0.896791 0.439501 0.0510334
    outer loop
      vertex -72.3643 11.9569 39.167
      vertex -72.4624 11.3903 42.3227
      vertex -72.3643 11.5878 42.3457
    endloop
  endfacet
  facet normal -0.980792 0.193756 0.0224908
    outer loop
      vertex -72.1078 12.7074 39.2542
      vertex -72.0646 12.5542 42.4579
      vertex -71.9954 13.2688 39.3194
    endloop
  endfacet
  facet normal -0.980815 0.19364 0.0224855
    outer loop
      vertex -72.0646 12.5542 42.4579
      vertex -72.1078 12.7074 39.2542
      vertex -72.1078 12.3383 42.4328
    endloop
  endfacet
  facet normal -0.980798 -0.193726 -0.0224948
    outer loop
      vertex -71.9522 15.0666 39.5282
      vertex -72.1078 15.4748 42.7971
      vertex -72.1078 15.8439 39.6184
    endloop
  endfacet
  facet normal -0.980803 -0.193699 -0.0224984
    outer loop
      vertex -72.1078 15.4748 42.7971
      vertex -71.9522 15.0666 39.5282
      vertex -71.9522 14.6974 42.7068
    endloop
  endfacet
  facet normal -0.321464 -0.940602 -0.109223
    outer loop
      vertex -76.4212 20.1285 40.116
      vertex -75.6656 19.5046 43.265
      vertex -76.4212 19.7594 43.2946
    endloop
  endfacet
  facet normal -0.321464 -0.940602 -0.109223
    outer loop
      vertex -75.6656 19.5046 43.265
      vertex -76.4212 20.1285 40.116
      vertex -75.6656 19.8737 40.0864
    endloop
  endfacet
  facet normal -0.555592 0.825904 0.0959121
    outer loop
      vertex -74.2866 9.46852 38.8781
      vertex -74.95 8.65905 42.0056
      vertex -74.2866 9.09939 42.0567
    endloop
  endfacet
  facet normal -0.555602 0.825898 0.0959083
    outer loop
      vertex -74.95 8.65905 42.0056
      vertex -74.2866 9.46852 38.8781
      vertex -74.95 9.02818 38.8269
    endloop
  endfacet
  facet normal 0.321407 0.94062 0.109231
    outer loop
      vertex -79.5788 8.42286 38.7566
      vertex -79.7887 8.1245 41.9435
      vertex -79.5788 8.05373 41.9353
    endloop
  endfacet
  facet normal 0.32144 0.940609 0.109232
    outer loop
      vertex -79.7887 8.1245 41.9435
      vertex -79.5788 8.42286 38.7566
      vertex -80.1245 8.60686 38.778
    endloop
  endfacet
  facet normal 0.32144 0.940609 0.109232
    outer loop
      vertex -80.1245 8.60686 38.778
      vertex -80.3344 8.3085 41.9649
      vertex -79.7887 8.1245 41.9435
    endloop
  endfacet
  facet normal 0.321407 0.94062 0.109231
    outer loop
      vertex -80.3344 8.3085 41.9649
      vertex -80.1245 8.60686 38.778
      vertex -80.3344 8.67763 38.7862
    endloop
  endfacet
  facet normal 0.555592 0.825904 0.0959121
    outer loop
      vertex -81.05 8.65905 42.0056
      vertex -81.7134 9.46852 38.8781
      vertex -81.7134 9.09939 42.0567
    endloop
  endfacet
  facet normal 0.555602 0.825898 0.0959083
    outer loop
      vertex -81.7134 9.46852 38.8781
      vertex -81.05 8.65905 42.0056
      vertex -81.05 9.02818 38.8269
    endloop
  endfacet
  facet normal 0.831266 0.552165 0.0641176
    outer loop
      vertex -83.2828 10.8769 42.2631
      vertex -83.1596 11.063 39.0632
      vertex -83.2828 11.246 39.0845
    endloop
  endfacet
  facet normal 0.831457 0.551878 0.0641082
    outer loop
      vertex -83.1596 11.063 39.0632
      vertex -83.2828 10.8769 42.2631
      vertex -82.9626 10.4009 42.2079
    endloop
  endfacet
  facet normal 0.980832 0.193554 0.0224816
    outer loop
      vertex -84.0478 13.1156 42.5231
      vertex -84.0046 13.2688 39.3194
      vertex -84.0478 13.4848 39.3445
    endloop
  endfacet
  facet normal 0.980792 0.193756 0.0224908
    outer loop
      vertex -84.0046 13.2688 39.3194
      vertex -84.0478 13.1156 42.5231
      vertex -83.9354 12.5542 42.4579
    endloop
  endfacet
  facet normal 0.997858 0.0649839 0.00754815
    outer loop
      vertex -84.0478 13.1156 42.5231
      vertex -84.0623 13.7045 39.37
      vertex -84.0855 13.6868 42.5894
    endloop
  endfacet
  facet normal 0.997858 0.0649817 0.00754774
    outer loop
      vertex -84.0623 13.7045 39.37
      vertex -84.0478 13.1156 42.5231
      vertex -84.0478 13.4848 39.3445
    endloop
  endfacet
  facet normal -0.751842 -0.654943 -0.076055
    outer loop
      vertex -73.5405 18.0256 43.0933
      vertex -73.6866 18.5602 39.9339
      vertex -73.3067 18.1299 39.8839
    endloop
  endfacet
  facet normal -0.751869 -0.654912 -0.0760486
    outer loop
      vertex -73.6866 18.5602 39.9339
      vertex -73.5405 18.0256 43.0933
      vertex -73.6866 18.1911 43.1125
    endloop
  endfacet
  facet normal -0.44235 -0.890857 -0.103447
    outer loop
      vertex -75.6656 19.8737 40.0864
      vertex -75.1488 19.2514 43.2356
      vertex -75.6656 19.5046 43.265
    endloop
  endfacet
  facet normal -0.442347 -0.890858 -0.103447
    outer loop
      vertex -75.1488 19.2514 43.2356
      vertex -75.6656 19.8737 40.0864
      vertex -75.4668 19.7763 40.0751
    endloop
  endfacet
  facet normal 0.44235 -0.890857 -0.103447
    outer loop
      vertex -80.8512 19.2514 43.2356
      vertex -80.3344 19.8737 40.0864
      vertex -80.3344 19.5046 43.265
    endloop
  endfacet
  facet normal 0.442347 -0.890858 -0.103447
    outer loop
      vertex -80.3344 19.8737 40.0864
      vertex -80.8512 19.2514 43.2356
      vertex -80.5332 19.7763 40.0751
    endloop
  endfacet
  facet normal 0.659294 -0.746866 -0.0867264
    outer loop
      vertex -82.3134 18.1911 43.1125
      vertex -81.7134 19.0828 39.9946
      vertex -81.7134 18.7137 43.1732
    endloop
  endfacet
  facet normal 0.659294 -0.746866 -0.0867264
    outer loop
      vertex -81.7134 19.0828 39.9946
      vertex -82.3134 18.1911 43.1125
      vertex -82.3134 18.5602 39.9339
    endloop
  endfacet
  facet normal 0.442347 -0.890858 -0.103447
    outer loop
      vertex -81.05 19.154 43.2243
      vertex -80.5332 19.7763 40.0751
      vertex -80.8512 19.2514 43.2356
    endloop
  endfacet
  facet normal 0.442211 -0.890921 -0.103482
    outer loop
      vertex -80.5332 19.7763 40.0751
      vertex -81.05 19.154 43.2243
      vertex -81.05 19.5232 40.0457
    endloop
  endfacet
  facet normal 0.555496 -0.825966 -0.0959374
    outer loop
      vertex -81.2343 19.0317 43.2101
      vertex -81.05 19.5232 40.0457
      vertex -81.05 19.154 43.2243
    endloop
  endfacet
  facet normal 0.55562 -0.825885 -0.0959176
    outer loop
      vertex -81.05 19.5232 40.0457
      vertex -81.2343 19.0317 43.2101
      vertex -81.5292 19.2051 40.0088
    endloop
  endfacet
  facet normal 0.321464 -0.940602 -0.109223
    outer loop
      vertex -80.3344 19.5046 43.265
      vertex -79.5788 20.1285 40.116
      vertex -79.5788 19.7594 43.2946
    endloop
  endfacet
  facet normal 0.321464 -0.940602 -0.109223
    outer loop
      vertex -79.5788 20.1285 40.116
      vertex -80.3344 19.5046 43.265
      vertex -80.3344 19.8737 40.0864
    endloop
  endfacet
  facet normal 0.831537 0.55176 0.0640785
    outer loop
      vertex -82.9626 10.4009 42.2079
      vertex -82.8395 10.587 39.008
      vertex -83.1596 11.063 39.0632
    endloop
  endfacet
  facet normal 0.831474 0.551855 0.0640816
    outer loop
      vertex -82.8395 10.587 39.008
      vertex -82.9626 10.4009 42.2079
      vertex -82.8395 10.2179 42.1866
    endloop
  endfacet
  facet normal 0.659214 0.746935 0.0867437
    outer loop
      vertex -82.1467 9.47682 42.1005
      vertex -82.3134 9.99112 38.9388
      vertex -82.3134 9.62198 42.1174
    endloop
  endfacet
  facet normal 0.659327 0.746838 0.0867221
    outer loop
      vertex -82.3134 9.99112 38.9388
      vertex -82.1467 9.47682 42.1005
      vertex -81.8801 9.61369 38.8949
    endloop
  endfacet
  facet normal 0.75183 0.654956 0.0760537
    outer loop
      vertex -82.8395 10.2179 42.1866
      vertex -82.3134 9.99112 38.9388
      vertex -82.8395 10.587 39.008
    endloop
  endfacet
  facet normal 0.751852 0.65493 0.0760589
    outer loop
      vertex -82.3134 9.99112 38.9388
      vertex -82.8395 10.2179 42.1866
      vertex -82.3134 9.62198 42.1174
    endloop
  endfacet
  facet normal 0.997858 -0.0649817 -0.00754774
    outer loop
      vertex -84.0623 14.4777 42.6813
      vertex -84.0478 15.0666 39.5282
      vertex -84.0478 14.6974 42.7068
    endloop
  endfacet
  facet normal 0.997858 -0.0649826 -0.00754791
    outer loop
      vertex -84.0478 15.0666 39.5282
      vertex -84.0623 14.4777 42.6813
      vertex -84.0855 14.4954 39.4618
    endloop
  endfacet
  facet normal -0.659294 -0.746866 -0.0867264
    outer loop
      vertex -74.2866 19.0828 39.9946
      vertex -73.6866 18.1911 43.1125
      vertex -74.2866 18.7137 43.1732
    endloop
  endfacet
  facet normal -0.659294 -0.746866 -0.0867264
    outer loop
      vertex -73.6866 18.1911 43.1125
      vertex -74.2866 19.0828 39.9946
      vertex -73.6866 18.5602 39.9339
    endloop
  endfacet
  facet normal -0.442347 -0.890858 -0.103447
    outer loop
      vertex -75.4668 19.7763 40.0751
      vertex -74.95 19.154 43.2243
      vertex -75.1488 19.2514 43.2356
    endloop
  endfacet
  facet normal -0.442211 -0.890921 -0.103482
    outer loop
      vertex -74.95 19.154 43.2243
      vertex -75.4668 19.7763 40.0751
      vertex -74.95 19.5232 40.0457
    endloop
  endfacet
  facet normal -0.555496 -0.825966 -0.0959374
    outer loop
      vertex -74.95 19.5232 40.0457
      vertex -74.7657 19.0317 43.2101
      vertex -74.95 19.154 43.2243
    endloop
  endfacet
  facet normal -0.55562 -0.825885 -0.0959176
    outer loop
      vertex -74.7657 19.0317 43.2101
      vertex -74.95 19.5232 40.0457
      vertex -74.4708 19.2051 40.0088
    endloop
  endfacet
  facet normal 0.831474 -0.551855 -0.0640816
    outer loop
      vertex -82.8395 17.5952 43.0433
      vertex -82.9626 17.7813 39.8434
      vertex -82.8395 17.9643 39.8647
    endloop
  endfacet
  facet normal 0.831544 -0.551751 -0.0640782
    outer loop
      vertex -82.9626 17.7813 39.8434
      vertex -82.8395 17.5952 43.0433
      vertex -83.1596 17.1192 42.988
    endloop
  endfacet
  facet normal 0.065411 0.991197 0.115107
    outer loop
      vertex -78.575 7.8847 41.9156
      vertex -78.7962 8.26823 38.7387
      vertex -78.7962 7.8991 41.9173
    endloop
  endfacet
  facet normal 0.0654206 0.991197 0.115107
    outer loop
      vertex -78.7962 8.26823 38.7387
      vertex -78.575 7.8847 41.9156
      vertex -78.2212 8.23079 38.7343
    endloop
  endfacet
  facet normal 0.0654007 0.991198 0.115105
    outer loop
      vertex -78 7.84726 41.9113
      vertex -78.2212 8.23079 38.7343
      vertex -78.575 7.8847 41.9156
    endloop
  endfacet
  facet normal 0.0653146 0.991203 0.115111
    outer loop
      vertex -78.2212 8.23079 38.7343
      vertex -78 7.84726 41.9113
      vertex -78 8.2164 38.7327
    endloop
  endfacet
  facet normal 0.997858 0.0649783 0.00754711
    outer loop
      vertex -84.0855 13.6868 42.5894
      vertex -84.1 14.2757 39.4363
      vertex -84.1 13.9065 42.615
    endloop
  endfacet
  facet normal 0.997858 0.0649839 0.00754815
    outer loop
      vertex -84.1 14.2757 39.4363
      vertex -84.0855 13.6868 42.5894
      vertex -84.0623 13.7045 39.37
    endloop
  endfacet
  facet normal 0.195097 0.974237 0.113134
    outer loop
      vertex -78.7962 7.8991 41.9173
      vertex -79.5788 8.42286 38.7566
      vertex -79.5788 8.05373 41.9353
    endloop
  endfacet
  facet normal 0.195083 0.974239 0.113138
    outer loop
      vertex -79.5788 8.42286 38.7566
      vertex -78.7962 7.8991 41.9173
      vertex -78.7962 8.26823 38.7387
    endloop
  endfacet
  facet normal -0.997858 -0.0649826 -0.00754791
    outer loop
      vertex -33.9377 14.4777 42.6813
      vertex -33.9522 15.0666 39.5282
      vertex -33.9145 14.4954 39.4618
    endloop
  endfacet
  facet normal -0.997858 -0.0649817 -0.00754774
    outer loop
      vertex -33.9522 15.0666 39.5282
      vertex -33.9377 14.4777 42.6813
      vertex -33.9522 14.6974 42.7068
    endloop
  endfacet
  facet normal -0.997858 -0.0649817 -0.0075475
    outer loop
      vertex -33.9 13.9065 42.615
      vertex -33.9145 14.4954 39.4618
      vertex -33.9 14.2757 39.4363
    endloop
  endfacet
  facet normal -0.997858 -0.0649839 -0.00754792
    outer loop
      vertex -33.9145 14.4954 39.4618
      vertex -33.9 13.9065 42.615
      vertex -33.9377 14.4777 42.6813
    endloop
  endfacet
  facet normal 0.946958 0.319211 0.0370669
    outer loop
      vertex -45.8921 12.3383 42.4328
      vertex -45.6357 11.9569 39.167
      vertex -45.8921 12.7074 39.2542
    endloop
  endfacet
  facet normal 0.946957 0.319216 0.0370662
    outer loop
      vertex -45.6357 11.9569 39.167
      vertex -45.8921 12.3383 42.4328
      vertex -45.6357 11.5878 42.3457
    endloop
  endfacet
  facet normal -0.89696 0.439161 0.0509955
    outer loop
      vertex -34.7172 10.8769 42.2631
      vertex -34.6192 11.4435 39.1074
      vertex -34.7172 11.246 39.0845
    endloop
  endfacet
  facet normal -0.896929 0.439224 0.0510077
    outer loop
      vertex -34.6192 11.4435 39.1074
      vertex -34.7172 10.8769 42.2631
      vertex -34.4624 11.3903 42.3227
    endloop
  endfacet
  facet normal -0.831474 -0.551855 -0.0640816
    outer loop
      vertex -35.0374 17.7813 39.8434
      vertex -35.1605 17.5952 43.0433
      vertex -35.1605 17.9643 39.8647
    endloop
  endfacet
  facet normal -0.831544 -0.551751 -0.0640782
    outer loop
      vertex -35.1605 17.5952 43.0433
      vertex -35.0374 17.7813 39.8434
      vertex -34.8404 17.1192 42.988
    endloop
  endfacet
  facet normal 0.946971 -0.319172 -0.0370724
    outer loop
      vertex -45.6357 16.2253 42.8842
      vertex -45.8921 15.8439 39.6184
      vertex -45.6357 16.5945 39.7056
    endloop
  endfacet
  facet normal 0.946957 -0.319216 -0.0370662
    outer loop
      vertex -45.8921 15.8439 39.6184
      vertex -45.6357 16.2253 42.8842
      vertex -45.8921 15.4748 42.7971
    endloop
  endfacet
  facet normal -0.659214 0.746935 0.0867437
    outer loop
      vertex -35.6866 9.99112 38.9388
      vertex -35.8533 9.47682 42.1005
      vertex -35.6866 9.62198 42.1174
    endloop
  endfacet
  facet normal -0.659327 0.746838 0.0867221
    outer loop
      vertex -35.8533 9.47682 42.1005
      vertex -35.6866 9.99112 38.9388
      vertex -36.1199 9.61369 38.8949
    endloop
  endfacet
  facet normal -0.0655037 -0.991191 -0.115104
    outer loop
      vertex -39.2038 20.2831 40.134
      vertex -39.425 19.9284 43.3143
      vertex -39.7788 20.3206 40.1383
    endloop
  endfacet
  facet normal -0.065411 -0.991198 -0.115098
    outer loop
      vertex -39.425 19.9284 43.3143
      vertex -39.2038 20.2831 40.134
      vertex -39.2038 19.914 43.3126
    endloop
  endfacet
  facet normal 0.195291 -0.974199 -0.113124
    outer loop
      vertex -41.0136 19.871 43.3076
      vertex -40.7962 20.2831 40.134
      vertex -40.7962 19.914 43.3126
    endloop
  endfacet
  facet normal 0.195138 -0.974228 -0.113139
    outer loop
      vertex -40.7962 20.2831 40.134
      vertex -41.0136 19.871 43.3076
      vertex -41.3614 20.1714 40.121
    endloop
  endfacet
  facet normal -0.195291 -0.974199 -0.113124
    outer loop
      vertex -39.2038 20.2831 40.134
      vertex -38.9864 19.871 43.3076
      vertex -39.2038 19.914 43.3126
    endloop
  endfacet
  facet normal -0.195138 -0.974228 -0.113139
    outer loop
      vertex -38.9864 19.871 43.3076
      vertex -39.2038 20.2831 40.134
      vertex -38.6386 20.1714 40.121
    endloop
  endfacet
  facet normal -0.0654007 0.991198 0.115105
    outer loop
      vertex -39.7788 8.23079 38.7343
      vertex -40 7.84726 41.9113
      vertex -39.425 7.8847 41.9156
    endloop
  endfacet
  facet normal -0.0653146 0.991203 0.115111
    outer loop
      vertex -40 7.84726 41.9113
      vertex -39.7788 8.23079 38.7343
      vertex -40 8.2164 38.7327
    endloop
  endfacet
  facet normal 0.896929 0.439224 0.0510077
    outer loop
      vertex -45.2828 10.8769 42.2631
      vertex -45.3808 11.4435 39.1074
      vertex -45.5376 11.3903 42.3227
    endloop
  endfacet
  facet normal 0.89696 0.439161 0.0509955
    outer loop
      vertex -45.3808 11.4435 39.1074
      vertex -45.2828 10.8769 42.2631
      vertex -45.2828 11.246 39.0845
    endloop
  endfacet
  facet normal -0.75184 -0.654945 -0.0760524
    outer loop
      vertex -35.1605 17.5952 43.0433
      vertex -35.3067 18.1299 39.8839
      vertex -35.1605 17.9643 39.8647
    endloop
  endfacet
  facet normal -0.75183 -0.654955 -0.0760547
    outer loop
      vertex -35.3067 18.1299 39.8839
      vertex -35.1605 17.5952 43.0433
      vertex -35.5405 18.0256 43.0933
    endloop
  endfacet
  facet normal -0.194972 -0.974263 -0.113124
    outer loop
      vertex -38.6386 20.1714 40.121
      vertex -38.4212 19.7594 43.2946
      vertex -38.9864 19.871 43.3076
    endloop
  endfacet
  facet normal -0.19486 -0.974285 -0.113134
    outer loop
      vertex -38.4212 19.7594 43.2946
      vertex -38.6386 20.1714 40.121
      vertex -38.4212 20.1285 40.116
    endloop
  endfacet
  facet normal -0.997858 0.0649839 0.00754815
    outer loop
      vertex -33.9145 13.6868 42.5894
      vertex -33.9 14.2757 39.4363
      vertex -33.9377 13.7045 39.37
    endloop
  endfacet
  facet normal -0.997858 0.0649783 0.00754711
    outer loop
      vertex -33.9 14.2757 39.4363
      vertex -33.9145 13.6868 42.5894
      vertex -33.9 13.9065 42.615
    endloop
  endfacet
  facet normal -0.980832 0.193554 0.0224816
    outer loop
      vertex -33.9954 13.2688 39.3194
      vertex -33.9522 13.1156 42.5231
      vertex -33.9522 13.4848 39.3445
    endloop
  endfacet
  facet normal -0.980792 0.193756 0.0224908
    outer loop
      vertex -33.9522 13.1156 42.5231
      vertex -33.9954 13.2688 39.3194
      vertex -34.0646 12.5542 42.4579
    endloop
  endfacet
  facet normal 0.065332 -0.9912 -0.115124
    outer loop
      vertex -40.2212 20.3206 40.1383
      vertex -40 19.9658 43.3186
      vertex -40.575 19.9284 43.3143
    endloop
  endfacet
  facet normal 0.065411 -0.991195 -0.115129
    outer loop
      vertex -40 19.9658 43.3186
      vertex -40.2212 20.3206 40.1383
      vertex -40 20.335 40.14
    endloop
  endfacet
  facet normal -0.831266 0.552165 0.0641176
    outer loop
      vertex -34.8404 11.063 39.0632
      vertex -34.7172 10.8769 42.2631
      vertex -34.7172 11.246 39.0845
    endloop
  endfacet
  facet normal -0.831457 0.551878 0.0641082
    outer loop
      vertex -34.7172 10.8769 42.2631
      vertex -34.8404 11.063 39.0632
      vertex -35.0374 10.4009 42.2079
    endloop
  endfacet
  facet normal -0.442299 0.890881 0.103455
    outer loop
      vertex -36.95 9.02818 38.8269
      vertex -37.6656 8.3085 41.9649
      vertex -36.95 8.65905 42.0056
    endloop
  endfacet
  facet normal -0.442299 0.890881 0.103455
    outer loop
      vertex -37.6656 8.3085 41.9649
      vertex -36.95 9.02818 38.8269
      vertex -37.6656 8.67763 38.7862
    endloop
  endfacet
  facet normal -0.659315 0.746848 0.0867216
    outer loop
      vertex -36.1199 9.61369 38.8949
      vertex -36.2866 9.09939 42.0567
      vertex -35.8533 9.47682 42.1005
    endloop
  endfacet
  facet normal -0.65921 0.746939 0.0867418
    outer loop
      vertex -36.2866 9.09939 42.0567
      vertex -36.1199 9.61369 38.8949
      vertex -36.2866 9.46852 38.8781
    endloop
  endfacet
  facet normal 0.442299 0.890881 0.103455
    outer loop
      vertex -42.3344 8.3085 41.9649
      vertex -43.05 9.02818 38.8269
      vertex -43.05 8.65905 42.0056
    endloop
  endfacet
  facet normal 0.442299 0.890881 0.103455
    outer loop
      vertex -43.05 9.02818 38.8269
      vertex -42.3344 8.3085 41.9649
      vertex -42.3344 8.67763 38.7862
    endloop
  endfacet
  facet normal 0.980774 -0.193846 -0.0225087
    outer loop
      vertex -45.8921 15.4748 42.7971
      vertex -46.0478 15.0666 39.5282
      vertex -45.8921 15.8439 39.6184
    endloop
  endfacet
  facet normal 0.980779 -0.193818 -0.0225124
    outer loop
      vertex -46.0478 15.0666 39.5282
      vertex -45.8921 15.4748 42.7971
      vertex -46.0478 14.6974 42.7068
    endloop
  endfacet
  facet normal 0.75183 -0.654955 -0.0760547
    outer loop
      vertex -44.8395 17.5952 43.0433
      vertex -44.6933 18.1299 39.8839
      vertex -44.4595 18.0256 43.0933
    endloop
  endfacet
  facet normal 0.75184 -0.654945 -0.0760524
    outer loop
      vertex -44.6933 18.1299 39.8839
      vertex -44.8395 17.5952 43.0433
      vertex -44.8395 17.9643 39.8647
    endloop
  endfacet
  facet normal -0.065411 -0.991195 -0.115129
    outer loop
      vertex -39.7788 20.3206 40.1383
      vertex -40 19.9658 43.3186
      vertex -40 20.335 40.14
    endloop
  endfacet
  facet normal -0.065332 -0.9912 -0.115124
    outer loop
      vertex -40 19.9658 43.3186
      vertex -39.7788 20.3206 40.1383
      vertex -39.425 19.9284 43.3143
    endloop
  endfacet
  facet normal 0.555581 -0.825911 -0.0959154
    outer loop
      vertex -43.7134 18.7137 43.1732
      vertex -43.5292 19.2051 40.0088
      vertex -43.2343 19.0317 43.2101
    endloop
  endfacet
  facet normal 0.555705 -0.825831 -0.0958957
    outer loop
      vertex -43.5292 19.2051 40.0088
      vertex -43.7134 18.7137 43.1732
      vertex -43.7134 19.0828 39.9946
    endloop
  endfacet
  facet normal 0.065411 -0.991198 -0.115098
    outer loop
      vertex -40.7962 20.2831 40.134
      vertex -40.575 19.9284 43.3143
      vertex -40.7962 19.914 43.3126
    endloop
  endfacet
  facet normal 0.0655037 -0.991191 -0.115104
    outer loop
      vertex -40.575 19.9284 43.3143
      vertex -40.7962 20.2831 40.134
      vertex -40.2212 20.3206 40.1383
    endloop
  endfacet
  facet normal 0.751869 -0.654912 -0.0760486
    outer loop
      vertex -44.4595 18.0256 43.0933
      vertex -44.3134 18.5602 39.9339
      vertex -44.3134 18.1911 43.1125
    endloop
  endfacet
  facet normal 0.751842 -0.654943 -0.076055
    outer loop
      vertex -44.3134 18.5602 39.9339
      vertex -44.4595 18.0256 43.0933
      vertex -44.6933 18.1299 39.8839
    endloop
  endfacet
  facet normal -0.831463 -0.551868 -0.0641079
    outer loop
      vertex -34.7172 17.3053 39.7881
      vertex -34.8404 17.1192 42.988
      vertex -35.0374 17.7813 39.8434
    endloop
  endfacet
  facet normal -0.83125 -0.552189 -0.0641184
    outer loop
      vertex -34.8404 17.1192 42.988
      vertex -34.7172 17.3053 39.7881
      vertex -34.7172 16.9362 42.9668
    endloop
  endfacet
  facet normal -0.555581 -0.825911 -0.0959154
    outer loop
      vertex -36.4708 19.2051 40.0088
      vertex -36.2866 18.7137 43.1732
      vertex -36.7657 19.0317 43.2101
    endloop
  endfacet
  facet normal -0.555705 -0.825831 -0.0958957
    outer loop
      vertex -36.2866 18.7137 43.1732
      vertex -36.4708 19.2051 40.0088
      vertex -36.2866 19.0828 39.9946
    endloop
  endfacet
  facet normal -0.896863 -0.439356 -0.0510165
    outer loop
      vertex -34.3643 16.5945 39.7056
      vertex -34.7172 16.9362 42.9668
      vertex -34.7172 17.3053 39.7881
    endloop
  endfacet
  facet normal -0.89689 -0.439299 -0.0510254
    outer loop
      vertex -34.7172 16.9362 42.9668
      vertex -34.3643 16.5945 39.7056
      vertex -34.3643 16.2253 42.8842
    endloop
  endfacet
  facet normal -0.831537 0.55176 0.0640785
    outer loop
      vertex -35.1605 10.587 39.008
      vertex -35.0374 10.4009 42.2079
      vertex -34.8404 11.063 39.0632
    endloop
  endfacet
  facet normal -0.831474 0.551855 0.0640816
    outer loop
      vertex -35.0374 10.4009 42.2079
      vertex -35.1605 10.587 39.008
      vertex -35.1605 10.2179 42.1866
    endloop
  endfacet
  facet normal -0.75183 0.654956 0.0760537
    outer loop
      vertex -35.6866 9.99112 38.9388
      vertex -35.1605 10.2179 42.1866
      vertex -35.1605 10.587 39.008
    endloop
  endfacet
  facet normal -0.751852 0.65493 0.0760589
    outer loop
      vertex -35.1605 10.2179 42.1866
      vertex -35.6866 9.99112 38.9388
      vertex -35.6866 9.62198 42.1174
    endloop
  endfacet
  facet normal -0.997858 0.0649817 0.00754774
    outer loop
      vertex -33.9522 13.1156 42.5231
      vertex -33.9377 13.7045 39.37
      vertex -33.9522 13.4848 39.3445
    endloop
  endfacet
  facet normal -0.997858 0.0649839 0.00754815
    outer loop
      vertex -33.9377 13.7045 39.37
      vertex -33.9522 13.1156 42.5231
      vertex -33.9145 13.6868 42.5894
    endloop
  endfacet
  facet normal -0.946958 0.319211 0.0370669
    outer loop
      vertex -34.3643 11.9569 39.167
      vertex -34.1079 12.3383 42.4328
      vertex -34.1079 12.7074 39.2542
    endloop
  endfacet
  facet normal -0.946957 0.319216 0.0370662
    outer loop
      vertex -34.1079 12.3383 42.4328
      vertex -34.3643 11.9569 39.167
      vertex -34.3643 11.5878 42.3457
    endloop
  endfacet
  facet normal -0.946971 -0.319172 -0.0370724
    outer loop
      vertex -34.1079 15.8439 39.6184
      vertex -34.3643 16.2253 42.8842
      vertex -34.3643 16.5945 39.7056
    endloop
  endfacet
  facet normal -0.946957 -0.319216 -0.0370662
    outer loop
      vertex -34.3643 16.2253 42.8842
      vertex -34.1079 15.8439 39.6184
      vertex -34.1079 15.4748 42.7971
    endloop
  endfacet
  facet normal -0.32144 0.940609 0.109232
    outer loop
      vertex -38.4212 8.42286 38.7566
      vertex -38.2113 8.1245 41.9435
      vertex -37.8755 8.60686 38.778
    endloop
  endfacet
  facet normal -0.321407 0.94062 0.109231
    outer loop
      vertex -38.2113 8.1245 41.9435
      vertex -38.4212 8.42286 38.7566
      vertex -38.4212 8.05373 41.9353
    endloop
  endfacet
  facet normal -0.321407 0.94062 0.109231
    outer loop
      vertex -37.8755 8.60686 38.778
      vertex -37.6656 8.3085 41.9649
      vertex -37.6656 8.67763 38.7862
    endloop
  endfacet
  facet normal -0.32144 0.940609 0.109232
    outer loop
      vertex -37.6656 8.3085 41.9649
      vertex -37.8755 8.60686 38.778
      vertex -38.2113 8.1245 41.9435
    endloop
  endfacet
  facet normal -0.195097 0.974237 0.113134
    outer loop
      vertex -38.4212 8.42286 38.7566
      vertex -39.2038 7.8991 41.9173
      vertex -38.4212 8.05373 41.9353
    endloop
  endfacet
  facet normal -0.195083 0.974239 0.113138
    outer loop
      vertex -39.2038 7.8991 41.9173
      vertex -38.4212 8.42286 38.7566
      vertex -39.2038 8.26823 38.7387
    endloop
  endfacet
  facet normal -0.065411 0.991197 0.115107
    outer loop
      vertex -39.2038 8.26823 38.7387
      vertex -39.425 7.8847 41.9156
      vertex -39.2038 7.8991 41.9173
    endloop
  endfacet
  facet normal -0.0654206 0.991197 0.115107
    outer loop
      vertex -39.425 7.8847 41.9156
      vertex -39.2038 8.26823 38.7387
      vertex -39.7788 8.23079 38.7343
    endloop
  endfacet
  facet normal 0.659315 0.746848 0.0867216
    outer loop
      vertex -43.7134 9.09939 42.0567
      vertex -43.8801 9.61369 38.8949
      vertex -44.1467 9.47682 42.1005
    endloop
  endfacet
  facet normal 0.65921 0.746939 0.0867418
    outer loop
      vertex -43.8801 9.61369 38.8949
      vertex -43.7134 9.09939 42.0567
      vertex -43.7134 9.46852 38.8781
    endloop
  endfacet
  facet normal 0.896791 0.439501 0.0510334
    outer loop
      vertex -45.5376 11.3903 42.3227
      vertex -45.6357 11.9569 39.167
      vertex -45.6357 11.5878 42.3457
    endloop
  endfacet
  facet normal 0.89686 0.439364 0.0510067
    outer loop
      vertex -45.6357 11.9569 39.167
      vertex -45.5376 11.3903 42.3227
      vertex -45.3808 11.4435 39.1074
    endloop
  endfacet
  facet normal 0.997858 -0.0649839 -0.00754792
    outer loop
      vertex -46.1 13.9065 42.615
      vertex -46.0855 14.4954 39.4618
      vertex -46.0623 14.4777 42.6813
    endloop
  endfacet
  facet normal 0.997858 -0.0649817 -0.0075475
    outer loop
      vertex -46.0855 14.4954 39.4618
      vertex -46.1 13.9065 42.615
      vertex -46.1 14.2757 39.4363
    endloop
  endfacet
  facet normal 0.980759 0.19392 0.0225287
    outer loop
      vertex -45.9354 12.5542 42.4579
      vertex -45.8921 12.7074 39.2542
      vertex -46.0046 13.2688 39.3194
    endloop
  endfacet
  facet normal 0.980729 0.194071 0.0225356
    outer loop
      vertex -45.8921 12.7074 39.2542
      vertex -45.9354 12.5542 42.4579
      vertex -45.8921 12.3383 42.4328
    endloop
  endfacet
  facet normal 0.831463 -0.551868 -0.0641079
    outer loop
      vertex -45.1596 17.1192 42.988
      vertex -45.2828 17.3053 39.7881
      vertex -44.9626 17.7813 39.8434
    endloop
  endfacet
  facet normal 0.83125 -0.552189 -0.0641184
    outer loop
      vertex -45.2828 17.3053 39.7881
      vertex -45.1596 17.1192 42.988
      vertex -45.2828 16.9362 42.9668
    endloop
  endfacet
  facet normal 0.194972 -0.974263 -0.113124
    outer loop
      vertex -41.5788 19.7594 43.2946
      vertex -41.3614 20.1714 40.121
      vertex -41.0136 19.871 43.3076
    endloop
  endfacet
  facet normal 0.19486 -0.974285 -0.113134
    outer loop
      vertex -41.3614 20.1714 40.121
      vertex -41.5788 19.7594 43.2946
      vertex -41.5788 20.1285 40.116
    endloop
  endfacet
  facet normal 0.896863 -0.439356 -0.0510165
    outer loop
      vertex -45.2828 16.9362 42.9668
      vertex -45.6357 16.5945 39.7056
      vertex -45.2828 17.3053 39.7881
    endloop
  endfacet
  facet normal 0.89689 -0.439299 -0.0510254
    outer loop
      vertex -45.6357 16.5945 39.7056
      vertex -45.2828 16.9362 42.9668
      vertex -45.6357 16.2253 42.8842
    endloop
  endfacet
  facet normal -0.89686 0.439364 0.0510067
    outer loop
      vertex -34.4624 11.3903 42.3227
      vertex -34.3643 11.9569 39.167
      vertex -34.6192 11.4435 39.1074
    endloop
  endfacet
  facet normal -0.896791 0.439501 0.0510334
    outer loop
      vertex -34.3643 11.9569 39.167
      vertex -34.4624 11.3903 42.3227
      vertex -34.3643 11.5878 42.3457
    endloop
  endfacet
  facet normal -0.980759 0.19392 0.0225287
    outer loop
      vertex -34.1079 12.7074 39.2542
      vertex -34.0646 12.5542 42.4579
      vertex -33.9954 13.2688 39.3194
    endloop
  endfacet
  facet normal -0.980729 0.194071 0.0225356
    outer loop
      vertex -34.0646 12.5542 42.4579
      vertex -34.1079 12.7074 39.2542
      vertex -34.1079 12.3383 42.4328
    endloop
  endfacet
  facet normal -0.321464 -0.940602 -0.109223
    outer loop
      vertex -38.4212 20.1285 40.116
      vertex -37.6656 19.5046 43.265
      vertex -38.4212 19.7594 43.2946
    endloop
  endfacet
  facet normal -0.321464 -0.940602 -0.109223
    outer loop
      vertex -37.6656 19.5046 43.265
      vertex -38.4212 20.1285 40.116
      vertex -37.6656 19.8737 40.0864
    endloop
  endfacet
  facet normal -0.555592 0.825904 0.0959121
    outer loop
      vertex -36.2866 9.46852 38.8781
      vertex -36.95 8.65905 42.0056
      vertex -36.2866 9.09939 42.0567
    endloop
  endfacet
  facet normal -0.555602 0.825898 0.0959083
    outer loop
      vertex -36.95 8.65905 42.0056
      vertex -36.2866 9.46852 38.8781
      vertex -36.95 9.02818 38.8269
    endloop
  endfacet
  facet normal 0.321407 0.94062 0.109231
    outer loop
      vertex -41.5788 8.42286 38.7566
      vertex -41.7887 8.1245 41.9435
      vertex -41.5788 8.05373 41.9353
    endloop
  endfacet
  facet normal 0.32144 0.940609 0.109232
    outer loop
      vertex -41.7887 8.1245 41.9435
      vertex -41.5788 8.42286 38.7566
      vertex -42.1245 8.60686 38.778
    endloop
  endfacet
  facet normal 0.32144 0.940609 0.109232
    outer loop
      vertex -42.1245 8.60686 38.778
      vertex -42.3344 8.3085 41.9649
      vertex -41.7887 8.1245 41.9435
    endloop
  endfacet
  facet normal 0.321407 0.94062 0.109231
    outer loop
      vertex -42.3344 8.3085 41.9649
      vertex -42.1245 8.60686 38.778
      vertex -42.3344 8.67763 38.7862
    endloop
  endfacet
  facet normal 0.555592 0.825904 0.0959121
    outer loop
      vertex -43.05 8.65905 42.0056
      vertex -43.7134 9.46852 38.8781
      vertex -43.7134 9.09939 42.0567
    endloop
  endfacet
  facet normal 0.555602 0.825898 0.0959083
    outer loop
      vertex -43.7134 9.46852 38.8781
      vertex -43.05 8.65905 42.0056
      vertex -43.05 9.02818 38.8269
    endloop
  endfacet
  facet normal 0.831266 0.552165 0.0641176
    outer loop
      vertex -45.2828 10.8769 42.2631
      vertex -45.1596 11.063 39.0632
      vertex -45.2828 11.246 39.0845
    endloop
  endfacet
  facet normal 0.831457 0.551878 0.0641082
    outer loop
      vertex -45.1596 11.063 39.0632
      vertex -45.2828 10.8769 42.2631
      vertex -44.9626 10.4009 42.2079
    endloop
  endfacet
  facet normal 0.980832 0.193554 0.0224816
    outer loop
      vertex -46.0478 13.1156 42.5231
      vertex -46.0046 13.2688 39.3194
      vertex -46.0478 13.4848 39.3445
    endloop
  endfacet
  facet normal 0.980792 0.193756 0.0224908
    outer loop
      vertex -46.0046 13.2688 39.3194
      vertex -46.0478 13.1156 42.5231
      vertex -45.9354 12.5542 42.4579
    endloop
  endfacet
  facet normal 0.997858 0.0649839 0.00754815
    outer loop
      vertex -46.0478 13.1156 42.5231
      vertex -46.0623 13.7045 39.37
      vertex -46.0855 13.6868 42.5894
    endloop
  endfacet
  facet normal 0.997858 0.0649817 0.00754774
    outer loop
      vertex -46.0623 13.7045 39.37
      vertex -46.0478 13.1156 42.5231
      vertex -46.0478 13.4848 39.3445
    endloop
  endfacet
  facet normal -0.751842 -0.654943 -0.076055
    outer loop
      vertex -35.5405 18.0256 43.0933
      vertex -35.6866 18.5602 39.9339
      vertex -35.3067 18.1299 39.8839
    endloop
  endfacet
  facet normal -0.751869 -0.654912 -0.0760486
    outer loop
      vertex -35.6866 18.5602 39.9339
      vertex -35.5405 18.0256 43.0933
      vertex -35.6866 18.1911 43.1125
    endloop
  endfacet
  facet normal -0.44235 -0.890857 -0.103447
    outer loop
      vertex -37.6656 19.8737 40.0864
      vertex -37.1488 19.2514 43.2356
      vertex -37.6656 19.5046 43.265
    endloop
  endfacet
  facet normal -0.442347 -0.890858 -0.103447
    outer loop
      vertex -37.1488 19.2514 43.2356
      vertex -37.6656 19.8737 40.0864
      vertex -37.4668 19.7763 40.0751
    endloop
  endfacet
  facet normal 0.44235 -0.890857 -0.103447
    outer loop
      vertex -42.8512 19.2514 43.2356
      vertex -42.3344 19.8737 40.0864
      vertex -42.3344 19.5046 43.265
    endloop
  endfacet
  facet normal 0.442347 -0.890858 -0.103447
    outer loop
      vertex -42.3344 19.8737 40.0864
      vertex -42.8512 19.2514 43.2356
      vertex -42.5332 19.7763 40.0751
    endloop
  endfacet
  facet normal 0.659294 -0.746866 -0.0867264
    outer loop
      vertex -44.3134 18.1911 43.1125
      vertex -43.7134 19.0828 39.9946
      vertex -43.7134 18.7137 43.1732
    endloop
  endfacet
  facet normal 0.659294 -0.746866 -0.0867264
    outer loop
      vertex -43.7134 19.0828 39.9946
      vertex -44.3134 18.1911 43.1125
      vertex -44.3134 18.5602 39.9339
    endloop
  endfacet
  facet normal 0.442347 -0.890858 -0.103447
    outer loop
      vertex -43.05 19.154 43.2243
      vertex -42.5332 19.7763 40.0751
      vertex -42.8512 19.2514 43.2356
    endloop
  endfacet
  facet normal 0.442211 -0.890921 -0.103482
    outer loop
      vertex -42.5332 19.7763 40.0751
      vertex -43.05 19.154 43.2243
      vertex -43.05 19.5232 40.0457
    endloop
  endfacet
  facet normal 0.555496 -0.825966 -0.0959374
    outer loop
      vertex -43.2343 19.0317 43.2101
      vertex -43.05 19.5232 40.0457
      vertex -43.05 19.154 43.2243
    endloop
  endfacet
  facet normal 0.55562 -0.825885 -0.0959176
    outer loop
      vertex -43.05 19.5232 40.0457
      vertex -43.2343 19.0317 43.2101
      vertex -43.5292 19.2051 40.0088
    endloop
  endfacet
  facet normal 0.321464 -0.940602 -0.109223
    outer loop
      vertex -42.3344 19.5046 43.265
      vertex -41.5788 20.1285 40.116
      vertex -41.5788 19.7594 43.2946
    endloop
  endfacet
  facet normal 0.321464 -0.940602 -0.109223
    outer loop
      vertex -41.5788 20.1285 40.116
      vertex -42.3344 19.5046 43.265
      vertex -42.3344 19.8737 40.0864
    endloop
  endfacet
  facet normal -0.980774 -0.193846 -0.0225087
    outer loop
      vertex -33.9522 15.0666 39.5282
      vertex -34.1079 15.4748 42.7971
      vertex -34.1079 15.8439 39.6184
    endloop
  endfacet
  facet normal -0.980779 -0.193818 -0.0225124
    outer loop
      vertex -34.1079 15.4748 42.7971
      vertex -33.9522 15.0666 39.5282
      vertex -33.9522 14.6974 42.7068
    endloop
  endfacet
  facet normal 0.195097 0.974237 0.113134
    outer loop
      vertex -40.7962 7.8991 41.9173
      vertex -41.5788 8.42286 38.7566
      vertex -41.5788 8.05373 41.9353
    endloop
  endfacet
  facet normal 0.195083 0.974239 0.113138
    outer loop
      vertex -41.5788 8.42286 38.7566
      vertex -40.7962 7.8991 41.9173
      vertex -40.7962 8.26823 38.7387
    endloop
  endfacet
  facet normal 0.831537 0.55176 0.0640785
    outer loop
      vertex -44.9626 10.4009 42.2079
      vertex -44.8395 10.587 39.008
      vertex -45.1596 11.063 39.0632
    endloop
  endfacet
  facet normal 0.831474 0.551855 0.0640816
    outer loop
      vertex -44.8395 10.587 39.008
      vertex -44.9626 10.4009 42.2079
      vertex -44.8395 10.2179 42.1866
    endloop
  endfacet
  facet normal 0.659214 0.746935 0.0867437
    outer loop
      vertex -44.1467 9.47682 42.1005
      vertex -44.3134 9.99112 38.9388
      vertex -44.3134 9.62198 42.1174
    endloop
  endfacet
  facet normal 0.659327 0.746838 0.0867221
    outer loop
      vertex -44.3134 9.99112 38.9388
      vertex -44.1467 9.47682 42.1005
      vertex -43.8801 9.61369 38.8949
    endloop
  endfacet
  facet normal 0.75183 0.654956 0.0760537
    outer loop
      vertex -44.8395 10.2179 42.1866
      vertex -44.3134 9.99112 38.9388
      vertex -44.8395 10.587 39.008
    endloop
  endfacet
  facet normal 0.751852 0.65493 0.0760589
    outer loop
      vertex -44.3134 9.99112 38.9388
      vertex -44.8395 10.2179 42.1866
      vertex -44.3134 9.62198 42.1174
    endloop
  endfacet
  facet normal 0.997858 -0.0649817 -0.00754774
    outer loop
      vertex -46.0623 14.4777 42.6813
      vertex -46.0478 15.0666 39.5282
      vertex -46.0478 14.6974 42.7068
    endloop
  endfacet
  facet normal 0.997858 -0.0649826 -0.00754791
    outer loop
      vertex -46.0478 15.0666 39.5282
      vertex -46.0623 14.4777 42.6813
      vertex -46.0855 14.4954 39.4618
    endloop
  endfacet
  facet normal -0.659294 -0.746866 -0.0867264
    outer loop
      vertex -36.2866 19.0828 39.9946
      vertex -35.6866 18.1911 43.1125
      vertex -36.2866 18.7137 43.1732
    endloop
  endfacet
  facet normal -0.659294 -0.746866 -0.0867264
    outer loop
      vertex -35.6866 18.1911 43.1125
      vertex -36.2866 19.0828 39.9946
      vertex -35.6866 18.5602 39.9339
    endloop
  endfacet
  facet normal -0.442347 -0.890858 -0.103447
    outer loop
      vertex -37.4668 19.7763 40.0751
      vertex -36.95 19.154 43.2243
      vertex -37.1488 19.2514 43.2356
    endloop
  endfacet
  facet normal -0.442211 -0.890921 -0.103482
    outer loop
      vertex -36.95 19.154 43.2243
      vertex -37.4668 19.7763 40.0751
      vertex -36.95 19.5232 40.0457
    endloop
  endfacet
  facet normal -0.555496 -0.825966 -0.0959374
    outer loop
      vertex -36.95 19.5232 40.0457
      vertex -36.7657 19.0317 43.2101
      vertex -36.95 19.154 43.2243
    endloop
  endfacet
  facet normal -0.55562 -0.825885 -0.0959176
    outer loop
      vertex -36.7657 19.0317 43.2101
      vertex -36.95 19.5232 40.0457
      vertex -36.4708 19.2051 40.0088
    endloop
  endfacet
  facet normal 0.831474 -0.551855 -0.0640816
    outer loop
      vertex -44.8395 17.5952 43.0433
      vertex -44.9626 17.7813 39.8434
      vertex -44.8395 17.9643 39.8647
    endloop
  endfacet
  facet normal 0.831544 -0.551751 -0.0640782
    outer loop
      vertex -44.9626 17.7813 39.8434
      vertex -44.8395 17.5952 43.0433
      vertex -45.1596 17.1192 42.988
    endloop
  endfacet
  facet normal 0.065411 0.991197 0.115107
    outer loop
      vertex -40.575 7.8847 41.9156
      vertex -40.7962 8.26823 38.7387
      vertex -40.7962 7.8991 41.9173
    endloop
  endfacet
  facet normal 0.0654206 0.991197 0.115107
    outer loop
      vertex -40.7962 8.26823 38.7387
      vertex -40.575 7.8847 41.9156
      vertex -40.2212 8.23079 38.7343
    endloop
  endfacet
  facet normal 0.0654007 0.991198 0.115105
    outer loop
      vertex -40 7.84726 41.9113
      vertex -40.2212 8.23079 38.7343
      vertex -40.575 7.8847 41.9156
    endloop
  endfacet
  facet normal 0.0653146 0.991203 0.115111
    outer loop
      vertex -40.2212 8.23079 38.7343
      vertex -40 7.84726 41.9113
      vertex -40 8.2164 38.7327
    endloop
  endfacet
  facet normal 0.997858 0.0649783 0.00754711
    outer loop
      vertex -46.0855 13.6868 42.5894
      vertex -46.1 14.2757 39.4363
      vertex -46.1 13.9065 42.615
    endloop
  endfacet
  facet normal 0.997858 0.0649839 0.00754815
    outer loop
      vertex -46.1 14.2757 39.4363
      vertex -46.0855 13.6868 42.5894
      vertex -46.0623 13.7045 39.37
    endloop
  endfacet
  facet normal -0.997859 -0.0649656 -0.00754472
    outer loop
      vertex 4.06231 14.4777 42.6813
      vertex 4.04781 15.0666 39.5282
      vertex 4.0855 14.4954 39.4618
    endloop
  endfacet
  facet normal -0.997858 -0.0649817 -0.00754774
    outer loop
      vertex 4.04781 15.0666 39.5282
      vertex 4.06231 14.4777 42.6813
      vertex 4.04781 14.6974 42.7068
    endloop
  endfacet
  facet normal -0.997858 -0.0649817 -0.0075475
    outer loop
      vertex 4.1 13.9065 42.615
      vertex 4.0855 14.4954 39.4618
      vertex 4.1 14.2757 39.4363
    endloop
  endfacet
  facet normal -0.997859 -0.0649669 -0.00754473
    outer loop
      vertex 4.0855 14.4954 39.4618
      vertex 4.1 13.9065 42.615
      vertex 4.06231 14.4777 42.6813
    endloop
  endfacet
  facet normal 0.946924 0.319312 0.0370786
    outer loop
      vertex -7.89215 12.3383 42.4328
      vertex -7.63566 11.9569 39.167
      vertex -7.89215 12.7074 39.2542
    endloop
  endfacet
  facet normal 0.946923 0.319316 0.0370779
    outer loop
      vertex -7.63566 11.9569 39.167
      vertex -7.89215 12.3383 42.4328
      vertex -7.63566 11.5878 42.3457
    endloop
  endfacet
  facet normal -0.896888 0.439305 0.0510122
    outer loop
      vertex 3.28275 10.8769 42.2631
      vertex 3.38079 11.4435 39.1074
      vertex 3.28275 11.246 39.0845
    endloop
  endfacet
  facet normal -0.896874 0.439335 0.051018
    outer loop
      vertex 3.38079 11.4435 39.1074
      vertex 3.28275 10.8769 42.2631
      vertex 3.53763 11.3903 42.3227
    endloop
  endfacet
  facet normal -0.831391 -0.551979 -0.064096
    outer loop
      vertex 2.96259 17.7813 39.8434
      vertex 2.83945 17.5952 43.0433
      vertex 2.83945 17.9643 39.8647
    endloop
  endfacet
  facet normal -0.831487 -0.551834 -0.0640913
    outer loop
      vertex 2.83945 17.5952 43.0433
      vertex 2.96259 17.7813 39.8434
      vertex 3.15962 17.1192 42.988
    endloop
  endfacet
  facet normal 0.946937 -0.319273 -0.0370841
    outer loop
      vertex -7.63566 16.2253 42.8842
      vertex -7.89215 15.8439 39.6184
      vertex -7.63566 16.5945 39.7056
    endloop
  endfacet
  facet normal 0.946923 -0.319316 -0.0370779
    outer loop
      vertex -7.89215 15.8439 39.6184
      vertex -7.63566 16.2253 42.8842
      vertex -7.89215 15.4748 42.7971
    endloop
  endfacet
  facet normal -0.659349 0.746818 0.0867301
    outer loop
      vertex 2.31335 9.99112 38.9388
      vertex 2.14671 9.47682 42.1005
      vertex 2.31335 9.62198 42.1174
    endloop
  endfacet
  facet normal -0.659361 0.746807 0.0867277
    outer loop
      vertex 2.14671 9.47682 42.1005
      vertex 2.31335 9.99112 38.9388
      vertex 1.88009 9.61369 38.8949
    endloop
  endfacet
  facet normal -0.0654992 -0.991192 -0.115103
    outer loop
      vertex -1.20379 20.2831 40.134
      vertex -1.42496 19.9284 43.3143
      vertex -1.77883 20.3206 40.1383
    endloop
  endfacet
  facet normal -0.0654199 -0.991198 -0.115098
    outer loop
      vertex -1.42496 19.9284 43.3143
      vertex -1.20379 20.2831 40.134
      vertex -1.20379 19.914 43.3126
    endloop
  endfacet
  facet normal 0.195308 -0.974196 -0.113124
    outer loop
      vertex -3.01359 19.871 43.3076
      vertex -2.79621 20.2831 40.134
      vertex -2.79621 19.914 43.3126
    endloop
  endfacet
  facet normal 0.195138 -0.974228 -0.11314
    outer loop
      vertex -2.79621 20.2831 40.134
      vertex -3.01359 19.871 43.3076
      vertex -3.36141 20.1714 40.121
    endloop
  endfacet
  facet normal -0.195304 -0.974197 -0.113124
    outer loop
      vertex -1.20379 20.2831 40.134
      vertex -0.986405 19.871 43.3076
      vertex -1.20379 19.914 43.3126
    endloop
  endfacet
  facet normal -0.195138 -0.974228 -0.113139
    outer loop
      vertex -0.986405 19.871 43.3076
      vertex -1.20379 20.2831 40.134
      vertex -0.638589 20.1714 40.121
    endloop
  endfacet
  facet normal -0.0653962 0.991198 0.115106
    outer loop
      vertex -1.77883 8.23079 38.7343
      vertex -2 7.84726 41.9113
      vertex -1.42496 7.8847 41.9156
    endloop
  endfacet
  facet normal -0.0653234 0.991202 0.115111
    outer loop
      vertex -2 7.84726 41.9113
      vertex -1.77883 8.23079 38.7343
      vertex -2 8.2164 38.7327
    endloop
  endfacet
  facet normal -0.321433 0.940611 0.10923
    outer loop
      vertex 0.124488 8.60686 38.778
      vertex 0.334369 8.3085 41.9649
      vertex 0.334369 8.67763 38.7862
    endloop
  endfacet
  facet normal -0.321444 0.940607 0.10923
    outer loop
      vertex 0.334369 8.3085 41.9649
      vertex 0.124488 8.60686 38.778
      vertex -0.211322 8.1245 41.9435
    endloop
  endfacet
  facet normal 0.896874 0.439335 0.051018
    outer loop
      vertex -7.28275 10.8769 42.2631
      vertex -7.38079 11.4435 39.1074
      vertex -7.53763 11.3903 42.3227
    endloop
  endfacet
  facet normal 0.896888 0.439305 0.0510122
    outer loop
      vertex -7.38079 11.4435 39.1074
      vertex -7.28275 10.8769 42.2631
      vertex -7.28275 11.246 39.0845
    endloop
  endfacet
  facet normal -0.751974 -0.654793 -0.0760347
    outer loop
      vertex 2.83945 17.5952 43.0433
      vertex 2.69331 18.1299 39.8839
      vertex 2.83945 17.9643 39.8647
    endloop
  endfacet
  facet normal -0.751865 -0.654915 -0.0760605
    outer loop
      vertex 2.69331 18.1299 39.8839
      vertex 2.83945 17.5952 43.0433
      vertex 2.45949 18.0256 43.0933
    endloop
  endfacet
  facet normal -0.194972 -0.974263 -0.113125
    outer loop
      vertex -0.638589 20.1714 40.121
      vertex -0.421204 19.7594 43.2946
      vertex -0.986405 19.871 43.3076
    endloop
  endfacet
  facet normal -0.194873 -0.974282 -0.113134
    outer loop
      vertex -0.421204 19.7594 43.2946
      vertex -0.638589 20.1714 40.121
      vertex -0.421204 20.1285 40.116
    endloop
  endfacet
  facet normal -0.997859 0.0649669 0.00754497
    outer loop
      vertex 4.0855 13.6868 42.5894
      vertex 4.1 14.2757 39.4363
      vertex 4.06231 13.7045 39.37
    endloop
  endfacet
  facet normal -0.997858 0.0649783 0.00754711
    outer loop
      vertex 4.1 14.2757 39.4363
      vertex 4.0855 13.6868 42.5894
      vertex 4.1 13.9065 42.615
    endloop
  endfacet
  facet normal -0.980798 0.193726 0.0225017
    outer loop
      vertex 4.00457 13.2688 39.3194
      vertex 4.04781 13.1156 42.5231
      vertex 4.04781 13.4848 39.3445
    endloop
  endfacet
  facet normal -0.980785 0.193788 0.0225044
    outer loop
      vertex 4.04781 13.1156 42.5231
      vertex 4.00457 13.2688 39.3194
      vertex 3.93539 12.5542 42.4579
    endloop
  endfacet
  facet normal 0.0653275 -0.991201 -0.115123
    outer loop
      vertex -2.22117 20.3206 40.1383
      vertex -2 19.9658 43.3186
      vertex -2.57504 19.9284 43.3143
    endloop
  endfacet
  facet normal 0.0654199 -0.991194 -0.115129
    outer loop
      vertex -2 19.9658 43.3186
      vertex -2.22117 20.3206 40.1383
      vertex -2 20.335 40.14
    endloop
  endfacet
  facet normal -0.831412 0.551948 0.0640924
    outer loop
      vertex 3.15962 11.063 39.0632
      vertex 3.28275 10.8769 42.2631
      vertex 3.28275 11.246 39.0845
    endloop
  endfacet
  facet normal -0.831489 0.551832 0.0640886
    outer loop
      vertex 3.28275 10.8769 42.2631
      vertex 3.15962 11.063 39.0632
      vertex 2.96259 10.4009 42.2079
    endloop
  endfacet
  facet normal -0.659341 0.746825 0.0867268
    outer loop
      vertex 1.88009 9.61369 38.8949
      vertex 1.71344 9.09939 42.0567
      vertex 2.14671 9.47682 42.1005
    endloop
  endfacet
  facet normal -0.659322 0.746841 0.0867305
    outer loop
      vertex 1.71344 9.09939 42.0567
      vertex 1.88009 9.61369 38.8949
      vertex 1.71344 9.46852 38.8781
    endloop
  endfacet
  facet normal 0.442284 0.890888 0.103455
    outer loop
      vertex -4.33437 8.3085 41.9649
      vertex -5.05 9.02818 38.8269
      vertex -5.05 8.65905 42.0056
    endloop
  endfacet
  facet normal 0.442284 0.890888 0.103455
    outer loop
      vertex -5.05 9.02818 38.8269
      vertex -4.33437 8.3085 41.9649
      vertex -4.33437 8.67763 38.7862
    endloop
  endfacet
  facet normal 0.980783 -0.193798 -0.0225031
    outer loop
      vertex -7.89215 15.4748 42.7971
      vertex -8.04781 15.0666 39.5282
      vertex -7.89215 15.8439 39.6184
    endloop
  endfacet
  facet normal 0.980789 -0.193771 -0.0225068
    outer loop
      vertex -8.04781 15.0666 39.5282
      vertex -7.89215 15.4748 42.7971
      vertex -8.04781 14.6974 42.7068
    endloop
  endfacet
  facet normal 0.751865 -0.654915 -0.0760605
    outer loop
      vertex -6.83945 17.5952 43.0433
      vertex -6.69331 18.1299 39.8839
      vertex -6.45949 18.0256 43.0933
    endloop
  endfacet
  facet normal 0.751974 -0.654793 -0.0760347
    outer loop
      vertex -6.69331 18.1299 39.8839
      vertex -6.83945 17.5952 43.0433
      vertex -6.83945 17.9643 39.8647
    endloop
  endfacet
  facet normal -0.0654199 -0.991194 -0.115129
    outer loop
      vertex -1.77883 20.3206 40.1383
      vertex -2 19.9658 43.3186
      vertex -2 20.335 40.14
    endloop
  endfacet
  facet normal -0.0653275 -0.991201 -0.115123
    outer loop
      vertex -2 19.9658 43.3186
      vertex -1.77883 20.3206 40.1383
      vertex -1.42496 19.9284 43.3143
    endloop
  endfacet
  facet normal 0.555541 -0.825939 -0.0959063
    outer loop
      vertex -5.71344 18.7137 43.1732
      vertex -5.52915 19.2051 40.0088
      vertex -5.23429 19.0317 43.2101
    endloop
  endfacet
  facet normal 0.555517 -0.825955 -0.0959102
    outer loop
      vertex -5.52915 19.2051 40.0088
      vertex -5.71344 18.7137 43.1732
      vertex -5.71344 19.0828 39.9946
    endloop
  endfacet
  facet normal 0.0654199 -0.991198 -0.115098
    outer loop
      vertex -2.79621 20.2831 40.134
      vertex -2.57504 19.9284 43.3143
      vertex -2.79621 19.914 43.3126
    endloop
  endfacet
  facet normal 0.0654992 -0.991192 -0.115103
    outer loop
      vertex -2.57504 19.9284 43.3143
      vertex -2.79621 20.2831 40.134
      vertex -2.22117 20.3206 40.1383
    endloop
  endfacet
  facet normal 0.75178 -0.655013 -0.0760603
    outer loop
      vertex -6.45949 18.0256 43.0933
      vertex -6.31335 18.5602 39.9339
      vertex -6.31335 18.1911 43.1125
    endloop
  endfacet
  facet normal 0.75179 -0.655002 -0.0760579
    outer loop
      vertex -6.31335 18.5602 39.9339
      vertex -6.45949 18.0256 43.0933
      vertex -6.69331 18.1299 39.8839
    endloop
  endfacet
  facet normal -0.831495 -0.551822 -0.0640883
    outer loop
      vertex 3.28275 17.3053 39.7881
      vertex 3.15962 17.1192 42.988
      vertex 2.96259 17.7813 39.8434
    endloop
  endfacet
  facet normal -0.831396 -0.551972 -0.0640932
    outer loop
      vertex 3.15962 17.1192 42.988
      vertex 3.28275 17.3053 39.7881
      vertex 3.28275 16.9362 42.9668
    endloop
  endfacet
  facet normal -0.555541 -0.825939 -0.0959063
    outer loop
      vertex 1.52915 19.2051 40.0088
      vertex 1.71344 18.7137 43.1732
      vertex 1.23429 19.0317 43.2101
    endloop
  endfacet
  facet normal -0.555517 -0.825955 -0.0959102
    outer loop
      vertex 1.71344 18.7137 43.1732
      vertex 1.52915 19.2051 40.0088
      vertex 1.71344 19.0828 39.9946
    endloop
  endfacet
  facet normal -0.896858 -0.439366 -0.0510177
    outer loop
      vertex 3.63566 16.5945 39.7056
      vertex 3.28275 16.9362 42.9668
      vertex 3.28275 17.3053 39.7881
    endloop
  endfacet
  facet normal -0.896885 -0.439309 -0.0510266
    outer loop
      vertex 3.28275 16.9362 42.9668
      vertex 3.63566 16.5945 39.7056
      vertex 3.63566 16.2253 42.8842
    endloop
  endfacet
  facet normal -0.831481 0.551843 0.0640916
    outer loop
      vertex 2.83945 10.587 39.008
      vertex 2.96259 10.4009 42.2079
      vertex 3.15962 11.063 39.0632
    endloop
  endfacet
  facet normal -0.831391 0.551979 0.064096
    outer loop
      vertex 2.96259 10.4009 42.2079
      vertex 2.83945 10.587 39.008
      vertex 2.83945 10.2179 42.1866
    endloop
  endfacet
  facet normal -0.75183 0.654956 0.0760537
    outer loop
      vertex 2.31335 9.99112 38.9388
      vertex 2.83945 10.2179 42.1866
      vertex 2.83945 10.587 39.008
    endloop
  endfacet
  facet normal -0.751852 0.65493 0.0760589
    outer loop
      vertex 2.83945 10.2179 42.1866
      vertex 2.31335 9.99112 38.9388
      vertex 2.31335 9.62198 42.1174
    endloop
  endfacet
  facet normal -0.997858 0.0649817 0.00754774
    outer loop
      vertex 4.04781 13.1156 42.5231
      vertex 4.06231 13.7045 39.37
      vertex 4.04781 13.4848 39.3445
    endloop
  endfacet
  facet normal -0.997859 0.0649669 0.00754497
    outer loop
      vertex 4.06231 13.7045 39.37
      vertex 4.04781 13.1156 42.5231
      vertex 4.0855 13.6868 42.5894
    endloop
  endfacet
  facet normal -0.946924 0.319312 0.0370786
    outer loop
      vertex 3.63566 11.9569 39.167
      vertex 3.89215 12.3383 42.4328
      vertex 3.89215 12.7074 39.2542
    endloop
  endfacet
  facet normal -0.946923 0.319316 0.0370779
    outer loop
      vertex 3.89215 12.3383 42.4328
      vertex 3.63566 11.9569 39.167
      vertex 3.63566 11.5878 42.3457
    endloop
  endfacet
  facet normal -0.946937 -0.319273 -0.0370841
    outer loop
      vertex 3.89215 15.8439 39.6184
      vertex 3.63566 16.2253 42.8842
      vertex 3.63566 16.5945 39.7056
    endloop
  endfacet
  facet normal -0.946923 -0.319316 -0.0370779
    outer loop
      vertex 3.63566 16.2253 42.8842
      vertex 3.89215 15.8439 39.6184
      vertex 3.89215 15.4748 42.7971
    endloop
  endfacet
  facet normal 0.659341 0.746825 0.0867268
    outer loop
      vertex -5.71344 9.09939 42.0567
      vertex -5.88009 9.61369 38.8949
      vertex -6.14671 9.47682 42.1005
    endloop
  endfacet
  facet normal 0.659322 0.746841 0.0867305
    outer loop
      vertex -5.88009 9.61369 38.8949
      vertex -5.71344 9.09939 42.0567
      vertex -5.71344 9.46852 38.8781
    endloop
  endfacet
  facet normal 0.896916 0.439249 0.0510041
    outer loop
      vertex -7.53763 11.3903 42.3227
      vertex -7.63566 11.9569 39.167
      vertex -7.63566 11.5878 42.3457
    endloop
  endfacet
  facet normal 0.89688 0.439321 0.0510181
    outer loop
      vertex -7.63566 11.9569 39.167
      vertex -7.53763 11.3903 42.3227
      vertex -7.38079 11.4435 39.1074
    endloop
  endfacet
  facet normal 0.997859 -0.0649669 -0.00754473
    outer loop
      vertex -8.1 13.9065 42.615
      vertex -8.0855 14.4954 39.4618
      vertex -8.06231 14.4777 42.6813
    endloop
  endfacet
  facet normal 0.997858 -0.0649817 -0.0075475
    outer loop
      vertex -8.0855 14.4954 39.4618
      vertex -8.1 13.9065 42.615
      vertex -8.1 14.2757 39.4363
    endloop
  endfacet
  facet normal 0.980785 0.193788 0.0225044
    outer loop
      vertex -7.93539 12.5542 42.4579
      vertex -7.89215 12.7074 39.2542
      vertex -8.00457 13.2688 39.3194
    endloop
  endfacet
  facet normal 0.98078 0.193812 0.0225055
    outer loop
      vertex -7.89215 12.7074 39.2542
      vertex -7.93539 12.5542 42.4579
      vertex -7.89215 12.3383 42.4328
    endloop
  endfacet
  facet normal 0.831495 -0.551822 -0.0640883
    outer loop
      vertex -7.15962 17.1192 42.988
      vertex -7.28275 17.3053 39.7881
      vertex -6.96259 17.7813 39.8434
    endloop
  endfacet
  facet normal 0.831396 -0.551972 -0.0640932
    outer loop
      vertex -7.28275 17.3053 39.7881
      vertex -7.15962 17.1192 42.988
      vertex -7.28275 16.9362 42.9668
    endloop
  endfacet
  facet normal 0.194969 -0.974264 -0.113125
    outer loop
      vertex -3.5788 19.7594 43.2946
      vertex -3.36141 20.1714 40.121
      vertex -3.01359 19.871 43.3076
    endloop
  endfacet
  facet normal 0.194868 -0.974283 -0.113134
    outer loop
      vertex -3.36141 20.1714 40.121
      vertex -3.5788 19.7594 43.2946
      vertex -3.5788 20.1285 40.116
    endloop
  endfacet
  facet normal 0.896858 -0.439366 -0.0510177
    outer loop
      vertex -7.28275 16.9362 42.9668
      vertex -7.63566 16.5945 39.7056
      vertex -7.28275 17.3053 39.7881
    endloop
  endfacet
  facet normal 0.896885 -0.439309 -0.0510266
    outer loop
      vertex -7.63566 16.5945 39.7056
      vertex -7.28275 16.9362 42.9668
      vertex -7.63566 16.2253 42.8842
    endloop
  endfacet
  facet normal -0.321444 0.940608 0.10923
    outer loop
      vertex -0.421204 8.42286 38.7566
      vertex -0.211322 8.1245 41.9435
      vertex 0.124488 8.60686 38.778
    endloop
  endfacet
  facet normal -0.321432 0.940612 0.10923
    outer loop
      vertex -0.211322 8.1245 41.9435
      vertex -0.421204 8.42286 38.7566
      vertex -0.421204 8.05373 41.9353
    endloop
  endfacet
  facet normal -0.1951 0.974236 0.113134
    outer loop
      vertex -0.421204 8.42286 38.7566
      vertex -1.20379 7.8991 41.9173
      vertex -0.421204 8.05373 41.9353
    endloop
  endfacet
  facet normal -0.195086 0.974239 0.113138
    outer loop
      vertex -1.20379 7.8991 41.9173
      vertex -0.421204 8.42286 38.7566
      vertex -1.20379 8.26823 38.7387
    endloop
  endfacet
  facet normal -0.0654199 0.991197 0.115107
    outer loop
      vertex -1.20379 8.26823 38.7387
      vertex -1.42496 7.8847 41.9156
      vertex -1.20379 7.8991 41.9173
    endloop
  endfacet
  facet normal -0.0654161 0.991197 0.115108
    outer loop
      vertex -1.42496 7.8847 41.9156
      vertex -1.20379 8.26823 38.7387
      vertex -1.77883 8.23079 38.7343
    endloop
  endfacet
  facet normal -0.89688 0.439321 0.0510181
    outer loop
      vertex 3.53763 11.3903 42.3227
      vertex 3.63566 11.9569 39.167
      vertex 3.38079 11.4435 39.1074
    endloop
  endfacet
  facet normal -0.896916 0.439249 0.0510041
    outer loop
      vertex 3.63566 11.9569 39.167
      vertex 3.53763 11.3903 42.3227
      vertex 3.63566 11.5878 42.3457
    endloop
  endfacet
  facet normal -0.980785 0.193788 0.0225044
    outer loop
      vertex 3.89215 12.7074 39.2542
      vertex 3.93539 12.5542 42.4579
      vertex 4.00457 13.2688 39.3194
    endloop
  endfacet
  facet normal -0.98078 0.193812 0.0225055
    outer loop
      vertex 3.93539 12.5542 42.4579
      vertex 3.89215 12.7074 39.2542
      vertex 3.89215 12.3383 42.4328
    endloop
  endfacet
  facet normal -0.980783 -0.193798 -0.0225031
    outer loop
      vertex 4.04781 15.0666 39.5282
      vertex 3.89215 15.4748 42.7971
      vertex 3.89215 15.8439 39.6184
    endloop
  endfacet
  facet normal -0.980789 -0.193771 -0.0225068
    outer loop
      vertex 3.89215 15.4748 42.7971
      vertex 4.04781 15.0666 39.5282
      vertex 4.04781 14.6974 42.7068
    endloop
  endfacet
  facet normal -0.321474 -0.940598 -0.109223
    outer loop
      vertex -0.421204 20.1285 40.116
      vertex 0.334369 19.5046 43.265
      vertex -0.421204 19.7594 43.2946
    endloop
  endfacet
  facet normal -0.321474 -0.940598 -0.109223
    outer loop
      vertex 0.334369 19.5046 43.265
      vertex -0.421204 20.1285 40.116
      vertex 0.334369 19.8737 40.0864
    endloop
  endfacet
  facet normal 0.321435 0.940611 0.109229
    outer loop
      vertex -3.5788 8.42286 38.7566
      vertex -3.78868 8.1245 41.9435
      vertex -3.5788 8.05373 41.9353
    endloop
  endfacet
  facet normal 0.321445 0.940607 0.10923
    outer loop
      vertex -3.78868 8.1245 41.9435
      vertex -3.5788 8.42286 38.7566
      vertex -4.12449 8.60686 38.778
    endloop
  endfacet
  facet normal 0.321445 0.940607 0.10923
    outer loop
      vertex -4.12449 8.60686 38.778
      vertex -4.33437 8.3085 41.9649
      vertex -3.78868 8.1245 41.9435
    endloop
  endfacet
  facet normal 0.321435 0.940611 0.109229
    outer loop
      vertex -4.33437 8.3085 41.9649
      vertex -4.12449 8.60686 38.778
      vertex -4.33437 8.67763 38.7862
    endloop
  endfacet
  facet normal 0.555569 0.82592 0.0959139
    outer loop
      vertex -5.05 8.65905 42.0056
      vertex -5.71344 9.46852 38.8781
      vertex -5.71344 9.09939 42.0567
    endloop
  endfacet
  facet normal 0.555579 0.825914 0.0959101
    outer loop
      vertex -5.71344 9.46852 38.8781
      vertex -5.05 8.65905 42.0056
      vertex -5.05 9.02818 38.8269
    endloop
  endfacet
  facet normal 0.831412 0.551948 0.0640924
    outer loop
      vertex -7.28275 10.8769 42.2631
      vertex -7.15962 11.063 39.0632
      vertex -7.28275 11.246 39.0845
    endloop
  endfacet
  facet normal 0.831489 0.551832 0.0640886
    outer loop
      vertex -7.15962 11.063 39.0632
      vertex -7.28275 10.8769 42.2631
      vertex -6.96259 10.4009 42.2079
    endloop
  endfacet
  facet normal 0.980798 0.193726 0.0225017
    outer loop
      vertex -8.04781 13.1156 42.5231
      vertex -8.00457 13.2688 39.3194
      vertex -8.04781 13.4848 39.3445
    endloop
  endfacet
  facet normal 0.980785 0.193788 0.0225044
    outer loop
      vertex -8.00457 13.2688 39.3194
      vertex -8.04781 13.1156 42.5231
      vertex -7.93539 12.5542 42.4579
    endloop
  endfacet
  facet normal 0.997859 0.0649669 0.00754497
    outer loop
      vertex -8.04781 13.1156 42.5231
      vertex -8.06231 13.7045 39.37
      vertex -8.0855 13.6868 42.5894
    endloop
  endfacet
  facet normal 0.997858 0.0649817 0.00754774
    outer loop
      vertex -8.06231 13.7045 39.37
      vertex -8.04781 13.1156 42.5231
      vertex -8.04781 13.4848 39.3445
    endloop
  endfacet
  facet normal -0.75179 -0.655002 -0.0760579
    outer loop
      vertex 2.45949 18.0256 43.0933
      vertex 2.31335 18.5602 39.9339
      vertex 2.69331 18.1299 39.8839
    endloop
  endfacet
  facet normal -0.75178 -0.655013 -0.0760603
    outer loop
      vertex 2.31335 18.5602 39.9339
      vertex 2.45949 18.0256 43.0933
      vertex 2.31335 18.1911 43.1125
    endloop
  endfacet
  facet normal -0.442319 -0.890872 -0.103448
    outer loop
      vertex 0.334369 19.8737 40.0864
      vertex 0.851213 19.2514 43.2356
      vertex 0.334369 19.5046 43.265
    endloop
  endfacet
  facet normal -0.442372 -0.890847 -0.103435
    outer loop
      vertex 0.851213 19.2514 43.2356
      vertex 0.334369 19.8737 40.0864
      vertex 0.533155 19.7763 40.0751
    endloop
  endfacet
  facet normal 0.442322 -0.89087 -0.103448
    outer loop
      vertex -4.85121 19.2514 43.2356
      vertex -4.33437 19.8737 40.0864
      vertex -4.33437 19.5046 43.265
    endloop
  endfacet
  facet normal 0.442383 -0.890842 -0.103433
    outer loop
      vertex -4.33437 19.8737 40.0864
      vertex -4.85121 19.2514 43.2356
      vertex -4.53315 19.7763 40.0751
    endloop
  endfacet
  facet normal 0.65935 -0.746818 -0.0867207
    outer loop
      vertex -6.31335 18.1911 43.1125
      vertex -5.71344 19.0828 39.9946
      vertex -5.71344 18.7137 43.1732
    endloop
  endfacet
  facet normal 0.65935 -0.746818 -0.0867207
    outer loop
      vertex -5.71344 19.0828 39.9946
      vertex -6.31335 18.1911 43.1125
      vertex -6.31335 18.5602 39.9339
    endloop
  endfacet
  facet normal 0.442365 -0.89085 -0.103436
    outer loop
      vertex -5.05 19.154 43.2243
      vertex -4.53315 19.7763 40.0751
      vertex -4.85121 19.2514 43.2356
    endloop
  endfacet
  facet normal 0.442176 -0.890938 -0.103484
    outer loop
      vertex -4.53315 19.7763 40.0751
      vertex -5.05 19.154 43.2243
      vertex -5.05 19.5232 40.0457
    endloop
  endfacet
  facet normal 0.555517 -0.825952 -0.0959358
    outer loop
      vertex -5.23429 19.0317 43.2101
      vertex -5.05 19.5232 40.0457
      vertex -5.05 19.154 43.2243
    endloop
  endfacet
  facet normal 0.555661 -0.825858 -0.0959129
    outer loop
      vertex -5.05 19.5232 40.0457
      vertex -5.23429 19.0317 43.2101
      vertex -5.52915 19.2051 40.0088
    endloop
  endfacet
  facet normal 0.321476 -0.940598 -0.109222
    outer loop
      vertex -4.33437 19.5046 43.265
      vertex -3.5788 20.1285 40.116
      vertex -3.5788 19.7594 43.2946
    endloop
  endfacet
  facet normal 0.321476 -0.940598 -0.109222
    outer loop
      vertex -3.5788 20.1285 40.116
      vertex -4.33437 19.5046 43.265
      vertex -4.33437 19.8737 40.0864
    endloop
  endfacet
  facet normal -0.555569 0.82592 0.0959139
    outer loop
      vertex 1.71344 9.46852 38.8781
      vertex 1.05 8.65905 42.0056
      vertex 1.71344 9.09939 42.0567
    endloop
  endfacet
  facet normal -0.555579 0.825914 0.0959101
    outer loop
      vertex 1.05 8.65905 42.0056
      vertex 1.71344 9.46852 38.8781
      vertex 1.05 9.02818 38.8269
    endloop
  endfacet
  facet normal -0.442283 0.890889 0.103455
    outer loop
      vertex 1.05 9.02818 38.8269
      vertex 0.334369 8.3085 41.9649
      vertex 1.05 8.65905 42.0056
    endloop
  endfacet
  facet normal -0.442283 0.890889 0.103455
    outer loop
      vertex 0.334369 8.3085 41.9649
      vertex 1.05 9.02818 38.8269
      vertex 0.334369 8.67763 38.7862
    endloop
  endfacet
  facet normal 0.195099 0.974237 0.113134
    outer loop
      vertex -2.79621 7.8991 41.9173
      vertex -3.5788 8.42286 38.7566
      vertex -3.5788 8.05373 41.9353
    endloop
  endfacet
  facet normal 0.195085 0.974239 0.113138
    outer loop
      vertex -3.5788 8.42286 38.7566
      vertex -2.79621 7.8991 41.9173
      vertex -2.79621 8.26823 38.7387
    endloop
  endfacet
  facet normal 0.831481 0.551843 0.0640916
    outer loop
      vertex -6.96259 10.4009 42.2079
      vertex -6.83945 10.587 39.008
      vertex -7.15962 11.063 39.0632
    endloop
  endfacet
  facet normal 0.831391 0.551979 0.064096
    outer loop
      vertex -6.83945 10.587 39.008
      vertex -6.96259 10.4009 42.2079
      vertex -6.83945 10.2179 42.1866
    endloop
  endfacet
  facet normal 0.659349 0.746818 0.0867301
    outer loop
      vertex -6.14671 9.47682 42.1005
      vertex -6.31335 9.99112 38.9388
      vertex -6.31335 9.62198 42.1174
    endloop
  endfacet
  facet normal 0.659361 0.746807 0.0867277
    outer loop
      vertex -6.31335 9.99112 38.9388
      vertex -6.14671 9.47682 42.1005
      vertex -5.88009 9.61369 38.8949
    endloop
  endfacet
  facet normal 0.75183 0.654956 0.0760537
    outer loop
      vertex -6.83945 10.2179 42.1866
      vertex -6.31335 9.99112 38.9388
      vertex -6.83945 10.587 39.008
    endloop
  endfacet
  facet normal 0.751852 0.65493 0.0760589
    outer loop
      vertex -6.31335 9.99112 38.9388
      vertex -6.83945 10.2179 42.1866
      vertex -6.31335 9.62198 42.1174
    endloop
  endfacet
  facet normal 0.997858 -0.0649817 -0.00754774
    outer loop
      vertex -8.06231 14.4777 42.6813
      vertex -8.04781 15.0666 39.5282
      vertex -8.04781 14.6974 42.7068
    endloop
  endfacet
  facet normal 0.997859 -0.0649656 -0.00754472
    outer loop
      vertex -8.04781 15.0666 39.5282
      vertex -8.06231 14.4777 42.6813
      vertex -8.0855 14.4954 39.4618
    endloop
  endfacet
  facet normal -0.65935 -0.746818 -0.0867207
    outer loop
      vertex 1.71344 19.0828 39.9946
      vertex 2.31335 18.1911 43.1125
      vertex 1.71344 18.7137 43.1732
    endloop
  endfacet
  facet normal -0.65935 -0.746818 -0.0867207
    outer loop
      vertex 2.31335 18.1911 43.1125
      vertex 1.71344 19.0828 39.9946
      vertex 2.31335 18.5602 39.9339
    endloop
  endfacet
  facet normal -0.44237 -0.890848 -0.103435
    outer loop
      vertex 0.533155 19.7763 40.0751
      vertex 1.05 19.154 43.2243
      vertex 0.851213 19.2514 43.2356
    endloop
  endfacet
  facet normal -0.44218 -0.890937 -0.103484
    outer loop
      vertex 1.05 19.154 43.2243
      vertex 0.533155 19.7763 40.0751
      vertex 1.05 19.5232 40.0457
    endloop
  endfacet
  facet normal -0.555517 -0.825952 -0.0959358
    outer loop
      vertex 1.05 19.5232 40.0457
      vertex 1.23429 19.0317 43.2101
      vertex 1.05 19.154 43.2243
    endloop
  endfacet
  facet normal -0.555661 -0.825858 -0.0959129
    outer loop
      vertex 1.23429 19.0317 43.2101
      vertex 1.05 19.5232 40.0457
      vertex 1.52915 19.2051 40.0088
    endloop
  endfacet
  facet normal 0.831391 -0.551979 -0.064096
    outer loop
      vertex -6.83945 17.5952 43.0433
      vertex -6.96259 17.7813 39.8434
      vertex -6.83945 17.9643 39.8647
    endloop
  endfacet
  facet normal 0.831487 -0.551834 -0.0640913
    outer loop
      vertex -6.96259 17.7813 39.8434
      vertex -6.83945 17.5952 43.0433
      vertex -7.15962 17.1192 42.988
    endloop
  endfacet
  facet normal 0.0654199 0.991197 0.115107
    outer loop
      vertex -2.57504 7.8847 41.9156
      vertex -2.79621 8.26823 38.7387
      vertex -2.79621 7.8991 41.9173
    endloop
  endfacet
  facet normal 0.0654161 0.991197 0.115108
    outer loop
      vertex -2.79621 8.26823 38.7387
      vertex -2.57504 7.8847 41.9156
      vertex -2.22117 8.23079 38.7343
    endloop
  endfacet
  facet normal 0.0653962 0.991198 0.115106
    outer loop
      vertex -2 7.84726 41.9113
      vertex -2.22117 8.23079 38.7343
      vertex -2.57504 7.8847 41.9156
    endloop
  endfacet
  facet normal 0.0653234 0.991202 0.115111
    outer loop
      vertex -2.22117 8.23079 38.7343
      vertex -2 7.84726 41.9113
      vertex -2 8.2164 38.7327
    endloop
  endfacet
  facet normal 0.997858 0.0649783 0.00754711
    outer loop
      vertex -8.0855 13.6868 42.5894
      vertex -8.1 14.2757 39.4363
      vertex -8.1 13.9065 42.615
    endloop
  endfacet
  facet normal 0.997859 0.0649669 0.00754497
    outer loop
      vertex -8.1 14.2757 39.4363
      vertex -8.0855 13.6868 42.5894
      vertex -8.06231 13.7045 39.37
    endloop
  endfacet
  facet normal -0.89697 0.439141 0.0509915
    outer loop
      vertex -72.7172 -50.7092 35.1112
      vertex -72.6192 -50.1426 31.9555
      vertex -72.7172 -50.3401 31.9325
    endloop
  endfacet
  facet normal -0.896929 0.439224 0.0510077
    outer loop
      vertex -72.6192 -50.1426 31.9555
      vertex -72.7172 -50.7092 35.1112
      vertex -72.4624 -50.1958 35.1708
    endloop
  endfacet
  facet normal -0.997858 -0.0649833 -0.00754769
    outer loop
      vertex -71.9 -47.3104 32.2844
      vertex -71.9522 -46.8887 35.5549
      vertex -71.9522 -46.5195 32.3762
    endloop
  endfacet
  facet normal -0.997858 -0.0649823 -0.00754781
    outer loop
      vertex -71.9522 -46.8887 35.5549
      vertex -71.9 -47.3104 32.2844
      vertex -71.9 -47.6796 35.463
    endloop
  endfacet
  facet normal 0.065332 -0.991203 -0.115101
    outer loop
      vertex -78.7962 -41.6721 36.1607
      vertex -78.575 -41.2886 32.9837
      vertex -78.2212 -41.6347 36.165
    endloop
  endfacet
  facet normal 0.065411 -0.991199 -0.115095
    outer loop
      vertex -78.575 -41.2886 32.9837
      vertex -78.7962 -41.6721 36.1607
      vertex -78.7962 -41.303 32.982
    endloop
  endfacet
  facet normal 0.195047 0.974248 0.11313
    outer loop
      vertex -78.7962 -53.687 34.7654
      vertex -79.5788 -53.1633 31.6047
      vertex -79.5788 -53.5324 34.7833
    endloop
  endfacet
  facet normal 0.195061 0.974245 0.113126
    outer loop
      vertex -79.5788 -53.1633 31.6047
      vertex -78.7962 -53.687 34.7654
      vertex -78.7962 -53.3179 31.5867
    endloop
  endfacet
  facet normal 0.980792 0.193754 0.0225063
    outer loop
      vertex -83.8922 -49.2478 35.2809
      vertex -83.9354 -48.6628 32.1273
      vertex -84.0046 -48.6864 35.3461
    endloop
  endfacet
  facet normal 0.980813 0.19365 0.0224867
    outer loop
      vertex -83.9354 -48.6628 32.1273
      vertex -83.8922 -49.2478 35.2809
      vertex -83.8922 -48.8787 32.1023
    endloop
  endfacet
  facet normal 0.946869 0.319474 0.0370974
    outer loop
      vertex -83.8922 -49.2478 35.2809
      vertex -83.8209 -49.0872 32.078
      vertex -83.8922 -48.8787 32.1023
    endloop
  endfacet
  facet normal 0.946907 0.31936 0.0370925
    outer loop
      vertex -83.8209 -49.0872 32.078
      vertex -83.8922 -49.2478 35.2809
      vertex -83.7069 -49.7899 35.2179
    endloop
  endfacet
  facet normal 0.94692 -0.319323 -0.0370799
    outer loop
      vertex -83.6357 -45.3608 35.7323
      vertex -83.8922 -45.7422 32.4665
      vertex -83.6357 -44.9917 32.5537
    endloop
  endfacet
  facet normal 0.94692 -0.319323 -0.0370799
    outer loop
      vertex -83.8922 -45.7422 32.4665
      vertex -83.6357 -45.3608 35.7323
      vertex -83.8922 -46.1113 35.6451
    endloop
  endfacet
  facet normal -0.831404 -0.551959 -0.0640937
    outer loop
      vertex -72.7172 -44.6499 35.8148
      vertex -72.8404 -44.0977 32.6575
      vertex -72.7172 -44.2808 32.6362
    endloop
  endfacet
  facet normal -0.83141 -0.551951 -0.0640919
    outer loop
      vertex -72.8404 -44.0977 32.6575
      vertex -72.7172 -44.6499 35.8148
      vertex -73.0374 -44.174 35.8701
    endloop
  endfacet
  facet normal -0.659294 -0.746867 -0.0867237
    outer loop
      vertex -74.2866 -42.5033 32.8426
      vertex -73.6866 -43.395 35.9606
      vertex -74.2866 -42.8724 36.0213
    endloop
  endfacet
  facet normal -0.659294 -0.746867 -0.0867237
    outer loop
      vertex -73.6866 -43.395 35.9606
      vertex -74.2866 -42.5033 32.8426
      vertex -73.6866 -43.0259 32.7819
    endloop
  endfacet
  facet normal -0.751916 0.654858 0.0760449
    outer loop
      vertex -73.6866 -51.595 31.7868
      vertex -73.5405 -51.7986 34.9847
      vertex -73.3067 -51.1646 31.8368
    endloop
  endfacet
  facet normal -0.751869 0.654912 0.0760462
    outer loop
      vertex -73.5405 -51.7986 34.9847
      vertex -73.6866 -51.595 31.7868
      vertex -73.6866 -51.9641 34.9655
    endloop
  endfacet
  facet normal -0.0653592 0.991202 0.115095
    outer loop
      vertex -77.425 -53.3323 31.5851
      vertex -77.2038 -53.687 34.7654
      vertex -77.2038 -53.3179 31.5867
    endloop
  endfacet
  facet normal -0.0655236 0.99119 0.115105
    outer loop
      vertex -77.2038 -53.687 34.7654
      vertex -77.425 -53.3323 31.5851
      vertex -77.7788 -53.7245 34.761
    endloop
  endfacet
  facet normal 0.32144 -0.940608 -0.109243
    outer loop
      vertex -79.7887 -41.5284 32.9558
      vertex -79.5788 -41.8268 36.1427
      vertex -80.1245 -42.0108 36.1213
    endloop
  endfacet
  facet normal 0.321574 -0.940561 -0.109248
    outer loop
      vertex -79.5788 -41.8268 36.1427
      vertex -79.7887 -41.5284 32.9558
      vertex -79.5788 -41.4576 32.9641
    endloop
  endfacet
  facet normal -0.321422 -0.940613 -0.109246
    outer loop
      vertex -75.6656 -41.7124 32.9345
      vertex -75.8755 -42.0108 36.1213
      vertex -76.2113 -41.5284 32.9558
    endloop
  endfacet
  facet normal -0.321126 -0.940715 -0.109236
    outer loop
      vertex -75.8755 -42.0108 36.1213
      vertex -75.6656 -41.7124 32.9345
      vertex -75.6656 -42.0815 36.1131
    endloop
  endfacet
  facet normal -0.065411 -0.991199 -0.115095
    outer loop
      vertex -78 -41.2512 32.988
      vertex -77.7788 -41.6347 36.165
      vertex -78 -41.6203 36.1667
    endloop
  endfacet
  facet normal -0.065332 -0.991203 -0.115101
    outer loop
      vertex -77.7788 -41.6347 36.165
      vertex -78 -41.2512 32.988
      vertex -77.425 -41.2886 32.9837
    endloop
  endfacet
  facet normal -0.94694 0.319265 0.0370701
    outer loop
      vertex -72.3643 -49.6292 32.0151
      vertex -72.2931 -49.7899 35.2179
      vertex -72.1791 -49.0872 32.078
    endloop
  endfacet
  facet normal -0.947001 0.319086 0.0370625
    outer loop
      vertex -72.2931 -49.7899 35.2179
      vertex -72.3643 -49.6292 32.0151
      vertex -72.3643 -49.9984 35.1937
    endloop
  endfacet
  facet normal 0.065411 -0.991199 -0.115095
    outer loop
      vertex -78.2212 -41.6347 36.165
      vertex -78 -41.2512 32.988
      vertex -78 -41.6203 36.1667
    endloop
  endfacet
  facet normal 0.065332 -0.991203 -0.115101
    outer loop
      vertex -78 -41.2512 32.988
      vertex -78.2212 -41.6347 36.165
      vertex -78.575 -41.2886 32.9837
    endloop
  endfacet
  facet normal 0.831462 0.551874 0.0640817
    outer loop
      vertex -83.2828 -50.7092 35.1112
      vertex -82.8395 -50.9991 31.856
      vertex -83.2828 -50.3401 31.9325
    endloop
  endfacet
  facet normal 0.831462 0.551874 0.0640817
    outer loop
      vertex -82.8395 -50.9991 31.856
      vertex -83.2828 -50.7092 35.1112
      vertex -82.8395 -51.3682 35.0347
    endloop
  endfacet
  facet normal 0.321126 -0.940715 -0.109236
    outer loop
      vertex -80.3344 -41.7124 32.9345
      vertex -80.1245 -42.0108 36.1213
      vertex -80.3344 -42.0815 36.1131
    endloop
  endfacet
  facet normal 0.321422 -0.940613 -0.109246
    outer loop
      vertex -80.1245 -42.0108 36.1213
      vertex -80.3344 -41.7124 32.9345
      vertex -79.7887 -41.5284 32.9558
    endloop
  endfacet
  facet normal -0.831484 -0.551839 -0.0640938
    outer loop
      vertex -73.0374 -44.174 35.8701
      vertex -73.1605 -43.6218 32.7127
      vertex -72.8404 -44.0977 32.6575
    endloop
  endfacet
  facet normal -0.831612 -0.55165 -0.0640557
    outer loop
      vertex -73.1605 -43.6218 32.7127
      vertex -73.0374 -44.174 35.8701
      vertex -73.1605 -43.9909 35.8914
    endloop
  endfacet
  facet normal -0.751841 -0.654944 -0.0760499
    outer loop
      vertex -73.1605 -43.6218 32.7127
      vertex -73.6866 -43.395 35.9606
      vertex -73.6866 -43.0259 32.7819
    endloop
  endfacet
  facet normal -0.751841 -0.654944 -0.0760499
    outer loop
      vertex -73.6866 -43.395 35.9606
      vertex -73.1605 -43.6218 32.7127
      vertex -73.1605 -43.9909 35.8914
    endloop
  endfacet
  facet normal -0.980815 -0.19364 -0.0224855
    outer loop
      vertex -72.0646 -45.9581 32.4414
      vertex -72.1078 -46.1113 35.6451
      vertex -72.1078 -45.7422 32.4665
    endloop
  endfacet
  facet normal -0.980792 -0.193756 -0.0224908
    outer loop
      vertex -72.1078 -46.1113 35.6451
      vertex -72.0646 -45.9581 32.4414
      vertex -71.9954 -46.6727 35.5799
    endloop
  endfacet
  facet normal -0.980792 -0.193756 -0.0224908
    outer loop
      vertex -71.9522 -46.5195 32.3762
      vertex -71.9954 -46.6727 35.5799
      vertex -72.0646 -45.9581 32.4414
    endloop
  endfacet
  facet normal -0.98083 -0.193564 -0.0224821
    outer loop
      vertex -71.9954 -46.6727 35.5799
      vertex -71.9522 -46.5195 32.3762
      vertex -71.9522 -46.8887 35.5549
    endloop
  endfacet
  facet normal -0.195181 -0.974222 -0.113123
    outer loop
      vertex -77.2038 -41.303 32.982
      vertex -76.4212 -41.8268 36.1427
      vertex -77.2038 -41.6721 36.1607
    endloop
  endfacet
  facet normal -0.195047 -0.974244 -0.11316
    outer loop
      vertex -76.4212 -41.8268 36.1427
      vertex -77.2038 -41.303 32.982
      vertex -76.4212 -41.4576 32.9641
    endloop
  endfacet
  facet normal -0.980798 0.193721 0.0225062
    outer loop
      vertex -71.9954 -48.6864 35.3461
      vertex -71.9522 -48.1013 32.1925
      vertex -72.0646 -48.6628 32.1273
    endloop
  endfacet
  facet normal -0.980815 0.193639 0.0224908
    outer loop
      vertex -71.9522 -48.1013 32.1925
      vertex -71.9954 -48.6864 35.3461
      vertex -71.9522 -48.4705 35.3712
    endloop
  endfacet
  facet normal -0.751645 0.655166 0.0760756
    outer loop
      vertex -73.3067 -51.1646 31.8368
      vertex -73.1605 -51.3682 35.0347
      vertex -73.1605 -50.9991 31.856
    endloop
  endfacet
  facet normal -0.75183 0.654954 0.0760706
    outer loop
      vertex -73.1605 -51.3682 35.0347
      vertex -73.3067 -51.1646 31.8368
      vertex -73.5405 -51.7986 34.9847
    endloop
  endfacet
  facet normal 0.659316 0.746848 0.0867215
    outer loop
      vertex -82.1467 -52.1093 34.9486
      vertex -82.3134 -51.595 31.7868
      vertex -82.3134 -51.9641 34.9655
    endloop
  endfacet
  facet normal 0.659286 0.746874 0.0867272
    outer loop
      vertex -82.3134 -51.595 31.7868
      vertex -82.1467 -52.1093 34.9486
      vertex -81.8801 -51.9724 31.743
    endloop
  endfacet
  facet normal 0.997858 0.0649817 0.00754774
    outer loop
      vertex -84.1 -47.6796 35.463
      vertex -84.0855 -47.5301 32.2589
      vertex -84.1 -47.3104 32.2844
    endloop
  endfacet
  facet normal 0.997858 0.0649839 0.00754784
    outer loop
      vertex -84.0855 -47.5301 32.2589
      vertex -84.1 -47.6796 35.463
      vertex -84.0623 -48.2508 35.3967
    endloop
  endfacet
  facet normal 0.980815 0.193639 0.0224908
    outer loop
      vertex -84.0046 -48.6864 35.3461
      vertex -84.0478 -48.1013 32.1925
      vertex -84.0478 -48.4705 35.3712
    endloop
  endfacet
  facet normal 0.980798 0.193721 0.0225062
    outer loop
      vertex -84.0478 -48.1013 32.1925
      vertex -84.0046 -48.6864 35.3461
      vertex -83.9354 -48.6628 32.1273
    endloop
  endfacet
  facet normal -0.065332 -0.991203 -0.115101
    outer loop
      vertex -77.425 -41.2886 32.9837
      vertex -77.2038 -41.6721 36.1607
      vertex -77.7788 -41.6347 36.165
    endloop
  endfacet
  facet normal -0.065411 -0.991199 -0.115095
    outer loop
      vertex -77.2038 -41.6721 36.1607
      vertex -77.425 -41.2886 32.9837
      vertex -77.2038 -41.303 32.982
    endloop
  endfacet
  facet normal -0.321574 -0.940561 -0.109248
    outer loop
      vertex -76.2113 -41.5284 32.9558
      vertex -76.4212 -41.8268 36.1427
      vertex -76.4212 -41.4576 32.9641
    endloop
  endfacet
  facet normal -0.32144 -0.940608 -0.109243
    outer loop
      vertex -76.4212 -41.8268 36.1427
      vertex -76.2113 -41.5284 32.9558
      vertex -75.8755 -42.0108 36.1213
    endloop
  endfacet
  facet normal -0.555558 -0.825928 -0.095907
    outer loop
      vertex -74.95 -42.063 32.8938
      vertex -74.2866 -42.8724 36.0213
      vertex -74.95 -42.4321 36.0724
    endloop
  endfacet
  facet normal -0.555568 -0.825922 -0.0959033
    outer loop
      vertex -74.2866 -42.8724 36.0213
      vertex -74.95 -42.063 32.8938
      vertex -74.2866 -42.5033 32.8426
    endloop
  endfacet
  facet normal -0.997858 0.0649826 0.00754754
    outer loop
      vertex -71.9522 -48.1013 32.1925
      vertex -71.9377 -48.2508 35.3967
      vertex -71.9145 -47.5301 32.2589
    endloop
  endfacet
  facet normal -0.997858 0.0649817 0.0075475
    outer loop
      vertex -71.9377 -48.2508 35.3967
      vertex -71.9522 -48.1013 32.1925
      vertex -71.9522 -48.4705 35.3712
    endloop
  endfacet
  facet normal -0.997858 0.0649817 0.00754774
    outer loop
      vertex -71.9145 -47.5301 32.2589
      vertex -71.9 -47.6796 35.463
      vertex -71.9 -47.3104 32.2844
    endloop
  endfacet
  facet normal -0.997858 0.0649839 0.00754784
    outer loop
      vertex -71.9 -47.6796 35.463
      vertex -71.9145 -47.5301 32.2589
      vertex -71.9377 -48.2508 35.3967
    endloop
  endfacet
  facet normal -0.441986 0.891031 0.103495
    outer loop
      vertex -74.95 -52.5579 31.675
      vertex -75.1488 -53.0244 34.8423
      vertex -74.95 -52.9271 34.8536
    endloop
  endfacet
  facet normal -0.44235 0.890857 0.103446
    outer loop
      vertex -75.1488 -53.0244 34.8423
      vertex -74.95 -52.5579 31.675
      vertex -75.4668 -52.8111 31.6456
    endloop
  endfacet
  facet normal -0.321464 0.940602 0.109223
    outer loop
      vertex -75.6656 -52.9085 31.6343
      vertex -76.4212 -53.5324 34.7833
      vertex -75.6656 -53.2776 34.8129
    endloop
  endfacet
  facet normal -0.321464 0.940602 0.109223
    outer loop
      vertex -76.4212 -53.5324 34.7833
      vertex -75.6656 -52.9085 31.6343
      vertex -76.4212 -53.1633 31.6047
    endloop
  endfacet
  facet normal -0.831462 0.551874 0.0640817
    outer loop
      vertex -73.1605 -50.9991 31.856
      vertex -72.7172 -50.7092 35.1112
      vertex -72.7172 -50.3401 31.9325
    endloop
  endfacet
  facet normal -0.831462 0.551874 0.0640817
    outer loop
      vertex -72.7172 -50.7092 35.1112
      vertex -73.1605 -50.9991 31.856
      vertex -73.1605 -51.3682 35.0347
    endloop
  endfacet
  facet normal -0.659316 0.746848 0.0867215
    outer loop
      vertex -73.6866 -51.595 31.7868
      vertex -73.8533 -52.1093 34.9486
      vertex -73.6866 -51.9641 34.9655
    endloop
  endfacet
  facet normal -0.659286 0.746874 0.0867272
    outer loop
      vertex -73.8533 -52.1093 34.9486
      vertex -73.6866 -51.595 31.7868
      vertex -74.1199 -51.9724 31.743
    endloop
  endfacet
  facet normal 0.44235 0.890857 0.103446
    outer loop
      vertex -80.3344 -53.2776 34.8129
      vertex -80.5332 -52.8111 31.6456
      vertex -80.8512 -53.0244 34.8423
    endloop
  endfacet
  facet normal 0.442347 0.890858 0.103447
    outer loop
      vertex -80.5332 -52.8111 31.6456
      vertex -80.3344 -53.2776 34.8129
      vertex -80.3344 -52.9085 31.6343
    endloop
  endfacet
  facet normal -0.065352 0.991199 0.115125
    outer loop
      vertex -78 -53.3697 31.5807
      vertex -77.7788 -53.7245 34.761
      vertex -77.425 -53.3323 31.5851
    endloop
  endfacet
  facet normal -0.0653592 0.991198 0.115126
    outer loop
      vertex -77.7788 -53.7245 34.761
      vertex -78 -53.3697 31.5807
      vertex -78 -53.7389 34.7594
    endloop
  endfacet
  facet normal 0.555654 0.825865 0.0958967
    outer loop
      vertex -81.05 -52.9271 34.8536
      vertex -81.7134 -52.1176 31.7261
      vertex -81.7134 -52.4867 34.9048
    endloop
  endfacet
  facet normal 0.555558 0.825925 0.0959327
    outer loop
      vertex -81.7134 -52.1176 31.7261
      vertex -81.05 -52.9271 34.8536
      vertex -81.05 -52.5579 31.675
    endloop
  endfacet
  facet normal 0.896929 0.439224 0.0510077
    outer loop
      vertex -83.2828 -50.7092 35.1112
      vertex -83.3808 -50.1426 31.9555
      vertex -83.5376 -50.1958 35.1708
    endloop
  endfacet
  facet normal 0.89697 0.439141 0.0509915
    outer loop
      vertex -83.3808 -50.1426 31.9555
      vertex -83.2828 -50.7092 35.1112
      vertex -83.2828 -50.3401 31.9325
    endloop
  endfacet
  facet normal 0.980815 -0.19364 -0.0224855
    outer loop
      vertex -83.8922 -46.1113 35.6451
      vertex -83.9354 -45.9581 32.4414
      vertex -83.8922 -45.7422 32.4665
    endloop
  endfacet
  facet normal 0.980792 -0.193756 -0.0224908
    outer loop
      vertex -83.9354 -45.9581 32.4414
      vertex -83.8922 -46.1113 35.6451
      vertex -84.0046 -46.6727 35.5799
    endloop
  endfacet
  facet normal -0.442349 -0.890857 -0.103447
    outer loop
      vertex -75.6656 -41.7124 32.9345
      vertex -74.95 -42.4321 36.0724
      vertex -75.6656 -42.0815 36.1131
    endloop
  endfacet
  facet normal -0.442349 -0.890857 -0.103447
    outer loop
      vertex -74.95 -42.4321 36.0724
      vertex -75.6656 -41.7124 32.9345
      vertex -74.95 -42.063 32.8938
    endloop
  endfacet
  facet normal 0.997858 0.0649826 0.00754754
    outer loop
      vertex -84.0623 -48.2508 35.3967
      vertex -84.0478 -48.1013 32.1925
      vertex -84.0855 -47.5301 32.2589
    endloop
  endfacet
  facet normal 0.997858 0.0649817 0.0075475
    outer loop
      vertex -84.0478 -48.1013 32.1925
      vertex -84.0623 -48.2508 35.3967
      vertex -84.0478 -48.4705 35.3712
    endloop
  endfacet
  facet normal 0.83141 -0.551951 -0.0640919
    outer loop
      vertex -83.2828 -44.6499 35.8148
      vertex -83.1596 -44.0977 32.6575
      vertex -82.9626 -44.174 35.8701
    endloop
  endfacet
  facet normal 0.831404 -0.551959 -0.0640937
    outer loop
      vertex -83.1596 -44.0977 32.6575
      vertex -83.2828 -44.6499 35.8148
      vertex -83.2828 -44.2808 32.6362
    endloop
  endfacet
  facet normal 0.195181 -0.974222 -0.113123
    outer loop
      vertex -79.5788 -41.8268 36.1427
      vertex -78.7962 -41.303 32.982
      vertex -78.7962 -41.6721 36.1607
    endloop
  endfacet
  facet normal 0.195047 -0.974244 -0.11316
    outer loop
      vertex -78.7962 -41.303 32.982
      vertex -79.5788 -41.8268 36.1427
      vertex -79.5788 -41.4576 32.9641
    endloop
  endfacet
  facet normal 0.442349 -0.890857 -0.103447
    outer loop
      vertex -81.05 -42.4321 36.0724
      vertex -80.3344 -41.7124 32.9345
      vertex -80.3344 -42.0815 36.1131
    endloop
  endfacet
  facet normal 0.442349 -0.890857 -0.103447
    outer loop
      vertex -80.3344 -41.7124 32.9345
      vertex -81.05 -42.4321 36.0724
      vertex -81.05 -42.063 32.8938
    endloop
  endfacet
  facet normal -0.896888 -0.439307 -0.0510124
    outer loop
      vertex -72.3643 -44.9917 32.5537
      vertex -72.7172 -44.6499 35.8148
      vertex -72.7172 -44.2808 32.6362
    endloop
  endfacet
  facet normal -0.896888 -0.439307 -0.0510124
    outer loop
      vertex -72.7172 -44.6499 35.8148
      vertex -72.3643 -44.9917 32.5537
      vertex -72.3643 -45.3608 35.7323
    endloop
  endfacet
  facet normal -0.89686 0.439364 0.0510067
    outer loop
      vertex -72.4624 -50.1958 35.1708
      vertex -72.3643 -49.6292 32.0151
      vertex -72.6192 -50.1426 31.9555
    endloop
  endfacet
  facet normal -0.896693 0.439696 0.0510715
    outer loop
      vertex -72.3643 -49.6292 32.0151
      vertex -72.4624 -50.1958 35.1708
      vertex -72.3643 -49.9984 35.1937
    endloop
  endfacet
  facet normal -0.195047 0.974248 0.11313
    outer loop
      vertex -76.4212 -53.1633 31.6047
      vertex -77.2038 -53.687 34.7654
      vertex -76.4212 -53.5324 34.7833
    endloop
  endfacet
  facet normal -0.195061 0.974245 0.113126
    outer loop
      vertex -77.2038 -53.687 34.7654
      vertex -76.4212 -53.1633 31.6047
      vertex -77.2038 -53.3179 31.5867
    endloop
  endfacet
  facet normal -0.44235 0.890857 0.103446
    outer loop
      vertex -75.4668 -52.8111 31.6456
      vertex -75.6656 -53.2776 34.8129
      vertex -75.1488 -53.0244 34.8423
    endloop
  endfacet
  facet normal -0.442347 0.890858 0.103447
    outer loop
      vertex -75.6656 -53.2776 34.8129
      vertex -75.4668 -52.8111 31.6456
      vertex -75.6656 -52.9085 31.6343
    endloop
  endfacet
  facet normal -0.946869 0.319474 0.0370974
    outer loop
      vertex -72.1791 -49.0872 32.078
      vertex -72.1078 -49.2478 35.2809
      vertex -72.1078 -48.8787 32.1023
    endloop
  endfacet
  facet normal -0.946907 0.31936 0.0370925
    outer loop
      vertex -72.1078 -49.2478 35.2809
      vertex -72.1791 -49.0872 32.078
      vertex -72.2931 -49.7899 35.2179
    endloop
  endfacet
  facet normal -0.659286 0.746874 0.0867272
    outer loop
      vertex -74.1199 -51.9724 31.743
      vertex -74.2866 -52.4867 34.9048
      vertex -73.8533 -52.1093 34.9486
    endloop
  endfacet
  facet normal -0.659316 0.746848 0.0867215
    outer loop
      vertex -74.2866 -52.4867 34.9048
      vertex -74.1199 -51.9724 31.743
      vertex -74.2866 -52.1176 31.7261
    endloop
  endfacet
  facet normal -0.555654 0.825865 0.0958967
    outer loop
      vertex -74.2866 -52.1176 31.7261
      vertex -74.95 -52.9271 34.8536
      vertex -74.2866 -52.4867 34.9048
    endloop
  endfacet
  facet normal -0.555558 0.825925 0.0959327
    outer loop
      vertex -74.95 -52.9271 34.8536
      vertex -74.2866 -52.1176 31.7261
      vertex -74.95 -52.5579 31.675
    endloop
  endfacet
  facet normal 0.0653592 0.991198 0.115126
    outer loop
      vertex -78 -53.3697 31.5807
      vertex -78.2212 -53.7245 34.761
      vertex -78 -53.7389 34.7594
    endloop
  endfacet
  facet normal 0.065352 0.991199 0.115125
    outer loop
      vertex -78.2212 -53.7245 34.761
      vertex -78 -53.3697 31.5807
      vertex -78.575 -53.3323 31.5851
    endloop
  endfacet
  facet normal 0.321464 0.940602 0.109223
    outer loop
      vertex -79.5788 -53.5324 34.7833
      vertex -80.3344 -52.9085 31.6343
      vertex -80.3344 -53.2776 34.8129
    endloop
  endfacet
  facet normal 0.321464 0.940602 0.109223
    outer loop
      vertex -80.3344 -52.9085 31.6343
      vertex -79.5788 -53.5324 34.7833
      vertex -79.5788 -53.1633 31.6047
    endloop
  endfacet
  facet normal 0.0655236 0.99119 0.115105
    outer loop
      vertex -78.575 -53.3323 31.5851
      vertex -78.7962 -53.687 34.7654
      vertex -78.2212 -53.7245 34.761
    endloop
  endfacet
  facet normal 0.0653592 0.991202 0.115095
    outer loop
      vertex -78.7962 -53.687 34.7654
      vertex -78.575 -53.3323 31.5851
      vertex -78.7962 -53.3179 31.5867
    endloop
  endfacet
  facet normal 0.441986 0.891031 0.103495
    outer loop
      vertex -80.8512 -53.0244 34.8423
      vertex -81.05 -52.5579 31.675
      vertex -81.05 -52.9271 34.8536
    endloop
  endfacet
  facet normal 0.44235 0.890857 0.103446
    outer loop
      vertex -81.05 -52.5579 31.675
      vertex -80.8512 -53.0244 34.8423
      vertex -80.5332 -52.8111 31.6456
    endloop
  endfacet
  facet normal 0.659286 0.746874 0.0867272
    outer loop
      vertex -81.7134 -52.4867 34.9048
      vertex -81.8801 -51.9724 31.743
      vertex -82.1467 -52.1093 34.9486
    endloop
  endfacet
  facet normal 0.659316 0.746848 0.0867215
    outer loop
      vertex -81.8801 -51.9724 31.743
      vertex -81.7134 -52.4867 34.9048
      vertex -81.7134 -52.1176 31.7261
    endloop
  endfacet
  facet normal 0.751916 0.654858 0.0760449
    outer loop
      vertex -82.4595 -51.7986 34.9847
      vertex -82.3134 -51.595 31.7868
      vertex -82.6933 -51.1646 31.8368
    endloop
  endfacet
  facet normal 0.751869 0.654912 0.0760462
    outer loop
      vertex -82.3134 -51.595 31.7868
      vertex -82.4595 -51.7986 34.9847
      vertex -82.3134 -51.9641 34.9655
    endloop
  endfacet
  facet normal 0.896693 0.439696 0.0510715
    outer loop
      vertex -83.5376 -50.1958 35.1708
      vertex -83.6357 -49.6292 32.0151
      vertex -83.6357 -49.9984 35.1937
    endloop
  endfacet
  facet normal 0.89686 0.439364 0.0510067
    outer loop
      vertex -83.6357 -49.6292 32.0151
      vertex -83.5376 -50.1958 35.1708
      vertex -83.3808 -50.1426 31.9555
    endloop
  endfacet
  facet normal 0.94694 0.319265 0.0370701
    outer loop
      vertex -83.7069 -49.7899 35.2179
      vertex -83.6357 -49.6292 32.0151
      vertex -83.8209 -49.0872 32.078
    endloop
  endfacet
  facet normal 0.947001 0.319086 0.0370625
    outer loop
      vertex -83.6357 -49.6292 32.0151
      vertex -83.7069 -49.7899 35.2179
      vertex -83.6357 -49.9984 35.1937
    endloop
  endfacet
  facet normal 0.997858 -0.0649833 -0.00754769
    outer loop
      vertex -84.0478 -46.8887 35.5549
      vertex -84.1 -47.3104 32.2844
      vertex -84.0478 -46.5195 32.3762
    endloop
  endfacet
  facet normal 0.997858 -0.0649823 -0.00754781
    outer loop
      vertex -84.1 -47.3104 32.2844
      vertex -84.0478 -46.8887 35.5549
      vertex -84.1 -47.6796 35.463
    endloop
  endfacet
  facet normal 0.980792 -0.193756 -0.0224908
    outer loop
      vertex -84.0046 -46.6727 35.5799
      vertex -84.0478 -46.5195 32.3762
      vertex -83.9354 -45.9581 32.4414
    endloop
  endfacet
  facet normal 0.98083 -0.193564 -0.0224821
    outer loop
      vertex -84.0478 -46.5195 32.3762
      vertex -84.0046 -46.6727 35.5799
      vertex -84.0478 -46.8887 35.5549
    endloop
  endfacet
  facet normal 0.751841 -0.654944 -0.0760499
    outer loop
      vertex -82.3134 -43.395 35.9606
      vertex -82.8395 -43.6218 32.7127
      vertex -82.3134 -43.0259 32.7819
    endloop
  endfacet
  facet normal 0.751841 -0.654944 -0.0760499
    outer loop
      vertex -82.8395 -43.6218 32.7127
      vertex -82.3134 -43.395 35.9606
      vertex -82.8395 -43.9909 35.8914
    endloop
  endfacet
  facet normal 0.896888 -0.439307 -0.0510124
    outer loop
      vertex -83.2828 -44.6499 35.8148
      vertex -83.6357 -44.9917 32.5537
      vertex -83.2828 -44.2808 32.6362
    endloop
  endfacet
  facet normal 0.896888 -0.439307 -0.0510124
    outer loop
      vertex -83.6357 -44.9917 32.5537
      vertex -83.2828 -44.6499 35.8148
      vertex -83.6357 -45.3608 35.7323
    endloop
  endfacet
  facet normal -0.94692 -0.319323 -0.0370799
    outer loop
      vertex -72.1078 -45.7422 32.4665
      vertex -72.3643 -45.3608 35.7323
      vertex -72.3643 -44.9917 32.5537
    endloop
  endfacet
  facet normal -0.94692 -0.319323 -0.0370799
    outer loop
      vertex -72.3643 -45.3608 35.7323
      vertex -72.1078 -45.7422 32.4665
      vertex -72.1078 -46.1113 35.6451
    endloop
  endfacet
  facet normal -0.980813 0.19365 0.0224867
    outer loop
      vertex -72.1078 -49.2478 35.2809
      vertex -72.0646 -48.6628 32.1273
      vertex -72.1078 -48.8787 32.1023
    endloop
  endfacet
  facet normal -0.980792 0.193754 0.0225063
    outer loop
      vertex -72.0646 -48.6628 32.1273
      vertex -72.1078 -49.2478 35.2809
      vertex -71.9954 -48.6864 35.3461
    endloop
  endfacet
  facet normal 0.751645 0.655166 0.0760756
    outer loop
      vertex -82.8395 -51.3682 35.0347
      vertex -82.6933 -51.1646 31.8368
      vertex -82.8395 -50.9991 31.856
    endloop
  endfacet
  facet normal 0.75183 0.654954 0.0760706
    outer loop
      vertex -82.6933 -51.1646 31.8368
      vertex -82.8395 -51.3682 35.0347
      vertex -82.4595 -51.7986 34.9847
    endloop
  endfacet
  facet normal 0.659294 -0.746867 -0.0867237
    outer loop
      vertex -82.3134 -43.395 35.9606
      vertex -81.7134 -42.5033 32.8426
      vertex -81.7134 -42.8724 36.0213
    endloop
  endfacet
  facet normal 0.659294 -0.746867 -0.0867237
    outer loop
      vertex -81.7134 -42.5033 32.8426
      vertex -82.3134 -43.395 35.9606
      vertex -82.3134 -43.0259 32.7819
    endloop
  endfacet
  facet normal 0.555558 -0.825928 -0.095907
    outer loop
      vertex -81.7134 -42.8724 36.0213
      vertex -81.05 -42.063 32.8938
      vertex -81.05 -42.4321 36.0724
    endloop
  endfacet
  facet normal 0.555568 -0.825922 -0.0959033
    outer loop
      vertex -81.05 -42.063 32.8938
      vertex -81.7134 -42.8724 36.0213
      vertex -81.7134 -42.5033 32.8426
    endloop
  endfacet
  facet normal 0.831612 -0.55165 -0.0640557
    outer loop
      vertex -82.9626 -44.174 35.8701
      vertex -82.8395 -43.6218 32.7127
      vertex -82.8395 -43.9909 35.8914
    endloop
  endfacet
  facet normal 0.831484 -0.551839 -0.0640938
    outer loop
      vertex -82.8395 -43.6218 32.7127
      vertex -82.9626 -44.174 35.8701
      vertex -83.1596 -44.0977 32.6575
    endloop
  endfacet
  facet normal -0.89686 0.439364 0.0510067
    outer loop
      vertex -34.4624 -50.1958 35.1708
      vertex -34.3643 -49.6292 32.0151
      vertex -34.6192 -50.1426 31.9555
    endloop
  endfacet
  facet normal -0.896693 0.439696 0.0510715
    outer loop
      vertex -34.3643 -49.6292 32.0151
      vertex -34.4624 -50.1958 35.1708
      vertex -34.3643 -49.9984 35.1937
    endloop
  endfacet
  facet normal -0.997858 -0.0649833 -0.00754769
    outer loop
      vertex -33.9 -47.3104 32.2844
      vertex -33.9522 -46.8887 35.5549
      vertex -33.9522 -46.5195 32.3762
    endloop
  endfacet
  facet normal -0.997858 -0.0649823 -0.00754781
    outer loop
      vertex -33.9522 -46.8887 35.5549
      vertex -33.9 -47.3104 32.2844
      vertex -33.9 -47.6796 35.463
    endloop
  endfacet
  facet normal 0.065332 -0.991203 -0.115101
    outer loop
      vertex -40.7962 -41.6721 36.1607
      vertex -40.575 -41.2886 32.9837
      vertex -40.2212 -41.6347 36.165
    endloop
  endfacet
  facet normal 0.065411 -0.991199 -0.115095
    outer loop
      vertex -40.575 -41.2886 32.9837
      vertex -40.7962 -41.6721 36.1607
      vertex -40.7962 -41.303 32.982
    endloop
  endfacet
  facet normal 0.980759 0.193922 0.0225069
    outer loop
      vertex -45.8921 -49.2478 35.2809
      vertex -45.9354 -48.6628 32.1273
      vertex -46.0046 -48.6864 35.3461
    endloop
  endfacet
  facet normal 0.980727 0.194081 0.0225367
    outer loop
      vertex -45.9354 -48.6628 32.1273
      vertex -45.8921 -49.2478 35.2809
      vertex -45.8921 -48.8787 32.1023
    endloop
  endfacet
  facet normal 0.947006 0.319072 0.0370507
    outer loop
      vertex -45.8921 -49.2478 35.2809
      vertex -45.8209 -49.0872 32.078
      vertex -45.8921 -48.8787 32.1023
    endloop
  endfacet
  facet normal 0.94696 0.319208 0.0370565
    outer loop
      vertex -45.8209 -49.0872 32.078
      vertex -45.8921 -49.2478 35.2809
      vertex -45.7069 -49.7899 35.2179
    endloop
  endfacet
  facet normal 0.980792 -0.193756 -0.0224908
    outer loop
      vertex -46.0046 -46.6727 35.5799
      vertex -46.0478 -46.5195 32.3762
      vertex -45.9354 -45.9581 32.4414
    endloop
  endfacet
  facet normal 0.98083 -0.193564 -0.0224821
    outer loop
      vertex -46.0478 -46.5195 32.3762
      vertex -46.0046 -46.6727 35.5799
      vertex -46.0478 -46.8887 35.5549
    endloop
  endfacet
  facet normal -0.831404 -0.551959 -0.0640937
    outer loop
      vertex -34.7172 -44.6499 35.8148
      vertex -34.8404 -44.0977 32.6575
      vertex -34.7172 -44.2808 32.6362
    endloop
  endfacet
  facet normal -0.83141 -0.551951 -0.0640919
    outer loop
      vertex -34.8404 -44.0977 32.6575
      vertex -34.7172 -44.6499 35.8148
      vertex -35.0374 -44.174 35.8701
    endloop
  endfacet
  facet normal -0.659294 -0.746867 -0.0867237
    outer loop
      vertex -36.2866 -42.5033 32.8426
      vertex -35.6866 -43.395 35.9606
      vertex -36.2866 -42.8724 36.0213
    endloop
  endfacet
  facet normal -0.659294 -0.746867 -0.0867237
    outer loop
      vertex -35.6866 -43.395 35.9606
      vertex -36.2866 -42.5033 32.8426
      vertex -35.6866 -43.0259 32.7819
    endloop
  endfacet
  facet normal -0.751916 0.654858 0.0760449
    outer loop
      vertex -35.6866 -51.595 31.7868
      vertex -35.5405 -51.7986 34.9847
      vertex -35.3067 -51.1646 31.8368
    endloop
  endfacet
  facet normal -0.751869 0.654912 0.0760462
    outer loop
      vertex -35.5405 -51.7986 34.9847
      vertex -35.6866 -51.595 31.7868
      vertex -35.6866 -51.9641 34.9655
    endloop
  endfacet
  facet normal -0.0653592 0.991202 0.115095
    outer loop
      vertex -39.425 -53.3323 31.5851
      vertex -39.2038 -53.687 34.7654
      vertex -39.2038 -53.3179 31.5867
    endloop
  endfacet
  facet normal -0.0655236 0.99119 0.115105
    outer loop
      vertex -39.2038 -53.687 34.7654
      vertex -39.425 -53.3323 31.5851
      vertex -39.7788 -53.7245 34.761
    endloop
  endfacet
  facet normal 0.32144 -0.940608 -0.109243
    outer loop
      vertex -41.7887 -41.5284 32.9558
      vertex -41.5788 -41.8268 36.1427
      vertex -42.1245 -42.0108 36.1213
    endloop
  endfacet
  facet normal 0.321574 -0.940561 -0.109248
    outer loop
      vertex -41.5788 -41.8268 36.1427
      vertex -41.7887 -41.5284 32.9558
      vertex -41.5788 -41.4576 32.9641
    endloop
  endfacet
  facet normal -0.321422 -0.940613 -0.109246
    outer loop
      vertex -37.6656 -41.7124 32.9345
      vertex -37.8755 -42.0108 36.1213
      vertex -38.2113 -41.5284 32.9558
    endloop
  endfacet
  facet normal -0.321126 -0.940715 -0.109236
    outer loop
      vertex -37.8755 -42.0108 36.1213
      vertex -37.6656 -41.7124 32.9345
      vertex -37.6656 -42.0815 36.1131
    endloop
  endfacet
  facet normal -0.065411 -0.991199 -0.115095
    outer loop
      vertex -40 -41.2512 32.988
      vertex -39.7788 -41.6347 36.165
      vertex -40 -41.6203 36.1667
    endloop
  endfacet
  facet normal -0.065332 -0.991203 -0.115101
    outer loop
      vertex -39.7788 -41.6347 36.165
      vertex -40 -41.2512 32.988
      vertex -39.425 -41.2886 32.9837
    endloop
  endfacet
  facet normal -0.659286 0.746874 0.0867272
    outer loop
      vertex -36.1199 -51.9724 31.743
      vertex -36.2866 -52.4867 34.9048
      vertex -35.8533 -52.1093 34.9486
    endloop
  endfacet
  facet normal -0.659316 0.746848 0.0867215
    outer loop
      vertex -36.2866 -52.4867 34.9048
      vertex -36.1199 -51.9724 31.743
      vertex -36.2866 -52.1176 31.7261
    endloop
  endfacet
  facet normal 0.94694 0.319265 0.0370701
    outer loop
      vertex -45.7069 -49.7899 35.2179
      vertex -45.6357 -49.6292 32.0151
      vertex -45.8209 -49.0872 32.078
    endloop
  endfacet
  facet normal 0.947001 0.319086 0.0370625
    outer loop
      vertex -45.6357 -49.6292 32.0151
      vertex -45.7069 -49.7899 35.2179
      vertex -45.6357 -49.9984 35.1937
    endloop
  endfacet
  facet normal -0.89697 0.439141 0.0509915
    outer loop
      vertex -34.7172 -50.7092 35.1112
      vertex -34.6192 -50.1426 31.9555
      vertex -34.7172 -50.3401 31.9325
    endloop
  endfacet
  facet normal -0.896929 0.439224 0.0510077
    outer loop
      vertex -34.6192 -50.1426 31.9555
      vertex -34.7172 -50.7092 35.1112
      vertex -34.4624 -50.1958 35.1708
    endloop
  endfacet
  facet normal -0.321464 0.940602 0.109223
    outer loop
      vertex -37.6656 -52.9085 31.6343
      vertex -38.4212 -53.5324 34.7833
      vertex -37.6656 -53.2776 34.8129
    endloop
  endfacet
  facet normal -0.321464 0.940602 0.109223
    outer loop
      vertex -38.4212 -53.5324 34.7833
      vertex -37.6656 -52.9085 31.6343
      vertex -38.4212 -53.1633 31.6047
    endloop
  endfacet
  facet normal 0.065411 -0.991199 -0.115095
    outer loop
      vertex -40.2212 -41.6347 36.165
      vertex -40 -41.2512 32.988
      vertex -40 -41.6203 36.1667
    endloop
  endfacet
  facet normal 0.065332 -0.991203 -0.115101
    outer loop
      vertex -40 -41.2512 32.988
      vertex -40.2212 -41.6347 36.165
      vertex -40.575 -41.2886 32.9837
    endloop
  endfacet
  facet normal 0.997858 -0.0649833 -0.00754769
    outer loop
      vertex -46.0478 -46.8887 35.5549
      vertex -46.1 -47.3104 32.2844
      vertex -46.0478 -46.5195 32.3762
    endloop
  endfacet
  facet normal 0.997858 -0.0649823 -0.00754781
    outer loop
      vertex -46.1 -47.3104 32.2844
      vertex -46.0478 -46.8887 35.5549
      vertex -46.1 -47.6796 35.463
    endloop
  endfacet
  facet normal 0.751645 0.655166 0.0760756
    outer loop
      vertex -44.8395 -51.3682 35.0347
      vertex -44.6933 -51.1646 31.8368
      vertex -44.8395 -50.9991 31.856
    endloop
  endfacet
  facet normal 0.75183 0.654954 0.0760706
    outer loop
      vertex -44.6933 -51.1646 31.8368
      vertex -44.8395 -51.3682 35.0347
      vertex -44.4595 -51.7986 34.9847
    endloop
  endfacet
  facet normal 0.321126 -0.940715 -0.109236
    outer loop
      vertex -42.3344 -41.7124 32.9345
      vertex -42.1245 -42.0108 36.1213
      vertex -42.3344 -42.0815 36.1131
    endloop
  endfacet
  facet normal 0.321422 -0.940613 -0.109246
    outer loop
      vertex -42.1245 -42.0108 36.1213
      vertex -42.3344 -41.7124 32.9345
      vertex -41.7887 -41.5284 32.9558
    endloop
  endfacet
  facet normal -0.831484 -0.551839 -0.0640938
    outer loop
      vertex -35.0374 -44.174 35.8701
      vertex -35.1605 -43.6218 32.7127
      vertex -34.8404 -44.0977 32.6575
    endloop
  endfacet
  facet normal -0.831612 -0.55165 -0.0640557
    outer loop
      vertex -35.1605 -43.6218 32.7127
      vertex -35.0374 -44.174 35.8701
      vertex -35.1605 -43.9909 35.8914
    endloop
  endfacet
  facet normal -0.751841 -0.654944 -0.0760499
    outer loop
      vertex -35.1605 -43.6218 32.7127
      vertex -35.6866 -43.395 35.9606
      vertex -35.6866 -43.0259 32.7819
    endloop
  endfacet
  facet normal -0.751841 -0.654944 -0.0760499
    outer loop
      vertex -35.6866 -43.395 35.9606
      vertex -35.1605 -43.6218 32.7127
      vertex -35.1605 -43.9909 35.8914
    endloop
  endfacet
  facet normal -0.980729 -0.194071 -0.0225356
    outer loop
      vertex -34.0646 -45.9581 32.4414
      vertex -34.1079 -46.1113 35.6451
      vertex -34.1079 -45.7422 32.4665
    endloop
  endfacet
  facet normal -0.980759 -0.19392 -0.0225287
    outer loop
      vertex -34.1079 -46.1113 35.6451
      vertex -34.0646 -45.9581 32.4414
      vertex -33.9954 -46.6727 35.5799
    endloop
  endfacet
  facet normal -0.980792 -0.193756 -0.0224908
    outer loop
      vertex -33.9522 -46.5195 32.3762
      vertex -33.9954 -46.6727 35.5799
      vertex -34.0646 -45.9581 32.4414
    endloop
  endfacet
  facet normal -0.98083 -0.193564 -0.0224821
    outer loop
      vertex -33.9954 -46.6727 35.5799
      vertex -33.9522 -46.5195 32.3762
      vertex -33.9522 -46.8887 35.5549
    endloop
  endfacet
  facet normal -0.195181 -0.974222 -0.113123
    outer loop
      vertex -39.2038 -41.303 32.982
      vertex -38.4212 -41.8268 36.1427
      vertex -39.2038 -41.6721 36.1607
    endloop
  endfacet
  facet normal -0.195047 -0.974244 -0.11316
    outer loop
      vertex -38.4212 -41.8268 36.1427
      vertex -39.2038 -41.303 32.982
      vertex -38.4212 -41.4576 32.9641
    endloop
  endfacet
  facet normal -0.980798 0.193721 0.0225062
    outer loop
      vertex -33.9954 -48.6864 35.3461
      vertex -33.9522 -48.1013 32.1925
      vertex -34.0646 -48.6628 32.1273
    endloop
  endfacet
  facet normal -0.980815 0.193639 0.0224908
    outer loop
      vertex -33.9522 -48.1013 32.1925
      vertex -33.9954 -48.6864 35.3461
      vertex -33.9522 -48.4705 35.3712
    endloop
  endfacet
  facet normal -0.751645 0.655166 0.0760756
    outer loop
      vertex -35.3067 -51.1646 31.8368
      vertex -35.1605 -51.3682 35.0347
      vertex -35.1605 -50.9991 31.856
    endloop
  endfacet
  facet normal -0.75183 0.654954 0.0760706
    outer loop
      vertex -35.1605 -51.3682 35.0347
      vertex -35.3067 -51.1646 31.8368
      vertex -35.5405 -51.7986 34.9847
    endloop
  endfacet
  facet normal 0.659316 0.746848 0.0867215
    outer loop
      vertex -44.1467 -52.1093 34.9486
      vertex -44.3134 -51.595 31.7868
      vertex -44.3134 -51.9641 34.9655
    endloop
  endfacet
  facet normal 0.659286 0.746874 0.0867272
    outer loop
      vertex -44.3134 -51.595 31.7868
      vertex -44.1467 -52.1093 34.9486
      vertex -43.8801 -51.9724 31.743
    endloop
  endfacet
  facet normal 0.659286 0.746874 0.0867272
    outer loop
      vertex -43.7134 -52.4867 34.9048
      vertex -43.8801 -51.9724 31.743
      vertex -44.1467 -52.1093 34.9486
    endloop
  endfacet
  facet normal 0.659316 0.746848 0.0867215
    outer loop
      vertex -43.8801 -51.9724 31.743
      vertex -43.7134 -52.4867 34.9048
      vertex -43.7134 -52.1176 31.7261
    endloop
  endfacet
  facet normal 0.997858 0.0649817 0.00754774
    outer loop
      vertex -46.1 -47.6796 35.463
      vertex -46.0855 -47.5301 32.2589
      vertex -46.1 -47.3104 32.2844
    endloop
  endfacet
  facet normal 0.997858 0.0649839 0.00754784
    outer loop
      vertex -46.0855 -47.5301 32.2589
      vertex -46.1 -47.6796 35.463
      vertex -46.0623 -48.2508 35.3967
    endloop
  endfacet
  facet normal 0.321464 0.940602 0.109223
    outer loop
      vertex -41.5788 -53.5324 34.7833
      vertex -42.3344 -52.9085 31.6343
      vertex -42.3344 -53.2776 34.8129
    endloop
  endfacet
  facet normal 0.321464 0.940602 0.109223
    outer loop
      vertex -42.3344 -52.9085 31.6343
      vertex -41.5788 -53.5324 34.7833
      vertex -41.5788 -53.1633 31.6047
    endloop
  endfacet
  facet normal 0.442349 -0.890857 -0.103447
    outer loop
      vertex -43.05 -42.4321 36.0724
      vertex -42.3344 -41.7124 32.9345
      vertex -42.3344 -42.0815 36.1131
    endloop
  endfacet
  facet normal 0.442349 -0.890857 -0.103447
    outer loop
      vertex -42.3344 -41.7124 32.9345
      vertex -43.05 -42.4321 36.0724
      vertex -43.05 -42.063 32.8938
    endloop
  endfacet
  facet normal 0.980815 0.193639 0.0224908
    outer loop
      vertex -46.0046 -48.6864 35.3461
      vertex -46.0478 -48.1013 32.1925
      vertex -46.0478 -48.4705 35.3712
    endloop
  endfacet
  facet normal 0.980798 0.193721 0.0225062
    outer loop
      vertex -46.0478 -48.1013 32.1925
      vertex -46.0046 -48.6864 35.3461
      vertex -45.9354 -48.6628 32.1273
    endloop
  endfacet
  facet normal -0.065332 -0.991203 -0.115101
    outer loop
      vertex -39.425 -41.2886 32.9837
      vertex -39.2038 -41.6721 36.1607
      vertex -39.7788 -41.6347 36.165
    endloop
  endfacet
  facet normal -0.065411 -0.991199 -0.115095
    outer loop
      vertex -39.2038 -41.6721 36.1607
      vertex -39.425 -41.2886 32.9837
      vertex -39.2038 -41.303 32.982
    endloop
  endfacet
  facet normal -0.321574 -0.940561 -0.109248
    outer loop
      vertex -38.2113 -41.5284 32.9558
      vertex -38.4212 -41.8268 36.1427
      vertex -38.4212 -41.4576 32.9641
    endloop
  endfacet
  facet normal -0.32144 -0.940608 -0.109243
    outer loop
      vertex -38.4212 -41.8268 36.1427
      vertex -38.2113 -41.5284 32.9558
      vertex -37.8755 -42.0108 36.1213
    endloop
  endfacet
  facet normal -0.555558 -0.825928 -0.095907
    outer loop
      vertex -36.95 -42.063 32.8938
      vertex -36.2866 -42.8724 36.0213
      vertex -36.95 -42.4321 36.0724
    endloop
  endfacet
  facet normal -0.555568 -0.825922 -0.0959033
    outer loop
      vertex -36.2866 -42.8724 36.0213
      vertex -36.95 -42.063 32.8938
      vertex -36.2866 -42.5033 32.8426
    endloop
  endfacet
  facet normal -0.997858 0.0649826 0.00754754
    outer loop
      vertex -33.9522 -48.1013 32.1925
      vertex -33.9377 -48.2508 35.3967
      vertex -33.9145 -47.5301 32.2589
    endloop
  endfacet
  facet normal -0.997858 0.0649817 0.0075475
    outer loop
      vertex -33.9377 -48.2508 35.3967
      vertex -33.9522 -48.1013 32.1925
      vertex -33.9522 -48.4705 35.3712
    endloop
  endfacet
  facet normal -0.997858 0.0649817 0.00754774
    outer loop
      vertex -33.9145 -47.5301 32.2589
      vertex -33.9 -47.6796 35.463
      vertex -33.9 -47.3104 32.2844
    endloop
  endfacet
  facet normal -0.997858 0.0649839 0.00754784
    outer loop
      vertex -33.9 -47.6796 35.463
      vertex -33.9145 -47.5301 32.2589
      vertex -33.9377 -48.2508 35.3967
    endloop
  endfacet
  facet normal -0.831462 0.551874 0.0640817
    outer loop
      vertex -35.1605 -50.9991 31.856
      vertex -34.7172 -50.7092 35.1112
      vertex -34.7172 -50.3401 31.9325
    endloop
  endfacet
  facet normal -0.831462 0.551874 0.0640817
    outer loop
      vertex -34.7172 -50.7092 35.1112
      vertex -35.1605 -50.9991 31.856
      vertex -35.1605 -51.3682 35.0347
    endloop
  endfacet
  facet normal -0.659316 0.746848 0.0867215
    outer loop
      vertex -35.6866 -51.595 31.7868
      vertex -35.8533 -52.1093 34.9486
      vertex -35.6866 -51.9641 34.9655
    endloop
  endfacet
  facet normal -0.659286 0.746874 0.0867272
    outer loop
      vertex -35.8533 -52.1093 34.9486
      vertex -35.6866 -51.595 31.7868
      vertex -36.1199 -51.9724 31.743
    endloop
  endfacet
  facet normal 0.555654 0.825865 0.0958967
    outer loop
      vertex -43.05 -52.9271 34.8536
      vertex -43.7134 -52.1176 31.7261
      vertex -43.7134 -52.4867 34.9048
    endloop
  endfacet
  facet normal 0.555558 0.825925 0.0959327
    outer loop
      vertex -43.7134 -52.1176 31.7261
      vertex -43.05 -52.9271 34.8536
      vertex -43.05 -52.5579 31.675
    endloop
  endfacet
  facet normal -0.065352 0.991199 0.115125
    outer loop
      vertex -40 -53.3697 31.5807
      vertex -39.7788 -53.7245 34.761
      vertex -39.425 -53.3323 31.5851
    endloop
  endfacet
  facet normal -0.0653592 0.991198 0.115126
    outer loop
      vertex -39.7788 -53.7245 34.761
      vertex -40 -53.3697 31.5807
      vertex -40 -53.7389 34.7594
    endloop
  endfacet
  facet normal 0.751916 0.654858 0.0760449
    outer loop
      vertex -44.4595 -51.7986 34.9847
      vertex -44.3134 -51.595 31.7868
      vertex -44.6933 -51.1646 31.8368
    endloop
  endfacet
  facet normal 0.751869 0.654912 0.0760462
    outer loop
      vertex -44.3134 -51.595 31.7868
      vertex -44.4595 -51.7986 34.9847
      vertex -44.3134 -51.9641 34.9655
    endloop
  endfacet
  facet normal 0.896929 0.439224 0.0510077
    outer loop
      vertex -45.2828 -50.7092 35.1112
      vertex -45.3808 -50.1426 31.9555
      vertex -45.5376 -50.1958 35.1708
    endloop
  endfacet
  facet normal 0.89697 0.439141 0.0509915
    outer loop
      vertex -45.3808 -50.1426 31.9555
      vertex -45.2828 -50.7092 35.1112
      vertex -45.2828 -50.3401 31.9325
    endloop
  endfacet
  facet normal 0.751841 -0.654944 -0.0760499
    outer loop
      vertex -44.3134 -43.395 35.9606
      vertex -44.8395 -43.6218 32.7127
      vertex -44.3134 -43.0259 32.7819
    endloop
  endfacet
  facet normal 0.751841 -0.654944 -0.0760499
    outer loop
      vertex -44.8395 -43.6218 32.7127
      vertex -44.3134 -43.395 35.9606
      vertex -44.8395 -43.9909 35.8914
    endloop
  endfacet
  facet normal 0.946958 -0.319211 -0.0370669
    outer loop
      vertex -45.6357 -45.3608 35.7323
      vertex -45.8921 -45.7422 32.4665
      vertex -45.6357 -44.9917 32.5537
    endloop
  endfacet
  facet normal 0.946958 -0.319211 -0.0370669
    outer loop
      vertex -45.8921 -45.7422 32.4665
      vertex -45.6357 -45.3608 35.7323
      vertex -45.8921 -46.1113 35.6451
    endloop
  endfacet
  facet normal 0.980729 -0.194071 -0.0225356
    outer loop
      vertex -45.8921 -46.1113 35.6451
      vertex -45.9354 -45.9581 32.4414
      vertex -45.8921 -45.7422 32.4665
    endloop
  endfacet
  facet normal 0.980759 -0.19392 -0.0225287
    outer loop
      vertex -45.9354 -45.9581 32.4414
      vertex -45.8921 -46.1113 35.6451
      vertex -46.0046 -46.6727 35.5799
    endloop
  endfacet
  facet normal -0.442349 -0.890857 -0.103447
    outer loop
      vertex -37.6656 -41.7124 32.9345
      vertex -36.95 -42.4321 36.0724
      vertex -37.6656 -42.0815 36.1131
    endloop
  endfacet
  facet normal -0.442349 -0.890857 -0.103447
    outer loop
      vertex -36.95 -42.4321 36.0724
      vertex -37.6656 -41.7124 32.9345
      vertex -36.95 -42.063 32.8938
    endloop
  endfacet
  facet normal 0.997858 0.0649826 0.00754754
    outer loop
      vertex -46.0623 -48.2508 35.3967
      vertex -46.0478 -48.1013 32.1925
      vertex -46.0855 -47.5301 32.2589
    endloop
  endfacet
  facet normal 0.997858 0.0649817 0.0075475
    outer loop
      vertex -46.0478 -48.1013 32.1925
      vertex -46.0623 -48.2508 35.3967
      vertex -46.0478 -48.4705 35.3712
    endloop
  endfacet
  facet normal 0.83141 -0.551951 -0.0640919
    outer loop
      vertex -45.2828 -44.6499 35.8148
      vertex -45.1596 -44.0977 32.6575
      vertex -44.9626 -44.174 35.8701
    endloop
  endfacet
  facet normal 0.831404 -0.551959 -0.0640937
    outer loop
      vertex -45.1596 -44.0977 32.6575
      vertex -45.2828 -44.6499 35.8148
      vertex -45.2828 -44.2808 32.6362
    endloop
  endfacet
  facet normal 0.195181 -0.974222 -0.113123
    outer loop
      vertex -41.5788 -41.8268 36.1427
      vertex -40.7962 -41.303 32.982
      vertex -40.7962 -41.6721 36.1607
    endloop
  endfacet
  facet normal 0.195047 -0.974244 -0.11316
    outer loop
      vertex -40.7962 -41.303 32.982
      vertex -41.5788 -41.8268 36.1427
      vertex -41.5788 -41.4576 32.9641
    endloop
  endfacet
  facet normal -0.896888 -0.439307 -0.0510124
    outer loop
      vertex -34.3643 -44.9917 32.5537
      vertex -34.7172 -44.6499 35.8148
      vertex -34.7172 -44.2808 32.6362
    endloop
  endfacet
  facet normal -0.896888 -0.439307 -0.0510124
    outer loop
      vertex -34.7172 -44.6499 35.8148
      vertex -34.3643 -44.9917 32.5537
      vertex -34.3643 -45.3608 35.7323
    endloop
  endfacet
  facet normal -0.94694 0.319265 0.0370701
    outer loop
      vertex -34.3643 -49.6292 32.0151
      vertex -34.2931 -49.7899 35.2179
      vertex -34.1791 -49.0872 32.078
    endloop
  endfacet
  facet normal -0.947001 0.319086 0.0370625
    outer loop
      vertex -34.2931 -49.7899 35.2179
      vertex -34.3643 -49.6292 32.0151
      vertex -34.3643 -49.9984 35.1937
    endloop
  endfacet
  facet normal -0.195047 0.974248 0.11313
    outer loop
      vertex -38.4212 -53.1633 31.6047
      vertex -39.2038 -53.687 34.7654
      vertex -38.4212 -53.5324 34.7833
    endloop
  endfacet
  facet normal -0.195061 0.974245 0.113126
    outer loop
      vertex -39.2038 -53.687 34.7654
      vertex -38.4212 -53.1633 31.6047
      vertex -39.2038 -53.3179 31.5867
    endloop
  endfacet
  facet normal -0.44235 0.890857 0.103446
    outer loop
      vertex -37.4668 -52.8111 31.6456
      vertex -37.6656 -53.2776 34.8129
      vertex -37.1488 -53.0244 34.8423
    endloop
  endfacet
  facet normal -0.442347 0.890858 0.103447
    outer loop
      vertex -37.6656 -53.2776 34.8129
      vertex -37.4668 -52.8111 31.6456
      vertex -37.6656 -52.9085 31.6343
    endloop
  endfacet
  facet normal -0.947006 0.319072 0.0370507
    outer loop
      vertex -34.1791 -49.0872 32.078
      vertex -34.1079 -49.2478 35.2809
      vertex -34.1079 -48.8787 32.1023
    endloop
  endfacet
  facet normal -0.94696 0.319208 0.0370565
    outer loop
      vertex -34.1079 -49.2478 35.2809
      vertex -34.1791 -49.0872 32.078
      vertex -34.2931 -49.7899 35.2179
    endloop
  endfacet
  facet normal -0.555654 0.825865 0.0958967
    outer loop
      vertex -36.2866 -52.1176 31.7261
      vertex -36.95 -52.9271 34.8536
      vertex -36.2866 -52.4867 34.9048
    endloop
  endfacet
  facet normal -0.555558 0.825925 0.0959327
    outer loop
      vertex -36.95 -52.9271 34.8536
      vertex -36.2866 -52.1176 31.7261
      vertex -36.95 -52.5579 31.675
    endloop
  endfacet
  facet normal -0.441986 0.891031 0.103495
    outer loop
      vertex -36.95 -52.5579 31.675
      vertex -37.1488 -53.0244 34.8423
      vertex -36.95 -52.9271 34.8536
    endloop
  endfacet
  facet normal -0.44235 0.890857 0.103446
    outer loop
      vertex -37.1488 -53.0244 34.8423
      vertex -36.95 -52.5579 31.675
      vertex -37.4668 -52.8111 31.6456
    endloop
  endfacet
  facet normal 0.0653592 0.991198 0.115126
    outer loop
      vertex -40 -53.3697 31.5807
      vertex -40.2212 -53.7245 34.761
      vertex -40 -53.7389 34.7594
    endloop
  endfacet
  facet normal 0.065352 0.991199 0.115125
    outer loop
      vertex -40.2212 -53.7245 34.761
      vertex -40 -53.3697 31.5807
      vertex -40.575 -53.3323 31.5851
    endloop
  endfacet
  facet normal 0.195047 0.974248 0.11313
    outer loop
      vertex -40.7962 -53.687 34.7654
      vertex -41.5788 -53.1633 31.6047
      vertex -41.5788 -53.5324 34.7833
    endloop
  endfacet
  facet normal 0.195061 0.974245 0.113126
    outer loop
      vertex -41.5788 -53.1633 31.6047
      vertex -40.7962 -53.687 34.7654
      vertex -40.7962 -53.3179 31.5867
    endloop
  endfacet
  facet normal 0.0655236 0.99119 0.115105
    outer loop
      vertex -40.575 -53.3323 31.5851
      vertex -40.7962 -53.687 34.7654
      vertex -40.2212 -53.7245 34.761
    endloop
  endfacet
  facet normal 0.0653592 0.991202 0.115095
    outer loop
      vertex -40.7962 -53.687 34.7654
      vertex -40.575 -53.3323 31.5851
      vertex -40.7962 -53.3179 31.5867
    endloop
  endfacet
  facet normal 0.44235 0.890857 0.103446
    outer loop
      vertex -42.3344 -53.2776 34.8129
      vertex -42.5332 -52.8111 31.6456
      vertex -42.8512 -53.0244 34.8423
    endloop
  endfacet
  facet normal 0.442347 0.890858 0.103447
    outer loop
      vertex -42.5332 -52.8111 31.6456
      vertex -42.3344 -53.2776 34.8129
      vertex -42.3344 -52.9085 31.6343
    endloop
  endfacet
  facet normal 0.896693 0.439696 0.0510715
    outer loop
      vertex -45.5376 -50.1958 35.1708
      vertex -45.6357 -49.6292 32.0151
      vertex -45.6357 -49.9984 35.1937
    endloop
  endfacet
  facet normal 0.89686 0.439364 0.0510067
    outer loop
      vertex -45.6357 -49.6292 32.0151
      vertex -45.5376 -50.1958 35.1708
      vertex -45.3808 -50.1426 31.9555
    endloop
  endfacet
  facet normal 0.831462 0.551874 0.0640817
    outer loop
      vertex -45.2828 -50.7092 35.1112
      vertex -44.8395 -50.9991 31.856
      vertex -45.2828 -50.3401 31.9325
    endloop
  endfacet
  facet normal 0.831462 0.551874 0.0640817
    outer loop
      vertex -44.8395 -50.9991 31.856
      vertex -45.2828 -50.7092 35.1112
      vertex -44.8395 -51.3682 35.0347
    endloop
  endfacet
  facet normal -0.946958 -0.319211 -0.0370669
    outer loop
      vertex -34.1079 -45.7422 32.4665
      vertex -34.3643 -45.3608 35.7323
      vertex -34.3643 -44.9917 32.5537
    endloop
  endfacet
  facet normal -0.946958 -0.319211 -0.0370669
    outer loop
      vertex -34.3643 -45.3608 35.7323
      vertex -34.1079 -45.7422 32.4665
      vertex -34.1079 -46.1113 35.6451
    endloop
  endfacet
  facet normal -0.980727 0.194081 0.0225367
    outer loop
      vertex -34.1079 -49.2478 35.2809
      vertex -34.0646 -48.6628 32.1273
      vertex -34.1079 -48.8787 32.1023
    endloop
  endfacet
  facet normal -0.980759 0.193922 0.0225069
    outer loop
      vertex -34.0646 -48.6628 32.1273
      vertex -34.1079 -49.2478 35.2809
      vertex -33.9954 -48.6864 35.3461
    endloop
  endfacet
  facet normal 0.441986 0.891031 0.103495
    outer loop
      vertex -42.8512 -53.0244 34.8423
      vertex -43.05 -52.5579 31.675
      vertex -43.05 -52.9271 34.8536
    endloop
  endfacet
  facet normal 0.44235 0.890857 0.103446
    outer loop
      vertex -43.05 -52.5579 31.675
      vertex -42.8512 -53.0244 34.8423
      vertex -42.5332 -52.8111 31.6456
    endloop
  endfacet
  facet normal 0.659294 -0.746867 -0.0867237
    outer loop
      vertex -44.3134 -43.395 35.9606
      vertex -43.7134 -42.5033 32.8426
      vertex -43.7134 -42.8724 36.0213
    endloop
  endfacet
  facet normal 0.659294 -0.746867 -0.0867237
    outer loop
      vertex -43.7134 -42.5033 32.8426
      vertex -44.3134 -43.395 35.9606
      vertex -44.3134 -43.0259 32.7819
    endloop
  endfacet
  facet normal 0.896888 -0.439307 -0.0510124
    outer loop
      vertex -45.2828 -44.6499 35.8148
      vertex -45.6357 -44.9917 32.5537
      vertex -45.2828 -44.2808 32.6362
    endloop
  endfacet
  facet normal 0.896888 -0.439307 -0.0510124
    outer loop
      vertex -45.6357 -44.9917 32.5537
      vertex -45.2828 -44.6499 35.8148
      vertex -45.6357 -45.3608 35.7323
    endloop
  endfacet
  facet normal 0.555558 -0.825928 -0.095907
    outer loop
      vertex -43.7134 -42.8724 36.0213
      vertex -43.05 -42.063 32.8938
      vertex -43.05 -42.4321 36.0724
    endloop
  endfacet
  facet normal 0.555568 -0.825922 -0.0959033
    outer loop
      vertex -43.05 -42.063 32.8938
      vertex -43.7134 -42.8724 36.0213
      vertex -43.7134 -42.5033 32.8426
    endloop
  endfacet
  facet normal 0.831612 -0.55165 -0.0640557
    outer loop
      vertex -44.9626 -44.174 35.8701
      vertex -44.8395 -43.6218 32.7127
      vertex -44.8395 -43.9909 35.8914
    endloop
  endfacet
  facet normal 0.831484 -0.551839 -0.0640938
    outer loop
      vertex -44.8395 -43.6218 32.7127
      vertex -44.9626 -44.174 35.8701
      vertex -45.1596 -44.0977 32.6575
    endloop
  endfacet
  facet normal -0.896899 0.439285 0.0510083
    outer loop
      vertex 3.28275 -50.7092 35.1112
      vertex 3.38079 -50.1426 31.9555
      vertex 3.28275 -50.3401 31.9325
    endloop
  endfacet
  facet normal -0.896874 0.439335 0.051018
    outer loop
      vertex 3.38079 -50.1426 31.9555
      vertex 3.28275 -50.7092 35.1112
      vertex 3.53763 -50.1958 35.1708
    endloop
  endfacet
  facet normal -0.997859 -0.0649709 -0.00754625
    outer loop
      vertex 4.1 -47.3104 32.2844
      vertex 4.04781 -46.8887 35.5549
      vertex 4.04781 -46.5195 32.3762
    endloop
  endfacet
  facet normal -0.997859 -0.0649699 -0.00754637
    outer loop
      vertex 4.04781 -46.8887 35.5549
      vertex 4.1 -47.3104 32.2844
      vertex 4.1 -47.6796 35.463
    endloop
  endfacet
  facet normal 0.0653275 -0.991203 -0.115102
    outer loop
      vertex -2.79621 -41.6721 36.1607
      vertex -2.57504 -41.2886 32.9837
      vertex -2.22117 -41.6347 36.165
    endloop
  endfacet
  facet normal 0.0654199 -0.991198 -0.115095
    outer loop
      vertex -2.57504 -41.2886 32.9837
      vertex -2.79621 -41.6721 36.1607
      vertex -2.79621 -41.303 32.982
    endloop
  endfacet
  facet normal 0.195049 0.974247 0.11313
    outer loop
      vertex -2.79621 -53.687 34.7654
      vertex -3.5788 -53.1633 31.6047
      vertex -3.5788 -53.5324 34.7833
    endloop
  endfacet
  facet normal 0.195063 0.974245 0.113126
    outer loop
      vertex -3.5788 -53.1633 31.6047
      vertex -2.79621 -53.687 34.7654
      vertex -2.79621 -53.3179 31.5867
    endloop
  endfacet
  facet normal 0.980785 0.193788 0.0225004
    outer loop
      vertex -7.89215 -49.2478 35.2809
      vertex -7.93539 -48.6628 32.1273
      vertex -8.00457 -48.6864 35.3461
    endloop
  endfacet
  facet normal 0.980778 0.193822 0.0225067
    outer loop
      vertex -7.93539 -48.6628 32.1273
      vertex -7.89215 -49.2478 35.2809
      vertex -7.89215 -48.8787 32.1023
    endloop
  endfacet
  facet normal 0.946937 0.319273 0.0370741
    outer loop
      vertex -7.89215 -49.2478 35.2809
      vertex -7.8209 -49.0872 32.078
      vertex -7.89215 -48.8787 32.1023
    endloop
  endfacet
  facet normal 0.946939 0.319268 0.0370739
    outer loop
      vertex -7.8209 -49.0872 32.078
      vertex -7.89215 -49.2478 35.2809
      vertex -7.70691 -49.7899 35.2179
    endloop
  endfacet
  facet normal 0.946924 -0.319312 -0.0370786
    outer loop
      vertex -7.63566 -45.3608 35.7323
      vertex -7.89215 -45.7422 32.4665
      vertex -7.63566 -44.9917 32.5537
    endloop
  endfacet
  facet normal 0.946924 -0.319312 -0.0370786
    outer loop
      vertex -7.89215 -45.7422 32.4665
      vertex -7.63566 -45.3608 35.7323
      vertex -7.89215 -46.1113 35.6451
    endloop
  endfacet
  facet normal -0.83155 -0.551743 -0.0640685
    outer loop
      vertex 3.28275 -44.6499 35.8148
      vertex 3.15962 -44.0977 32.6575
      vertex 3.28275 -44.2808 32.6362
    endloop
  endfacet
  facet normal -0.831442 -0.551901 -0.0641005
    outer loop
      vertex 3.15962 -44.0977 32.6575
      vertex 3.28275 -44.6499 35.8148
      vertex 2.96259 -44.174 35.8701
    endloop
  endfacet
  facet normal -0.65935 -0.746818 -0.086718
    outer loop
      vertex 1.71344 -42.5033 32.8426
      vertex 2.31335 -43.395 35.9606
      vertex 1.71344 -42.8724 36.0213
    endloop
  endfacet
  facet normal -0.65935 -0.746818 -0.086718
    outer loop
      vertex 2.31335 -43.395 35.9606
      vertex 1.71344 -42.5033 32.8426
      vertex 2.31335 -43.0259 32.7819
    endloop
  endfacet
  facet normal -0.751865 0.654916 0.0760557
    outer loop
      vertex 2.31335 -51.595 31.7868
      vertex 2.45949 -51.7986 34.9847
      vertex 2.69331 -51.1646 31.8368
    endloop
  endfacet
  facet normal -0.75178 0.655014 0.076058
    outer loop
      vertex 2.45949 -51.7986 34.9847
      vertex 2.31335 -51.595 31.7868
      vertex 2.31335 -51.9641 34.9655
    endloop
  endfacet
  facet normal -0.0653681 0.991201 0.115095
    outer loop
      vertex -1.42496 -53.3323 31.5851
      vertex -1.20379 -53.687 34.7654
      vertex -1.20379 -53.3179 31.5867
    endloop
  endfacet
  facet normal -0.0655191 0.99119 0.115104
    outer loop
      vertex -1.20379 -53.687 34.7654
      vertex -1.42496 -53.3323 31.5851
      vertex -1.77883 -53.7245 34.761
    endloop
  endfacet
  facet normal 0.321445 -0.940606 -0.109241
    outer loop
      vertex -3.78868 -41.5284 32.9558
      vertex -3.5788 -41.8268 36.1427
      vertex -4.12449 -42.0108 36.1213
    endloop
  endfacet
  facet normal 0.321602 -0.940552 -0.109247
    outer loop
      vertex -3.5788 -41.8268 36.1427
      vertex -3.78868 -41.5284 32.9558
      vertex -3.5788 -41.4576 32.9641
    endloop
  endfacet
  facet normal -0.0654199 -0.991198 -0.115095
    outer loop
      vertex -2 -41.2512 32.988
      vertex -1.77883 -41.6347 36.165
      vertex -2 -41.6203 36.1667
    endloop
  endfacet
  facet normal -0.0653275 -0.991203 -0.115102
    outer loop
      vertex -1.77883 -41.6347 36.165
      vertex -2 -41.2512 32.988
      vertex -1.42496 -41.2886 32.9837
    endloop
  endfacet
  facet normal -0.321426 -0.940612 -0.109244
    outer loop
      vertex 0.334369 -41.7124 32.9345
      vertex 0.124488 -42.0108 36.1213
      vertex -0.211322 -41.5284 32.9558
    endloop
  endfacet
  facet normal -0.321152 -0.940707 -0.109235
    outer loop
      vertex 0.124488 -42.0108 36.1213
      vertex 0.334369 -41.7124 32.9345
      vertex 0.334369 -42.0815 36.1131
    endloop
  endfacet
  facet normal -0.946919 0.319326 0.0370874
    outer loop
      vertex 3.63566 -49.6292 32.0151
      vertex 3.70691 -49.7899 35.2179
      vertex 3.8209 -49.0872 32.078
    endloop
  endfacet
  facet normal -0.946932 0.319287 0.0370858
    outer loop
      vertex 3.70691 -49.7899 35.2179
      vertex 3.63566 -49.6292 32.0151
      vertex 3.63566 -49.9984 35.1937
    endloop
  endfacet
  facet normal 0.0654199 -0.991198 -0.115095
    outer loop
      vertex -2.22117 -41.6347 36.165
      vertex -2 -41.2512 32.988
      vertex -2 -41.6203 36.1667
    endloop
  endfacet
  facet normal 0.0653275 -0.991203 -0.115102
    outer loop
      vertex -2 -41.2512 32.988
      vertex -2.22117 -41.6347 36.165
      vertex -2.57504 -41.2886 32.9837
    endloop
  endfacet
  facet normal 0.831462 0.551874 0.0640817
    outer loop
      vertex -7.28275 -50.7092 35.1112
      vertex -6.83945 -50.9991 31.856
      vertex -7.28275 -50.3401 31.9325
    endloop
  endfacet
  facet normal 0.831462 0.551874 0.0640817
    outer loop
      vertex -6.83945 -50.9991 31.856
      vertex -7.28275 -50.7092 35.1112
      vertex -6.83945 -51.3682 35.0347
    endloop
  endfacet
  facet normal 0.321153 -0.940706 -0.109235
    outer loop
      vertex -4.33437 -41.7124 32.9345
      vertex -4.12449 -42.0108 36.1213
      vertex -4.33437 -42.0815 36.1131
    endloop
  endfacet
  facet normal 0.321427 -0.940612 -0.109244
    outer loop
      vertex -4.12449 -42.0108 36.1213
      vertex -4.33437 -41.7124 32.9345
      vertex -3.78868 -41.5284 32.9558
    endloop
  endfacet
  facet normal -0.831428 -0.551923 -0.0641001
    outer loop
      vertex 2.96259 -44.174 35.8701
      vertex 2.83945 -43.6218 32.7127
      vertex 3.15962 -44.0977 32.6575
    endloop
  endfacet
  facet normal -0.831529 -0.551774 -0.0640701
    outer loop
      vertex 2.83945 -43.6218 32.7127
      vertex 2.96259 -44.174 35.8701
      vertex 2.83945 -43.9909 35.8914
    endloop
  endfacet
  facet normal -0.751841 -0.654944 -0.0760499
    outer loop
      vertex 2.83945 -43.6218 32.7127
      vertex 2.31335 -43.395 35.9606
      vertex 2.31335 -43.0259 32.7819
    endloop
  endfacet
  facet normal -0.751841 -0.654944 -0.0760499
    outer loop
      vertex 2.31335 -43.395 35.9606
      vertex 2.83945 -43.6218 32.7127
      vertex 2.83945 -43.9909 35.8914
    endloop
  endfacet
  facet normal -0.98078 -0.193812 -0.0225055
    outer loop
      vertex 3.93539 -45.9581 32.4414
      vertex 3.89215 -46.1113 35.6451
      vertex 3.89215 -45.7422 32.4665
    endloop
  endfacet
  facet normal -0.980785 -0.193788 -0.0225044
    outer loop
      vertex 3.89215 -46.1113 35.6451
      vertex 3.93539 -45.9581 32.4414
      vertex 4.00457 -46.6727 35.5799
    endloop
  endfacet
  facet normal -0.980785 -0.193788 -0.0225044
    outer loop
      vertex 4.04781 -46.5195 32.3762
      vertex 4.00457 -46.6727 35.5799
      vertex 3.93539 -45.9581 32.4414
    endloop
  endfacet
  facet normal -0.980796 -0.193736 -0.0225021
    outer loop
      vertex 4.00457 -46.6727 35.5799
      vertex 4.04781 -46.5195 32.3762
      vertex 4.04781 -46.8887 35.5549
    endloop
  endfacet
  facet normal -0.321599 -0.940553 -0.109247
    outer loop
      vertex -0.211322 -41.5284 32.9558
      vertex -0.421204 -41.8268 36.1427
      vertex -0.421204 -41.4576 32.9641
    endloop
  endfacet
  facet normal -0.321444 -0.940606 -0.109242
    outer loop
      vertex -0.421204 -41.8268 36.1427
      vertex -0.211322 -41.5284 32.9558
      vertex 0.124488 -42.0108 36.1213
    endloop
  endfacet
  facet normal -0.980792 0.193755 0.0225002
    outer loop
      vertex 4.00457 -48.6864 35.3461
      vertex 4.04781 -48.1013 32.1925
      vertex 3.93539 -48.6628 32.1273
    endloop
  endfacet
  facet normal -0.98078 0.193812 0.0225109
    outer loop
      vertex 4.04781 -48.1013 32.1925
      vertex 4.00457 -48.6864 35.3461
      vertex 4.04781 -48.4705 35.3712
    endloop
  endfacet
  facet normal -0.75178 0.655014 0.076058
    outer loop
      vertex 2.69331 -51.1646 31.8368
      vertex 2.83945 -51.3682 35.0347
      vertex 2.83945 -50.9991 31.856
    endloop
  endfacet
  facet normal -0.751865 0.654916 0.0760557
    outer loop
      vertex 2.83945 -51.3682 35.0347
      vertex 2.69331 -51.1646 31.8368
      vertex 2.45949 -51.7986 34.9847
    endloop
  endfacet
  facet normal 0.65945 0.746731 0.0867079
    outer loop
      vertex -6.14671 -52.1093 34.9486
      vertex -6.31335 -51.595 31.7868
      vertex -6.31335 -51.9641 34.9655
    endloop
  endfacet
  facet normal 0.659321 0.746842 0.0867328
    outer loop
      vertex -6.31335 -51.595 31.7868
      vertex -6.14671 -52.1093 34.9486
      vertex -5.88009 -51.9724 31.743
    endloop
  endfacet
  facet normal 0.997858 0.0649817 0.00754774
    outer loop
      vertex -8.1 -47.6796 35.463
      vertex -8.0855 -47.5301 32.2589
      vertex -8.1 -47.3104 32.2844
    endloop
  endfacet
  facet normal 0.997859 0.0649666 0.00754704
    outer loop
      vertex -8.0855 -47.5301 32.2589
      vertex -8.1 -47.6796 35.463
      vertex -8.06231 -48.2508 35.3967
    endloop
  endfacet
  facet normal 0.98078 0.193812 0.0225109
    outer loop
      vertex -8.00457 -48.6864 35.3461
      vertex -8.04781 -48.1013 32.1925
      vertex -8.04781 -48.4705 35.3712
    endloop
  endfacet
  facet normal 0.980792 0.193755 0.0225002
    outer loop
      vertex -8.04781 -48.1013 32.1925
      vertex -8.00457 -48.6864 35.3461
      vertex -7.93539 -48.6628 32.1273
    endloop
  endfacet
  facet normal -0.195184 -0.974221 -0.113123
    outer loop
      vertex -1.20379 -41.303 32.982
      vertex -0.421204 -41.8268 36.1427
      vertex -1.20379 -41.6721 36.1607
    endloop
  endfacet
  facet normal -0.19505 -0.974243 -0.11316
    outer loop
      vertex -0.421204 -41.8268 36.1427
      vertex -1.20379 -41.303 32.982
      vertex -0.421204 -41.4576 32.9641
    endloop
  endfacet
  facet normal -0.0653275 -0.991203 -0.115102
    outer loop
      vertex -1.42496 -41.2886 32.9837
      vertex -1.20379 -41.6721 36.1607
      vertex -1.77883 -41.6347 36.165
    endloop
  endfacet
  facet normal -0.0654199 -0.991198 -0.115095
    outer loop
      vertex -1.20379 -41.6721 36.1607
      vertex -1.42496 -41.2886 32.9837
      vertex -1.20379 -41.303 32.982
    endloop
  endfacet
  facet normal -0.555535 -0.825944 -0.0959088
    outer loop
      vertex 1.05 -42.063 32.8938
      vertex 1.71344 -42.8724 36.0213
      vertex 1.05 -42.4321 36.0724
    endloop
  endfacet
  facet normal -0.555545 -0.825937 -0.0959051
    outer loop
      vertex 1.71344 -42.8724 36.0213
      vertex 1.05 -42.063 32.8938
      vertex 1.71344 -42.5033 32.8426
    endloop
  endfacet
  facet normal -0.997859 0.0649653 0.00754674
    outer loop
      vertex 4.04781 -48.1013 32.1925
      vertex 4.06231 -48.2508 35.3967
      vertex 4.0855 -47.5301 32.2589
    endloop
  endfacet
  facet normal -0.997858 0.0649817 0.0075475
    outer loop
      vertex 4.06231 -48.2508 35.3967
      vertex 4.04781 -48.1013 32.1925
      vertex 4.04781 -48.4705 35.3712
    endloop
  endfacet
  facet normal -0.997858 0.0649817 0.00754774
    outer loop
      vertex 4.0855 -47.5301 32.2589
      vertex 4.1 -47.6796 35.463
      vertex 4.1 -47.3104 32.2844
    endloop
  endfacet
  facet normal -0.997859 0.0649666 0.00754704
    outer loop
      vertex 4.1 -47.6796 35.463
      vertex 4.0855 -47.5301 32.2589
      vertex 4.06231 -48.2508 35.3967
    endloop
  endfacet
  facet normal -0.442009 0.89102 0.103494
    outer loop
      vertex 1.05 -52.5579 31.675
      vertex 0.851213 -53.0244 34.8423
      vertex 1.05 -52.9271 34.8536
    endloop
  endfacet
  facet normal -0.442319 0.890871 0.103452
    outer loop
      vertex 0.851213 -53.0244 34.8423
      vertex 1.05 -52.5579 31.675
      vertex 0.533155 -52.8111 31.6456
    endloop
  endfacet
  facet normal -0.321474 0.940598 0.109223
    outer loop
      vertex 0.334369 -52.9085 31.6343
      vertex -0.421204 -53.5324 34.7833
      vertex 0.334369 -53.2776 34.8129
    endloop
  endfacet
  facet normal -0.321474 0.940598 0.109223
    outer loop
      vertex -0.421204 -53.5324 34.7833
      vertex 0.334369 -52.9085 31.6343
      vertex -0.421204 -53.1633 31.6047
    endloop
  endfacet
  facet normal -0.831462 0.551874 0.0640817
    outer loop
      vertex 2.83945 -50.9991 31.856
      vertex 3.28275 -50.7092 35.1112
      vertex 3.28275 -50.3401 31.9325
    endloop
  endfacet
  facet normal -0.831462 0.551874 0.0640817
    outer loop
      vertex 3.28275 -50.7092 35.1112
      vertex 2.83945 -50.9991 31.856
      vertex 2.83945 -51.3682 35.0347
    endloop
  endfacet
  facet normal -0.65945 0.746731 0.0867079
    outer loop
      vertex 2.31335 -51.595 31.7868
      vertex 2.14671 -52.1093 34.9486
      vertex 2.31335 -51.9641 34.9655
    endloop
  endfacet
  facet normal -0.659321 0.746842 0.0867328
    outer loop
      vertex 2.14671 -52.1093 34.9486
      vertex 2.31335 -51.595 31.7868
      vertex 1.88009 -51.9724 31.743
    endloop
  endfacet
  facet normal 0.442322 0.89087 0.103453
    outer loop
      vertex -4.33437 -53.2776 34.8129
      vertex -4.53315 -52.8111 31.6456
      vertex -4.85121 -53.0244 34.8423
    endloop
  endfacet
  facet normal 0.442383 0.890841 0.103445
    outer loop
      vertex -4.53315 -52.8111 31.6456
      vertex -4.33437 -53.2776 34.8129
      vertex -4.33437 -52.9085 31.6343
    endloop
  endfacet
  facet normal -0.0653475 0.991199 0.115124
    outer loop
      vertex -2 -53.3697 31.5807
      vertex -1.77883 -53.7245 34.761
      vertex -1.42496 -53.3323 31.5851
    endloop
  endfacet
  facet normal -0.065368 0.991198 0.115126
    outer loop
      vertex -1.77883 -53.7245 34.761
      vertex -2 -53.3697 31.5807
      vertex -2 -53.7389 34.7594
    endloop
  endfacet
  facet normal 0.555631 0.82588 0.0958984
    outer loop
      vertex -5.05 -52.9271 34.8536
      vertex -5.71344 -52.1176 31.7261
      vertex -5.71344 -52.4867 34.9048
    endloop
  endfacet
  facet normal 0.555535 0.825941 0.0959345
    outer loop
      vertex -5.71344 -52.1176 31.7261
      vertex -5.05 -52.9271 34.8536
      vertex -5.05 -52.5579 31.675
    endloop
  endfacet
  facet normal 0.896874 0.439335 0.051018
    outer loop
      vertex -7.28275 -50.7092 35.1112
      vertex -7.38079 -50.1426 31.9555
      vertex -7.53763 -50.1958 35.1708
    endloop
  endfacet
  facet normal 0.896899 0.439285 0.0510083
    outer loop
      vertex -7.38079 -50.1426 31.9555
      vertex -7.28275 -50.7092 35.1112
      vertex -7.28275 -50.3401 31.9325
    endloop
  endfacet
  facet normal 0.98078 -0.193812 -0.0225055
    outer loop
      vertex -7.89215 -46.1113 35.6451
      vertex -7.93539 -45.9581 32.4414
      vertex -7.89215 -45.7422 32.4665
    endloop
  endfacet
  facet normal 0.980785 -0.193788 -0.0225044
    outer loop
      vertex -7.93539 -45.9581 32.4414
      vertex -7.89215 -46.1113 35.6451
      vertex -8.00457 -46.6727 35.5799
    endloop
  endfacet
  facet normal -0.442333 -0.890865 -0.103447
    outer loop
      vertex 0.334369 -41.7124 32.9345
      vertex 1.05 -42.4321 36.0724
      vertex 0.334369 -42.0815 36.1131
    endloop
  endfacet
  facet normal -0.442333 -0.890865 -0.103447
    outer loop
      vertex 1.05 -42.4321 36.0724
      vertex 0.334369 -41.7124 32.9345
      vertex 1.05 -42.063 32.8938
    endloop
  endfacet
  facet normal 0.997859 0.0649653 0.00754674
    outer loop
      vertex -8.06231 -48.2508 35.3967
      vertex -8.04781 -48.1013 32.1925
      vertex -8.0855 -47.5301 32.2589
    endloop
  endfacet
  facet normal 0.997858 0.0649817 0.0075475
    outer loop
      vertex -8.04781 -48.1013 32.1925
      vertex -8.06231 -48.2508 35.3967
      vertex -8.04781 -48.4705 35.3712
    endloop
  endfacet
  facet normal 0.831442 -0.551901 -0.0641005
    outer loop
      vertex -7.28275 -44.6499 35.8148
      vertex -7.15962 -44.0977 32.6575
      vertex -6.96259 -44.174 35.8701
    endloop
  endfacet
  facet normal 0.83155 -0.551743 -0.0640685
    outer loop
      vertex -7.15962 -44.0977 32.6575
      vertex -7.28275 -44.6499 35.8148
      vertex -7.28275 -44.2808 32.6362
    endloop
  endfacet
  facet normal 0.195183 -0.974221 -0.113123
    outer loop
      vertex -3.5788 -41.8268 36.1427
      vertex -2.79621 -41.303 32.982
      vertex -2.79621 -41.6721 36.1607
    endloop
  endfacet
  facet normal 0.195049 -0.974244 -0.11316
    outer loop
      vertex -2.79621 -41.303 32.982
      vertex -3.5788 -41.8268 36.1427
      vertex -3.5788 -41.4576 32.9641
    endloop
  endfacet
  facet normal 0.442334 -0.890864 -0.103447
    outer loop
      vertex -5.05 -42.4321 36.0724
      vertex -4.33437 -41.7124 32.9345
      vertex -4.33437 -42.0815 36.1131
    endloop
  endfacet
  facet normal 0.442334 -0.890864 -0.103447
    outer loop
      vertex -4.33437 -41.7124 32.9345
      vertex -5.05 -42.4321 36.0724
      vertex -5.05 -42.063 32.8938
    endloop
  endfacet
  facet normal -0.896883 -0.439317 -0.0510136
    outer loop
      vertex 3.63566 -44.9917 32.5537
      vertex 3.28275 -44.6499 35.8148
      vertex 3.28275 -44.2808 32.6362
    endloop
  endfacet
  facet normal -0.896883 -0.439317 -0.0510136
    outer loop
      vertex 3.28275 -44.6499 35.8148
      vertex 3.63566 -44.9917 32.5537
      vertex 3.63566 -45.3608 35.7323
    endloop
  endfacet
  facet normal -0.89688 0.439321 0.0510181
    outer loop
      vertex 3.53763 -50.1958 35.1708
      vertex 3.63566 -49.6292 32.0151
      vertex 3.38079 -50.1426 31.9555
    endloop
  endfacet
  facet normal -0.896819 0.439444 0.0510422
    outer loop
      vertex 3.63566 -49.6292 32.0151
      vertex 3.53763 -50.1958 35.1708
      vertex 3.63566 -49.9984 35.1937
    endloop
  endfacet
  facet normal -0.19505 0.974247 0.11313
    outer loop
      vertex -0.421204 -53.1633 31.6047
      vertex -1.20379 -53.687 34.7654
      vertex -0.421204 -53.5324 34.7833
    endloop
  endfacet
  facet normal -0.195064 0.974245 0.113126
    outer loop
      vertex -1.20379 -53.687 34.7654
      vertex -0.421204 -53.1633 31.6047
      vertex -1.20379 -53.3179 31.5867
    endloop
  endfacet
  facet normal -0.442319 0.890871 0.103452
    outer loop
      vertex 0.533155 -52.8111 31.6456
      vertex 0.334369 -53.2776 34.8129
      vertex 0.851213 -53.0244 34.8423
    endloop
  endfacet
  facet normal -0.442372 0.890846 0.103445
    outer loop
      vertex 0.334369 -53.2776 34.8129
      vertex 0.533155 -52.8111 31.6456
      vertex 0.334369 -52.9085 31.6343
    endloop
  endfacet
  facet normal -0.946937 0.319273 0.0370741
    outer loop
      vertex 3.8209 -49.0872 32.078
      vertex 3.89215 -49.2478 35.2809
      vertex 3.89215 -48.8787 32.1023
    endloop
  endfacet
  facet normal -0.946939 0.319268 0.0370739
    outer loop
      vertex 3.89215 -49.2478 35.2809
      vertex 3.8209 -49.0872 32.078
      vertex 3.70691 -49.7899 35.2179
    endloop
  endfacet
  facet normal -0.659312 0.74685 0.0867325
    outer loop
      vertex 1.88009 -51.9724 31.743
      vertex 1.71344 -52.4867 34.9048
      vertex 2.14671 -52.1093 34.9486
    endloop
  endfacet
  facet normal -0.659428 0.746751 0.0867102
    outer loop
      vertex 1.71344 -52.4867 34.9048
      vertex 1.88009 -51.9724 31.743
      vertex 1.71344 -52.1176 31.7261
    endloop
  endfacet
  facet normal -0.555631 0.82588 0.0958984
    outer loop
      vertex 1.71344 -52.1176 31.7261
      vertex 1.05 -52.9271 34.8536
      vertex 1.71344 -52.4867 34.9048
    endloop
  endfacet
  facet normal -0.555535 0.825941 0.0959345
    outer loop
      vertex 1.05 -52.9271 34.8536
      vertex 1.71344 -52.1176 31.7261
      vertex 1.05 -52.5579 31.675
    endloop
  endfacet
  facet normal 0.065368 0.991198 0.115126
    outer loop
      vertex -2 -53.3697 31.5807
      vertex -2.22117 -53.7245 34.761
      vertex -2 -53.7389 34.7594
    endloop
  endfacet
  facet normal 0.0653475 0.991199 0.115124
    outer loop
      vertex -2.22117 -53.7245 34.761
      vertex -2 -53.3697 31.5807
      vertex -2.57504 -53.3323 31.5851
    endloop
  endfacet
  facet normal 0.321476 0.940598 0.109222
    outer loop
      vertex -3.5788 -53.5324 34.7833
      vertex -4.33437 -52.9085 31.6343
      vertex -4.33437 -53.2776 34.8129
    endloop
  endfacet
  facet normal 0.321476 0.940598 0.109222
    outer loop
      vertex -4.33437 -52.9085 31.6343
      vertex -3.5788 -53.5324 34.7833
      vertex -3.5788 -53.1633 31.6047
    endloop
  endfacet
  facet normal 0.0655191 0.99119 0.115104
    outer loop
      vertex -2.57504 -53.3323 31.5851
      vertex -2.79621 -53.687 34.7654
      vertex -2.22117 -53.7245 34.761
    endloop
  endfacet
  facet normal 0.0653681 0.991201 0.115095
    outer loop
      vertex -2.79621 -53.687 34.7654
      vertex -2.57504 -53.3323 31.5851
      vertex -2.79621 -53.3179 31.5867
    endloop
  endfacet
  facet normal 0.442004 0.891023 0.103494
    outer loop
      vertex -4.85121 -53.0244 34.8423
      vertex -5.05 -52.5579 31.675
      vertex -5.05 -52.9271 34.8536
    endloop
  endfacet
  facet normal 0.442315 0.890873 0.103452
    outer loop
      vertex -5.05 -52.5579 31.675
      vertex -4.85121 -53.0244 34.8423
      vertex -4.53315 -52.8111 31.6456
    endloop
  endfacet
  facet normal 0.659312 0.74685 0.0867325
    outer loop
      vertex -5.71344 -52.4867 34.9048
      vertex -5.88009 -51.9724 31.743
      vertex -6.14671 -52.1093 34.9486
    endloop
  endfacet
  facet normal 0.659428 0.746751 0.0867102
    outer loop
      vertex -5.88009 -51.9724 31.743
      vertex -5.71344 -52.4867 34.9048
      vertex -5.71344 -52.1176 31.7261
    endloop
  endfacet
  facet normal 0.751865 0.654916 0.0760557
    outer loop
      vertex -6.45949 -51.7986 34.9847
      vertex -6.31335 -51.595 31.7868
      vertex -6.69331 -51.1646 31.8368
    endloop
  endfacet
  facet normal 0.75178 0.655014 0.076058
    outer loop
      vertex -6.31335 -51.595 31.7868
      vertex -6.45949 -51.7986 34.9847
      vertex -6.31335 -51.9641 34.9655
    endloop
  endfacet
  facet normal 0.896819 0.439444 0.0510422
    outer loop
      vertex -7.53763 -50.1958 35.1708
      vertex -7.63566 -49.6292 32.0151
      vertex -7.63566 -49.9984 35.1937
    endloop
  endfacet
  facet normal 0.89688 0.439321 0.0510181
    outer loop
      vertex -7.63566 -49.6292 32.0151
      vertex -7.53763 -50.1958 35.1708
      vertex -7.38079 -50.1426 31.9555
    endloop
  endfacet
  facet normal 0.946919 0.319326 0.0370874
    outer loop
      vertex -7.70691 -49.7899 35.2179
      vertex -7.63566 -49.6292 32.0151
      vertex -7.8209 -49.0872 32.078
    endloop
  endfacet
  facet normal 0.946932 0.319287 0.0370858
    outer loop
      vertex -7.63566 -49.6292 32.0151
      vertex -7.70691 -49.7899 35.2179
      vertex -7.63566 -49.9984 35.1937
    endloop
  endfacet
  facet normal 0.997859 -0.0649709 -0.00754625
    outer loop
      vertex -8.04781 -46.8887 35.5549
      vertex -8.1 -47.3104 32.2844
      vertex -8.04781 -46.5195 32.3762
    endloop
  endfacet
  facet normal 0.997859 -0.0649699 -0.00754637
    outer loop
      vertex -8.1 -47.3104 32.2844
      vertex -8.04781 -46.8887 35.5549
      vertex -8.1 -47.6796 35.463
    endloop
  endfacet
  facet normal 0.980785 -0.193788 -0.0225044
    outer loop
      vertex -8.00457 -46.6727 35.5799
      vertex -8.04781 -46.5195 32.3762
      vertex -7.93539 -45.9581 32.4414
    endloop
  endfacet
  facet normal 0.980796 -0.193736 -0.0225021
    outer loop
      vertex -8.04781 -46.5195 32.3762
      vertex -8.00457 -46.6727 35.5799
      vertex -8.04781 -46.8887 35.5549
    endloop
  endfacet
  facet normal 0.751841 -0.654944 -0.0760499
    outer loop
      vertex -6.31335 -43.395 35.9606
      vertex -6.83945 -43.6218 32.7127
      vertex -6.31335 -43.0259 32.7819
    endloop
  endfacet
  facet normal 0.751841 -0.654944 -0.0760499
    outer loop
      vertex -6.83945 -43.6218 32.7127
      vertex -6.31335 -43.395 35.9606
      vertex -6.83945 -43.9909 35.8914
    endloop
  endfacet
  facet normal 0.896883 -0.439317 -0.0510136
    outer loop
      vertex -7.28275 -44.6499 35.8148
      vertex -7.63566 -44.9917 32.5537
      vertex -7.28275 -44.2808 32.6362
    endloop
  endfacet
  facet normal 0.896883 -0.439317 -0.0510136
    outer loop
      vertex -7.63566 -44.9917 32.5537
      vertex -7.28275 -44.6499 35.8148
      vertex -7.63566 -45.3608 35.7323
    endloop
  endfacet
  facet normal -0.946924 -0.319312 -0.0370786
    outer loop
      vertex 3.89215 -45.7422 32.4665
      vertex 3.63566 -45.3608 35.7323
      vertex 3.63566 -44.9917 32.5537
    endloop
  endfacet
  facet normal -0.946924 -0.319312 -0.0370786
    outer loop
      vertex 3.63566 -45.3608 35.7323
      vertex 3.89215 -45.7422 32.4665
      vertex 3.89215 -46.1113 35.6451
    endloop
  endfacet
  facet normal -0.980778 0.193822 0.0225067
    outer loop
      vertex 3.89215 -49.2478 35.2809
      vertex 3.93539 -48.6628 32.1273
      vertex 3.89215 -48.8787 32.1023
    endloop
  endfacet
  facet normal -0.980785 0.193788 0.0225004
    outer loop
      vertex 3.93539 -48.6628 32.1273
      vertex 3.89215 -49.2478 35.2809
      vertex 4.00457 -48.6864 35.3461
    endloop
  endfacet
  facet normal 0.75178 0.655014 0.076058
    outer loop
      vertex -6.83945 -51.3682 35.0347
      vertex -6.69331 -51.1646 31.8368
      vertex -6.83945 -50.9991 31.856
    endloop
  endfacet
  facet normal 0.751865 0.654916 0.0760557
    outer loop
      vertex -6.69331 -51.1646 31.8368
      vertex -6.83945 -51.3682 35.0347
      vertex -6.45949 -51.7986 34.9847
    endloop
  endfacet
  facet normal 0.555535 -0.825944 -0.0959088
    outer loop
      vertex -5.71344 -42.8724 36.0213
      vertex -5.05 -42.063 32.8938
      vertex -5.05 -42.4321 36.0724
    endloop
  endfacet
  facet normal 0.555545 -0.825937 -0.0959051
    outer loop
      vertex -5.05 -42.063 32.8938
      vertex -5.71344 -42.8724 36.0213
      vertex -5.71344 -42.5033 32.8426
    endloop
  endfacet
  facet normal 0.65935 -0.746818 -0.086718
    outer loop
      vertex -6.31335 -43.395 35.9606
      vertex -5.71344 -42.5033 32.8426
      vertex -5.71344 -42.8724 36.0213
    endloop
  endfacet
  facet normal 0.65935 -0.746818 -0.086718
    outer loop
      vertex -5.71344 -42.5033 32.8426
      vertex -6.31335 -43.395 35.9606
      vertex -6.31335 -43.0259 32.7819
    endloop
  endfacet
  facet normal 0.831529 -0.551774 -0.0640701
    outer loop
      vertex -6.96259 -44.174 35.8701
      vertex -6.83945 -43.6218 32.7127
      vertex -6.83945 -43.9909 35.8914
    endloop
  endfacet
  facet normal 0.831428 -0.551923 -0.0641001
    outer loop
      vertex -6.83945 -43.6218 32.7127
      vertex -6.96259 -44.174 35.8701
      vertex -7.15962 -44.0977 32.6575
    endloop
  endfacet
  facet normal -0.89697 0.439141 0.0509915
    outer loop
      vertex 47.2828 -50.7092 35.1112
      vertex 47.3808 -50.1426 31.9555
      vertex 47.2828 -50.3401 31.9325
    endloop
  endfacet
  facet normal -0.896929 0.439224 0.0510077
    outer loop
      vertex 47.3808 -50.1426 31.9555
      vertex 47.2828 -50.7092 35.1112
      vertex 47.5376 -50.1958 35.1708
    endloop
  endfacet
  facet normal -0.997858 -0.0649833 -0.00754769
    outer loop
      vertex 48.1 -47.3104 32.2844
      vertex 48.0478 -46.8887 35.5549
      vertex 48.0478 -46.5195 32.3762
    endloop
  endfacet
  facet normal -0.997858 -0.0649823 -0.00754781
    outer loop
      vertex 48.0478 -46.8887 35.5549
      vertex 48.1 -47.3104 32.2844
      vertex 48.1 -47.6796 35.463
    endloop
  endfacet
  facet normal 0.065332 -0.991203 -0.115101
    outer loop
      vertex 41.2038 -41.6721 36.1607
      vertex 41.425 -41.2886 32.9837
      vertex 41.7788 -41.6347 36.165
    endloop
  endfacet
  facet normal 0.065411 -0.991199 -0.115095
    outer loop
      vertex 41.425 -41.2886 32.9837
      vertex 41.2038 -41.6721 36.1607
      vertex 41.2038 -41.303 32.982
    endloop
  endfacet
  facet normal 0.195047 0.974248 0.11313
    outer loop
      vertex 41.2038 -53.687 34.7654
      vertex 40.4212 -53.1633 31.6047
      vertex 40.4212 -53.5324 34.7833
    endloop
  endfacet
  facet normal 0.195061 0.974245 0.113126
    outer loop
      vertex 40.4212 -53.1633 31.6047
      vertex 41.2038 -53.687 34.7654
      vertex 41.2038 -53.3179 31.5867
    endloop
  endfacet
  facet normal 0.980759 0.193922 0.0225069
    outer loop
      vertex 36.1079 -49.2478 35.2809
      vertex 36.0646 -48.6628 32.1273
      vertex 35.9954 -48.6864 35.3461
    endloop
  endfacet
  facet normal 0.980727 0.194081 0.0225367
    outer loop
      vertex 36.0646 -48.6628 32.1273
      vertex 36.1079 -49.2478 35.2809
      vertex 36.1079 -48.8787 32.1023
    endloop
  endfacet
  facet normal 0.947006 0.319072 0.0370507
    outer loop
      vertex 36.1079 -49.2478 35.2809
      vertex 36.1791 -49.0872 32.078
      vertex 36.1079 -48.8787 32.1023
    endloop
  endfacet
  facet normal 0.94696 0.319208 0.0370565
    outer loop
      vertex 36.1791 -49.0872 32.078
      vertex 36.1079 -49.2478 35.2809
      vertex 36.2931 -49.7899 35.2179
    endloop
  endfacet
  facet normal 0.946958 -0.319211 -0.0370669
    outer loop
      vertex 36.3643 -45.3608 35.7323
      vertex 36.1079 -45.7422 32.4665
      vertex 36.3643 -44.9917 32.5537
    endloop
  endfacet
  facet normal 0.946958 -0.319211 -0.0370669
    outer loop
      vertex 36.1079 -45.7422 32.4665
      vertex 36.3643 -45.3608 35.7323
      vertex 36.1079 -46.1113 35.6451
    endloop
  endfacet
  facet normal -0.831404 -0.551959 -0.0640937
    outer loop
      vertex 47.2828 -44.6499 35.8148
      vertex 47.1596 -44.0977 32.6575
      vertex 47.2828 -44.2808 32.6362
    endloop
  endfacet
  facet normal -0.83141 -0.551951 -0.0640919
    outer loop
      vertex 47.1596 -44.0977 32.6575
      vertex 47.2828 -44.6499 35.8148
      vertex 46.9626 -44.174 35.8701
    endloop
  endfacet
  facet normal -0.659294 -0.746867 -0.0867237
    outer loop
      vertex 45.7134 -42.5033 32.8426
      vertex 46.3134 -43.395 35.9606
      vertex 45.7134 -42.8724 36.0213
    endloop
  endfacet
  facet normal -0.659294 -0.746867 -0.0867237
    outer loop
      vertex 46.3134 -43.395 35.9606
      vertex 45.7134 -42.5033 32.8426
      vertex 46.3134 -43.0259 32.7819
    endloop
  endfacet
  facet normal -0.751916 0.654858 0.0760449
    outer loop
      vertex 46.3134 -51.595 31.7868
      vertex 46.4595 -51.7986 34.9847
      vertex 46.6933 -51.1646 31.8368
    endloop
  endfacet
  facet normal -0.751869 0.654912 0.0760462
    outer loop
      vertex 46.4595 -51.7986 34.9847
      vertex 46.3134 -51.595 31.7868
      vertex 46.3134 -51.9641 34.9655
    endloop
  endfacet
  facet normal -0.0653592 0.991202 0.115095
    outer loop
      vertex 42.575 -53.3323 31.5851
      vertex 42.7962 -53.687 34.7654
      vertex 42.7962 -53.3179 31.5867
    endloop
  endfacet
  facet normal -0.0655236 0.99119 0.115105
    outer loop
      vertex 42.7962 -53.687 34.7654
      vertex 42.575 -53.3323 31.5851
      vertex 42.2212 -53.7245 34.761
    endloop
  endfacet
  facet normal 0.32144 -0.940608 -0.109243
    outer loop
      vertex 40.2113 -41.5284 32.9558
      vertex 40.4212 -41.8268 36.1427
      vertex 39.8755 -42.0108 36.1213
    endloop
  endfacet
  facet normal 0.321574 -0.940561 -0.109248
    outer loop
      vertex 40.4212 -41.8268 36.1427
      vertex 40.2113 -41.5284 32.9558
      vertex 40.4212 -41.4576 32.9641
    endloop
  endfacet
  facet normal -0.065411 -0.991199 -0.115095
    outer loop
      vertex 42 -41.2512 32.988
      vertex 42.2212 -41.6347 36.165
      vertex 42 -41.6203 36.1667
    endloop
  endfacet
  facet normal -0.065332 -0.991203 -0.115101
    outer loop
      vertex 42.2212 -41.6347 36.165
      vertex 42 -41.2512 32.988
      vertex 42.575 -41.2886 32.9837
    endloop
  endfacet
  facet normal -0.321422 -0.940613 -0.109246
    outer loop
      vertex 44.3344 -41.7124 32.9345
      vertex 44.1245 -42.0108 36.1213
      vertex 43.7887 -41.5284 32.9558
    endloop
  endfacet
  facet normal -0.321126 -0.940715 -0.109236
    outer loop
      vertex 44.1245 -42.0108 36.1213
      vertex 44.3344 -41.7124 32.9345
      vertex 44.3344 -42.0815 36.1131
    endloop
  endfacet
  facet normal -0.94694 0.319265 0.0370701
    outer loop
      vertex 47.6357 -49.6292 32.0151
      vertex 47.7069 -49.7899 35.2179
      vertex 47.8209 -49.0872 32.078
    endloop
  endfacet
  facet normal -0.947001 0.319086 0.0370625
    outer loop
      vertex 47.7069 -49.7899 35.2179
      vertex 47.6357 -49.6292 32.0151
      vertex 47.6357 -49.9984 35.1937
    endloop
  endfacet
  facet normal 0.065411 -0.991199 -0.115095
    outer loop
      vertex 41.7788 -41.6347 36.165
      vertex 42 -41.2512 32.988
      vertex 42 -41.6203 36.1667
    endloop
  endfacet
  facet normal 0.065332 -0.991203 -0.115101
    outer loop
      vertex 42 -41.2512 32.988
      vertex 41.7788 -41.6347 36.165
      vertex 41.425 -41.2886 32.9837
    endloop
  endfacet
  facet normal 0.831462 0.551874 0.0640817
    outer loop
      vertex 36.7172 -50.7092 35.1112
      vertex 37.1605 -50.9991 31.856
      vertex 36.7172 -50.3401 31.9325
    endloop
  endfacet
  facet normal 0.831462 0.551874 0.0640817
    outer loop
      vertex 37.1605 -50.9991 31.856
      vertex 36.7172 -50.7092 35.1112
      vertex 37.1605 -51.3682 35.0347
    endloop
  endfacet
  facet normal 0.321126 -0.940715 -0.109236
    outer loop
      vertex 39.6656 -41.7124 32.9345
      vertex 39.8755 -42.0108 36.1213
      vertex 39.6656 -42.0815 36.1131
    endloop
  endfacet
  facet normal 0.321422 -0.940613 -0.109246
    outer loop
      vertex 39.8755 -42.0108 36.1213
      vertex 39.6656 -41.7124 32.9345
      vertex 40.2113 -41.5284 32.9558
    endloop
  endfacet
  facet normal -0.831484 -0.551839 -0.0640938
    outer loop
      vertex 46.9626 -44.174 35.8701
      vertex 46.8395 -43.6218 32.7127
      vertex 47.1596 -44.0977 32.6575
    endloop
  endfacet
  facet normal -0.831612 -0.55165 -0.0640557
    outer loop
      vertex 46.8395 -43.6218 32.7127
      vertex 46.9626 -44.174 35.8701
      vertex 46.8395 -43.9909 35.8914
    endloop
  endfacet
  facet normal -0.751841 -0.654944 -0.0760499
    outer loop
      vertex 46.8395 -43.6218 32.7127
      vertex 46.3134 -43.395 35.9606
      vertex 46.3134 -43.0259 32.7819
    endloop
  endfacet
  facet normal -0.751841 -0.654944 -0.0760499
    outer loop
      vertex 46.3134 -43.395 35.9606
      vertex 46.8395 -43.6218 32.7127
      vertex 46.8395 -43.9909 35.8914
    endloop
  endfacet
  facet normal -0.980729 -0.194071 -0.0225356
    outer loop
      vertex 47.9354 -45.9581 32.4414
      vertex 47.8921 -46.1113 35.6451
      vertex 47.8921 -45.7422 32.4665
    endloop
  endfacet
  facet normal -0.980759 -0.19392 -0.0225287
    outer loop
      vertex 47.8921 -46.1113 35.6451
      vertex 47.9354 -45.9581 32.4414
      vertex 48.0046 -46.6727 35.5799
    endloop
  endfacet
  facet normal -0.980792 -0.193756 -0.0224908
    outer loop
      vertex 48.0478 -46.5195 32.3762
      vertex 48.0046 -46.6727 35.5799
      vertex 47.9354 -45.9581 32.4414
    endloop
  endfacet
  facet normal -0.98083 -0.193564 -0.0224821
    outer loop
      vertex 48.0046 -46.6727 35.5799
      vertex 48.0478 -46.5195 32.3762
      vertex 48.0478 -46.8887 35.5549
    endloop
  endfacet
  facet normal -0.321574 -0.940561 -0.109248
    outer loop
      vertex 43.7887 -41.5284 32.9558
      vertex 43.5788 -41.8268 36.1427
      vertex 43.5788 -41.4576 32.9641
    endloop
  endfacet
  facet normal -0.32144 -0.940608 -0.109243
    outer loop
      vertex 43.5788 -41.8268 36.1427
      vertex 43.7887 -41.5284 32.9558
      vertex 44.1245 -42.0108 36.1213
    endloop
  endfacet
  facet normal -0.980798 0.193721 0.0225062
    outer loop
      vertex 48.0046 -48.6864 35.3461
      vertex 48.0478 -48.1013 32.1925
      vertex 47.9354 -48.6628 32.1273
    endloop
  endfacet
  facet normal -0.980815 0.193639 0.0224908
    outer loop
      vertex 48.0478 -48.1013 32.1925
      vertex 48.0046 -48.6864 35.3461
      vertex 48.0478 -48.4705 35.3712
    endloop
  endfacet
  facet normal -0.751645 0.655166 0.0760756
    outer loop
      vertex 46.6933 -51.1646 31.8368
      vertex 46.8395 -51.3682 35.0347
      vertex 46.8395 -50.9991 31.856
    endloop
  endfacet
  facet normal -0.75183 0.654954 0.0760706
    outer loop
      vertex 46.8395 -51.3682 35.0347
      vertex 46.6933 -51.1646 31.8368
      vertex 46.4595 -51.7986 34.9847
    endloop
  endfacet
  facet normal 0.659316 0.746848 0.0867215
    outer loop
      vertex 37.8533 -52.1093 34.9486
      vertex 37.6866 -51.595 31.7868
      vertex 37.6866 -51.9641 34.9655
    endloop
  endfacet
  facet normal 0.659286 0.746874 0.0867272
    outer loop
      vertex 37.6866 -51.595 31.7868
      vertex 37.8533 -52.1093 34.9486
      vertex 38.1199 -51.9724 31.743
    endloop
  endfacet
  facet normal 0.997858 0.0649817 0.00754774
    outer loop
      vertex 35.9 -47.6796 35.463
      vertex 35.9145 -47.5301 32.2589
      vertex 35.9 -47.3104 32.2844
    endloop
  endfacet
  facet normal 0.997858 0.0649839 0.00754784
    outer loop
      vertex 35.9145 -47.5301 32.2589
      vertex 35.9 -47.6796 35.463
      vertex 35.9377 -48.2508 35.3967
    endloop
  endfacet
  facet normal 0.980815 0.193639 0.0224908
    outer loop
      vertex 35.9954 -48.6864 35.3461
      vertex 35.9522 -48.1013 32.1925
      vertex 35.9522 -48.4705 35.3712
    endloop
  endfacet
  facet normal 0.980798 0.193721 0.0225062
    outer loop
      vertex 35.9522 -48.1013 32.1925
      vertex 35.9954 -48.6864 35.3461
      vertex 36.0646 -48.6628 32.1273
    endloop
  endfacet
  facet normal -0.195181 -0.974222 -0.113123
    outer loop
      vertex 42.7962 -41.303 32.982
      vertex 43.5788 -41.8268 36.1427
      vertex 42.7962 -41.6721 36.1607
    endloop
  endfacet
  facet normal -0.195047 -0.974244 -0.11316
    outer loop
      vertex 43.5788 -41.8268 36.1427
      vertex 42.7962 -41.303 32.982
      vertex 43.5788 -41.4576 32.9641
    endloop
  endfacet
  facet normal -0.065332 -0.991203 -0.115101
    outer loop
      vertex 42.575 -41.2886 32.9837
      vertex 42.7962 -41.6721 36.1607
      vertex 42.2212 -41.6347 36.165
    endloop
  endfacet
  facet normal -0.065411 -0.991199 -0.115095
    outer loop
      vertex 42.7962 -41.6721 36.1607
      vertex 42.575 -41.2886 32.9837
      vertex 42.7962 -41.303 32.982
    endloop
  endfacet
  facet normal -0.555558 -0.825928 -0.095907
    outer loop
      vertex 45.05 -42.063 32.8938
      vertex 45.7134 -42.8724 36.0213
      vertex 45.05 -42.4321 36.0724
    endloop
  endfacet
  facet normal -0.555568 -0.825922 -0.0959033
    outer loop
      vertex 45.7134 -42.8724 36.0213
      vertex 45.05 -42.063 32.8938
      vertex 45.7134 -42.5033 32.8426
    endloop
  endfacet
  facet normal -0.997858 0.0649826 0.00754754
    outer loop
      vertex 48.0478 -48.1013 32.1925
      vertex 48.0623 -48.2508 35.3967
      vertex 48.0855 -47.5301 32.2589
    endloop
  endfacet
  facet normal -0.997858 0.0649817 0.0075475
    outer loop
      vertex 48.0623 -48.2508 35.3967
      vertex 48.0478 -48.1013 32.1925
      vertex 48.0478 -48.4705 35.3712
    endloop
  endfacet
  facet normal -0.997858 0.0649817 0.00754774
    outer loop
      vertex 48.0855 -47.5301 32.2589
      vertex 48.1 -47.6796 35.463
      vertex 48.1 -47.3104 32.2844
    endloop
  endfacet
  facet normal -0.997858 0.0649839 0.00754784
    outer loop
      vertex 48.1 -47.6796 35.463
      vertex 48.0855 -47.5301 32.2589
      vertex 48.0623 -48.2508 35.3967
    endloop
  endfacet
  facet normal -0.441986 0.891031 0.103495
    outer loop
      vertex 45.05 -52.5579 31.675
      vertex 44.8512 -53.0244 34.8423
      vertex 45.05 -52.9271 34.8536
    endloop
  endfacet
  facet normal -0.44235 0.890857 0.103446
    outer loop
      vertex 44.8512 -53.0244 34.8423
      vertex 45.05 -52.5579 31.675
      vertex 44.5332 -52.8111 31.6456
    endloop
  endfacet
  facet normal -0.321464 0.940602 0.109223
    outer loop
      vertex 44.3344 -52.9085 31.6343
      vertex 43.5788 -53.5324 34.7833
      vertex 44.3344 -53.2776 34.8129
    endloop
  endfacet
  facet normal -0.321464 0.940602 0.109223
    outer loop
      vertex 43.5788 -53.5324 34.7833
      vertex 44.3344 -52.9085 31.6343
      vertex 43.5788 -53.1633 31.6047
    endloop
  endfacet
  facet normal -0.831462 0.551874 0.0640817
    outer loop
      vertex 46.8395 -50.9991 31.856
      vertex 47.2828 -50.7092 35.1112
      vertex 47.2828 -50.3401 31.9325
    endloop
  endfacet
  facet normal -0.831462 0.551874 0.0640817
    outer loop
      vertex 47.2828 -50.7092 35.1112
      vertex 46.8395 -50.9991 31.856
      vertex 46.8395 -51.3682 35.0347
    endloop
  endfacet
  facet normal -0.659316 0.746848 0.0867215
    outer loop
      vertex 46.3134 -51.595 31.7868
      vertex 46.1467 -52.1093 34.9486
      vertex 46.3134 -51.9641 34.9655
    endloop
  endfacet
  facet normal -0.659286 0.746874 0.0867272
    outer loop
      vertex 46.1467 -52.1093 34.9486
      vertex 46.3134 -51.595 31.7868
      vertex 45.8801 -51.9724 31.743
    endloop
  endfacet
  facet normal 0.44235 0.890857 0.103446
    outer loop
      vertex 39.6656 -53.2776 34.8129
      vertex 39.4668 -52.8111 31.6456
      vertex 39.1488 -53.0244 34.8423
    endloop
  endfacet
  facet normal 0.442347 0.890858 0.103447
    outer loop
      vertex 39.4668 -52.8111 31.6456
      vertex 39.6656 -53.2776 34.8129
      vertex 39.6656 -52.9085 31.6343
    endloop
  endfacet
  facet normal -0.065352 0.991199 0.115125
    outer loop
      vertex 42 -53.3697 31.5807
      vertex 42.2212 -53.7245 34.761
      vertex 42.575 -53.3323 31.5851
    endloop
  endfacet
  facet normal -0.0653592 0.991198 0.115126
    outer loop
      vertex 42.2212 -53.7245 34.761
      vertex 42 -53.3697 31.5807
      vertex 42 -53.7389 34.7594
    endloop
  endfacet
  facet normal 0.555654 0.825865 0.0958967
    outer loop
      vertex 38.95 -52.9271 34.8536
      vertex 38.2866 -52.1176 31.7261
      vertex 38.2866 -52.4867 34.9048
    endloop
  endfacet
  facet normal 0.555558 0.825925 0.0959327
    outer loop
      vertex 38.2866 -52.1176 31.7261
      vertex 38.95 -52.9271 34.8536
      vertex 38.95 -52.5579 31.675
    endloop
  endfacet
  facet normal 0.896929 0.439224 0.0510077
    outer loop
      vertex 36.7172 -50.7092 35.1112
      vertex 36.6192 -50.1426 31.9555
      vertex 36.4624 -50.1958 35.1708
    endloop
  endfacet
  facet normal 0.89697 0.439141 0.0509915
    outer loop
      vertex 36.6192 -50.1426 31.9555
      vertex 36.7172 -50.7092 35.1112
      vertex 36.7172 -50.3401 31.9325
    endloop
  endfacet
  facet normal 0.980729 -0.194071 -0.0225356
    outer loop
      vertex 36.1079 -46.1113 35.6451
      vertex 36.0646 -45.9581 32.4414
      vertex 36.1079 -45.7422 32.4665
    endloop
  endfacet
  facet normal 0.980759 -0.19392 -0.0225287
    outer loop
      vertex 36.0646 -45.9581 32.4414
      vertex 36.1079 -46.1113 35.6451
      vertex 35.9954 -46.6727 35.5799
    endloop
  endfacet
  facet normal -0.442349 -0.890857 -0.103447
    outer loop
      vertex 44.3344 -41.7124 32.9345
      vertex 45.05 -42.4321 36.0724
      vertex 44.3344 -42.0815 36.1131
    endloop
  endfacet
  facet normal -0.442349 -0.890857 -0.103447
    outer loop
      vertex 45.05 -42.4321 36.0724
      vertex 44.3344 -41.7124 32.9345
      vertex 45.05 -42.063 32.8938
    endloop
  endfacet
  facet normal 0.997858 0.0649826 0.00754754
    outer loop
      vertex 35.9377 -48.2508 35.3967
      vertex 35.9522 -48.1013 32.1925
      vertex 35.9145 -47.5301 32.2589
    endloop
  endfacet
  facet normal 0.997858 0.0649817 0.0075475
    outer loop
      vertex 35.9522 -48.1013 32.1925
      vertex 35.9377 -48.2508 35.3967
      vertex 35.9522 -48.4705 35.3712
    endloop
  endfacet
  facet normal 0.83141 -0.551951 -0.0640919
    outer loop
      vertex 36.7172 -44.6499 35.8148
      vertex 36.8404 -44.0977 32.6575
      vertex 37.0374 -44.174 35.8701
    endloop
  endfacet
  facet normal 0.831404 -0.551959 -0.0640937
    outer loop
      vertex 36.8404 -44.0977 32.6575
      vertex 36.7172 -44.6499 35.8148
      vertex 36.7172 -44.2808 32.6362
    endloop
  endfacet
  facet normal 0.195181 -0.974222 -0.113123
    outer loop
      vertex 40.4212 -41.8268 36.1427
      vertex 41.2038 -41.303 32.982
      vertex 41.2038 -41.6721 36.1607
    endloop
  endfacet
  facet normal 0.195047 -0.974244 -0.11316
    outer loop
      vertex 41.2038 -41.303 32.982
      vertex 40.4212 -41.8268 36.1427
      vertex 40.4212 -41.4576 32.9641
    endloop
  endfacet
  facet normal 0.442349 -0.890857 -0.103447
    outer loop
      vertex 38.95 -42.4321 36.0724
      vertex 39.6656 -41.7124 32.9345
      vertex 39.6656 -42.0815 36.1131
    endloop
  endfacet
  facet normal 0.442349 -0.890857 -0.103447
    outer loop
      vertex 39.6656 -41.7124 32.9345
      vertex 38.95 -42.4321 36.0724
      vertex 38.95 -42.063 32.8938
    endloop
  endfacet
  facet normal -0.896888 -0.439307 -0.0510124
    outer loop
      vertex 47.6357 -44.9917 32.5537
      vertex 47.2828 -44.6499 35.8148
      vertex 47.2828 -44.2808 32.6362
    endloop
  endfacet
  facet normal -0.896888 -0.439307 -0.0510124
    outer loop
      vertex 47.2828 -44.6499 35.8148
      vertex 47.6357 -44.9917 32.5537
      vertex 47.6357 -45.3608 35.7323
    endloop
  endfacet
  facet normal -0.89686 0.439364 0.0510067
    outer loop
      vertex 47.5376 -50.1958 35.1708
      vertex 47.6357 -49.6292 32.0151
      vertex 47.3808 -50.1426 31.9555
    endloop
  endfacet
  facet normal -0.896693 0.439696 0.0510715
    outer loop
      vertex 47.6357 -49.6292 32.0151
      vertex 47.5376 -50.1958 35.1708
      vertex 47.6357 -49.9984 35.1937
    endloop
  endfacet
  facet normal -0.195047 0.974248 0.11313
    outer loop
      vertex 43.5788 -53.1633 31.6047
      vertex 42.7962 -53.687 34.7654
      vertex 43.5788 -53.5324 34.7833
    endloop
  endfacet
  facet normal -0.195061 0.974245 0.113126
    outer loop
      vertex 42.7962 -53.687 34.7654
      vertex 43.5788 -53.1633 31.6047
      vertex 42.7962 -53.3179 31.5867
    endloop
  endfacet
  facet normal -0.44235 0.890857 0.103446
    outer loop
      vertex 44.5332 -52.8111 31.6456
      vertex 44.3344 -53.2776 34.8129
      vertex 44.8512 -53.0244 34.8423
    endloop
  endfacet
  facet normal -0.442347 0.890858 0.103447
    outer loop
      vertex 44.3344 -53.2776 34.8129
      vertex 44.5332 -52.8111 31.6456
      vertex 44.3344 -52.9085 31.6343
    endloop
  endfacet
  facet normal -0.947006 0.319072 0.0370507
    outer loop
      vertex 47.8209 -49.0872 32.078
      vertex 47.8921 -49.2478 35.2809
      vertex 47.8921 -48.8787 32.1023
    endloop
  endfacet
  facet normal -0.94696 0.319208 0.0370565
    outer loop
      vertex 47.8921 -49.2478 35.2809
      vertex 47.8209 -49.0872 32.078
      vertex 47.7069 -49.7899 35.2179
    endloop
  endfacet
  facet normal -0.659286 0.746874 0.0867272
    outer loop
      vertex 45.8801 -51.9724 31.743
      vertex 45.7134 -52.4867 34.9048
      vertex 46.1467 -52.1093 34.9486
    endloop
  endfacet
  facet normal -0.659316 0.746848 0.0867215
    outer loop
      vertex 45.7134 -52.4867 34.9048
      vertex 45.8801 -51.9724 31.743
      vertex 45.7134 -52.1176 31.7261
    endloop
  endfacet
  facet normal -0.555654 0.825865 0.0958967
    outer loop
      vertex 45.7134 -52.1176 31.7261
      vertex 45.05 -52.9271 34.8536
      vertex 45.7134 -52.4867 34.9048
    endloop
  endfacet
  facet normal -0.555558 0.825925 0.0959327
    outer loop
      vertex 45.05 -52.9271 34.8536
      vertex 45.7134 -52.1176 31.7261
      vertex 45.05 -52.5579 31.675
    endloop
  endfacet
  facet normal 0.0653592 0.991198 0.115126
    outer loop
      vertex 42 -53.3697 31.5807
      vertex 41.7788 -53.7245 34.761
      vertex 42 -53.7389 34.7594
    endloop
  endfacet
  facet normal 0.065352 0.991199 0.115125
    outer loop
      vertex 41.7788 -53.7245 34.761
      vertex 42 -53.3697 31.5807
      vertex 41.425 -53.3323 31.5851
    endloop
  endfacet
  facet normal 0.321464 0.940602 0.109223
    outer loop
      vertex 40.4212 -53.5324 34.7833
      vertex 39.6656 -52.9085 31.6343
      vertex 39.6656 -53.2776 34.8129
    endloop
  endfacet
  facet normal 0.321464 0.940602 0.109223
    outer loop
      vertex 39.6656 -52.9085 31.6343
      vertex 40.4212 -53.5324 34.7833
      vertex 40.4212 -53.1633 31.6047
    endloop
  endfacet
  facet normal 0.0655236 0.99119 0.115105
    outer loop
      vertex 41.425 -53.3323 31.5851
      vertex 41.2038 -53.687 34.7654
      vertex 41.7788 -53.7245 34.761
    endloop
  endfacet
  facet normal 0.0653592 0.991202 0.115095
    outer loop
      vertex 41.2038 -53.687 34.7654
      vertex 41.425 -53.3323 31.5851
      vertex 41.2038 -53.3179 31.5867
    endloop
  endfacet
  facet normal 0.441986 0.891031 0.103495
    outer loop
      vertex 39.1488 -53.0244 34.8423
      vertex 38.95 -52.5579 31.675
      vertex 38.95 -52.9271 34.8536
    endloop
  endfacet
  facet normal 0.44235 0.890857 0.103446
    outer loop
      vertex 38.95 -52.5579 31.675
      vertex 39.1488 -53.0244 34.8423
      vertex 39.4668 -52.8111 31.6456
    endloop
  endfacet
  facet normal 0.659286 0.746874 0.0867272
    outer loop
      vertex 38.2866 -52.4867 34.9048
      vertex 38.1199 -51.9724 31.743
      vertex 37.8533 -52.1093 34.9486
    endloop
  endfacet
  facet normal 0.659316 0.746848 0.0867215
    outer loop
      vertex 38.1199 -51.9724 31.743
      vertex 38.2866 -52.4867 34.9048
      vertex 38.2866 -52.1176 31.7261
    endloop
  endfacet
  facet normal 0.751916 0.654858 0.0760449
    outer loop
      vertex 37.5405 -51.7986 34.9847
      vertex 37.6866 -51.595 31.7868
      vertex 37.3067 -51.1646 31.8368
    endloop
  endfacet
  facet normal 0.751869 0.654912 0.0760462
    outer loop
      vertex 37.6866 -51.595 31.7868
      vertex 37.5405 -51.7986 34.9847
      vertex 37.6866 -51.9641 34.9655
    endloop
  endfacet
  facet normal 0.896693 0.439696 0.0510715
    outer loop
      vertex 36.4624 -50.1958 35.1708
      vertex 36.3643 -49.6292 32.0151
      vertex 36.3643 -49.9984 35.1937
    endloop
  endfacet
  facet normal 0.89686 0.439364 0.0510067
    outer loop
      vertex 36.3643 -49.6292 32.0151
      vertex 36.4624 -50.1958 35.1708
      vertex 36.6192 -50.1426 31.9555
    endloop
  endfacet
  facet normal 0.94694 0.319265 0.0370701
    outer loop
      vertex 36.2931 -49.7899 35.2179
      vertex 36.3643 -49.6292 32.0151
      vertex 36.1791 -49.0872 32.078
    endloop
  endfacet
  facet normal 0.947001 0.319086 0.0370625
    outer loop
      vertex 36.3643 -49.6292 32.0151
      vertex 36.2931 -49.7899 35.2179
      vertex 36.3643 -49.9984 35.1937
    endloop
  endfacet
  facet normal 0.997858 -0.0649833 -0.00754769
    outer loop
      vertex 35.9522 -46.8887 35.5549
      vertex 35.9 -47.3104 32.2844
      vertex 35.9522 -46.5195 32.3762
    endloop
  endfacet
  facet normal 0.997858 -0.0649823 -0.00754781
    outer loop
      vertex 35.9 -47.3104 32.2844
      vertex 35.9522 -46.8887 35.5549
      vertex 35.9 -47.6796 35.463
    endloop
  endfacet
  facet normal 0.980792 -0.193756 -0.0224908
    outer loop
      vertex 35.9954 -46.6727 35.5799
      vertex 35.9522 -46.5195 32.3762
      vertex 36.0646 -45.9581 32.4414
    endloop
  endfacet
  facet normal 0.98083 -0.193564 -0.0224821
    outer loop
      vertex 35.9522 -46.5195 32.3762
      vertex 35.9954 -46.6727 35.5799
      vertex 35.9522 -46.8887 35.5549
    endloop
  endfacet
  facet normal 0.751841 -0.654944 -0.0760499
    outer loop
      vertex 37.6866 -43.395 35.9606
      vertex 37.1605 -43.6218 32.7127
      vertex 37.6866 -43.0259 32.7819
    endloop
  endfacet
  facet normal 0.751841 -0.654944 -0.0760499
    outer loop
      vertex 37.1605 -43.6218 32.7127
      vertex 37.6866 -43.395 35.9606
      vertex 37.1605 -43.9909 35.8914
    endloop
  endfacet
  facet normal 0.896888 -0.439307 -0.0510124
    outer loop
      vertex 36.7172 -44.6499 35.8148
      vertex 36.3643 -44.9917 32.5537
      vertex 36.7172 -44.2808 32.6362
    endloop
  endfacet
  facet normal 0.896888 -0.439307 -0.0510124
    outer loop
      vertex 36.3643 -44.9917 32.5537
      vertex 36.7172 -44.6499 35.8148
      vertex 36.3643 -45.3608 35.7323
    endloop
  endfacet
  facet normal -0.946958 -0.319211 -0.0370669
    outer loop
      vertex 47.8921 -45.7422 32.4665
      vertex 47.6357 -45.3608 35.7323
      vertex 47.6357 -44.9917 32.5537
    endloop
  endfacet
  facet normal -0.946958 -0.319211 -0.0370669
    outer loop
      vertex 47.6357 -45.3608 35.7323
      vertex 47.8921 -45.7422 32.4665
      vertex 47.8921 -46.1113 35.6451
    endloop
  endfacet
  facet normal -0.980727 0.194081 0.0225367
    outer loop
      vertex 47.8921 -49.2478 35.2809
      vertex 47.9354 -48.6628 32.1273
      vertex 47.8921 -48.8787 32.1023
    endloop
  endfacet
  facet normal -0.980759 0.193922 0.0225069
    outer loop
      vertex 47.9354 -48.6628 32.1273
      vertex 47.8921 -49.2478 35.2809
      vertex 48.0046 -48.6864 35.3461
    endloop
  endfacet
  facet normal 0.751645 0.655166 0.0760756
    outer loop
      vertex 37.1605 -51.3682 35.0347
      vertex 37.3067 -51.1646 31.8368
      vertex 37.1605 -50.9991 31.856
    endloop
  endfacet
  facet normal 0.75183 0.654954 0.0760706
    outer loop
      vertex 37.3067 -51.1646 31.8368
      vertex 37.1605 -51.3682 35.0347
      vertex 37.5405 -51.7986 34.9847
    endloop
  endfacet
  facet normal 0.659294 -0.746867 -0.0867237
    outer loop
      vertex 37.6866 -43.395 35.9606
      vertex 38.2866 -42.5033 32.8426
      vertex 38.2866 -42.8724 36.0213
    endloop
  endfacet
  facet normal 0.659294 -0.746867 -0.0867237
    outer loop
      vertex 38.2866 -42.5033 32.8426
      vertex 37.6866 -43.395 35.9606
      vertex 37.6866 -43.0259 32.7819
    endloop
  endfacet
  facet normal 0.555558 -0.825928 -0.095907
    outer loop
      vertex 38.2866 -42.8724 36.0213
      vertex 38.95 -42.063 32.8938
      vertex 38.95 -42.4321 36.0724
    endloop
  endfacet
  facet normal 0.555568 -0.825922 -0.0959033
    outer loop
      vertex 38.95 -42.063 32.8938
      vertex 38.2866 -42.8724 36.0213
      vertex 38.2866 -42.5033 32.8426
    endloop
  endfacet
  facet normal 0.831612 -0.55165 -0.0640557
    outer loop
      vertex 37.0374 -44.174 35.8701
      vertex 37.1605 -43.6218 32.7127
      vertex 37.1605 -43.9909 35.8914
    endloop
  endfacet
  facet normal 0.831484 -0.551839 -0.0640938
    outer loop
      vertex 37.1605 -43.6218 32.7127
      vertex 37.0374 -44.174 35.8701
      vertex 36.8404 -44.0977 32.6575
    endloop
  endfacet
  facet normal -0.89686 0.439364 0.0510067
    outer loop
      vertex 85.5376 -50.1958 35.1708
      vertex 85.6357 -49.6292 32.0151
      vertex 85.3808 -50.1426 31.9555
    endloop
  endfacet
  facet normal -0.896693 0.439696 0.0510715
    outer loop
      vertex 85.6357 -49.6292 32.0151
      vertex 85.5376 -50.1958 35.1708
      vertex 85.6357 -49.9984 35.1937
    endloop
  endfacet
  facet normal -0.997858 -0.0649833 -0.00754769
    outer loop
      vertex 86.1 -47.3104 32.2844
      vertex 86.0478 -46.8887 35.5549
      vertex 86.0478 -46.5195 32.3762
    endloop
  endfacet
  facet normal -0.997858 -0.0649823 -0.00754781
    outer loop
      vertex 86.0478 -46.8887 35.5549
      vertex 86.1 -47.3104 32.2844
      vertex 86.1 -47.6796 35.463
    endloop
  endfacet
  facet normal 0.065332 -0.991203 -0.115101
    outer loop
      vertex 79.2038 -41.6721 36.1607
      vertex 79.425 -41.2886 32.9837
      vertex 79.7788 -41.6347 36.165
    endloop
  endfacet
  facet normal 0.065411 -0.991199 -0.115095
    outer loop
      vertex 79.425 -41.2886 32.9837
      vertex 79.2038 -41.6721 36.1607
      vertex 79.2038 -41.303 32.982
    endloop
  endfacet
  facet normal 0.980792 0.193754 0.0225063
    outer loop
      vertex 74.1078 -49.2478 35.2809
      vertex 74.0646 -48.6628 32.1273
      vertex 73.9954 -48.6864 35.3461
    endloop
  endfacet
  facet normal 0.980813 0.19365 0.0224867
    outer loop
      vertex 74.0646 -48.6628 32.1273
      vertex 74.1078 -49.2478 35.2809
      vertex 74.1078 -48.8787 32.1023
    endloop
  endfacet
  facet normal 0.946869 0.319474 0.0370974
    outer loop
      vertex 74.1078 -49.2478 35.2809
      vertex 74.1791 -49.0872 32.078
      vertex 74.1078 -48.8787 32.1023
    endloop
  endfacet
  facet normal 0.946907 0.31936 0.0370925
    outer loop
      vertex 74.1791 -49.0872 32.078
      vertex 74.1078 -49.2478 35.2809
      vertex 74.2931 -49.7899 35.2179
    endloop
  endfacet
  facet normal 0.980792 -0.193756 -0.0224908
    outer loop
      vertex 73.9954 -46.6727 35.5799
      vertex 73.9522 -46.5195 32.3762
      vertex 74.0646 -45.9581 32.4414
    endloop
  endfacet
  facet normal 0.98083 -0.193564 -0.0224821
    outer loop
      vertex 73.9522 -46.5195 32.3762
      vertex 73.9954 -46.6727 35.5799
      vertex 73.9522 -46.8887 35.5549
    endloop
  endfacet
  facet normal -0.831404 -0.551959 -0.0640937
    outer loop
      vertex 85.2828 -44.6499 35.8148
      vertex 85.1596 -44.0977 32.6575
      vertex 85.2828 -44.2808 32.6362
    endloop
  endfacet
  facet normal -0.83141 -0.551951 -0.0640919
    outer loop
      vertex 85.1596 -44.0977 32.6575
      vertex 85.2828 -44.6499 35.8148
      vertex 84.9626 -44.174 35.8701
    endloop
  endfacet
  facet normal -0.659294 -0.746867 -0.0867237
    outer loop
      vertex 83.7134 -42.5033 32.8426
      vertex 84.3134 -43.395 35.9606
      vertex 83.7134 -42.8724 36.0213
    endloop
  endfacet
  facet normal -0.659294 -0.746867 -0.0867237
    outer loop
      vertex 84.3134 -43.395 35.9606
      vertex 83.7134 -42.5033 32.8426
      vertex 84.3134 -43.0259 32.7819
    endloop
  endfacet
  facet normal -0.751916 0.654858 0.0760449
    outer loop
      vertex 84.3134 -51.595 31.7868
      vertex 84.4595 -51.7986 34.9847
      vertex 84.6933 -51.1646 31.8368
    endloop
  endfacet
  facet normal -0.751869 0.654912 0.0760462
    outer loop
      vertex 84.4595 -51.7986 34.9847
      vertex 84.3134 -51.595 31.7868
      vertex 84.3134 -51.9641 34.9655
    endloop
  endfacet
  facet normal -0.0653592 0.991202 0.115095
    outer loop
      vertex 80.575 -53.3323 31.5851
      vertex 80.7962 -53.687 34.7654
      vertex 80.7962 -53.3179 31.5867
    endloop
  endfacet
  facet normal -0.0655236 0.99119 0.115105
    outer loop
      vertex 80.7962 -53.687 34.7654
      vertex 80.575 -53.3323 31.5851
      vertex 80.2212 -53.7245 34.761
    endloop
  endfacet
  facet normal 0.32144 -0.940608 -0.109243
    outer loop
      vertex 78.2113 -41.5284 32.9558
      vertex 78.4212 -41.8268 36.1427
      vertex 77.8755 -42.0108 36.1213
    endloop
  endfacet
  facet normal 0.321574 -0.940561 -0.109248
    outer loop
      vertex 78.4212 -41.8268 36.1427
      vertex 78.2113 -41.5284 32.9558
      vertex 78.4212 -41.4576 32.9641
    endloop
  endfacet
  facet normal -0.065411 -0.991199 -0.115095
    outer loop
      vertex 80 -41.2512 32.988
      vertex 80.2212 -41.6347 36.165
      vertex 80 -41.6203 36.1667
    endloop
  endfacet
  facet normal -0.065332 -0.991203 -0.115101
    outer loop
      vertex 80.2212 -41.6347 36.165
      vertex 80 -41.2512 32.988
      vertex 80.575 -41.2886 32.9837
    endloop
  endfacet
  facet normal -0.321422 -0.940613 -0.109246
    outer loop
      vertex 82.3344 -41.7124 32.9345
      vertex 82.1245 -42.0108 36.1213
      vertex 81.7887 -41.5284 32.9558
    endloop
  endfacet
  facet normal -0.321126 -0.940715 -0.109236
    outer loop
      vertex 82.1245 -42.0108 36.1213
      vertex 82.3344 -41.7124 32.9345
      vertex 82.3344 -42.0815 36.1131
    endloop
  endfacet
  facet normal -0.659286 0.746874 0.0867272
    outer loop
      vertex 83.8801 -51.9724 31.743
      vertex 83.7134 -52.4867 34.9048
      vertex 84.1467 -52.1093 34.9486
    endloop
  endfacet
  facet normal -0.659316 0.746848 0.0867215
    outer loop
      vertex 83.7134 -52.4867 34.9048
      vertex 83.8801 -51.9724 31.743
      vertex 83.7134 -52.1176 31.7261
    endloop
  endfacet
  facet normal 0.94694 0.319265 0.0370701
    outer loop
      vertex 74.2931 -49.7899 35.2179
      vertex 74.3643 -49.6292 32.0151
      vertex 74.1791 -49.0872 32.078
    endloop
  endfacet
  facet normal 0.947001 0.319086 0.0370625
    outer loop
      vertex 74.3643 -49.6292 32.0151
      vertex 74.2931 -49.7899 35.2179
      vertex 74.3643 -49.9984 35.1937
    endloop
  endfacet
  facet normal -0.89697 0.439141 0.0509915
    outer loop
      vertex 85.2828 -50.7092 35.1112
      vertex 85.3808 -50.1426 31.9555
      vertex 85.2828 -50.3401 31.9325
    endloop
  endfacet
  facet normal -0.896929 0.439224 0.0510077
    outer loop
      vertex 85.3808 -50.1426 31.9555
      vertex 85.2828 -50.7092 35.1112
      vertex 85.5376 -50.1958 35.1708
    endloop
  endfacet
  facet normal -0.321464 0.940602 0.109223
    outer loop
      vertex 82.3344 -52.9085 31.6343
      vertex 81.5788 -53.5324 34.7833
      vertex 82.3344 -53.2776 34.8129
    endloop
  endfacet
  facet normal -0.321464 0.940602 0.109223
    outer loop
      vertex 81.5788 -53.5324 34.7833
      vertex 82.3344 -52.9085 31.6343
      vertex 81.5788 -53.1633 31.6047
    endloop
  endfacet
  facet normal 0.065411 -0.991199 -0.115095
    outer loop
      vertex 79.7788 -41.6347 36.165
      vertex 80 -41.2512 32.988
      vertex 80 -41.6203 36.1667
    endloop
  endfacet
  facet normal 0.065332 -0.991203 -0.115101
    outer loop
      vertex 80 -41.2512 32.988
      vertex 79.7788 -41.6347 36.165
      vertex 79.425 -41.2886 32.9837
    endloop
  endfacet
  facet normal 0.997858 -0.0649833 -0.00754769
    outer loop
      vertex 73.9522 -46.8887 35.5549
      vertex 73.9 -47.3104 32.2844
      vertex 73.9522 -46.5195 32.3762
    endloop
  endfacet
  facet normal 0.997858 -0.0649823 -0.00754781
    outer loop
      vertex 73.9 -47.3104 32.2844
      vertex 73.9522 -46.8887 35.5549
      vertex 73.9 -47.6796 35.463
    endloop
  endfacet
  facet normal 0.751645 0.655166 0.0760756
    outer loop
      vertex 75.1605 -51.3682 35.0347
      vertex 75.3067 -51.1646 31.8368
      vertex 75.1605 -50.9991 31.856
    endloop
  endfacet
  facet normal 0.75183 0.654954 0.0760706
    outer loop
      vertex 75.3067 -51.1646 31.8368
      vertex 75.1605 -51.3682 35.0347
      vertex 75.5405 -51.7986 34.9847
    endloop
  endfacet
  facet normal 0.321126 -0.940715 -0.109236
    outer loop
      vertex 77.6656 -41.7124 32.9345
      vertex 77.8755 -42.0108 36.1213
      vertex 77.6656 -42.0815 36.1131
    endloop
  endfacet
  facet normal 0.321422 -0.940613 -0.109246
    outer loop
      vertex 77.8755 -42.0108 36.1213
      vertex 77.6656 -41.7124 32.9345
      vertex 78.2113 -41.5284 32.9558
    endloop
  endfacet
  facet normal -0.831484 -0.551839 -0.0640938
    outer loop
      vertex 84.9626 -44.174 35.8701
      vertex 84.8395 -43.6218 32.7127
      vertex 85.1596 -44.0977 32.6575
    endloop
  endfacet
  facet normal -0.831612 -0.55165 -0.0640557
    outer loop
      vertex 84.8395 -43.6218 32.7127
      vertex 84.9626 -44.174 35.8701
      vertex 84.8395 -43.9909 35.8914
    endloop
  endfacet
  facet normal -0.751841 -0.654944 -0.0760499
    outer loop
      vertex 84.8395 -43.6218 32.7127
      vertex 84.3134 -43.395 35.9606
      vertex 84.3134 -43.0259 32.7819
    endloop
  endfacet
  facet normal -0.751841 -0.654944 -0.0760499
    outer loop
      vertex 84.3134 -43.395 35.9606
      vertex 84.8395 -43.6218 32.7127
      vertex 84.8395 -43.9909 35.8914
    endloop
  endfacet
  facet normal -0.980815 -0.19364 -0.0224855
    outer loop
      vertex 85.9354 -45.9581 32.4414
      vertex 85.8922 -46.1113 35.6451
      vertex 85.8922 -45.7422 32.4665
    endloop
  endfacet
  facet normal -0.980792 -0.193756 -0.0224908
    outer loop
      vertex 85.8922 -46.1113 35.6451
      vertex 85.9354 -45.9581 32.4414
      vertex 86.0046 -46.6727 35.5799
    endloop
  endfacet
  facet normal -0.980792 -0.193756 -0.0224908
    outer loop
      vertex 86.0478 -46.5195 32.3762
      vertex 86.0046 -46.6727 35.5799
      vertex 85.9354 -45.9581 32.4414
    endloop
  endfacet
  facet normal -0.98083 -0.193564 -0.0224821
    outer loop
      vertex 86.0046 -46.6727 35.5799
      vertex 86.0478 -46.5195 32.3762
      vertex 86.0478 -46.8887 35.5549
    endloop
  endfacet
  facet normal -0.321574 -0.940561 -0.109248
    outer loop
      vertex 81.7887 -41.5284 32.9558
      vertex 81.5788 -41.8268 36.1427
      vertex 81.5788 -41.4576 32.9641
    endloop
  endfacet
  facet normal -0.32144 -0.940608 -0.109243
    outer loop
      vertex 81.5788 -41.8268 36.1427
      vertex 81.7887 -41.5284 32.9558
      vertex 82.1245 -42.0108 36.1213
    endloop
  endfacet
  facet normal -0.980798 0.193721 0.0225062
    outer loop
      vertex 86.0046 -48.6864 35.3461
      vertex 86.0478 -48.1013 32.1925
      vertex 85.9354 -48.6628 32.1273
    endloop
  endfacet
  facet normal -0.980815 0.193639 0.0224908
    outer loop
      vertex 86.0478 -48.1013 32.1925
      vertex 86.0046 -48.6864 35.3461
      vertex 86.0478 -48.4705 35.3712
    endloop
  endfacet
  facet normal -0.751645 0.655166 0.0760756
    outer loop
      vertex 84.6933 -51.1646 31.8368
      vertex 84.8395 -51.3682 35.0347
      vertex 84.8395 -50.9991 31.856
    endloop
  endfacet
  facet normal -0.75183 0.654954 0.0760706
    outer loop
      vertex 84.8395 -51.3682 35.0347
      vertex 84.6933 -51.1646 31.8368
      vertex 84.4595 -51.7986 34.9847
    endloop
  endfacet
  facet normal 0.659316 0.746848 0.0867215
    outer loop
      vertex 75.8533 -52.1093 34.9486
      vertex 75.6866 -51.595 31.7868
      vertex 75.6866 -51.9641 34.9655
    endloop
  endfacet
  facet normal 0.659286 0.746874 0.0867272
    outer loop
      vertex 75.6866 -51.595 31.7868
      vertex 75.8533 -52.1093 34.9486
      vertex 76.1199 -51.9724 31.743
    endloop
  endfacet
  facet normal 0.659286 0.746874 0.0867272
    outer loop
      vertex 76.2866 -52.4867 34.9048
      vertex 76.1199 -51.9724 31.743
      vertex 75.8533 -52.1093 34.9486
    endloop
  endfacet
  facet normal 0.659316 0.746848 0.0867215
    outer loop
      vertex 76.1199 -51.9724 31.743
      vertex 76.2866 -52.4867 34.9048
      vertex 76.2866 -52.1176 31.7261
    endloop
  endfacet
  facet normal 0.997858 0.0649817 0.00754774
    outer loop
      vertex 73.9 -47.6796 35.463
      vertex 73.9145 -47.5301 32.2589
      vertex 73.9 -47.3104 32.2844
    endloop
  endfacet
  facet normal 0.997858 0.0649839 0.00754784
    outer loop
      vertex 73.9145 -47.5301 32.2589
      vertex 73.9 -47.6796 35.463
      vertex 73.9377 -48.2508 35.3967
    endloop
  endfacet
  facet normal 0.321464 0.940602 0.109223
    outer loop
      vertex 78.4212 -53.5324 34.7833
      vertex 77.6656 -52.9085 31.6343
      vertex 77.6656 -53.2776 34.8129
    endloop
  endfacet
  facet normal 0.321464 0.940602 0.109223
    outer loop
      vertex 77.6656 -52.9085 31.6343
      vertex 78.4212 -53.5324 34.7833
      vertex 78.4212 -53.1633 31.6047
    endloop
  endfacet
  facet normal 0.442349 -0.890857 -0.103447
    outer loop
      vertex 76.95 -42.4321 36.0724
      vertex 77.6656 -41.7124 32.9345
      vertex 77.6656 -42.0815 36.1131
    endloop
  endfacet
  facet normal 0.442349 -0.890857 -0.103447
    outer loop
      vertex 77.6656 -41.7124 32.9345
      vertex 76.95 -42.4321 36.0724
      vertex 76.95 -42.063 32.8938
    endloop
  endfacet
  facet normal 0.980815 0.193639 0.0224908
    outer loop
      vertex 73.9954 -48.6864 35.3461
      vertex 73.9522 -48.1013 32.1925
      vertex 73.9522 -48.4705 35.3712
    endloop
  endfacet
  facet normal 0.980798 0.193721 0.0225062
    outer loop
      vertex 73.9522 -48.1013 32.1925
      vertex 73.9954 -48.6864 35.3461
      vertex 74.0646 -48.6628 32.1273
    endloop
  endfacet
  facet normal -0.195181 -0.974222 -0.113123
    outer loop
      vertex 80.7962 -41.303 32.982
      vertex 81.5788 -41.8268 36.1427
      vertex 80.7962 -41.6721 36.1607
    endloop
  endfacet
  facet normal -0.195047 -0.974244 -0.11316
    outer loop
      vertex 81.5788 -41.8268 36.1427
      vertex 80.7962 -41.303 32.982
      vertex 81.5788 -41.4576 32.9641
    endloop
  endfacet
  facet normal -0.065332 -0.991203 -0.115101
    outer loop
      vertex 80.575 -41.2886 32.9837
      vertex 80.7962 -41.6721 36.1607
      vertex 80.2212 -41.6347 36.165
    endloop
  endfacet
  facet normal -0.065411 -0.991199 -0.115095
    outer loop
      vertex 80.7962 -41.6721 36.1607
      vertex 80.575 -41.2886 32.9837
      vertex 80.7962 -41.303 32.982
    endloop
  endfacet
  facet normal -0.555558 -0.825928 -0.095907
    outer loop
      vertex 83.05 -42.063 32.8938
      vertex 83.7134 -42.8724 36.0213
      vertex 83.05 -42.4321 36.0724
    endloop
  endfacet
  facet normal -0.555568 -0.825922 -0.0959033
    outer loop
      vertex 83.7134 -42.8724 36.0213
      vertex 83.05 -42.063 32.8938
      vertex 83.7134 -42.5033 32.8426
    endloop
  endfacet
  facet normal -0.997858 0.0649826 0.00754754
    outer loop
      vertex 86.0478 -48.1013 32.1925
      vertex 86.0623 -48.2508 35.3967
      vertex 86.0855 -47.5301 32.2589
    endloop
  endfacet
  facet normal -0.997858 0.0649817 0.0075475
    outer loop
      vertex 86.0623 -48.2508 35.3967
      vertex 86.0478 -48.1013 32.1925
      vertex 86.0478 -48.4705 35.3712
    endloop
  endfacet
  facet normal -0.997858 0.0649817 0.00754774
    outer loop
      vertex 86.0855 -47.5301 32.2589
      vertex 86.1 -47.6796 35.463
      vertex 86.1 -47.3104 32.2844
    endloop
  endfacet
  facet normal -0.997858 0.0649839 0.00754784
    outer loop
      vertex 86.1 -47.6796 35.463
      vertex 86.0855 -47.5301 32.2589
      vertex 86.0623 -48.2508 35.3967
    endloop
  endfacet
  facet normal -0.831462 0.551874 0.0640817
    outer loop
      vertex 84.8395 -50.9991 31.856
      vertex 85.2828 -50.7092 35.1112
      vertex 85.2828 -50.3401 31.9325
    endloop
  endfacet
  facet normal -0.831462 0.551874 0.0640817
    outer loop
      vertex 85.2828 -50.7092 35.1112
      vertex 84.8395 -50.9991 31.856
      vertex 84.8395 -51.3682 35.0347
    endloop
  endfacet
  facet normal -0.659316 0.746848 0.0867215
    outer loop
      vertex 84.3134 -51.595 31.7868
      vertex 84.1467 -52.1093 34.9486
      vertex 84.3134 -51.9641 34.9655
    endloop
  endfacet
  facet normal -0.659286 0.746874 0.0867272
    outer loop
      vertex 84.1467 -52.1093 34.9486
      vertex 84.3134 -51.595 31.7868
      vertex 83.8801 -51.9724 31.743
    endloop
  endfacet
  facet normal 0.555654 0.825865 0.0958967
    outer loop
      vertex 76.95 -52.9271 34.8536
      vertex 76.2866 -52.1176 31.7261
      vertex 76.2866 -52.4867 34.9048
    endloop
  endfacet
  facet normal 0.555558 0.825925 0.0959327
    outer loop
      vertex 76.2866 -52.1176 31.7261
      vertex 76.95 -52.9271 34.8536
      vertex 76.95 -52.5579 31.675
    endloop
  endfacet
  facet normal -0.065352 0.991199 0.115125
    outer loop
      vertex 80 -53.3697 31.5807
      vertex 80.2212 -53.7245 34.761
      vertex 80.575 -53.3323 31.5851
    endloop
  endfacet
  facet normal -0.0653592 0.991198 0.115126
    outer loop
      vertex 80.2212 -53.7245 34.761
      vertex 80 -53.3697 31.5807
      vertex 80 -53.7389 34.7594
    endloop
  endfacet
  facet normal 0.751916 0.654858 0.0760449
    outer loop
      vertex 75.5405 -51.7986 34.9847
      vertex 75.6866 -51.595 31.7868
      vertex 75.3067 -51.1646 31.8368
    endloop
  endfacet
  facet normal 0.751869 0.654912 0.0760462
    outer loop
      vertex 75.6866 -51.595 31.7868
      vertex 75.5405 -51.7986 34.9847
      vertex 75.6866 -51.9641 34.9655
    endloop
  endfacet
  facet normal 0.896929 0.439224 0.0510077
    outer loop
      vertex 74.7172 -50.7092 35.1112
      vertex 74.6192 -50.1426 31.9555
      vertex 74.4624 -50.1958 35.1708
    endloop
  endfacet
  facet normal 0.89697 0.439141 0.0509915
    outer loop
      vertex 74.6192 -50.1426 31.9555
      vertex 74.7172 -50.7092 35.1112
      vertex 74.7172 -50.3401 31.9325
    endloop
  endfacet
  facet normal 0.751841 -0.654944 -0.0760499
    outer loop
      vertex 75.6866 -43.395 35.9606
      vertex 75.1605 -43.6218 32.7127
      vertex 75.6866 -43.0259 32.7819
    endloop
  endfacet
  facet normal 0.751841 -0.654944 -0.0760499
    outer loop
      vertex 75.1605 -43.6218 32.7127
      vertex 75.6866 -43.395 35.9606
      vertex 75.1605 -43.9909 35.8914
    endloop
  endfacet
  facet normal 0.94692 -0.319323 -0.0370799
    outer loop
      vertex 74.3643 -45.3608 35.7323
      vertex 74.1078 -45.7422 32.4665
      vertex 74.3643 -44.9917 32.5537
    endloop
  endfacet
  facet normal 0.94692 -0.319323 -0.0370799
    outer loop
      vertex 74.1078 -45.7422 32.4665
      vertex 74.3643 -45.3608 35.7323
      vertex 74.1078 -46.1113 35.6451
    endloop
  endfacet
  facet normal 0.980815 -0.19364 -0.0224855
    outer loop
      vertex 74.1078 -46.1113 35.6451
      vertex 74.0646 -45.9581 32.4414
      vertex 74.1078 -45.7422 32.4665
    endloop
  endfacet
  facet normal 0.980792 -0.193756 -0.0224908
    outer loop
      vertex 74.0646 -45.9581 32.4414
      vertex 74.1078 -46.1113 35.6451
      vertex 73.9954 -46.6727 35.5799
    endloop
  endfacet
  facet normal -0.442349 -0.890857 -0.103447
    outer loop
      vertex 82.3344 -41.7124 32.9345
      vertex 83.05 -42.4321 36.0724
      vertex 82.3344 -42.0815 36.1131
    endloop
  endfacet
  facet normal -0.442349 -0.890857 -0.103447
    outer loop
      vertex 83.05 -42.4321 36.0724
      vertex 82.3344 -41.7124 32.9345
      vertex 83.05 -42.063 32.8938
    endloop
  endfacet
  facet normal 0.997858 0.0649826 0.00754754
    outer loop
      vertex 73.9377 -48.2508 35.3967
      vertex 73.9522 -48.1013 32.1925
      vertex 73.9145 -47.5301 32.2589
    endloop
  endfacet
  facet normal 0.997858 0.0649817 0.0075475
    outer loop
      vertex 73.9522 -48.1013 32.1925
      vertex 73.9377 -48.2508 35.3967
      vertex 73.9522 -48.4705 35.3712
    endloop
  endfacet
  facet normal 0.83141 -0.551951 -0.0640919
    outer loop
      vertex 74.7172 -44.6499 35.8148
      vertex 74.8404 -44.0977 32.6575
      vertex 75.0374 -44.174 35.8701
    endloop
  endfacet
  facet normal 0.831404 -0.551959 -0.0640937
    outer loop
      vertex 74.8404 -44.0977 32.6575
      vertex 74.7172 -44.6499 35.8148
      vertex 74.7172 -44.2808 32.6362
    endloop
  endfacet
  facet normal 0.195181 -0.974222 -0.113123
    outer loop
      vertex 78.4212 -41.8268 36.1427
      vertex 79.2038 -41.303 32.982
      vertex 79.2038 -41.6721 36.1607
    endloop
  endfacet
  facet normal 0.195047 -0.974244 -0.11316
    outer loop
      vertex 79.2038 -41.303 32.982
      vertex 78.4212 -41.8268 36.1427
      vertex 78.4212 -41.4576 32.9641
    endloop
  endfacet
  facet normal -0.896888 -0.439307 -0.0510124
    outer loop
      vertex 85.6357 -44.9917 32.5537
      vertex 85.2828 -44.6499 35.8148
      vertex 85.2828 -44.2808 32.6362
    endloop
  endfacet
  facet normal -0.896888 -0.439307 -0.0510124
    outer loop
      vertex 85.2828 -44.6499 35.8148
      vertex 85.6357 -44.9917 32.5537
      vertex 85.6357 -45.3608 35.7323
    endloop
  endfacet
  facet normal -0.94694 0.319265 0.0370701
    outer loop
      vertex 85.6357 -49.6292 32.0151
      vertex 85.7069 -49.7899 35.2179
      vertex 85.8209 -49.0872 32.078
    endloop
  endfacet
  facet normal -0.947001 0.319086 0.0370625
    outer loop
      vertex 85.7069 -49.7899 35.2179
      vertex 85.6357 -49.6292 32.0151
      vertex 85.6357 -49.9984 35.1937
    endloop
  endfacet
  facet normal -0.195047 0.974248 0.11313
    outer loop
      vertex 81.5788 -53.1633 31.6047
      vertex 80.7962 -53.687 34.7654
      vertex 81.5788 -53.5324 34.7833
    endloop
  endfacet
  facet normal -0.195061 0.974245 0.113126
    outer loop
      vertex 80.7962 -53.687 34.7654
      vertex 81.5788 -53.1633 31.6047
      vertex 80.7962 -53.3179 31.5867
    endloop
  endfacet
  facet normal -0.44235 0.890857 0.103446
    outer loop
      vertex 82.5332 -52.8111 31.6456
      vertex 82.3344 -53.2776 34.8129
      vertex 82.8512 -53.0244 34.8423
    endloop
  endfacet
  facet normal -0.442347 0.890858 0.103447
    outer loop
      vertex 82.3344 -53.2776 34.8129
      vertex 82.5332 -52.8111 31.6456
      vertex 82.3344 -52.9085 31.6343
    endloop
  endfacet
  facet normal -0.946869 0.319474 0.0370974
    outer loop
      vertex 85.8209 -49.0872 32.078
      vertex 85.8922 -49.2478 35.2809
      vertex 85.8922 -48.8787 32.1023
    endloop
  endfacet
  facet normal -0.946907 0.31936 0.0370925
    outer loop
      vertex 85.8922 -49.2478 35.2809
      vertex 85.8209 -49.0872 32.078
      vertex 85.7069 -49.7899 35.2179
    endloop
  endfacet
  facet normal -0.555654 0.825865 0.0958967
    outer loop
      vertex 83.7134 -52.1176 31.7261
      vertex 83.05 -52.9271 34.8536
      vertex 83.7134 -52.4867 34.9048
    endloop
  endfacet
  facet normal -0.555558 0.825925 0.0959327
    outer loop
      vertex 83.05 -52.9271 34.8536
      vertex 83.7134 -52.1176 31.7261
      vertex 83.05 -52.5579 31.675
    endloop
  endfacet
  facet normal -0.441986 0.891031 0.103495
    outer loop
      vertex 83.05 -52.5579 31.675
      vertex 82.8512 -53.0244 34.8423
      vertex 83.05 -52.9271 34.8536
    endloop
  endfacet
  facet normal -0.44235 0.890857 0.103446
    outer loop
      vertex 82.8512 -53.0244 34.8423
      vertex 83.05 -52.5579 31.675
      vertex 82.5332 -52.8111 31.6456
    endloop
  endfacet
  facet normal 0.0653592 0.991198 0.115126
    outer loop
      vertex 80 -53.3697 31.5807
      vertex 79.7788 -53.7245 34.761
      vertex 80 -53.7389 34.7594
    endloop
  endfacet
  facet normal 0.065352 0.991199 0.115125
    outer loop
      vertex 79.7788 -53.7245 34.761
      vertex 80 -53.3697 31.5807
      vertex 79.425 -53.3323 31.5851
    endloop
  endfacet
  facet normal 0.195047 0.974248 0.11313
    outer loop
      vertex 79.2038 -53.687 34.7654
      vertex 78.4212 -53.1633 31.6047
      vertex 78.4212 -53.5324 34.7833
    endloop
  endfacet
  facet normal 0.195061 0.974245 0.113126
    outer loop
      vertex 78.4212 -53.1633 31.6047
      vertex 79.2038 -53.687 34.7654
      vertex 79.2038 -53.3179 31.5867
    endloop
  endfacet
  facet normal 0.0655236 0.99119 0.115105
    outer loop
      vertex 79.425 -53.3323 31.5851
      vertex 79.2038 -53.687 34.7654
      vertex 79.7788 -53.7245 34.761
    endloop
  endfacet
  facet normal 0.0653592 0.991202 0.115095
    outer loop
      vertex 79.2038 -53.687 34.7654
      vertex 79.425 -53.3323 31.5851
      vertex 79.2038 -53.3179 31.5867
    endloop
  endfacet
  facet normal 0.44235 0.890857 0.103446
    outer loop
      vertex 77.6656 -53.2776 34.8129
      vertex 77.4668 -52.8111 31.6456
      vertex 77.1488 -53.0244 34.8423
    endloop
  endfacet
  facet normal 0.442347 0.890858 0.103447
    outer loop
      vertex 77.4668 -52.8111 31.6456
      vertex 77.6656 -53.2776 34.8129
      vertex 77.6656 -52.9085 31.6343
    endloop
  endfacet
  facet normal 0.896693 0.439696 0.0510715
    outer loop
      vertex 74.4624 -50.1958 35.1708
      vertex 74.3643 -49.6292 32.0151
      vertex 74.3643 -49.9984 35.1937
    endloop
  endfacet
  facet normal 0.89686 0.439364 0.0510067
    outer loop
      vertex 74.3643 -49.6292 32.0151
      vertex 74.4624 -50.1958 35.1708
      vertex 74.6192 -50.1426 31.9555
    endloop
  endfacet
  facet normal 0.831462 0.551874 0.0640817
    outer loop
      vertex 74.7172 -50.7092 35.1112
      vertex 75.1605 -50.9991 31.856
      vertex 74.7172 -50.3401 31.9325
    endloop
  endfacet
  facet normal 0.831462 0.551874 0.0640817
    outer loop
      vertex 75.1605 -50.9991 31.856
      vertex 74.7172 -50.7092 35.1112
      vertex 75.1605 -51.3682 35.0347
    endloop
  endfacet
  facet normal -0.94692 -0.319323 -0.0370799
    outer loop
      vertex 85.8922 -45.7422 32.4665
      vertex 85.6357 -45.3608 35.7323
      vertex 85.6357 -44.9917 32.5537
    endloop
  endfacet
  facet normal -0.94692 -0.319323 -0.0370799
    outer loop
      vertex 85.6357 -45.3608 35.7323
      vertex 85.8922 -45.7422 32.4665
      vertex 85.8922 -46.1113 35.6451
    endloop
  endfacet
  facet normal -0.980813 0.19365 0.0224867
    outer loop
      vertex 85.8922 -49.2478 35.2809
      vertex 85.9354 -48.6628 32.1273
      vertex 85.8922 -48.8787 32.1023
    endloop
  endfacet
  facet normal -0.980792 0.193754 0.0225063
    outer loop
      vertex 85.9354 -48.6628 32.1273
      vertex 85.8922 -49.2478 35.2809
      vertex 86.0046 -48.6864 35.3461
    endloop
  endfacet
  facet normal 0.441986 0.891031 0.103495
    outer loop
      vertex 77.1488 -53.0244 34.8423
      vertex 76.95 -52.5579 31.675
      vertex 76.95 -52.9271 34.8536
    endloop
  endfacet
  facet normal 0.44235 0.890857 0.103446
    outer loop
      vertex 76.95 -52.5579 31.675
      vertex 77.1488 -53.0244 34.8423
      vertex 77.4668 -52.8111 31.6456
    endloop
  endfacet
  facet normal 0.659294 -0.746867 -0.0867237
    outer loop
      vertex 75.6866 -43.395 35.9606
      vertex 76.2866 -42.5033 32.8426
      vertex 76.2866 -42.8724 36.0213
    endloop
  endfacet
  facet normal 0.659294 -0.746867 -0.0867237
    outer loop
      vertex 76.2866 -42.5033 32.8426
      vertex 75.6866 -43.395 35.9606
      vertex 75.6866 -43.0259 32.7819
    endloop
  endfacet
  facet normal 0.896888 -0.439307 -0.0510124
    outer loop
      vertex 74.7172 -44.6499 35.8148
      vertex 74.3643 -44.9917 32.5537
      vertex 74.7172 -44.2808 32.6362
    endloop
  endfacet
  facet normal 0.896888 -0.439307 -0.0510124
    outer loop
      vertex 74.3643 -44.9917 32.5537
      vertex 74.7172 -44.6499 35.8148
      vertex 74.3643 -45.3608 35.7323
    endloop
  endfacet
  facet normal 0.555558 -0.825928 -0.095907
    outer loop
      vertex 76.2866 -42.8724 36.0213
      vertex 76.95 -42.063 32.8938
      vertex 76.95 -42.4321 36.0724
    endloop
  endfacet
  facet normal 0.555568 -0.825922 -0.0959033
    outer loop
      vertex 76.95 -42.063 32.8938
      vertex 76.2866 -42.8724 36.0213
      vertex 76.2866 -42.5033 32.8426
    endloop
  endfacet
  facet normal 0.831612 -0.55165 -0.0640557
    outer loop
      vertex 75.0374 -44.174 35.8701
      vertex 75.1605 -43.6218 32.7127
      vertex 75.1605 -43.9909 35.8914
    endloop
  endfacet
  facet normal 0.831484 -0.551839 -0.0640938
    outer loop
      vertex 75.1605 -43.6218 32.7127
      vertex 75.0374 -44.174 35.8701
      vertex 74.8404 -44.0977 32.6575
    endloop
  endfacet
  facet normal -1 0 0
    outer loop
      vertex -65.25 28.2567 41.0599
      vertex -65.25 41.7836 44.6442
      vertex -65.25 42.0143 42.6576
    endloop
  endfacet
  facet normal -1 0 0
    outer loop
      vertex -65.25 41.7836 44.6442
      vertex -65.25 28.2567 41.0599
      vertex -65.25 28.026 43.0466
    endloop
  endfacet
  facet normal -2.31662e-05 0.11535 -0.993325
    outer loop
      vertex -65.25 28.026 43.0466
      vertex -66 28.1998 43.0668
      vertex -65.25 41.7836 44.6442
    endloop
  endfacet
  facet normal 0 0.115448 -0.993313
    outer loop
      vertex -65.25 28.026 43.0466
      vertex -90 28.1998 43.0668
      vertex -66 28.1998 43.0668
    endloop
  endfacet
  facet normal 4.01717e-06 0.115348 -0.993325
    outer loop
      vertex -90 28.1998 43.0668
      vertex -94.4 28.026 43.0466
      vertex -90 41.6097 44.624
    endloop
  endfacet
  facet normal 0 0.115448 -0.993313
    outer loop
      vertex -94.4 28.026 43.0466
      vertex -90 28.1998 43.0668
      vertex -65.25 28.026 43.0466
    endloop
  endfacet
  facet normal 8.18765e-06 0.115348 -0.993325
    outer loop
      vertex -66 41.6097 44.624
      vertex -65.25 41.7836 44.6442
      vertex -66 28.1998 43.0668
    endloop
  endfacet
  facet normal 0 0.115383 -0.993321
    outer loop
      vertex -90 41.6097 44.624
      vertex -65.25 41.7836 44.6442
      vertex -66 41.6097 44.624
    endloop
  endfacet
  facet normal 0 0.115383 -0.993321
    outer loop
      vertex -90 41.6097 44.624
      vertex -94.4 41.7836 44.6442
      vertex -65.25 41.7836 44.6442
    endloop
  endfacet
  facet normal -1.3272e-06 0.11535 -0.993325
    outer loop
      vertex -94.4 41.7836 44.6442
      vertex -90 41.6097 44.624
      vertex -94.4 28.026 43.0466
    endloop
  endfacet
  facet normal -6.11213e-06 -0.115357 0.993324
    outer loop
      vertex -65.25 42.0143 42.6576
      vertex -66 41.8404 42.6374
      vertex -65.25 28.2567 41.0599
    endloop
  endfacet
  facet normal 0 -0.115383 0.993321
    outer loop
      vertex -65.25 42.0143 42.6576
      vertex -90 41.8404 42.6374
      vertex -66 41.8404 42.6374
    endloop
  endfacet
  facet normal 1.10286e-06 -0.115355 0.993324
    outer loop
      vertex -90 41.8404 42.6374
      vertex -94.4 42.0143 42.6576
      vertex -90 28.4305 41.0801
    endloop
  endfacet
  facet normal 0 -0.115383 0.993321
    outer loop
      vertex -94.4 42.0143 42.6576
      vertex -90 41.8404 42.6374
      vertex -65.25 42.0143 42.6576
    endloop
  endfacet
  facet normal 2.18508e-05 -0.115355 0.993324
    outer loop
      vertex -66 28.4305 41.0801
      vertex -65.25 28.2567 41.0599
      vertex -66 41.8404 42.6374
    endloop
  endfacet
  facet normal 0 -0.115448 0.993313
    outer loop
      vertex -90 28.4305 41.0801
      vertex -65.25 28.2567 41.0599
      vertex -66 28.4305 41.0801
    endloop
  endfacet
  facet normal 0 -0.115448 0.993313
    outer loop
      vertex -90 28.4305 41.0801
      vertex -94.4 28.2567 41.0599
      vertex -65.25 28.2567 41.0599
    endloop
  endfacet
  facet normal -3.66359e-06 -0.115357 0.993324
    outer loop
      vertex -94.4 28.2567 41.0599
      vertex -90 28.4305 41.0801
      vertex -94.4 42.0143 42.6576
    endloop
  endfacet
  facet normal 1 0 0
    outer loop
      vertex -94.4 41.7836 44.6442
      vertex -94.4 28.2567 41.0599
      vertex -94.4 42.0143 42.6576
    endloop
  endfacet
  facet normal 1 0 -0
    outer loop
      vertex -94.4 28.2567 41.0599
      vertex -94.4 41.7836 44.6442
      vertex -94.4 28.026 43.0466
    endloop
  endfacet
  facet normal 0 -0.993325 -0.115353
    outer loop
      vertex -94.4 42.0143 42.6576
      vertex -65.25 41.7836 44.6442
      vertex -94.4 41.7836 44.6442
    endloop
  endfacet
  facet normal 0 -0.993325 -0.115353
    outer loop
      vertex -65.25 41.7836 44.6442
      vertex -94.4 42.0143 42.6576
      vertex -65.25 42.0143 42.6576
    endloop
  endfacet
  facet normal 0 0.993325 0.115347
    outer loop
      vertex -65.25 28.2567 41.0599
      vertex -94.4 28.026 43.0466
      vertex -65.25 28.026 43.0466
    endloop
  endfacet
  facet normal 0 0.993325 0.115347
    outer loop
      vertex -94.4 28.026 43.0466
      vertex -65.25 28.2567 41.0599
      vertex -94.4 28.2567 41.0599
    endloop
  endfacet
  facet normal -1 0 0
    outer loop
      vertex -69.59 44.1549 42.9062
      vertex -69.59 47.0432 45.255
      vertex -69.59 47.2739 43.2684
    endloop
  endfacet
  facet normal -1 0 0
    outer loop
      vertex -69.59 47.0432 45.255
      vertex -69.59 44.1549 42.9062
      vertex -69.59 43.9242 44.8928
    endloop
  endfacet
  facet normal 0 0.115352 -0.993325
    outer loop
      vertex -90.41 43.9242 44.8928
      vertex -69.59 47.0432 45.255
      vertex -69.59 43.9242 44.8928
    endloop
  endfacet
  facet normal 0 0.115352 -0.993325
    outer loop
      vertex -69.59 47.0432 45.255
      vertex -90.41 43.9242 44.8928
      vertex -90.41 47.0432 45.255
    endloop
  endfacet
  facet normal 0 -0.115352 0.993325
    outer loop
      vertex -90.41 47.2739 43.2684
      vertex -69.59 44.1549 42.9062
      vertex -69.59 47.2739 43.2684
    endloop
  endfacet
  facet normal 0 -0.115352 0.993325
    outer loop
      vertex -69.59 44.1549 42.9062
      vertex -90.41 47.2739 43.2684
      vertex -90.41 44.1549 42.9062
    endloop
  endfacet
  facet normal 1 0 0
    outer loop
      vertex -90.41 47.0432 45.255
      vertex -90.41 44.1549 42.9062
      vertex -90.41 47.2739 43.2684
    endloop
  endfacet
  facet normal 1 0 -0
    outer loop
      vertex -90.41 44.1549 42.9062
      vertex -90.41 47.0432 45.255
      vertex -90.41 43.9242 44.8928
    endloop
  endfacet
  facet normal 0 -0.993325 -0.115353
    outer loop
      vertex -90.41 47.2739 43.2684
      vertex -69.59 47.0432 45.255
      vertex -90.41 47.0432 45.255
    endloop
  endfacet
  facet normal 0 -0.993325 -0.115353
    outer loop
      vertex -69.59 47.0432 45.255
      vertex -90.41 47.2739 43.2684
      vertex -69.59 47.2739 43.2684
    endloop
  endfacet
  facet normal 0 0.993325 0.115353
    outer loop
      vertex -69.59 44.1549 42.9062
      vertex -90.41 43.9242 44.8928
      vertex -69.59 43.9242 44.8928
    endloop
  endfacet
  facet normal 0 0.993325 0.115353
    outer loop
      vertex -90.41 43.9242 44.8928
      vertex -69.59 44.1549 42.9062
      vertex -90.41 44.1549 42.9062
    endloop
  endfacet
  facet normal -1 0 0
    outer loop
      vertex -66 28.1998 43.0668
      vertex -66 41.4713 45.816
      vertex -66 41.6097 44.624
    endloop
  endfacet
  facet normal -1 0 0
    outer loop
      vertex -66 41.4713 45.816
      vertex -66 28.1998 43.0668
      vertex -66 28.0614 44.2587
    endloop
  endfacet
  facet normal 1 0 0
    outer loop
      vertex -90 41.4713 45.816
      vertex -90 28.1998 43.0668
      vertex -90 41.6097 44.624
    endloop
  endfacet
  facet normal 1 0 -0
    outer loop
      vertex -90 28.1998 43.0668
      vertex -90 41.4713 45.816
      vertex -90 28.0614 44.2587
    endloop
  endfacet
  facet normal 0 -0.993327 -0.115333
    outer loop
      vertex -90 41.6097 44.624
      vertex -66 41.4713 45.816
      vertex -90 41.4713 45.816
    endloop
  endfacet
  facet normal 0 -0.993327 -0.115333
    outer loop
      vertex -66 41.4713 45.816
      vertex -90 41.6097 44.624
      vertex -66 41.6097 44.624
    endloop
  endfacet
  facet normal 0 0.993326 0.115342
    outer loop
      vertex -66 28.1998 43.0668
      vertex -90 28.0614 44.2587
      vertex -66 28.0614 44.2587
    endloop
  endfacet
  facet normal 0 0.993326 0.115342
    outer loop
      vertex -90 28.0614 44.2587
      vertex -66 28.1998 43.0668
      vertex -90 28.1998 43.0668
    endloop
  endfacet
  facet normal -1 0 0
    outer loop
      vertex -27.25 28.2567 41.0599
      vertex -27.25 41.7836 44.6442
      vertex -27.25 42.0143 42.6576
    endloop
  endfacet
  facet normal -1 0 0
    outer loop
      vertex -27.25 41.7836 44.6442
      vertex -27.25 28.2567 41.0599
      vertex -27.25 28.026 43.0466
    endloop
  endfacet
  facet normal -2.31662e-05 0.11535 -0.993325
    outer loop
      vertex -27.25 28.026 43.0466
      vertex -28 28.1998 43.0668
      vertex -27.25 41.7836 44.6442
    endloop
  endfacet
  facet normal 0 0.115448 -0.993313
    outer loop
      vertex -27.25 28.026 43.0466
      vertex -52 28.1998 43.0668
      vertex -28 28.1998 43.0668
    endloop
  endfacet
  facet normal 4.01717e-06 0.115348 -0.993325
    outer loop
      vertex -52 28.1998 43.0668
      vertex -56.4 28.026 43.0466
      vertex -52 41.6097 44.624
    endloop
  endfacet
  facet normal 0 0.115448 -0.993313
    outer loop
      vertex -56.4 28.026 43.0466
      vertex -52 28.1998 43.0668
      vertex -27.25 28.026 43.0466
    endloop
  endfacet
  facet normal 8.18765e-06 0.115348 -0.993325
    outer loop
      vertex -28 41.6097 44.624
      vertex -27.25 41.7836 44.6442
      vertex -28 28.1998 43.0668
    endloop
  endfacet
  facet normal 0 0.115383 -0.993321
    outer loop
      vertex -52 41.6097 44.624
      vertex -27.25 41.7836 44.6442
      vertex -28 41.6097 44.624
    endloop
  endfacet
  facet normal 0 0.115383 -0.993321
    outer loop
      vertex -52 41.6097 44.624
      vertex -56.4 41.7836 44.6442
      vertex -27.25 41.7836 44.6442
    endloop
  endfacet
  facet normal -1.3272e-06 0.11535 -0.993325
    outer loop
      vertex -56.4 41.7836 44.6442
      vertex -52 41.6097 44.624
      vertex -56.4 28.026 43.0466
    endloop
  endfacet
  facet normal -6.11213e-06 -0.115357 0.993324
    outer loop
      vertex -27.25 42.0143 42.6576
      vertex -28 41.8404 42.6374
      vertex -27.25 28.2567 41.0599
    endloop
  endfacet
  facet normal 0 -0.115383 0.993321
    outer loop
      vertex -27.25 42.0143 42.6576
      vertex -52 41.8404 42.6374
      vertex -28 41.8404 42.6374
    endloop
  endfacet
  facet normal 1.10286e-06 -0.115355 0.993324
    outer loop
      vertex -52 41.8404 42.6374
      vertex -56.4 42.0143 42.6576
      vertex -52 28.4305 41.0801
    endloop
  endfacet
  facet normal 0 -0.115383 0.993321
    outer loop
      vertex -56.4 42.0143 42.6576
      vertex -52 41.8404 42.6374
      vertex -27.25 42.0143 42.6576
    endloop
  endfacet
  facet normal 2.18508e-05 -0.115355 0.993324
    outer loop
      vertex -28 28.4305 41.0801
      vertex -27.25 28.2567 41.0599
      vertex -28 41.8404 42.6374
    endloop
  endfacet
  facet normal 0 -0.115448 0.993313
    outer loop
      vertex -52 28.4305 41.0801
      vertex -27.25 28.2567 41.0599
      vertex -28 28.4305 41.0801
    endloop
  endfacet
  facet normal 0 -0.115448 0.993313
    outer loop
      vertex -52 28.4305 41.0801
      vertex -56.4 28.2567 41.0599
      vertex -27.25 28.2567 41.0599
    endloop
  endfacet
  facet normal -3.66359e-06 -0.115357 0.993324
    outer loop
      vertex -56.4 28.2567 41.0599
      vertex -52 28.4305 41.0801
      vertex -56.4 42.0143 42.6576
    endloop
  endfacet
  facet normal 1 0 0
    outer loop
      vertex -56.4 41.7836 44.6442
      vertex -56.4 28.2567 41.0599
      vertex -56.4 42.0143 42.6576
    endloop
  endfacet
  facet normal 1 0 -0
    outer loop
      vertex -56.4 28.2567 41.0599
      vertex -56.4 41.7836 44.6442
      vertex -56.4 28.026 43.0466
    endloop
  endfacet
  facet normal 0 -0.993325 -0.115353
    outer loop
      vertex -56.4 42.0143 42.6576
      vertex -27.25 41.7836 44.6442
      vertex -56.4 41.7836 44.6442
    endloop
  endfacet
  facet normal 0 -0.993325 -0.115353
    outer loop
      vertex -27.25 41.7836 44.6442
      vertex -56.4 42.0143 42.6576
      vertex -27.25 42.0143 42.6576
    endloop
  endfacet
  facet normal 0 0.993325 0.115347
    outer loop
      vertex -27.25 28.2567 41.0599
      vertex -56.4 28.026 43.0466
      vertex -27.25 28.026 43.0466
    endloop
  endfacet
  facet normal 0 0.993325 0.115347
    outer loop
      vertex -56.4 28.026 43.0466
      vertex -27.25 28.2567 41.0599
      vertex -56.4 28.2567 41.0599
    endloop
  endfacet
  facet normal -1 0 0
    outer loop
      vertex -31.59 44.1549 42.9062
      vertex -31.59 47.0432 45.255
      vertex -31.59 47.2739 43.2684
    endloop
  endfacet
  facet normal -1 0 0
    outer loop
      vertex -31.59 47.0432 45.255
      vertex -31.59 44.1549 42.9062
      vertex -31.59 43.9242 44.8928
    endloop
  endfacet
  facet normal 0 0.115352 -0.993325
    outer loop
      vertex -52.41 43.9242 44.8928
      vertex -31.59 47.0432 45.255
      vertex -31.59 43.9242 44.8928
    endloop
  endfacet
  facet normal 0 0.115352 -0.993325
    outer loop
      vertex -31.59 47.0432 45.255
      vertex -52.41 43.9242 44.8928
      vertex -52.41 47.0432 45.255
    endloop
  endfacet
  facet normal 0 -0.115352 0.993325
    outer loop
      vertex -52.41 47.2739 43.2684
      vertex -31.59 44.1549 42.9062
      vertex -31.59 47.2739 43.2684
    endloop
  endfacet
  facet normal 0 -0.115352 0.993325
    outer loop
      vertex -31.59 44.1549 42.9062
      vertex -52.41 47.2739 43.2684
      vertex -52.41 44.1549 42.9062
    endloop
  endfacet
  facet normal 1 0 0
    outer loop
      vertex -52.41 47.0432 45.255
      vertex -52.41 44.1549 42.9062
      vertex -52.41 47.2739 43.2684
    endloop
  endfacet
  facet normal 1 0 -0
    outer loop
      vertex -52.41 44.1549 42.9062
      vertex -52.41 47.0432 45.255
      vertex -52.41 43.9242 44.8928
    endloop
  endfacet
  facet normal 0 -0.993325 -0.115353
    outer loop
      vertex -52.41 47.2739 43.2684
      vertex -31.59 47.0432 45.255
      vertex -52.41 47.0432 45.255
    endloop
  endfacet
  facet normal 0 -0.993325 -0.115353
    outer loop
      vertex -31.59 47.0432 45.255
      vertex -52.41 47.2739 43.2684
      vertex -31.59 47.2739 43.2684
    endloop
  endfacet
  facet normal 0 0.993325 0.115353
    outer loop
      vertex -31.59 44.1549 42.9062
      vertex -52.41 43.9242 44.8928
      vertex -31.59 43.9242 44.8928
    endloop
  endfacet
  facet normal 0 0.993325 0.115353
    outer loop
      vertex -52.41 43.9242 44.8928
      vertex -31.59 44.1549 42.9062
      vertex -52.41 44.1549 42.9062
    endloop
  endfacet
  facet normal -1 0 0
    outer loop
      vertex -28 28.1998 43.0668
      vertex -28 41.4713 45.816
      vertex -28 41.6097 44.624
    endloop
  endfacet
  facet normal -1 0 0
    outer loop
      vertex -28 41.4713 45.816
      vertex -28 28.1998 43.0668
      vertex -28 28.0614 44.2587
    endloop
  endfacet
  facet normal 1 0 0
    outer loop
      vertex -52 41.4713 45.816
      vertex -52 28.1998 43.0668
      vertex -52 41.6097 44.624
    endloop
  endfacet
  facet normal 1 0 -0
    outer loop
      vertex -52 28.1998 43.0668
      vertex -52 41.4713 45.816
      vertex -52 28.0614 44.2587
    endloop
  endfacet
  facet normal 0 -0.993327 -0.115333
    outer loop
      vertex -52 41.6097 44.624
      vertex -28 41.4713 45.816
      vertex -52 41.4713 45.816
    endloop
  endfacet
  facet normal 0 -0.993327 -0.115333
    outer loop
      vertex -28 41.4713 45.816
      vertex -52 41.6097 44.624
      vertex -28 41.6097 44.624
    endloop
  endfacet
  facet normal 0 0.993326 0.115342
    outer loop
      vertex -28 28.1998 43.0668
      vertex -52 28.0614 44.2587
      vertex -28 28.0614 44.2587
    endloop
  endfacet
  facet normal 0 0.993326 0.115342
    outer loop
      vertex -52 28.0614 44.2587
      vertex -28 28.1998 43.0668
      vertex -52 28.1998 43.0668
    endloop
  endfacet
  facet normal -1 0 0
    outer loop
      vertex 10.75 28.2567 41.0599
      vertex 10.75 41.7836 44.6442
      vertex 10.75 42.0143 42.6576
    endloop
  endfacet
  facet normal -1 0 0
    outer loop
      vertex 10.75 41.7836 44.6442
      vertex 10.75 28.2567 41.0599
      vertex 10.75 28.026 43.0466
    endloop
  endfacet
  facet normal -2.31662e-05 0.11535 -0.993325
    outer loop
      vertex 10.75 28.026 43.0466
      vertex 10 28.1998 43.0668
      vertex 10.75 41.7836 44.6442
    endloop
  endfacet
  facet normal 0 0.115448 -0.993313
    outer loop
      vertex 10.75 28.026 43.0466
      vertex -14 28.1998 43.0668
      vertex 10 28.1998 43.0668
    endloop
  endfacet
  facet normal 4.01717e-06 0.115348 -0.993325
    outer loop
      vertex -14 28.1998 43.0668
      vertex -18.4 28.026 43.0466
      vertex -14 41.6097 44.624
    endloop
  endfacet
  facet normal 0 0.115448 -0.993313
    outer loop
      vertex -18.4 28.026 43.0466
      vertex -14 28.1998 43.0668
      vertex 10.75 28.026 43.0466
    endloop
  endfacet
  facet normal 8.18765e-06 0.115348 -0.993325
    outer loop
      vertex 10 41.6097 44.624
      vertex 10.75 41.7836 44.6442
      vertex 10 28.1998 43.0668
    endloop
  endfacet
  facet normal 0 0.115383 -0.993321
    outer loop
      vertex -14 41.6097 44.624
      vertex 10.75 41.7836 44.6442
      vertex 10 41.6097 44.624
    endloop
  endfacet
  facet normal 0 0.115383 -0.993321
    outer loop
      vertex -14 41.6097 44.624
      vertex -18.4 41.7836 44.6442
      vertex 10.75 41.7836 44.6442
    endloop
  endfacet
  facet normal -1.3272e-06 0.11535 -0.993325
    outer loop
      vertex -18.4 41.7836 44.6442
      vertex -14 41.6097 44.624
      vertex -18.4 28.026 43.0466
    endloop
  endfacet
  facet normal -6.11213e-06 -0.115357 0.993324
    outer loop
      vertex 10.75 42.0143 42.6576
      vertex 10 41.8404 42.6374
      vertex 10.75 28.2567 41.0599
    endloop
  endfacet
  facet normal 0 -0.115383 0.993321
    outer loop
      vertex 10.75 42.0143 42.6576
      vertex -14 41.8404 42.6374
      vertex 10 41.8404 42.6374
    endloop
  endfacet
  facet normal 1.10286e-06 -0.115355 0.993324
    outer loop
      vertex -14 41.8404 42.6374
      vertex -18.4 42.0143 42.6576
      vertex -14 28.4305 41.0801
    endloop
  endfacet
  facet normal 0 -0.115383 0.993321
    outer loop
      vertex -18.4 42.0143 42.6576
      vertex -14 41.8404 42.6374
      vertex 10.75 42.0143 42.6576
    endloop
  endfacet
  facet normal 2.18508e-05 -0.115355 0.993324
    outer loop
      vertex 10 28.4305 41.0801
      vertex 10.75 28.2567 41.0599
      vertex 10 41.8404 42.6374
    endloop
  endfacet
  facet normal 0 -0.115448 0.993313
    outer loop
      vertex -14 28.4305 41.0801
      vertex 10.75 28.2567 41.0599
      vertex 10 28.4305 41.0801
    endloop
  endfacet
  facet normal 0 -0.115448 0.993313
    outer loop
      vertex -14 28.4305 41.0801
      vertex -18.4 28.2567 41.0599
      vertex 10.75 28.2567 41.0599
    endloop
  endfacet
  facet normal -3.66359e-06 -0.115357 0.993324
    outer loop
      vertex -18.4 28.2567 41.0599
      vertex -14 28.4305 41.0801
      vertex -18.4 42.0143 42.6576
    endloop
  endfacet
  facet normal 1 0 0
    outer loop
      vertex -18.4 41.7836 44.6442
      vertex -18.4 28.2567 41.0599
      vertex -18.4 42.0143 42.6576
    endloop
  endfacet
  facet normal 1 0 -0
    outer loop
      vertex -18.4 28.2567 41.0599
      vertex -18.4 41.7836 44.6442
      vertex -18.4 28.026 43.0466
    endloop
  endfacet
  facet normal 0 -0.993325 -0.115353
    outer loop
      vertex -18.4 42.0143 42.6576
      vertex 10.75 41.7836 44.6442
      vertex -18.4 41.7836 44.6442
    endloop
  endfacet
  facet normal 0 -0.993325 -0.115353
    outer loop
      vertex 10.75 41.7836 44.6442
      vertex -18.4 42.0143 42.6576
      vertex 10.75 42.0143 42.6576
    endloop
  endfacet
  facet normal 0 0.993325 0.115347
    outer loop
      vertex 10.75 28.2567 41.0599
      vertex -18.4 28.026 43.0466
      vertex 10.75 28.026 43.0466
    endloop
  endfacet
  facet normal 0 0.993325 0.115347
    outer loop
      vertex -18.4 28.026 43.0466
      vertex 10.75 28.2567 41.0599
      vertex -18.4 28.2567 41.0599
    endloop
  endfacet
  facet normal -1 0 0
    outer loop
      vertex 6.41 44.1549 42.9062
      vertex 6.41 47.0432 45.255
      vertex 6.41 47.2739 43.2684
    endloop
  endfacet
  facet normal -1 0 0
    outer loop
      vertex 6.41 47.0432 45.255
      vertex 6.41 44.1549 42.9062
      vertex 6.41 43.9242 44.8928
    endloop
  endfacet
  facet normal 0 0.115352 -0.993325
    outer loop
      vertex -14.41 43.9242 44.8928
      vertex 6.41 47.0432 45.255
      vertex 6.41 43.9242 44.8928
    endloop
  endfacet
  facet normal 0 0.115352 -0.993325
    outer loop
      vertex 6.41 47.0432 45.255
      vertex -14.41 43.9242 44.8928
      vertex -14.41 47.0432 45.255
    endloop
  endfacet
  facet normal 0 -0.115352 0.993325
    outer loop
      vertex -14.41 47.2739 43.2684
      vertex 6.41 44.1549 42.9062
      vertex 6.41 47.2739 43.2684
    endloop
  endfacet
  facet normal 0 -0.115352 0.993325
    outer loop
      vertex 6.41 44.1549 42.9062
      vertex -14.41 47.2739 43.2684
      vertex -14.41 44.1549 42.9062
    endloop
  endfacet
  facet normal 1 0 0
    outer loop
      vertex -14.41 47.0432 45.255
      vertex -14.41 44.1549 42.9062
      vertex -14.41 47.2739 43.2684
    endloop
  endfacet
  facet normal 1 0 -0
    outer loop
      vertex -14.41 44.1549 42.9062
      vertex -14.41 47.0432 45.255
      vertex -14.41 43.9242 44.8928
    endloop
  endfacet
  facet normal 0 -0.993325 -0.115353
    outer loop
      vertex -14.41 47.2739 43.2684
      vertex 6.41 47.0432 45.255
      vertex -14.41 47.0432 45.255
    endloop
  endfacet
  facet normal 0 -0.993325 -0.115353
    outer loop
      vertex 6.41 47.0432 45.255
      vertex -14.41 47.2739 43.2684
      vertex 6.41 47.2739 43.2684
    endloop
  endfacet
  facet normal 0 0.993325 0.115353
    outer loop
      vertex 6.41 44.1549 42.9062
      vertex -14.41 43.9242 44.8928
      vertex 6.41 43.9242 44.8928
    endloop
  endfacet
  facet normal 0 0.993325 0.115353
    outer loop
      vertex -14.41 43.9242 44.8928
      vertex 6.41 44.1549 42.9062
      vertex -14.41 44.1549 42.9062
    endloop
  endfacet
  facet normal -1 0 0
    outer loop
      vertex 10 28.1998 43.0668
      vertex 10 41.4713 45.816
      vertex 10 41.6097 44.624
    endloop
  endfacet
  facet normal -1 0 0
    outer loop
      vertex 10 41.4713 45.816
      vertex 10 28.1998 43.0668
      vertex 10 28.0614 44.2587
    endloop
  endfacet
  facet normal 1 0 0
    outer loop
      vertex -14 41.4713 45.816
      vertex -14 28.1998 43.0668
      vertex -14 41.6097 44.624
    endloop
  endfacet
  facet normal 1 0 -0
    outer loop
      vertex -14 28.1998 43.0668
      vertex -14 41.4713 45.816
      vertex -14 28.0614 44.2587
    endloop
  endfacet
  facet normal 0 -0.993327 -0.115333
    outer loop
      vertex -14 41.6097 44.624
      vertex 10 41.4713 45.816
      vertex -14 41.4713 45.816
    endloop
  endfacet
  facet normal 0 -0.993327 -0.115333
    outer loop
      vertex 10 41.4713 45.816
      vertex -14 41.6097 44.624
      vertex 10 41.6097 44.624
    endloop
  endfacet
  facet normal 0 0.993326 0.115342
    outer loop
      vertex 10 28.1998 43.0668
      vertex -14 28.0614 44.2587
      vertex 10 28.0614 44.2587
    endloop
  endfacet
  facet normal 0 0.993326 0.115342
    outer loop
      vertex -14 28.0614 44.2587
      vertex 10 28.1998 43.0668
      vertex -14 28.1998 43.0668
    endloop
  endfacet
  facet normal -1 0 0
    outer loop
      vertex -65.25 -33.3294 33.908
      vertex -65.25 -19.8026 37.4923
      vertex -65.25 -19.5719 35.5056
    endloop
  endfacet
  facet normal -1 0 0
    outer loop
      vertex -65.25 -19.8026 37.4923
      vertex -65.25 -33.3294 33.908
      vertex -65.25 -33.5601 35.8946
    endloop
  endfacet
  facet normal -2.12987e-05 0.115358 -0.993324
    outer loop
      vertex -65.25 -33.5601 35.8946
      vertex -66 -33.3863 35.9148
      vertex -65.25 -19.8026 37.4923
    endloop
  endfacet
  facet normal 0 0.115448 -0.993313
    outer loop
      vertex -65.25 -33.5601 35.8946
      vertex -90 -33.3863 35.9148
      vertex -66 -33.3863 35.9148
    endloop
  endfacet
  facet normal 3.72457e-06 0.115355 -0.993324
    outer loop
      vertex -90 -33.3863 35.9148
      vertex -94.4 -33.5601 35.8946
      vertex -90 -19.9764 37.4721
    endloop
  endfacet
  facet normal 0 0.115448 -0.993313
    outer loop
      vertex -94.4 -33.5601 35.8946
      vertex -90 -33.3863 35.9148
      vertex -65.25 -33.5601 35.8946
    endloop
  endfacet
  facet normal 2.18508e-05 0.115355 -0.993324
    outer loop
      vertex -66 -19.9764 37.4721
      vertex -65.25 -19.8026 37.4923
      vertex -66 -33.3863 35.9148
    endloop
  endfacet
  facet normal 0 0.115448 -0.993313
    outer loop
      vertex -90 -19.9764 37.4721
      vertex -65.25 -19.8026 37.4923
      vertex -66 -19.9764 37.4721
    endloop
  endfacet
  facet normal 0 0.115448 -0.993313
    outer loop
      vertex -90 -19.9764 37.4721
      vertex -94.4 -19.8026 37.4923
      vertex -65.25 -19.8026 37.4923
    endloop
  endfacet
  facet normal -3.63047e-06 0.115358 -0.993324
    outer loop
      vertex -94.4 -19.8026 37.4923
      vertex -90 -19.9764 37.4721
      vertex -94.4 -33.5601 35.8946
    endloop
  endfacet
  facet normal -2.29719e-05 -0.115351 0.993325
    outer loop
      vertex -65.25 -19.5719 35.5056
      vertex -66 -19.7457 35.4854
      vertex -65.25 -33.3294 33.908
    endloop
  endfacet
  facet normal 0 -0.115448 0.993313
    outer loop
      vertex -65.25 -19.5719 35.5056
      vertex -90 -19.7457 35.4854
      vertex -66 -19.7457 35.4854
    endloop
  endfacet
  facet normal 4.01717e-06 -0.115348 0.993325
    outer loop
      vertex -90 -19.7457 35.4854
      vertex -94.4 -19.5719 35.5056
      vertex -90 -33.1556 33.9282
    endloop
  endfacet
  facet normal 0 -0.115448 0.993313
    outer loop
      vertex -94.4 -19.5719 35.5056
      vertex -90 -19.7457 35.4854
      vertex -65.25 -19.5719 35.5056
    endloop
  endfacet
  facet normal 2.35674e-05 -0.115348 0.993325
    outer loop
      vertex -66 -33.1556 33.9282
      vertex -65.25 -33.3294 33.908
      vertex -66 -19.7457 35.4854
    endloop
  endfacet
  facet normal 0 -0.115448 0.993313
    outer loop
      vertex -90 -33.1556 33.9282
      vertex -65.25 -33.3294 33.908
      vertex -66 -33.1556 33.9282
    endloop
  endfacet
  facet normal 0 -0.115448 0.993313
    outer loop
      vertex -90 -33.1556 33.9282
      vertex -94.4 -33.3294 33.908
      vertex -65.25 -33.3294 33.908
    endloop
  endfacet
  facet normal -3.91567e-06 -0.115351 0.993325
    outer loop
      vertex -94.4 -33.3294 33.908
      vertex -90 -33.1556 33.9282
      vertex -94.4 -19.5719 35.5056
    endloop
  endfacet
  facet normal 1 0 0
    outer loop
      vertex -94.4 -19.8026 37.4923
      vertex -94.4 -33.3294 33.908
      vertex -94.4 -19.5719 35.5056
    endloop
  endfacet
  facet normal 1 0 -0
    outer loop
      vertex -94.4 -33.3294 33.908
      vertex -94.4 -19.8026 37.4923
      vertex -94.4 -33.5601 35.8946
    endloop
  endfacet
  facet normal 0 -0.993325 -0.115347
    outer loop
      vertex -94.4 -19.5719 35.5056
      vertex -65.25 -19.8026 37.4923
      vertex -94.4 -19.8026 37.4923
    endloop
  endfacet
  facet normal 0 -0.993325 -0.115347
    outer loop
      vertex -65.25 -19.8026 37.4923
      vertex -94.4 -19.5719 35.5056
      vertex -65.25 -19.5719 35.5056
    endloop
  endfacet
  facet normal 0 0.993325 0.115353
    outer loop
      vertex -65.25 -33.3294 33.908
      vertex -94.4 -33.5601 35.8946
      vertex -65.25 -33.5601 35.8946
    endloop
  endfacet
  facet normal 0 0.993325 0.115353
    outer loop
      vertex -94.4 -33.5601 35.8946
      vertex -65.25 -33.3294 33.908
      vertex -94.4 -33.3294 33.908
    endloop
  endfacet
  facet normal -1 0 0
    outer loop
      vertex -69.59 -17.4312 35.7542
      vertex -69.59 -14.5429 38.1031
      vertex -69.59 -14.3122 36.1164
    endloop
  endfacet
  facet normal -1 0 0
    outer loop
      vertex -69.59 -14.5429 38.1031
      vertex -69.59 -17.4312 35.7542
      vertex -69.59 -17.6619 37.7409
    endloop
  endfacet
  facet normal 0 0.115352 -0.993325
    outer loop
      vertex -90.41 -17.6619 37.7409
      vertex -69.59 -14.5429 38.1031
      vertex -69.59 -17.6619 37.7409
    endloop
  endfacet
  facet normal 0 0.115352 -0.993325
    outer loop
      vertex -69.59 -14.5429 38.1031
      vertex -90.41 -17.6619 37.7409
      vertex -90.41 -14.5429 38.1031
    endloop
  endfacet
  facet normal 0 -0.115352 0.993325
    outer loop
      vertex -90.41 -14.3122 36.1164
      vertex -69.59 -17.4312 35.7542
      vertex -69.59 -14.3122 36.1164
    endloop
  endfacet
  facet normal 0 -0.115352 0.993325
    outer loop
      vertex -69.59 -17.4312 35.7542
      vertex -90.41 -14.3122 36.1164
      vertex -90.41 -17.4312 35.7542
    endloop
  endfacet
  facet normal 1 0 0
    outer loop
      vertex -90.41 -14.5429 38.1031
      vertex -90.41 -17.4312 35.7542
      vertex -90.41 -14.3122 36.1164
    endloop
  endfacet
  facet normal 1 0 -0
    outer loop
      vertex -90.41 -17.4312 35.7542
      vertex -90.41 -14.5429 38.1031
      vertex -90.41 -17.6619 37.7409
    endloop
  endfacet
  facet normal 0 -0.993325 -0.115347
    outer loop
      vertex -90.41 -14.3122 36.1164
      vertex -69.59 -14.5429 38.1031
      vertex -90.41 -14.5429 38.1031
    endloop
  endfacet
  facet normal 0 -0.993325 -0.115347
    outer loop
      vertex -69.59 -14.5429 38.1031
      vertex -90.41 -14.3122 36.1164
      vertex -69.59 -14.3122 36.1164
    endloop
  endfacet
  facet normal 0 0.993325 0.115347
    outer loop
      vertex -69.59 -17.4312 35.7542
      vertex -90.41 -17.6619 37.7409
      vertex -69.59 -17.6619 37.7409
    endloop
  endfacet
  facet normal 0 0.993325 0.115347
    outer loop
      vertex -90.41 -17.6619 37.7409
      vertex -69.59 -17.4312 35.7542
      vertex -90.41 -17.4312 35.7542
    endloop
  endfacet
  facet normal -1 0 0
    outer loop
      vertex -66 -33.3863 35.9148
      vertex -66 -20.1148 38.6641
      vertex -66 -19.9764 37.4721
    endloop
  endfacet
  facet normal -1 0 0
    outer loop
      vertex -66 -20.1148 38.6641
      vertex -66 -33.3863 35.9148
      vertex -66 -33.5247 37.1068
    endloop
  endfacet
  facet normal 1 0 0
    outer loop
      vertex -90 -20.1148 38.6641
      vertex -90 -33.3863 35.9148
      vertex -90 -19.9764 37.4721
    endloop
  endfacet
  facet normal 1 0 -0
    outer loop
      vertex -90 -33.3863 35.9148
      vertex -90 -20.1148 38.6641
      vertex -90 -33.5247 37.1068
    endloop
  endfacet
  facet normal 0 -0.993327 -0.115333
    outer loop
      vertex -90 -19.9764 37.4721
      vertex -66 -20.1148 38.6641
      vertex -90 -20.1148 38.6641
    endloop
  endfacet
  facet normal 0 -0.993327 -0.115333
    outer loop
      vertex -66 -20.1148 38.6641
      vertex -90 -19.9764 37.4721
      vertex -66 -19.9764 37.4721
    endloop
  endfacet
  facet normal 0 0.993327 0.115333
    outer loop
      vertex -66 -33.3863 35.9148
      vertex -90 -33.5247 37.1068
      vertex -66 -33.5247 37.1068
    endloop
  endfacet
  facet normal 0 0.993327 0.115333
    outer loop
      vertex -90 -33.5247 37.1068
      vertex -66 -33.3863 35.9148
      vertex -90 -33.3863 35.9148
    endloop
  endfacet
  facet normal -1 0 0
    outer loop
      vertex -27.25 -33.3294 33.908
      vertex -27.25 -19.8026 37.4923
      vertex -27.25 -19.5719 35.5056
    endloop
  endfacet
  facet normal -1 0 0
    outer loop
      vertex -27.25 -19.8026 37.4923
      vertex -27.25 -33.3294 33.908
      vertex -27.25 -33.5601 35.8946
    endloop
  endfacet
  facet normal -2.12987e-05 0.115358 -0.993324
    outer loop
      vertex -27.25 -33.5601 35.8946
      vertex -28 -33.3863 35.9148
      vertex -27.25 -19.8026 37.4923
    endloop
  endfacet
  facet normal 0 0.115448 -0.993313
    outer loop
      vertex -27.25 -33.5601 35.8946
      vertex -52 -33.3863 35.9148
      vertex -28 -33.3863 35.9148
    endloop
  endfacet
  facet normal 3.72457e-06 0.115355 -0.993324
    outer loop
      vertex -52 -33.3863 35.9148
      vertex -56.4 -33.5601 35.8946
      vertex -52 -19.9764 37.4721
    endloop
  endfacet
  facet normal 0 0.115448 -0.993313
    outer loop
      vertex -56.4 -33.5601 35.8946
      vertex -52 -33.3863 35.9148
      vertex -27.25 -33.5601 35.8946
    endloop
  endfacet
  facet normal 2.18508e-05 0.115355 -0.993324
    outer loop
      vertex -28 -19.9764 37.4721
      vertex -27.25 -19.8026 37.4923
      vertex -28 -33.3863 35.9148
    endloop
  endfacet
  facet normal 0 0.115448 -0.993313
    outer loop
      vertex -52 -19.9764 37.4721
      vertex -27.25 -19.8026 37.4923
      vertex -28 -19.9764 37.4721
    endloop
  endfacet
  facet normal 0 0.115448 -0.993313
    outer loop
      vertex -52 -19.9764 37.4721
      vertex -56.4 -19.8026 37.4923
      vertex -27.25 -19.8026 37.4923
    endloop
  endfacet
  facet normal -3.63047e-06 0.115358 -0.993324
    outer loop
      vertex -56.4 -19.8026 37.4923
      vertex -52 -19.9764 37.4721
      vertex -56.4 -33.5601 35.8946
    endloop
  endfacet
  facet normal -2.29719e-05 -0.115351 0.993325
    outer loop
      vertex -27.25 -19.5719 35.5056
      vertex -28 -19.7457 35.4854
      vertex -27.25 -33.3294 33.908
    endloop
  endfacet
  facet normal 0 -0.115448 0.993313
    outer loop
      vertex -27.25 -19.5719 35.5056
      vertex -52 -19.7457 35.4854
      vertex -28 -19.7457 35.4854
    endloop
  endfacet
  facet normal 4.01717e-06 -0.115348 0.993325
    outer loop
      vertex -52 -19.7457 35.4854
      vertex -56.4 -19.5719 35.5056
      vertex -52 -33.1556 33.9282
    endloop
  endfacet
  facet normal 0 -0.115448 0.993313
    outer loop
      vertex -56.4 -19.5719 35.5056
      vertex -52 -19.7457 35.4854
      vertex -27.25 -19.5719 35.5056
    endloop
  endfacet
  facet normal 2.35674e-05 -0.115348 0.993325
    outer loop
      vertex -28 -33.1556 33.9282
      vertex -27.25 -33.3294 33.908
      vertex -28 -19.7457 35.4854
    endloop
  endfacet
  facet normal 0 -0.115448 0.993313
    outer loop
      vertex -52 -33.1556 33.9282
      vertex -27.25 -33.3294 33.908
      vertex -28 -33.1556 33.9282
    endloop
  endfacet
  facet normal 0 -0.115448 0.993313
    outer loop
      vertex -52 -33.1556 33.9282
      vertex -56.4 -33.3294 33.908
      vertex -27.25 -33.3294 33.908
    endloop
  endfacet
  facet normal -3.91567e-06 -0.115351 0.993325
    outer loop
      vertex -56.4 -33.3294 33.908
      vertex -52 -33.1556 33.9282
      vertex -56.4 -19.5719 35.5056
    endloop
  endfacet
  facet normal 1 0 0
    outer loop
      vertex -56.4 -19.8026 37.4923
      vertex -56.4 -33.3294 33.908
      vertex -56.4 -19.5719 35.5056
    endloop
  endfacet
  facet normal 1 0 -0
    outer loop
      vertex -56.4 -33.3294 33.908
      vertex -56.4 -19.8026 37.4923
      vertex -56.4 -33.5601 35.8946
    endloop
  endfacet
  facet normal 0 -0.993325 -0.115347
    outer loop
      vertex -56.4 -19.5719 35.5056
      vertex -27.25 -19.8026 37.4923
      vertex -56.4 -19.8026 37.4923
    endloop
  endfacet
  facet normal 0 -0.993325 -0.115347
    outer loop
      vertex -27.25 -19.8026 37.4923
      vertex -56.4 -19.5719 35.5056
      vertex -27.25 -19.5719 35.5056
    endloop
  endfacet
  facet normal 0 0.993325 0.115353
    outer loop
      vertex -27.25 -33.3294 33.908
      vertex -56.4 -33.5601 35.8946
      vertex -27.25 -33.5601 35.8946
    endloop
  endfacet
  facet normal 0 0.993325 0.115353
    outer loop
      vertex -56.4 -33.5601 35.8946
      vertex -27.25 -33.3294 33.908
      vertex -56.4 -33.3294 33.908
    endloop
  endfacet
  facet normal -1 0 0
    outer loop
      vertex -31.59 -17.4312 35.7542
      vertex -31.59 -14.5429 38.1031
      vertex -31.59 -14.3122 36.1164
    endloop
  endfacet
  facet normal -1 0 0
    outer loop
      vertex -31.59 -14.5429 38.1031
      vertex -31.59 -17.4312 35.7542
      vertex -31.59 -17.6619 37.7409
    endloop
  endfacet
  facet normal 0 0.115352 -0.993325
    outer loop
      vertex -52.41 -17.6619 37.7409
      vertex -31.59 -14.5429 38.1031
      vertex -31.59 -17.6619 37.7409
    endloop
  endfacet
  facet normal 0 0.115352 -0.993325
    outer loop
      vertex -31.59 -14.5429 38.1031
      vertex -52.41 -17.6619 37.7409
      vertex -52.41 -14.5429 38.1031
    endloop
  endfacet
  facet normal 0 -0.115352 0.993325
    outer loop
      vertex -52.41 -14.3122 36.1164
      vertex -31.59 -17.4312 35.7542
      vertex -31.59 -14.3122 36.1164
    endloop
  endfacet
  facet normal 0 -0.115352 0.993325
    outer loop
      vertex -31.59 -17.4312 35.7542
      vertex -52.41 -14.3122 36.1164
      vertex -52.41 -17.4312 35.7542
    endloop
  endfacet
  facet normal 1 0 0
    outer loop
      vertex -52.41 -14.5429 38.1031
      vertex -52.41 -17.4312 35.7542
      vertex -52.41 -14.3122 36.1164
    endloop
  endfacet
  facet normal 1 0 -0
    outer loop
      vertex -52.41 -17.4312 35.7542
      vertex -52.41 -14.5429 38.1031
      vertex -52.41 -17.6619 37.7409
    endloop
  endfacet
  facet normal 0 -0.993325 -0.115347
    outer loop
      vertex -52.41 -14.3122 36.1164
      vertex -31.59 -14.5429 38.1031
      vertex -52.41 -14.5429 38.1031
    endloop
  endfacet
  facet normal 0 -0.993325 -0.115347
    outer loop
      vertex -31.59 -14.5429 38.1031
      vertex -52.41 -14.3122 36.1164
      vertex -31.59 -14.3122 36.1164
    endloop
  endfacet
  facet normal 0 0.993325 0.115347
    outer loop
      vertex -31.59 -17.4312 35.7542
      vertex -52.41 -17.6619 37.7409
      vertex -31.59 -17.6619 37.7409
    endloop
  endfacet
  facet normal 0 0.993325 0.115347
    outer loop
      vertex -52.41 -17.6619 37.7409
      vertex -31.59 -17.4312 35.7542
      vertex -52.41 -17.4312 35.7542
    endloop
  endfacet
  facet normal -1 0 0
    outer loop
      vertex -28 -33.3863 35.9148
      vertex -28 -20.1148 38.6641
      vertex -28 -19.9764 37.4721
    endloop
  endfacet
  facet normal -1 0 0
    outer loop
      vertex -28 -20.1148 38.6641
      vertex -28 -33.3863 35.9148
      vertex -28 -33.5247 37.1068
    endloop
  endfacet
  facet normal 1 0 0
    outer loop
      vertex -52 -20.1148 38.6641
      vertex -52 -33.3863 35.9148
      vertex -52 -19.9764 37.4721
    endloop
  endfacet
  facet normal 1 0 -0
    outer loop
      vertex -52 -33.3863 35.9148
      vertex -52 -20.1148 38.6641
      vertex -52 -33.5247 37.1068
    endloop
  endfacet
  facet normal 0 -0.993327 -0.115333
    outer loop
      vertex -52 -19.9764 37.4721
      vertex -28 -20.1148 38.6641
      vertex -52 -20.1148 38.6641
    endloop
  endfacet
  facet normal 0 -0.993327 -0.115333
    outer loop
      vertex -28 -20.1148 38.6641
      vertex -52 -19.9764 37.4721
      vertex -28 -19.9764 37.4721
    endloop
  endfacet
  facet normal 0 0.993327 0.115333
    outer loop
      vertex -28 -33.3863 35.9148
      vertex -52 -33.5247 37.1068
      vertex -28 -33.5247 37.1068
    endloop
  endfacet
  facet normal 0 0.993327 0.115333
    outer loop
      vertex -52 -33.5247 37.1068
      vertex -28 -33.3863 35.9148
      vertex -52 -33.3863 35.9148
    endloop
  endfacet
  facet normal -1 0 0
    outer loop
      vertex 10.75 -33.3294 33.908
      vertex 10.75 -19.8026 37.4923
      vertex 10.75 -19.5719 35.5056
    endloop
  endfacet
  facet normal -1 0 0
    outer loop
      vertex 10.75 -19.8026 37.4923
      vertex 10.75 -33.3294 33.908
      vertex 10.75 -33.5601 35.8946
    endloop
  endfacet
  facet normal -2.12987e-05 0.115358 -0.993324
    outer loop
      vertex 10.75 -33.5601 35.8946
      vertex 10 -33.3863 35.9148
      vertex 10.75 -19.8026 37.4923
    endloop
  endfacet
  facet normal 0 0.115448 -0.993313
    outer loop
      vertex 10.75 -33.5601 35.8946
      vertex -14 -33.3863 35.9148
      vertex 10 -33.3863 35.9148
    endloop
  endfacet
  facet normal 3.72457e-06 0.115355 -0.993324
    outer loop
      vertex -14 -33.3863 35.9148
      vertex -18.4 -33.5601 35.8946
      vertex -14 -19.9764 37.4721
    endloop
  endfacet
  facet normal 0 0.115448 -0.993313
    outer loop
      vertex -18.4 -33.5601 35.8946
      vertex -14 -33.3863 35.9148
      vertex 10.75 -33.5601 35.8946
    endloop
  endfacet
  facet normal 2.18508e-05 0.115355 -0.993324
    outer loop
      vertex 10 -19.9764 37.4721
      vertex 10.75 -19.8026 37.4923
      vertex 10 -33.3863 35.9148
    endloop
  endfacet
  facet normal 0 0.115448 -0.993313
    outer loop
      vertex -14 -19.9764 37.4721
      vertex 10.75 -19.8026 37.4923
      vertex 10 -19.9764 37.4721
    endloop
  endfacet
  facet normal 0 0.115448 -0.993313
    outer loop
      vertex -14 -19.9764 37.4721
      vertex -18.4 -19.8026 37.4923
      vertex 10.75 -19.8026 37.4923
    endloop
  endfacet
  facet normal -3.63047e-06 0.115358 -0.993324
    outer loop
      vertex -18.4 -19.8026 37.4923
      vertex -14 -19.9764 37.4721
      vertex -18.4 -33.5601 35.8946
    endloop
  endfacet
  facet normal -2.29719e-05 -0.115351 0.993325
    outer loop
      vertex 10.75 -19.5719 35.5056
      vertex 10 -19.7457 35.4854
      vertex 10.75 -33.3294 33.908
    endloop
  endfacet
  facet normal 0 -0.115448 0.993313
    outer loop
      vertex 10.75 -19.5719 35.5056
      vertex -14 -19.7457 35.4854
      vertex 10 -19.7457 35.4854
    endloop
  endfacet
  facet normal 4.01717e-06 -0.115348 0.993325
    outer loop
      vertex -14 -19.7457 35.4854
      vertex -18.4 -19.5719 35.5056
      vertex -14 -33.1556 33.9282
    endloop
  endfacet
  facet normal 0 -0.115448 0.993313
    outer loop
      vertex -18.4 -19.5719 35.5056
      vertex -14 -19.7457 35.4854
      vertex 10.75 -19.5719 35.5056
    endloop
  endfacet
  facet normal 2.35674e-05 -0.115348 0.993325
    outer loop
      vertex 10 -33.1556 33.9282
      vertex 10.75 -33.3294 33.908
      vertex 10 -19.7457 35.4854
    endloop
  endfacet
  facet normal 0 -0.115448 0.993313
    outer loop
      vertex -14 -33.1556 33.9282
      vertex 10.75 -33.3294 33.908
      vertex 10 -33.1556 33.9282
    endloop
  endfacet
  facet normal 0 -0.115448 0.993313
    outer loop
      vertex -14 -33.1556 33.9282
      vertex -18.4 -33.3294 33.908
      vertex 10.75 -33.3294 33.908
    endloop
  endfacet
  facet normal -3.91567e-06 -0.115351 0.993325
    outer loop
      vertex -18.4 -33.3294 33.908
      vertex -14 -33.1556 33.9282
      vertex -18.4 -19.5719 35.5056
    endloop
  endfacet
  facet normal 1 0 0
    outer loop
      vertex -18.4 -19.8026 37.4923
      vertex -18.4 -33.3294 33.908
      vertex -18.4 -19.5719 35.5056
    endloop
  endfacet
  facet normal 1 0 -0
    outer loop
      vertex -18.4 -33.3294 33.908
      vertex -18.4 -19.8026 37.4923
      vertex -18.4 -33.5601 35.8946
    endloop
  endfacet
  facet normal 0 -0.993325 -0.115347
    outer loop
      vertex -18.4 -19.5719 35.5056
      vertex 10.75 -19.8026 37.4923
      vertex -18.4 -19.8026 37.4923
    endloop
  endfacet
  facet normal 0 -0.993325 -0.115347
    outer loop
      vertex 10.75 -19.8026 37.4923
      vertex -18.4 -19.5719 35.5056
      vertex 10.75 -19.5719 35.5056
    endloop
  endfacet
  facet normal 0 0.993325 0.115353
    outer loop
      vertex 10.75 -33.3294 33.908
      vertex -18.4 -33.5601 35.8946
      vertex 10.75 -33.5601 35.8946
    endloop
  endfacet
  facet normal 0 0.993325 0.115353
    outer loop
      vertex -18.4 -33.5601 35.8946
      vertex 10.75 -33.3294 33.908
      vertex -18.4 -33.3294 33.908
    endloop
  endfacet
  facet normal -1 0 0
    outer loop
      vertex 6.41 -17.4312 35.7542
      vertex 6.41 -14.5429 38.1031
      vertex 6.41 -14.3122 36.1164
    endloop
  endfacet
  facet normal -1 0 0
    outer loop
      vertex 6.41 -14.5429 38.1031
      vertex 6.41 -17.4312 35.7542
      vertex 6.41 -17.6619 37.7409
    endloop
  endfacet
  facet normal 0 0.115352 -0.993325
    outer loop
      vertex -14.41 -17.6619 37.7409
      vertex 6.41 -14.5429 38.1031
      vertex 6.41 -17.6619 37.7409
    endloop
  endfacet
  facet normal 0 0.115352 -0.993325
    outer loop
      vertex 6.41 -14.5429 38.1031
      vertex -14.41 -17.6619 37.7409
      vertex -14.41 -14.5429 38.1031
    endloop
  endfacet
  facet normal 0 -0.115352 0.993325
    outer loop
      vertex -14.41 -14.3122 36.1164
      vertex 6.41 -17.4312 35.7542
      vertex 6.41 -14.3122 36.1164
    endloop
  endfacet
  facet normal 0 -0.115352 0.993325
    outer loop
      vertex 6.41 -17.4312 35.7542
      vertex -14.41 -14.3122 36.1164
      vertex -14.41 -17.4312 35.7542
    endloop
  endfacet
  facet normal 1 0 0
    outer loop
      vertex -14.41 -14.5429 38.1031
      vertex -14.41 -17.4312 35.7542
      vertex -14.41 -14.3122 36.1164
    endloop
  endfacet
  facet normal 1 0 -0
    outer loop
      vertex -14.41 -17.4312 35.7542
      vertex -14.41 -14.5429 38.1031
      vertex -14.41 -17.6619 37.7409
    endloop
  endfacet
  facet normal 0 -0.993325 -0.115347
    outer loop
      vertex -14.41 -14.3122 36.1164
      vertex 6.41 -14.5429 38.1031
      vertex -14.41 -14.5429 38.1031
    endloop
  endfacet
  facet normal 0 -0.993325 -0.115347
    outer loop
      vertex 6.41 -14.5429 38.1031
      vertex -14.41 -14.3122 36.1164
      vertex 6.41 -14.3122 36.1164
    endloop
  endfacet
  facet normal 0 0.993325 0.115347
    outer loop
      vertex 6.41 -17.4312 35.7542
      vertex -14.41 -17.6619 37.7409
      vertex 6.41 -17.6619 37.7409
    endloop
  endfacet
  facet normal 0 0.993325 0.115347
    outer loop
      vertex -14.41 -17.6619 37.7409
      vertex 6.41 -17.4312 35.7542
      vertex -14.41 -17.4312 35.7542
    endloop
  endfacet
  facet normal -1 0 0
    outer loop
      vertex 10 -33.3863 35.9148
      vertex 10 -20.1148 38.6641
      vertex 10 -19.9764 37.4721
    endloop
  endfacet
  facet normal -1 0 0
    outer loop
      vertex 10 -20.1148 38.6641
      vertex 10 -33.3863 35.9148
      vertex 10 -33.5247 37.1068
    endloop
  endfacet
  facet normal 1 0 0
    outer loop
      vertex -14 -20.1148 38.6641
      vertex -14 -33.3863 35.9148
      vertex -14 -19.9764 37.4721
    endloop
  endfacet
  facet normal 1 0 -0
    outer loop
      vertex -14 -33.3863 35.9148
      vertex -14 -20.1148 38.6641
      vertex -14 -33.5247 37.1068
    endloop
  endfacet
  facet normal 0 -0.993327 -0.115333
    outer loop
      vertex -14 -19.9764 37.4721
      vertex 10 -20.1148 38.6641
      vertex -14 -20.1148 38.6641
    endloop
  endfacet
  facet normal 0 -0.993327 -0.115333
    outer loop
      vertex 10 -20.1148 38.6641
      vertex -14 -19.9764 37.4721
      vertex 10 -19.9764 37.4721
    endloop
  endfacet
  facet normal 0 0.993327 0.115333
    outer loop
      vertex 10 -33.3863 35.9148
      vertex -14 -33.5247 37.1068
      vertex 10 -33.5247 37.1068
    endloop
  endfacet
  facet normal 0 0.993327 0.115333
    outer loop
      vertex -14 -33.5247 37.1068
      vertex 10 -33.3863 35.9148
      vertex -14 -33.3863 35.9148
    endloop
  endfacet
  facet normal -0.321347 0.940641 0.109231
    outer loop
      vertex 98.7577 8.5828 40.7886
      vertex 98.6338 8.40261 41.9758
      vertex 98.7577 8.44438 41.9806
    endloop
  endfacet
  facet normal -0.321347 0.940641 0.109231
    outer loop
      vertex 98.6338 8.40261 41.9758
      vertex 98.7577 8.5828 40.7886
      vertex 98.6338 8.54103 40.7838
    endloop
  endfacet
  facet normal 0 0.993324 0.115357
    outer loop
      vertex 98.375 8.50719 40.7799
      vertex 23.625 8.36876 41.9719
      vertex 98.375 8.36876 41.9719
    endloop
  endfacet
  facet normal 0 0.993324 0.115357
    outer loop
      vertex 23.625 8.36876 41.9719
      vertex 98.375 8.50719 40.7799
      vertex 23.625 8.50719 40.7799
    endloop
  endfacet
  facet normal -0.195137 0.974229 0.113132
    outer loop
      vertex 98.6338 8.54103 40.7838
      vertex 98.5055 8.37726 41.9728
      vertex 98.6338 8.40261 41.9758
    endloop
  endfacet
  facet normal -0.194979 0.974258 0.113153
    outer loop
      vertex 98.5055 8.37726 41.9728
      vertex 98.6338 8.54103 40.7838
      vertex 98.5055 8.51569 40.7809
    endloop
  endfacet
  facet normal 0.896725 0.439633 0.0510521
    outer loop
      vertex 22.7011 8.98195 42.0431
      vertex 22.759 9.00385 40.8375
      vertex 22.7011 9.12037 40.8511
    endloop
  endfacet
  facet normal 0.89674 0.439603 0.0510522
    outer loop
      vertex 22.759 9.00385 40.8375
      vertex 22.7011 8.98195 42.0431
      vertex 22.759 8.86542 42.0295
    endloop
  endfacet
  facet normal -0.0653548 0.991199 0.11512
    outer loop
      vertex 98.5055 8.51569 40.7809
      vertex 98.375 8.36876 41.9719
      vertex 98.5055 8.37726 41.9728
    endloop
  endfacet
  facet normal -0.0654426 0.991195 0.11511
    outer loop
      vertex 98.375 8.36876 41.9719
      vertex 98.5055 8.51569 40.7809
      vertex 98.375 8.50719 40.7799
    endloop
  endfacet
  facet normal -0.194687 -0.974311 -0.113206
    outer loop
      vertex 98.5055 61.2939 46.9099
      vertex 98.6338 61.1301 48.099
      vertex 98.5055 61.1554 48.1019
    endloop
  endfacet
  facet normal -0.195418 -0.974176 -0.113109
    outer loop
      vertex 98.6338 61.1301 48.099
      vertex 98.5055 61.2939 46.9099
      vertex 98.6338 61.2685 46.907
    endloop
  endfacet
  facet normal 0.0653548 0.991199 0.11512
    outer loop
      vertex 23.625 8.36876 41.9719
      vertex 23.4945 8.51569 40.7809
      vertex 23.4945 8.37726 41.9728
    endloop
  endfacet
  facet normal 0.0654426 0.991195 0.11511
    outer loop
      vertex 23.4945 8.51569 40.7809
      vertex 23.625 8.36876 41.9719
      vertex 23.625 8.50719 40.7799
    endloop
  endfacet
  facet normal 0.555513 -0.825959 -0.0959
    outer loop
      vertex 23.0162 60.9587 48.0791
      vertex 23.125 61.1693 46.8955
      vertex 23.125 61.0309 48.0875
    endloop
  endfacet
  facet normal 0.555513 -0.825959 -0.0959
    outer loop
      vertex 23.125 61.1693 46.8955
      vertex 23.0162 60.9587 48.0791
      vertex 23.0162 61.0971 46.8871
    endloop
  endfacet
  facet normal 0.997836 0.0653114 0.00758424
    outer loop
      vertex 22.625 9.36209 42.0872
      vertex 22.6336 9.37086 40.8802
      vertex 22.625 9.50051 40.8952
    endloop
  endfacet
  facet normal 0.997836 0.0653064 0.0075842
    outer loop
      vertex 22.6336 9.37086 40.8802
      vertex 22.625 9.36209 42.0872
      vertex 22.6336 9.23243 42.0722
    endloop
  endfacet
  facet normal 0.321347 0.940641 0.109231
    outer loop
      vertex 23.3662 8.40261 41.9758
      vertex 23.2423 8.5828 40.7886
      vertex 23.2423 8.44438 41.9806
    endloop
  endfacet
  facet normal 0.321347 0.940641 0.109231
    outer loop
      vertex 23.2423 8.5828 40.7886
      vertex 23.3662 8.40261 41.9758
      vertex 23.3662 8.54103 40.7838
    endloop
  endfacet
  facet normal 0.896678 -0.439729 -0.0510558
    outer loop
      vertex 22.759 60.6673 48.0452
      vertex 22.7011 60.6892 46.8397
      vertex 22.759 60.8057 46.8532
    endloop
  endfacet
  facet normal 0.896678 -0.439729 -0.0510558
    outer loop
      vertex 22.7011 60.6892 46.8397
      vertex 22.759 60.6673 48.0452
      vertex 22.7011 60.5508 48.0317
    endloop
  endfacet
  facet normal 0.659668 -0.746542 -0.086679
    outer loop
      vertex 22.9179 60.873 48.0691
      vertex 23.0162 61.0971 46.8871
      vertex 23.0162 60.9587 48.0791
    endloop
  endfacet
  facet normal 0.659668 -0.746542 -0.086679
    outer loop
      vertex 23.0162 61.0971 46.8871
      vertex 22.9179 60.873 48.0691
      vertex 22.9179 61.0114 46.8771
    endloop
  endfacet
  facet normal 0.441872 -0.891084 -0.103536
    outer loop
      vertex 23.125 61.0309 48.0875
      vertex 23.2423 61.2268 46.9021
      vertex 23.2423 61.0883 48.0941
    endloop
  endfacet
  facet normal 0.442483 -0.890793 -0.103428
    outer loop
      vertex 23.2423 61.2268 46.9021
      vertex 23.125 61.0309 48.0875
      vertex 23.125 61.1693 46.8955
    endloop
  endfacet
  facet normal 0.0661989 -0.991148 -0.11508
    outer loop
      vertex 23.4945 61.1554 48.1019
      vertex 23.625 61.3024 46.9109
      vertex 23.625 61.164 48.1029
    endloop
  endfacet
  facet normal 0.0654426 -0.991188 -0.115167
    outer loop
      vertex 23.625 61.3024 46.9109
      vertex 23.4945 61.1554 48.1019
      vertex 23.4945 61.2939 46.9099
    endloop
  endfacet
  facet normal -0.555513 -0.825959 -0.0959
    outer loop
      vertex 98.875 61.1693 46.8955
      vertex 98.9838 60.9587 48.0791
      vertex 98.875 61.0309 48.0875
    endloop
  endfacet
  facet normal -0.555513 -0.825959 -0.0959
    outer loop
      vertex 98.9838 60.9587 48.0791
      vertex 98.875 61.1693 46.8955
      vertex 98.9838 61.0971 46.8871
    endloop
  endfacet
  facet normal -0.980814 0.193644 0.0224883
    outer loop
      vertex 99.3409 9.24342 40.8654
      vertex 99.3664 9.23243 42.0722
      vertex 99.3664 9.37086 40.8802
    endloop
  endfacet
  facet normal -0.980814 0.193644 0.0224883
    outer loop
      vertex 99.3664 9.23243 42.0722
      vertex 99.3409 9.24342 40.8654
      vertex 99.3409 9.10499 42.0574
    endloop
  endfacet
  facet normal -1 0 0
    outer loop
      vertex 99.375 9.50051 40.8952
      vertex 99.375 60.1706 47.9876
      vertex 99.375 60.3091 46.7956
    endloop
  endfacet
  facet normal -1 0 0
    outer loop
      vertex 99.375 60.1706 47.9876
      vertex 99.375 9.50051 40.8952
      vertex 99.375 9.36209 42.0872
    endloop
  endfacet
  facet normal 1 0 0
    outer loop
      vertex 22.625 60.1706 47.9876
      vertex 22.625 9.50051 40.8952
      vertex 22.625 60.3091 46.7956
    endloop
  endfacet
  facet normal 1 0 -0
    outer loop
      vertex 22.625 9.50051 40.8952
      vertex 22.625 60.1706 47.9876
      vertex 22.625 9.36209 42.0872
    endloop
  endfacet
  facet normal 0.947088 -0.318833 -0.0370188
    outer loop
      vertex 22.7011 60.5508 48.0317
      vertex 22.6591 60.5661 46.8254
      vertex 22.7011 60.6892 46.8397
    endloop
  endfacet
  facet normal 0.947088 -0.318833 -0.0370188
    outer loop
      vertex 22.6591 60.5661 46.8254
      vertex 22.7011 60.5508 48.0317
      vertex 22.6591 60.4277 48.0174
    endloop
  endfacet
  facet normal -0.947088 -0.318833 -0.0370188
    outer loop
      vertex 99.3409 60.5661 46.8254
      vertex 99.2989 60.5508 48.0317
      vertex 99.2989 60.6892 46.8397
    endloop
  endfacet
  facet normal -0.947088 -0.318833 -0.0370188
    outer loop
      vertex 99.2989 60.5508 48.0317
      vertex 99.3409 60.5661 46.8254
      vertex 99.3409 60.4277 48.0174
    endloop
  endfacet
  facet normal 0.195137 0.974229 0.113132
    outer loop
      vertex 23.4945 8.37726 41.9728
      vertex 23.3662 8.54103 40.7838
      vertex 23.3662 8.40261 41.9758
    endloop
  endfacet
  facet normal 0.194979 0.974258 0.113153
    outer loop
      vertex 23.3662 8.54103 40.7838
      vertex 23.4945 8.37726 41.9728
      vertex 23.4945 8.51569 40.7809
    endloop
  endfacet
  facet normal -0.831722 0.551485 0.0640454
    outer loop
      vertex 99.1684 8.89581 40.825
      vertex 99.241 8.86542 42.0295
      vertex 99.241 9.00385 40.8375
    endloop
  endfacet
  facet normal -0.831699 0.551521 0.0640449
    outer loop
      vertex 99.241 8.86542 42.0295
      vertex 99.1684 8.89581 40.825
      vertex 99.1684 8.75739 42.017
    endloop
  endfacet
  facet normal 0.751327 -0.655527 -0.0761115
    outer loop
      vertex 22.9179 60.873 48.0691
      vertex 22.8316 60.9138 46.8658
      vertex 22.9179 61.0114 46.8771
    endloop
  endfacet
  facet normal 0.751657 -0.655147 -0.0761223
    outer loop
      vertex 22.8316 60.9138 46.8658
      vertex 22.9179 60.873 48.0691
      vertex 22.8316 60.7753 48.0578
    endloop
  endfacet
  facet normal -0.896725 0.439633 0.0510521
    outer loop
      vertex 99.241 9.00385 40.8375
      vertex 99.2989 8.98195 42.0431
      vertex 99.2989 9.12037 40.8511
    endloop
  endfacet
  facet normal -0.89674 0.439603 0.0510522
    outer loop
      vertex 99.2989 8.98195 42.0431
      vertex 99.241 9.00385 40.8375
      vertex 99.241 8.86542 42.0295
    endloop
  endfacet
  facet normal 0.55546 0.825992 0.0959245
    outer loop
      vertex 23.125 8.50184 41.9873
      vertex 23.0162 8.71246 40.8037
      vertex 23.0162 8.57403 41.9957
    endloop
  endfacet
  facet normal 0.555513 0.825958 0.0959136
    outer loop
      vertex 23.0162 8.71246 40.8037
      vertex 23.125 8.50184 41.9873
      vertex 23.125 8.64026 40.7953
    endloop
  endfacet
  facet normal 0 -0.993327 -0.115333
    outer loop
      vertex 23.625 61.3024 46.9109
      vertex 98.375 61.164 48.1029
      vertex 23.625 61.164 48.1029
    endloop
  endfacet
  facet normal 0 -0.993327 -0.115333
    outer loop
      vertex 98.375 61.164 48.1029
      vertex 23.625 61.3024 46.9109
      vertex 98.375 61.3024 46.9109
    endloop
  endfacet
  facet normal 0.32163 -0.940547 -0.109204
    outer loop
      vertex 23.2423 61.0883 48.0941
      vertex 23.3662 61.2685 46.907
      vertex 23.3662 61.1301 48.099
    endloop
  endfacet
  facet normal 0.320949 -0.940767 -0.109309
    outer loop
      vertex 23.3662 61.2685 46.907
      vertex 23.2423 61.0883 48.0941
      vertex 23.2423 61.2268 46.9021
    endloop
  endfacet
  facet normal 0.83189 -0.551232 -0.0640484
    outer loop
      vertex 22.8316 60.7753 48.0578
      vertex 22.759 60.8057 46.8532
      vertex 22.8316 60.9138 46.8658
    endloop
  endfacet
  facet normal 0.831656 -0.551586 -0.0640432
    outer loop
      vertex 22.759 60.8057 46.8532
      vertex 22.8316 60.7753 48.0578
      vertex 22.759 60.6673 48.0452
    endloop
  endfacet
  facet normal -0.751327 -0.655527 -0.0761115
    outer loop
      vertex 99.1684 60.9138 46.8658
      vertex 99.0821 60.873 48.0691
      vertex 99.0821 61.0114 46.8771
    endloop
  endfacet
  facet normal -0.751657 -0.655147 -0.0761223
    outer loop
      vertex 99.0821 60.873 48.0691
      vertex 99.1684 60.9138 46.8658
      vertex 99.1684 60.7753 48.0578
    endloop
  endfacet
  facet normal -0.0661989 -0.991148 -0.11508
    outer loop
      vertex 98.375 61.3024 46.9109
      vertex 98.5055 61.1554 48.1019
      vertex 98.375 61.164 48.1029
    endloop
  endfacet
  facet normal -0.0654426 -0.991188 -0.115167
    outer loop
      vertex 98.5055 61.1554 48.1019
      vertex 98.375 61.3024 46.9109
      vertex 98.5055 61.2939 46.9099
    endloop
  endfacet
  facet normal 0.194687 -0.974311 -0.113206
    outer loop
      vertex 23.3662 61.1301 48.099
      vertex 23.4945 61.2939 46.9099
      vertex 23.4945 61.1554 48.1019
    endloop
  endfacet
  facet normal 0.195418 -0.974176 -0.113109
    outer loop
      vertex 23.4945 61.2939 46.9099
      vertex 23.3662 61.1301 48.099
      vertex 23.3662 61.2685 46.907
    endloop
  endfacet
  facet normal -0.441872 -0.891084 -0.103536
    outer loop
      vertex 98.7577 61.2268 46.9021
      vertex 98.875 61.0309 48.0875
      vertex 98.7577 61.0883 48.0941
    endloop
  endfacet
  facet normal -0.442483 -0.890793 -0.103428
    outer loop
      vertex 98.875 61.0309 48.0875
      vertex 98.7577 61.2268 46.9021
      vertex 98.875 61.1693 46.8955
    endloop
  endfacet
  facet normal 0.65949 0.746695 0.0867166
    outer loop
      vertex 23.0162 8.57403 41.9957
      vertex 22.9179 8.79812 40.8137
      vertex 22.9179 8.6597 42.0056
    endloop
  endfacet
  facet normal 0.659497 0.746689 0.0867149
    outer loop
      vertex 22.9179 8.79812 40.8137
      vertex 23.0162 8.57403 41.9957
      vertex 23.0162 8.71246 40.8037
    endloop
  endfacet
  facet normal -0.65949 0.746695 0.0867166
    outer loop
      vertex 99.0821 8.79812 40.8137
      vertex 98.9838 8.57403 41.9957
      vertex 99.0821 8.6597 42.0056
    endloop
  endfacet
  facet normal -0.659497 0.746689 0.0867149
    outer loop
      vertex 98.9838 8.57403 41.9957
      vertex 99.0821 8.79812 40.8137
      vertex 98.9838 8.71246 40.8037
    endloop
  endfacet
  facet normal 0.442309 0.890876 0.103452
    outer loop
      vertex 23.2423 8.44438 41.9806
      vertex 23.125 8.64026 40.7953
      vertex 23.125 8.50184 41.9873
    endloop
  endfacet
  facet normal 0.442309 0.890876 0.103452
    outer loop
      vertex 23.125 8.64026 40.7953
      vertex 23.2423 8.44438 41.9806
      vertex 23.2423 8.5828 40.7886
    endloop
  endfacet
  facet normal -0.659668 -0.746542 -0.086679
    outer loop
      vertex 98.9838 61.0971 46.8871
      vertex 99.0821 60.873 48.0691
      vertex 98.9838 60.9587 48.0791
    endloop
  endfacet
  facet normal -0.659668 -0.746542 -0.086679
    outer loop
      vertex 99.0821 60.873 48.0691
      vertex 98.9838 61.0971 46.8871
      vertex 99.0821 61.0114 46.8771
    endloop
  endfacet
  facet normal 0.980803 -0.193702 -0.0224902
    outer loop
      vertex 22.6591 60.4277 48.0174
      vertex 22.6336 60.4387 46.8106
      vertex 22.6591 60.5661 46.8254
    endloop
  endfacet
  facet normal 0.980803 -0.193702 -0.0224902
    outer loop
      vertex 22.6336 60.4387 46.8106
      vertex 22.6591 60.4277 48.0174
      vertex 22.6336 60.3003 48.0026
    endloop
  endfacet
  facet normal -0.947049 0.318947 0.0370401
    outer loop
      vertex 99.2989 9.12037 40.8511
      vertex 99.3409 9.10499 42.0574
      vertex 99.3409 9.24342 40.8654
    endloop
  endfacet
  facet normal -0.947041 0.31897 0.0370401
    outer loop
      vertex 99.3409 9.10499 42.0574
      vertex 99.2989 9.12037 40.8511
      vertex 99.2989 8.98195 42.0431
    endloop
  endfacet
  facet normal -0.751624 0.655189 0.0760833
    outer loop
      vertex 99.0821 8.79812 40.8137
      vertex 99.1684 8.75739 42.017
      vertex 99.1684 8.89581 40.825
    endloop
  endfacet
  facet normal -0.751662 0.655145 0.0760845
    outer loop
      vertex 99.1684 8.75739 42.017
      vertex 99.0821 8.79812 40.8137
      vertex 99.0821 8.6597 42.0056
    endloop
  endfacet
  facet normal 0.997834 -0.0653363 -0.00758603
    outer loop
      vertex 22.6336 60.3003 48.0026
      vertex 22.625 60.3091 46.7956
      vertex 22.6336 60.4387 46.8106
    endloop
  endfacet
  facet normal 0.997838 -0.0652862 -0.00758569
    outer loop
      vertex 22.625 60.3091 46.7956
      vertex 22.6336 60.3003 48.0026
      vertex 22.625 60.1706 47.9876
    endloop
  endfacet
  facet normal -0.997834 -0.0653363 -0.00758603
    outer loop
      vertex 99.375 60.3091 46.7956
      vertex 99.3664 60.3003 48.0026
      vertex 99.3664 60.4387 46.8106
    endloop
  endfacet
  facet normal -0.997838 -0.0652862 -0.00758569
    outer loop
      vertex 99.3664 60.3003 48.0026
      vertex 99.375 60.3091 46.7956
      vertex 99.375 60.1706 47.9876
    endloop
  endfacet
  facet normal -0.83189 -0.551232 -0.0640484
    outer loop
      vertex 99.241 60.8057 46.8532
      vertex 99.1684 60.7753 48.0578
      vertex 99.1684 60.9138 46.8658
    endloop
  endfacet
  facet normal -0.831656 -0.551586 -0.0640432
    outer loop
      vertex 99.1684 60.7753 48.0578
      vertex 99.241 60.8057 46.8532
      vertex 99.241 60.6673 48.0452
    endloop
  endfacet
  facet normal 0.751624 0.655189 0.0760833
    outer loop
      vertex 22.8316 8.75739 42.017
      vertex 22.9179 8.79812 40.8137
      vertex 22.8316 8.89581 40.825
    endloop
  endfacet
  facet normal 0.751662 0.655145 0.0760845
    outer loop
      vertex 22.9179 8.79812 40.8137
      vertex 22.8316 8.75739 42.017
      vertex 22.9179 8.6597 42.0056
    endloop
  endfacet
  facet normal -0.32163 -0.940547 -0.109204
    outer loop
      vertex 98.6338 61.2685 46.907
      vertex 98.7577 61.0883 48.0941
      vertex 98.6338 61.1301 48.099
    endloop
  endfacet
  facet normal -0.320949 -0.940767 -0.109309
    outer loop
      vertex 98.7577 61.0883 48.0941
      vertex 98.6338 61.2685 46.907
      vertex 98.7577 61.2268 46.9021
    endloop
  endfacet
  facet normal 0.831722 0.551485 0.0640454
    outer loop
      vertex 22.759 8.86542 42.0295
      vertex 22.8316 8.89581 40.825
      vertex 22.759 9.00385 40.8375
    endloop
  endfacet
  facet normal 0.831699 0.551521 0.0640449
    outer loop
      vertex 22.8316 8.89581 40.825
      vertex 22.759 8.86542 42.0295
      vertex 22.8316 8.75739 42.017
    endloop
  endfacet
  facet normal -0.896678 -0.439729 -0.0510558
    outer loop
      vertex 99.2989 60.6892 46.8397
      vertex 99.241 60.6673 48.0452
      vertex 99.241 60.8057 46.8532
    endloop
  endfacet
  facet normal -0.896678 -0.439729 -0.0510558
    outer loop
      vertex 99.241 60.6673 48.0452
      vertex 99.2989 60.6892 46.8397
      vertex 99.2989 60.5508 48.0317
    endloop
  endfacet
  facet normal -0.980803 -0.193702 -0.0224902
    outer loop
      vertex 99.3664 60.4387 46.8106
      vertex 99.3409 60.4277 48.0174
      vertex 99.3409 60.5661 46.8254
    endloop
  endfacet
  facet normal -0.980803 -0.193702 -0.0224902
    outer loop
      vertex 99.3409 60.4277 48.0174
      vertex 99.3664 60.4387 46.8106
      vertex 99.3664 60.3003 48.0026
    endloop
  endfacet
  facet normal 0.980814 0.193644 0.0224883
    outer loop
      vertex 22.6336 9.23243 42.0722
      vertex 22.6591 9.24342 40.8654
      vertex 22.6336 9.37086 40.8802
    endloop
  endfacet
  facet normal 0.980814 0.193644 0.0224883
    outer loop
      vertex 22.6591 9.24342 40.8654
      vertex 22.6336 9.23243 42.0722
      vertex 22.6591 9.10499 42.0574
    endloop
  endfacet
  facet normal 0.947049 0.318947 0.0370401
    outer loop
      vertex 22.6591 9.10499 42.0574
      vertex 22.7011 9.12037 40.8511
      vertex 22.6591 9.24342 40.8654
    endloop
  endfacet
  facet normal 0.947041 0.31897 0.0370401
    outer loop
      vertex 22.7011 9.12037 40.8511
      vertex 22.6591 9.10499 42.0574
      vertex 22.7011 8.98195 42.0431
    endloop
  endfacet
  facet normal 0.000355966 -0.11495 0.993371
    outer loop
      vertex 98.375 61.3024 46.9109
      vertex 99.375 60.3091 46.7956
      vertex 99.3664 60.4387 46.8106
    endloop
  endfacet
  facet normal -5.82602e-06 -0.115355 0.993324
    outer loop
      vertex 99.375 60.3091 46.7956
      vertex 96.875 58.7446 46.6139
      vertex 99.375 9.50051 40.8952
    endloop
  endfacet
  facet normal -4.32458e-05 -0.115402 0.993319
    outer loop
      vertex 98.375 61.3024 46.9109
      vertex 99.3664 60.4387 46.8106
      vertex 99.3409 60.5661 46.8254
    endloop
  endfacet
  facet normal 6.68491e-06 -0.115354 0.993324
    outer loop
      vertex 96.875 11.065 41.0769
      vertex 99.375 9.50051 40.8952
      vertex 96.875 58.7446 46.6139
    endloop
  endfacet
  facet normal -4.56139e-05 -0.115405 0.993319
    outer loop
      vertex 98.375 61.3024 46.9109
      vertex 99.3409 60.5661 46.8254
      vertex 99.2989 60.6892 46.8397
    endloop
  endfacet
  facet normal 2.46742e-05 -0.115326 0.993328
    outer loop
      vertex 98.375 8.50719 40.7799
      vertex 99.375 9.50051 40.8952
      vertex 96.875 11.065 41.0769
    endloop
  endfacet
  facet normal 0.000228613 -0.114997 0.993366
    outer loop
      vertex 98.375 61.3024 46.9109
      vertex 99.2989 60.6892 46.8397
      vertex 99.241 60.8057 46.8532
    endloop
  endfacet
  facet normal -0.000400648 -0.114903 0.993377
    outer loop
      vertex 99.375 9.50051 40.8952
      vertex 98.375 8.50719 40.7799
      vertex 99.3664 9.37086 40.8802
    endloop
  endfacet
  facet normal -0.000363273 -0.116016 0.993247
    outer loop
      vertex 98.375 61.3024 46.9109
      vertex 99.241 60.8057 46.8532
      vertex 99.1684 60.9138 46.8658
    endloop
  endfacet
  facet normal 7.99836e-07 -0.115358 0.993324
    outer loop
      vertex 99.3664 9.37086 40.8802
      vertex 98.375 8.50719 40.7799
      vertex 99.3409 9.24342 40.8654
    endloop
  endfacet
  facet normal 0.000239411 -0.114802 0.993388
    outer loop
      vertex 98.375 61.3024 46.9109
      vertex 99.1684 60.9138 46.8658
      vertex 99.0821 61.0114 46.8771
    endloop
  endfacet
  facet normal 8.26213e-05 -0.115464 0.993312
    outer loop
      vertex 99.3409 9.24342 40.8654
      vertex 98.375 8.50719 40.7799
      vertex 99.2989 9.12037 40.8511
    endloop
  endfacet
  facet normal -0.000414131 -0.116368 0.993206
    outer loop
      vertex 98.375 61.3024 46.9109
      vertex 99.0821 61.0114 46.8771
      vertex 98.9838 61.0971 46.8871
    endloop
  endfacet
  facet normal 0.000592275 -0.116221 0.993223
    outer loop
      vertex 99.2989 9.12037 40.8511
      vertex 98.375 8.50719 40.7799
      vertex 99.241 9.00385 40.8375
    endloop
  endfacet
  facet normal -0.000283015 -0.115985 0.993251
    outer loop
      vertex 98.375 61.3024 46.9109
      vertex 98.9838 61.0971 46.8871
      vertex 98.875 61.1693 46.8955
    endloop
  endfacet
  facet normal -0.000256601 -0.114761 0.993393
    outer loop
      vertex 99.241 9.00385 40.8375
      vertex 98.375 8.50719 40.7799
      vertex 99.1684 8.89581 40.825
    endloop
  endfacet
  facet normal 0.000532446 -0.112962 0.993599
    outer loop
      vertex 98.375 61.3024 46.9109
      vertex 98.875 61.1693 46.8955
      vertex 98.7577 61.2268 46.9021
    endloop
  endfacet
  facet normal -0.000325636 -0.114622 0.993409
    outer loop
      vertex 99.1684 8.89581 40.825
      vertex 98.375 8.50719 40.7799
      vertex 99.0821 8.79812 40.8137
    endloop
  endfacet
  facet normal -0.000524229 -0.118239 0.992985
    outer loop
      vertex 98.375 61.3024 46.9109
      vertex 98.7577 61.2268 46.9021
      vertex 98.6338 61.2685 46.907
    endloop
  endfacet
  facet normal 0.000434659 -0.116445 0.993197
    outer loop
      vertex 99.0821 8.79812 40.8137
      vertex 98.375 8.50719 40.7799
      vertex 98.9838 8.71246 40.8037
    endloop
  endfacet
  facet normal 0.000335095 -0.111765 0.993735
    outer loop
      vertex 98.375 61.3024 46.9109
      vertex 98.6338 61.2685 46.907
      vertex 98.5055 61.2939 46.9099
    endloop
  endfacet
  facet normal 0.000271397 -0.115967 0.993253
    outer loop
      vertex 98.9838 8.71246 40.8037
      vertex 98.375 8.50719 40.7799
      vertex 98.875 8.64026 40.7953
    endloop
  endfacet
  facet normal -2.34997e-05 -0.115327 0.993328
    outer loop
      vertex 99.375 60.3091 46.7956
      vertex 98.375 61.3024 46.9109
      vertex 96.875 58.7446 46.6139
    endloop
  endfacet
  facet normal 0.000506003 -0.116837 0.993151
    outer loop
      vertex 98.875 8.64026 40.7953
      vertex 98.375 8.50719 40.7799
      vertex 98.7577 8.5828 40.7886
    endloop
  endfacet
  facet normal -7.07134e-05 -0.113957 0.993486
    outer loop
      vertex 98.7577 8.5828 40.7886
      vertex 98.375 8.50719 40.7799
      vertex 98.6338 8.54103 40.7838
    endloop
  endfacet
  facet normal 0 -0.11534 0.993326
    outer loop
      vertex 98.375 61.3024 46.9109
      vertex 28.875 58.7446 46.6139
      vertex 96.875 58.7446 46.6139
    endloop
  endfacet
  facet normal 1.2238e-05 -0.115316 0.993329
    outer loop
      vertex 22.625 60.3091 46.7956
      vertex 28.875 58.7446 46.6139
      vertex 23.625 61.3024 46.9109
    endloop
  endfacet
  facet normal 0 -0.11534 0.993326
    outer loop
      vertex 23.625 61.3024 46.9109
      vertex 28.875 58.7446 46.6139
      vertex 98.375 61.3024 46.9109
    endloop
  endfacet
  facet normal -0.000309363 -0.112155 0.993691
    outer loop
      vertex 98.6338 8.54103 40.7838
      vertex 98.375 8.50719 40.7799
      vertex 98.5055 8.51569 40.7809
    endloop
  endfacet
  facet normal 0 -0.11534 0.993326
    outer loop
      vertex 28.875 11.065 41.0769
      vertex 98.375 8.50719 40.7799
      vertex 96.875 11.065 41.0769
    endloop
  endfacet
  facet normal 0 -0.11534 0.993326
    outer loop
      vertex 28.875 11.065 41.0769
      vertex 23.625 8.50719 40.7799
      vertex 98.375 8.50719 40.7799
    endloop
  endfacet
  facet normal 2.4894e-06 -0.115354 0.993324
    outer loop
      vertex 28.875 58.7446 46.6139
      vertex 22.625 60.3091 46.7956
      vertex 28.875 11.065 41.0769
    endloop
  endfacet
  facet normal -0.000108662 -0.115196 0.993343
    outer loop
      vertex 22.625 60.3091 46.7956
      vertex 23.625 61.3024 46.9109
      vertex 23.4945 61.2939 46.9099
    endloop
  endfacet
  facet normal -2.51498e-06 -0.115355 0.993324
    outer loop
      vertex 22.625 9.50051 40.8952
      vertex 28.875 11.065 41.0769
      vertex 22.625 60.3091 46.7956
    endloop
  endfacet
  facet normal 0.000450608 -0.115683 0.993286
    outer loop
      vertex 22.625 60.3091 46.7956
      vertex 23.4945 61.2939 46.9099
      vertex 23.3662 61.2685 46.907
    endloop
  endfacet
  facet normal -1.28496e-05 -0.115314 0.993329
    outer loop
      vertex 28.875 11.065 41.0769
      vertex 22.625 9.50051 40.8952
      vertex 23.625 8.50719 40.7799
    endloop
  endfacet
  facet normal -0.000628814 -0.11486 0.993381
    outer loop
      vertex 22.625 60.3091 46.7956
      vertex 23.3662 61.2685 46.907
      vertex 23.2423 61.2268 46.9021
    endloop
  endfacet
  facet normal 0.000108824 -0.115193 0.993343
    outer loop
      vertex 23.625 8.50719 40.7799
      vertex 22.625 9.50051 40.8952
      vertex 23.4945 8.51569 40.7809
    endloop
  endfacet
  facet normal 0.000921381 -0.115889 0.993262
    outer loop
      vertex 22.625 60.3091 46.7956
      vertex 23.2423 61.2268 46.9021
      vertex 23.125 61.1693 46.8955
    endloop
  endfacet
  facet normal -0.000384523 -0.115623 0.993293
    outer loop
      vertex 23.4945 8.51569 40.7809
      vertex 22.625 9.50051 40.8952
      vertex 23.3662 8.54103 40.7838
    endloop
  endfacet
  facet normal -0.000222893 -0.115233 0.993339
    outer loop
      vertex 22.625 60.3091 46.7956
      vertex 23.125 61.1693 46.8955
      vertex 23.0162 61.0971 46.8871
    endloop
  endfacet
  facet normal -0.000538601 -0.11574 0.993279
    outer loop
      vertex 23.3662 8.54103 40.7838
      vertex 22.625 9.50051 40.8952
      vertex 23.2423 8.5828 40.7886
    endloop
  endfacet
  facet normal -0.000869367 -0.114916 0.993375
    outer loop
      vertex 22.625 60.3091 46.7956
      vertex 23.0162 61.0971 46.8871
      vertex 22.9179 61.0114 46.8771
    endloop
  endfacet
  facet normal 0.000322333 -0.115169 0.993346
    outer loop
      vertex 23.2423 8.5828 40.7886
      vertex 22.625 9.50051 40.8952
      vertex 23.125 8.64026 40.7953
    endloop
  endfacet
  facet normal 0.000571079 -0.115509 0.993306
    outer loop
      vertex 22.625 60.3091 46.7956
      vertex 22.9179 61.0114 46.8771
      vertex 22.8316 60.9138 46.8658
    endloop
  endfacet
  facet normal 0.000230129 -0.115222 0.99334
    outer loop
      vertex 23.125 8.64026 40.7953
      vertex 22.625 9.50051 40.8952
      vertex 23.0162 8.71246 40.8037
    endloop
  endfacet
  facet normal -0.0014094 -0.114841 0.993383
    outer loop
      vertex 22.625 60.3091 46.7956
      vertex 22.8316 60.9138 46.8658
      vertex 22.759 60.8057 46.8532
    endloop
  endfacet
  facet normal 0.000962981 -0.114863 0.993381
    outer loop
      vertex 23.0162 8.71246 40.8037
      vertex 22.625 9.50051 40.8952
      vertex 22.9179 8.79812 40.8137
    endloop
  endfacet
  facet normal 0.000476174 -0.115343 0.993326
    outer loop
      vertex 22.625 60.3091 46.7956
      vertex 22.759 60.8057 46.8532
      vertex 22.7011 60.6892 46.8397
    endloop
  endfacet
  facet normal -0.000767503 -0.115575 0.993298
    outer loop
      vertex 22.9179 8.79812 40.8137
      vertex 22.625 9.50051 40.8952
      vertex 22.8316 8.89581 40.825
    endloop
  endfacet
  facet normal -0.00101199 -0.115049 0.993359
    outer loop
      vertex 22.625 60.3091 46.7956
      vertex 22.7011 60.6892 46.8397
      vertex 22.6591 60.5661 46.8254
    endloop
  endfacet
  facet normal -0.00118098 -0.115714 0.993282
    outer loop
      vertex 22.8316 8.89581 40.825
      vertex 22.625 9.50051 40.8952
      vertex 22.759 9.00385 40.8375
    endloop
  endfacet
  facet normal -0.00318365 -0.114764 0.993388
    outer loop
      vertex 22.625 60.3091 46.7956
      vertex 22.6591 60.5661 46.8254
      vertex 22.6336 60.4387 46.8106
    endloop
  endfacet
  facet normal 0.00237121 -0.114768 0.993389
    outer loop
      vertex 22.759 9.00385 40.8375
      vertex 22.625 9.50051 40.8952
      vertex 22.7011 9.12037 40.8511
    endloop
  endfacet
  facet normal 0.00142901 -0.114955 0.99337
    outer loop
      vertex 22.7011 9.12037 40.8511
      vertex 22.625 9.50051 40.8952
      vertex 22.6591 9.24342 40.8654
    endloop
  endfacet
  facet normal 0.00324525 -0.114716 0.993393
    outer loop
      vertex 22.6591 9.24342 40.8654
      vertex 22.625 9.50051 40.8952
      vertex 22.6336 9.37086 40.8802
    endloop
  endfacet
  facet normal -0.997836 0.0653114 0.00758424
    outer loop
      vertex 99.3664 9.37086 40.8802
      vertex 99.375 9.36209 42.0872
      vertex 99.375 9.50051 40.8952
    endloop
  endfacet
  facet normal -0.997836 0.0653064 0.0075842
    outer loop
      vertex 99.375 9.36209 42.0872
      vertex 99.3664 9.37086 40.8802
      vertex 99.3664 9.23243 42.0722
    endloop
  endfacet
  facet normal -0.442309 0.890876 0.103452
    outer loop
      vertex 98.875 8.64026 40.7953
      vertex 98.7577 8.44438 41.9806
      vertex 98.875 8.50184 41.9873
    endloop
  endfacet
  facet normal -0.442309 0.890876 0.103452
    outer loop
      vertex 98.7577 8.44438 41.9806
      vertex 98.875 8.64026 40.7953
      vertex 98.7577 8.5828 40.7886
    endloop
  endfacet
  facet normal -0.55546 0.825992 0.0959245
    outer loop
      vertex 98.9838 8.71246 40.8037
      vertex 98.875 8.50184 41.9873
      vertex 98.9838 8.57403 41.9957
    endloop
  endfacet
  facet normal -0.555513 0.825958 0.0959136
    outer loop
      vertex 98.875 8.50184 41.9873
      vertex 98.9838 8.71246 40.8037
      vertex 98.875 8.64026 40.7953
    endloop
  endfacet
  facet normal -1 0 0
    outer loop
      vertex 96.875 11.2957 39.0903
      vertex 96.875 58.7446 46.6139
      vertex 96.875 58.9753 44.6272
    endloop
  endfacet
  facet normal -1 0 0
    outer loop
      vertex 96.875 58.7446 46.6139
      vertex 96.875 11.2957 39.0903
      vertex 96.875 11.065 41.0769
    endloop
  endfacet
  facet normal 1 0 0
    outer loop
      vertex 28.875 58.7446 46.6139
      vertex 28.875 11.2957 39.0903
      vertex 28.875 58.9753 44.6272
    endloop
  endfacet
  facet normal 1 0 -0
    outer loop
      vertex 28.875 11.2957 39.0903
      vertex 28.875 58.7446 46.6139
      vertex 28.875 11.065 41.0769
    endloop
  endfacet
  facet normal 0 -0.993325 -0.115347
    outer loop
      vertex 28.875 58.9753 44.6272
      vertex 96.875 58.7446 46.6139
      vertex 28.875 58.7446 46.6139
    endloop
  endfacet
  facet normal 0 -0.993325 -0.115347
    outer loop
      vertex 96.875 58.7446 46.6139
      vertex 28.875 58.9753 44.6272
      vertex 96.875 58.9753 44.6272
    endloop
  endfacet
  facet normal 0 0.993325 0.115353
    outer loop
      vertex 96.875 11.2957 39.0903
      vertex 28.875 11.065 41.0769
      vertex 96.875 11.065 41.0769
    endloop
  endfacet
  facet normal 0 0.993325 0.115353
    outer loop
      vertex 28.875 11.065 41.0769
      vertex 96.875 11.2957 39.0903
      vertex 28.875 11.2957 39.0903
    endloop
  endfacet
  facet normal -0.980956 0.192934 0.0224036
    outer loop
      vertex -101.327 -69.4442 29.714
      vertex -101.315 -69.7531 32.8996
      vertex -101.315 -69.384 29.721
    endloop
  endfacet
  facet normal -0.981185 0.191778 0.0222923
    outer loop
      vertex -101.315 -69.7531 32.8996
      vertex -101.327 -69.4442 29.714
      vertex -101.346 -69.9096 32.8815
    endloop
  endfacet
  facet normal 0.663299 -0.743393 -0.0860303
    outer loop
      vertex -104.202 -68.3387 33.0639
      vertex -104.081 -67.8643 29.8975
      vertex -104.156 -68.2982 33.0686
    endloop
  endfacet
  facet normal 0.65861 -0.747459 -0.0868187
    outer loop
      vertex -104.081 -67.8643 29.8975
      vertex -104.202 -68.3387 33.0639
      vertex -104.202 -67.9695 29.8853
    endloop
  endfacet
  facet normal -0.65861 -0.747462 -0.0867955
    outer loop
      vertex -101.965 -67.8239 29.9022
      vertex -101.844 -68.2982 33.0686
      vertex -101.965 -68.193 33.0808
    endloop
  endfacet
  facet normal -0.662393 -0.744186 -0.0861602
    outer loop
      vertex -101.844 -68.2982 33.0686
      vertex -101.965 -67.8239 29.9022
      vertex -101.919 -67.8643 29.8975
    endloop
  endfacet
  facet normal -0.997723 -0.0669994 -0.00777999
    outer loop
      vertex -101.3 -69.1636 29.7466
      vertex -101.315 -69.3123 32.9508
      vertex -101.315 -68.9432 29.7722
    endloop
  endfacet
  facet normal -0.997723 -0.0669994 -0.00777999
    outer loop
      vertex -101.315 -69.3123 32.9508
      vertex -101.3 -69.1636 29.7466
      vertex -101.3 -69.5327 32.9252
    endloop
  endfacet
  facet normal -0.443069 0.890504 0.103406
    outer loop
      vertex -102.15 -70.626 29.5768
      vertex -102.349 -71.0928 32.7441
      vertex -102.15 -70.9951 32.7554
    endloop
  endfacet
  facet normal -0.443111 0.890484 0.1034
    outer loop
      vertex -102.349 -71.0928 32.7441
      vertex -102.15 -70.626 29.5768
      vertex -102.349 -70.7237 29.5654
    endloop
  endfacet
  facet normal -0.751688 -0.655122 -0.0760282
    outer loop
      vertex -101.757 -68.3848 33.0585
      vertex -101.798 -67.9695 29.8853
      vertex -101.692 -68.0895 29.8713
    endloop
  endfacet
  facet normal -0.749474 -0.657613 -0.0763829
    outer loop
      vertex -101.798 -67.9695 29.8853
      vertex -101.757 -68.3848 33.0585
      vertex -101.798 -68.3387 33.0639
    endloop
  endfacet
  facet normal -0.323566 -0.93989 -0.109137
    outer loop
      vertex -102.56 -67.5325 29.936
      vertex -102.502 -67.9213 33.1124
      vertex -102.56 -67.9016 33.1147
    endloop
  endfacet
  facet normal -0.321114 -0.940714 -0.109283
    outer loop
      vertex -102.502 -67.9213 33.1124
      vertex -102.56 -67.5325 29.936
      vertex -102.408 -67.5837 29.9301
    endloop
  endfacet
  facet normal -0.442598 -0.890735 -0.103432
    outer loop
      vertex -102.349 -67.6035 29.9278
      vertex -102.205 -68.0432 33.0982
      vertex -102.349 -67.9726 33.1064
    endloop
  endfacet
  facet normal -0.444452 -0.889836 -0.103223
    outer loop
      vertex -102.205 -68.0432 33.0982
      vertex -102.349 -67.6035 29.9278
      vertex -102.294 -67.6306 29.9246
    endloop
  endfacet
  facet normal 0.833803 -0.548377 -0.0636777
    outer loop
      vertex -104.349 -68.5047 33.0446
      vertex -104.383 -68.1866 29.86
      vertex -104.349 -68.1356 29.866
    endloop
  endfacet
  facet normal 0.832224 -0.550745 -0.0638974
    outer loop
      vertex -104.383 -68.1866 29.86
      vertex -104.349 -68.5047 33.0446
      vertex -104.438 -68.6374 33.0292
    endloop
  endfacet
  facet normal -0.0659085 0.991164 0.115105
    outer loop
      vertex -102.938 -70.8482 29.551
      vertex -103 -71.2214 32.7291
      vertex -102.84 -71.2109 32.7303
    endloop
  endfacet
  facet normal -0.0648788 0.991229 0.115133
    outer loop
      vertex -103 -71.2214 32.7291
      vertex -102.938 -70.8482 29.551
      vertex -103 -70.8522 29.5505
    endloop
  endfacet
  facet normal 0.947555 -0.317459 -0.0368623
    outer loop
      vertex -104.571 -68.8865 33.0003
      vertex -104.642 -68.7265 29.7973
      vertex -104.571 -68.5174 29.8216
    endloop
  endfacet
  facet normal 0.947601 -0.317323 -0.0368565
    outer loop
      vertex -104.642 -68.7265 29.7973
      vertex -104.571 -68.8865 33.0003
      vertex -104.642 -69.0957 32.976
    endloop
  endfacet
  facet normal -0.444301 -0.889909 -0.103237
    outer loop
      vertex -102.294 -67.6306 29.9246
      vertex -102.15 -68.0703 33.0951
      vertex -102.205 -68.0432 33.0982
    endloop
  endfacet
  facet normal -0.442598 -0.890736 -0.103429
    outer loop
      vertex -102.15 -68.0703 33.0951
      vertex -102.294 -67.6306 29.9246
      vertex -102.15 -67.7012 29.9164
    endloop
  endfacet
  facet normal -0.749474 0.657613 0.0763805
    outer loop
      vertex -101.798 -70.7268 32.7866
      vertex -101.757 -70.3115 29.6133
      vertex -101.798 -70.3576 29.6079
    endloop
  endfacet
  facet normal -0.751657 0.655157 0.0760309
    outer loop
      vertex -101.757 -70.3115 29.6133
      vertex -101.798 -70.7268 32.7866
      vertex -101.692 -70.6068 32.8005
    endloop
  endfacet
  facet normal -0.751388 0.655463 0.0760537
    outer loop
      vertex -101.692 -70.6068 32.8005
      vertex -101.651 -70.1916 29.6272
      vertex -101.757 -70.3115 29.6133
    endloop
  endfacet
  facet normal -0.749474 0.657616 0.0763601
    outer loop
      vertex -101.651 -70.1916 29.6272
      vertex -101.692 -70.6068 32.8005
      vertex -101.651 -70.5607 32.8059
    endloop
  endfacet
  facet normal 0.323566 -0.93989 -0.109137
    outer loop
      vertex -103.498 -67.9213 33.1124
      vertex -103.44 -67.5325 29.936
      vertex -103.44 -67.9016 33.1147
    endloop
  endfacet
  facet normal 0.321114 -0.940714 -0.109283
    outer loop
      vertex -103.44 -67.5325 29.936
      vertex -103.498 -67.9213 33.1124
      vertex -103.592 -67.5837 29.9301
    endloop
  endfacet
  facet normal -0.558453 -0.824 -0.0956801
    outer loop
      vertex -102.15 -67.7012 29.9164
      vertex -102.099 -68.1044 33.0911
      vertex -102.15 -68.0703 33.0951
    endloop
  endfacet
  facet normal -0.554112 -0.826874 -0.0961149
    outer loop
      vertex -102.099 -68.1044 33.0911
      vertex -102.15 -67.7012 29.9164
      vertex -102.016 -67.7898 29.9061
    endloop
  endfacet
  facet normal 0.0659085 0.991164 0.115105
    outer loop
      vertex -103 -71.2214 32.7291
      vertex -103.062 -70.8482 29.551
      vertex -103.16 -71.2109 32.7303
    endloop
  endfacet
  facet normal 0.0648788 0.991229 0.115133
    outer loop
      vertex -103.062 -70.8482 29.551
      vertex -103 -71.2214 32.7291
      vertex -103 -70.8522 29.5505
    endloop
  endfacet
  facet normal 0.194371 0.974381 0.113145
    outer loop
      vertex -103.282 -71.1949 32.7322
      vertex -103.44 -70.7947 29.5572
      vertex -103.44 -71.1638 32.7358
    endloop
  endfacet
  facet normal 0.194282 0.974398 0.113152
    outer loop
      vertex -103.44 -70.7947 29.5572
      vertex -103.282 -71.1949 32.7322
      vertex -103.379 -70.8067 29.5558
    endloop
  endfacet
  facet normal 0.832224 -0.550745 -0.0638974
    outer loop
      vertex -104.438 -68.6374 33.0292
      vertex -104.472 -68.3193 29.8446
      vertex -104.383 -68.1866 29.86
    endloop
  endfacet
  facet normal 0.833746 -0.548463 -0.0636857
    outer loop
      vertex -104.472 -68.3193 29.8446
      vertex -104.438 -68.6374 33.0292
      vertex -104.472 -68.6884 33.0233
    endloop
  endfacet
  facet normal -0.981165 0.19188 0.0223075
    outer loop
      vertex -101.358 -69.6006 29.6958
      vertex -101.346 -69.9096 32.8815
      vertex -101.327 -69.4442 29.714
    endloop
  endfacet
  facet normal -0.980956 0.192934 0.0224089
    outer loop
      vertex -101.346 -69.9096 32.8815
      vertex -101.358 -69.6006 29.6958
      vertex -101.358 -69.9698 32.8745
    endloop
  endfacet
  facet normal 0.0651247 -0.991213 -0.115131
    outer loop
      vertex -103.222 -67.8585 33.1197
      vertex -103 -67.4749 29.9427
      vertex -103 -67.8441 33.1213
    endloop
  endfacet
  facet normal 0.0656209 -0.991185 -0.115093
    outer loop
      vertex -103 -67.4749 29.9427
      vertex -103.222 -67.8585 33.1197
      vertex -103.222 -67.4894 29.941
    endloop
  endfacet
  facet normal -0.947555 -0.317459 -0.0368623
    outer loop
      vertex -101.358 -68.7265 29.7973
      vertex -101.429 -68.8865 33.0003
      vertex -101.429 -68.5174 29.8216
    endloop
  endfacet
  facet normal -0.947601 -0.317323 -0.0368565
    outer loop
      vertex -101.429 -68.8865 33.0003
      vertex -101.358 -68.7265 29.7973
      vertex -101.358 -69.0957 32.976
    endloop
  endfacet
  facet normal -0.832224 -0.550745 -0.0638974
    outer loop
      vertex -101.528 -68.3193 29.8446
      vertex -101.562 -68.6374 33.0292
      vertex -101.617 -68.1866 29.86
    endloop
  endfacet
  facet normal -0.833746 -0.548463 -0.0636857
    outer loop
      vertex -101.562 -68.6374 33.0292
      vertex -101.528 -68.3193 29.8446
      vertex -101.528 -68.6884 33.0233
    endloop
  endfacet
  facet normal -0.895709 -0.441674 -0.0512857
    outer loop
      vertex -101.429 -68.5174 29.8216
      vertex -101.528 -68.6884 33.0233
      vertex -101.528 -68.3193 29.8446
    endloop
  endfacet
  facet normal -0.895709 -0.441674 -0.0512857
    outer loop
      vertex -101.528 -68.6884 33.0233
      vertex -101.429 -68.5174 29.8216
      vertex -101.429 -68.8865 33.0003
    endloop
  endfacet
  facet normal 0.749474 0.657616 0.0763601
    outer loop
      vertex -104.308 -70.6068 32.8005
      vertex -104.349 -70.1916 29.6272
      vertex -104.349 -70.5607 32.8059
    endloop
  endfacet
  facet normal 0.751388 0.655463 0.0760537
    outer loop
      vertex -104.349 -70.1916 29.6272
      vertex -104.308 -70.6068 32.8005
      vertex -104.243 -70.3115 29.6133
    endloop
  endfacet
  facet normal 0.981165 0.19188 0.0223075
    outer loop
      vertex -104.654 -69.9096 32.8815
      vertex -104.642 -69.6006 29.6958
      vertex -104.673 -69.4442 29.714
    endloop
  endfacet
  facet normal 0.980956 0.192934 0.0224089
    outer loop
      vertex -104.642 -69.6006 29.6958
      vertex -104.654 -69.9096 32.8815
      vertex -104.642 -69.9698 32.8745
    endloop
  endfacet
  facet normal -0.554112 -0.826874 -0.0961149
    outer loop
      vertex -102.016 -67.7898 29.9061
      vertex -101.965 -68.193 33.0808
      vertex -102.099 -68.1044 33.0911
    endloop
  endfacet
  facet normal -0.558324 -0.824086 -0.0956931
    outer loop
      vertex -101.965 -68.193 33.0808
      vertex -102.016 -67.7898 29.9061
      vertex -101.965 -67.8239 29.9022
    endloop
  endfacet
  facet normal 0.892716 0.447612 0.0519768
    outer loop
      vertex -104.543 -70.234 32.8438
      vertex -104.571 -69.8098 29.6716
      vertex -104.571 -70.1789 32.8502
    endloop
  endfacet
  facet normal 0.896991 0.439119 0.0508034
    outer loop
      vertex -104.571 -69.8098 29.6716
      vertex -104.543 -70.234 32.8438
      vertex -104.5 -69.9529 29.6549
    endloop
  endfacet
  facet normal -0.0648787 0.991233 0.115102
    outer loop
      vertex -102.778 -70.8378 29.5522
      vertex -102.84 -71.2109 32.7303
      vertex -102.778 -71.2069 32.7308
    endloop
  endfacet
  facet normal -0.0652916 0.991207 0.115091
    outer loop
      vertex -102.84 -71.2109 32.7303
      vertex -102.778 -70.8378 29.5522
      vertex -102.938 -70.8482 29.551
    endloop
  endfacet
  facet normal -0.194371 0.974381 0.113145
    outer loop
      vertex -102.56 -70.7947 29.5572
      vertex -102.718 -71.1949 32.7322
      vertex -102.56 -71.1638 32.7358
    endloop
  endfacet
  facet normal -0.194282 0.974398 0.113152
    outer loop
      vertex -102.718 -71.1949 32.7322
      vertex -102.56 -70.7947 29.5572
      vertex -102.621 -70.8067 29.5558
    endloop
  endfacet
  facet normal -0.195204 -0.974217 -0.113123
    outer loop
      vertex -102.778 -67.4894 29.941
      vertex -102.56 -67.9016 33.1147
      vertex -102.778 -67.8585 33.1197
    endloop
  endfacet
  facet normal -0.195204 -0.974217 -0.113123
    outer loop
      vertex -102.56 -67.9016 33.1147
      vertex -102.778 -67.4894 29.941
      vertex -102.56 -67.5325 29.936
    endloop
  endfacet
  facet normal 0.197395 0.973792 0.112983
    outer loop
      vertex -103.222 -71.2069 32.7308
      vertex -103.379 -70.8067 29.5558
      vertex -103.282 -71.1949 32.7322
    endloop
  endfacet
  facet normal 0.195562 0.974146 0.113118
    outer loop
      vertex -103.379 -70.8067 29.5558
      vertex -103.222 -71.2069 32.7308
      vertex -103.222 -70.8378 29.5522
    endloop
  endfacet
  facet normal -0.197395 0.973792 0.112983
    outer loop
      vertex -102.621 -70.8067 29.5558
      vertex -102.778 -71.2069 32.7308
      vertex -102.718 -71.1949 32.7322
    endloop
  endfacet
  facet normal -0.195562 0.974146 0.113118
    outer loop
      vertex -102.778 -71.2069 32.7308
      vertex -102.621 -70.8067 29.5558
      vertex -102.778 -70.8378 29.5522
    endloop
  endfacet
  facet normal -0.892391 0.448251 0.0520495
    outer loop
      vertex -101.528 -70.377 32.8272
      vertex -101.5 -69.9529 29.6549
      vertex -101.528 -70.0079 29.6485
    endloop
  endfacet
  facet normal -0.896856 0.439392 0.0508257
    outer loop
      vertex -101.5 -69.9529 29.6549
      vertex -101.528 -70.377 32.8272
      vertex -101.457 -70.234 32.8438
    endloop
  endfacet
  facet normal -0.0651247 -0.991213 -0.115131
    outer loop
      vertex -103 -67.4749 29.9427
      vertex -102.778 -67.8585 33.1197
      vertex -103 -67.8441 33.1213
    endloop
  endfacet
  facet normal -0.0656209 -0.991185 -0.115093
    outer loop
      vertex -102.778 -67.8585 33.1197
      vertex -103 -67.4749 29.9427
      vertex -102.778 -67.4894 29.941
    endloop
  endfacet
  facet normal -0.832034 0.551014 0.0640592
    outer loop
      vertex -101.562 -70.4281 32.8213
      vertex -101.528 -70.0079 29.6485
      vertex -101.617 -70.1405 29.6331
    endloop
  endfacet
  facet normal -0.834237 0.547726 0.0636001
    outer loop
      vertex -101.528 -70.0079 29.6485
      vertex -101.562 -70.4281 32.8213
      vertex -101.528 -70.377 32.8272
    endloop
  endfacet
  facet normal -0.980956 -0.192934 -0.0224036
    outer loop
      vertex -101.315 -69.3123 32.9508
      vertex -101.327 -68.883 29.7792
      vertex -101.315 -68.9432 29.7722
    endloop
  endfacet
  facet normal -0.981188 -0.19177 -0.0222451
    outer loop
      vertex -101.327 -68.883 29.7792
      vertex -101.315 -69.3123 32.9508
      vertex -101.346 -69.1558 32.969
    endloop
  endfacet
  facet normal -0.997653 0.0680073 0.00796876
    outer loop
      vertex -101.304 -69.5939 32.9181
      vertex -101.3 -69.1636 29.7466
      vertex -101.311 -69.3228 29.7281
    endloop
  endfacet
  facet normal -0.997899 0.0643552 0.00747295
    outer loop
      vertex -101.3 -69.1636 29.7466
      vertex -101.304 -69.5939 32.9181
      vertex -101.3 -69.5327 32.9252
    endloop
  endfacet
  facet normal 0.442598 -0.890735 -0.103432
    outer loop
      vertex -103.795 -68.0432 33.0982
      vertex -103.651 -67.6035 29.9278
      vertex -103.651 -67.9726 33.1064
    endloop
  endfacet
  facet normal 0.444452 -0.889836 -0.103223
    outer loop
      vertex -103.651 -67.6035 29.9278
      vertex -103.795 -68.0432 33.0982
      vertex -103.706 -67.6306 29.9246
    endloop
  endfacet
  facet normal 0.195204 -0.974217 -0.113123
    outer loop
      vertex -103.44 -67.9016 33.1147
      vertex -103.222 -67.4894 29.941
      vertex -103.222 -67.8585 33.1197
    endloop
  endfacet
  facet normal 0.195204 -0.974217 -0.113123
    outer loop
      vertex -103.222 -67.4894 29.941
      vertex -103.44 -67.9016 33.1147
      vertex -103.44 -67.5325 29.936
    endloop
  endfacet
  facet normal 0.443069 0.890504 0.103406
    outer loop
      vertex -103.651 -71.0928 32.7441
      vertex -103.85 -70.626 29.5768
      vertex -103.85 -70.9951 32.7554
    endloop
  endfacet
  facet normal 0.443111 0.890484 0.1034
    outer loop
      vertex -103.85 -70.626 29.5768
      vertex -103.651 -71.0928 32.7441
      vertex -103.651 -70.7237 29.5654
    endloop
  endfacet
  facet normal 0.896856 0.439392 0.0508257
    outer loop
      vertex -104.472 -70.377 32.8272
      vertex -104.5 -69.9529 29.6549
      vertex -104.543 -70.234 32.8438
    endloop
  endfacet
  facet normal 0.892391 0.448251 0.0520495
    outer loop
      vertex -104.5 -69.9529 29.6549
      vertex -104.472 -70.377 32.8272
      vertex -104.472 -70.0079 29.6485
    endloop
  endfacet
  facet normal 0.980956 0.192934 0.0224036
    outer loop
      vertex -104.685 -69.7531 32.8996
      vertex -104.673 -69.4442 29.714
      vertex -104.685 -69.384 29.721
    endloop
  endfacet
  facet normal 0.981185 0.191778 0.0222923
    outer loop
      vertex -104.673 -69.4442 29.714
      vertex -104.685 -69.7531 32.8996
      vertex -104.654 -69.9096 32.8815
    endloop
  endfacet
  facet normal 0.751657 0.655157 0.0760309
    outer loop
      vertex -104.202 -70.7268 32.7866
      vertex -104.243 -70.3115 29.6133
      vertex -104.308 -70.6068 32.8005
    endloop
  endfacet
  facet normal 0.749474 0.657613 0.0763805
    outer loop
      vertex -104.243 -70.3115 29.6133
      vertex -104.202 -70.7268 32.7866
      vertex -104.202 -70.3576 29.6079
    endloop
  endfacet
  facet normal 0.65861 -0.747462 -0.0867955
    outer loop
      vertex -104.156 -68.2982 33.0686
      vertex -104.035 -67.8239 29.9022
      vertex -104.035 -68.193 33.0808
    endloop
  endfacet
  facet normal 0.662393 -0.744186 -0.0861602
    outer loop
      vertex -104.035 -67.8239 29.9022
      vertex -104.156 -68.2982 33.0686
      vertex -104.081 -67.8643 29.8975
    endloop
  endfacet
  facet normal 0.749474 -0.657613 -0.0763829
    outer loop
      vertex -104.243 -68.3848 33.0585
      vertex -104.202 -67.9695 29.8853
      vertex -104.202 -68.3387 33.0639
    endloop
  endfacet
  facet normal 0.751688 -0.655122 -0.0760282
    outer loop
      vertex -104.202 -67.9695 29.8853
      vertex -104.243 -68.3848 33.0585
      vertex -104.308 -68.0895 29.8713
    endloop
  endfacet
  facet normal -0.981185 -0.191783 -0.0222462
    outer loop
      vertex -101.346 -69.1558 32.969
      vertex -101.358 -68.7265 29.7973
      vertex -101.327 -68.883 29.7792
    endloop
  endfacet
  facet normal -0.980895 -0.193238 -0.0224443
    outer loop
      vertex -101.358 -68.7265 29.7973
      vertex -101.346 -69.1558 32.969
      vertex -101.358 -69.0957 32.976
    endloop
  endfacet
  facet normal -0.554112 0.826874 0.0961149
    outer loop
      vertex -102.099 -70.5919 29.5807
      vertex -102.15 -70.9951 32.7554
      vertex -102.016 -70.9065 32.7657
    endloop
  endfacet
  facet normal -0.558324 0.824086 0.0956931
    outer loop
      vertex -102.15 -70.9951 32.7554
      vertex -102.099 -70.5919 29.5807
      vertex -102.15 -70.626 29.5768
    endloop
  endfacet
  facet normal -0.32087 0.940802 0.109243
    outer loop
      vertex -102.349 -70.7237 29.5654
      vertex -102.56 -71.1638 32.7358
      vertex -102.349 -71.0928 32.7441
    endloop
  endfacet
  facet normal -0.320824 0.940817 0.109248
    outer loop
      vertex -102.56 -71.1638 32.7358
      vertex -102.349 -70.7237 29.5654
      vertex -102.56 -70.7947 29.5572
    endloop
  endfacet
  facet normal -0.558453 0.824 0.0956801
    outer loop
      vertex -101.965 -70.5033 29.591
      vertex -102.016 -70.9065 32.7657
      vertex -101.965 -70.8724 32.7697
    endloop
  endfacet
  facet normal -0.554112 0.826874 0.0961149
    outer loop
      vertex -102.016 -70.9065 32.7657
      vertex -101.965 -70.5033 29.591
      vertex -102.099 -70.5919 29.5807
    endloop
  endfacet
  facet normal -0.662393 0.744186 0.0861576
    outer loop
      vertex -101.844 -70.3981 29.6032
      vertex -101.965 -70.8724 32.7697
      vertex -101.919 -70.832 32.7744
    endloop
  endfacet
  facet normal -0.65861 0.747462 0.0867928
    outer loop
      vertex -101.965 -70.8724 32.7697
      vertex -101.844 -70.3981 29.6032
      vertex -101.965 -70.5033 29.591
    endloop
  endfacet
  facet normal 0.834237 0.547726 0.0636001
    outer loop
      vertex -104.438 -70.4281 32.8213
      vertex -104.472 -70.0079 29.6485
      vertex -104.472 -70.377 32.8272
    endloop
  endfacet
  facet normal 0.832034 0.551014 0.0640592
    outer loop
      vertex -104.472 -70.0079 29.6485
      vertex -104.438 -70.4281 32.8213
      vertex -104.383 -70.1405 29.6331
    endloop
  endfacet
  facet normal -0.997899 0.0643552 0.00747295
    outer loop
      vertex -101.315 -69.7531 32.8996
      vertex -101.311 -69.3228 29.7281
      vertex -101.315 -69.384 29.721
    endloop
  endfacet
  facet normal -0.997653 0.0680073 0.00796876
    outer loop
      vertex -101.311 -69.3228 29.7281
      vertex -101.315 -69.7531 32.8996
      vertex -101.304 -69.5939 32.9181
    endloop
  endfacet
  facet normal 0.319846 -0.941145 -0.109291
    outer loop
      vertex -103.651 -67.9726 33.1064
      vertex -103.592 -67.5837 29.9301
      vertex -103.498 -67.9213 33.1124
    endloop
  endfacet
  facet normal 0.320076 -0.941068 -0.109277
    outer loop
      vertex -103.592 -67.5837 29.9301
      vertex -103.651 -67.9726 33.1064
      vertex -103.651 -67.6035 29.9278
    endloop
  endfacet
  facet normal 0.980895 -0.193238 -0.0224443
    outer loop
      vertex -104.654 -69.1558 32.969
      vertex -104.642 -68.7265 29.7973
      vertex -104.642 -69.0957 32.976
    endloop
  endfacet
  facet normal 0.981185 -0.191783 -0.0222462
    outer loop
      vertex -104.642 -68.7265 29.7973
      vertex -104.654 -69.1558 32.969
      vertex -104.673 -68.883 29.7792
    endloop
  endfacet
  facet normal 0.751388 -0.655463 -0.0760537
    outer loop
      vertex -104.349 -68.5047 33.0446
      vertex -104.308 -68.0895 29.8713
      vertex -104.243 -68.3848 33.0585
    endloop
  endfacet
  facet normal 0.749392 -0.657707 -0.0763732
    outer loop
      vertex -104.308 -68.0895 29.8713
      vertex -104.349 -68.5047 33.0446
      vertex -104.349 -68.1356 29.866
    endloop
  endfacet
  facet normal 0.554112 -0.826874 -0.0961149
    outer loop
      vertex -104.035 -68.193 33.0808
      vertex -103.984 -67.7898 29.9061
      vertex -103.901 -68.1044 33.0911
    endloop
  endfacet
  facet normal 0.558324 -0.824086 -0.0956931
    outer loop
      vertex -103.984 -67.7898 29.9061
      vertex -104.035 -68.193 33.0808
      vertex -104.035 -67.8239 29.9022
    endloop
  endfacet
  facet normal -0.319846 -0.941145 -0.109291
    outer loop
      vertex -102.408 -67.5837 29.9301
      vertex -102.349 -67.9726 33.1064
      vertex -102.502 -67.9213 33.1124
    endloop
  endfacet
  facet normal -0.320076 -0.941068 -0.109277
    outer loop
      vertex -102.349 -67.9726 33.1064
      vertex -102.408 -67.5837 29.9301
      vertex -102.349 -67.6035 29.9278
    endloop
  endfacet
  facet normal -0.749392 -0.657707 -0.0763732
    outer loop
      vertex -101.651 -68.5047 33.0446
      vertex -101.692 -68.0895 29.8713
      vertex -101.651 -68.1356 29.866
    endloop
  endfacet
  facet normal -0.751388 -0.655463 -0.0760537
    outer loop
      vertex -101.692 -68.0895 29.8713
      vertex -101.651 -68.5047 33.0446
      vertex -101.757 -68.3848 33.0585
    endloop
  endfacet
  facet normal 0.946204 0.321411 0.0373312
    outer loop
      vertex -104.642 -69.9698 32.8745
      vertex -104.622 -69.6587 29.6891
      vertex -104.642 -69.6006 29.6958
    endloop
  endfacet
  facet normal 0.946178 0.321484 0.0373383
    outer loop
      vertex -104.622 -69.6587 29.6891
      vertex -104.642 -69.9698 32.8745
      vertex -104.59 -70.1208 32.8569
    endloop
  endfacet
  facet normal 0.948127 0.31579 0.036488
    outer loop
      vertex -104.59 -70.1208 32.8569
      vertex -104.571 -69.8098 29.6716
      vertex -104.622 -69.6587 29.6891
    endloop
  endfacet
  facet normal 0.951071 0.306912 0.0356387
    outer loop
      vertex -104.571 -69.8098 29.6716
      vertex -104.59 -70.1208 32.8569
      vertex -104.571 -70.1789 32.8502
    endloop
  endfacet
  facet normal 0.832034 0.551014 0.0640592
    outer loop
      vertex -104.349 -70.5607 32.8059
      vertex -104.383 -70.1405 29.6331
      vertex -104.438 -70.4281 32.8213
    endloop
  endfacet
  facet normal 0.834237 0.547726 0.0636001
    outer loop
      vertex -104.383 -70.1405 29.6331
      vertex -104.349 -70.5607 32.8059
      vertex -104.349 -70.1916 29.6272
    endloop
  endfacet
  facet normal -0.65861 0.747459 0.086816
    outer loop
      vertex -101.798 -70.3576 29.6079
      vertex -101.919 -70.832 32.7744
      vertex -101.798 -70.7268 32.7866
    endloop
  endfacet
  facet normal -0.663299 0.743393 0.0860277
    outer loop
      vertex -101.919 -70.832 32.7744
      vertex -101.798 -70.3576 29.6079
      vertex -101.844 -70.3981 29.6032
    endloop
  endfacet
  facet normal -0.834237 0.547726 0.0636001
    outer loop
      vertex -101.651 -70.5607 32.8059
      vertex -101.617 -70.1405 29.6331
      vertex -101.651 -70.1916 29.6272
    endloop
  endfacet
  facet normal -0.832034 0.551014 0.0640592
    outer loop
      vertex -101.617 -70.1405 29.6331
      vertex -101.651 -70.5607 32.8059
      vertex -101.562 -70.4281 32.8213
    endloop
  endfacet
  facet normal 0.981188 -0.19177 -0.0222451
    outer loop
      vertex -104.685 -69.3123 32.9508
      vertex -104.673 -68.883 29.7792
      vertex -104.654 -69.1558 32.969
    endloop
  endfacet
  facet normal 0.980956 -0.192934 -0.0224036
    outer loop
      vertex -104.673 -68.883 29.7792
      vertex -104.685 -69.3123 32.9508
      vertex -104.685 -68.9432 29.7722
    endloop
  endfacet
  facet normal 0.895709 -0.441674 -0.0512857
    outer loop
      vertex -104.472 -68.6884 33.0233
      vertex -104.571 -68.5174 29.8216
      vertex -104.472 -68.3193 29.8446
    endloop
  endfacet
  facet normal 0.895709 -0.441674 -0.0512857
    outer loop
      vertex -104.571 -68.5174 29.8216
      vertex -104.472 -68.6884 33.0233
      vertex -104.571 -68.8865 33.0003
    endloop
  endfacet
  facet normal 0.997723 -0.0669994 -0.00777999
    outer loop
      vertex -104.685 -69.3123 32.9508
      vertex -104.7 -69.1636 29.7466
      vertex -104.685 -68.9432 29.7722
    endloop
  endfacet
  facet normal 0.997723 -0.0669994 -0.00777999
    outer loop
      vertex -104.7 -69.1636 29.7466
      vertex -104.685 -69.3123 32.9508
      vertex -104.7 -69.5327 32.9252
    endloop
  endfacet
  facet normal 0.554112 0.826874 0.0961149
    outer loop
      vertex -103.85 -70.9951 32.7554
      vertex -103.901 -70.5919 29.5807
      vertex -103.984 -70.9065 32.7657
    endloop
  endfacet
  facet normal 0.558324 0.824086 0.0956931
    outer loop
      vertex -103.901 -70.5919 29.5807
      vertex -103.85 -70.9951 32.7554
      vertex -103.85 -70.626 29.5768
    endloop
  endfacet
  facet normal 0.558453 0.824 0.0956801
    outer loop
      vertex -103.984 -70.9065 32.7657
      vertex -104.035 -70.5033 29.591
      vertex -104.035 -70.8724 32.7697
    endloop
  endfacet
  facet normal 0.554112 0.826874 0.0961149
    outer loop
      vertex -104.035 -70.5033 29.591
      vertex -103.984 -70.9065 32.7657
      vertex -103.901 -70.5919 29.5807
    endloop
  endfacet
  facet normal -0.663299 -0.743393 -0.0860303
    outer loop
      vertex -101.919 -67.8643 29.8975
      vertex -101.798 -68.3387 33.0639
      vertex -101.844 -68.2982 33.0686
    endloop
  endfacet
  facet normal -0.65861 -0.747459 -0.0868187
    outer loop
      vertex -101.798 -68.3387 33.0639
      vertex -101.919 -67.8643 29.8975
      vertex -101.798 -67.9695 29.8853
    endloop
  endfacet
  facet normal 0.0648787 0.991233 0.115102
    outer loop
      vertex -103.16 -71.2109 32.7303
      vertex -103.222 -70.8378 29.5522
      vertex -103.222 -71.2069 32.7308
    endloop
  endfacet
  facet normal 0.0652916 0.991207 0.115091
    outer loop
      vertex -103.222 -70.8378 29.5522
      vertex -103.16 -71.2109 32.7303
      vertex -103.062 -70.8482 29.551
    endloop
  endfacet
  facet normal -0.833803 -0.548377 -0.0636777
    outer loop
      vertex -101.617 -68.1866 29.86
      vertex -101.651 -68.5047 33.0446
      vertex -101.651 -68.1356 29.866
    endloop
  endfacet
  facet normal -0.832224 -0.550745 -0.0638974
    outer loop
      vertex -101.651 -68.5047 33.0446
      vertex -101.617 -68.1866 29.86
      vertex -101.562 -68.6374 33.0292
    endloop
  endfacet
  facet normal 0.997653 0.0680073 0.00796876
    outer loop
      vertex -104.685 -69.7531 32.8996
      vertex -104.689 -69.3228 29.7281
      vertex -104.696 -69.5939 32.9181
    endloop
  endfacet
  facet normal 0.997899 0.0643552 0.00747295
    outer loop
      vertex -104.689 -69.3228 29.7281
      vertex -104.685 -69.7531 32.8996
      vertex -104.685 -69.384 29.721
    endloop
  endfacet
  facet normal 0.997899 0.0643552 0.00747295
    outer loop
      vertex -104.696 -69.5939 32.9181
      vertex -104.7 -69.1636 29.7466
      vertex -104.7 -69.5327 32.9252
    endloop
  endfacet
  facet normal 0.997653 0.0680073 0.00796876
    outer loop
      vertex -104.7 -69.1636 29.7466
      vertex -104.696 -69.5939 32.9181
      vertex -104.689 -69.3228 29.7281
    endloop
  endfacet
  facet normal -0.896991 0.439119 0.0508034
    outer loop
      vertex -101.457 -70.234 32.8438
      vertex -101.429 -69.8098 29.6716
      vertex -101.5 -69.9529 29.6549
    endloop
  endfacet
  facet normal -0.892716 0.447612 0.0519768
    outer loop
      vertex -101.429 -69.8098 29.6716
      vertex -101.457 -70.234 32.8438
      vertex -101.429 -70.1789 32.8502
    endloop
  endfacet
  facet normal -0.948127 0.31579 0.036488
    outer loop
      vertex -101.429 -69.8098 29.6716
      vertex -101.41 -70.1208 32.8569
      vertex -101.378 -69.6587 29.6891
    endloop
  endfacet
  facet normal -0.951071 0.306912 0.0356387
    outer loop
      vertex -101.41 -70.1208 32.8569
      vertex -101.429 -69.8098 29.6716
      vertex -101.429 -70.1789 32.8502
    endloop
  endfacet
  facet normal 0.558453 -0.824 -0.0956801
    outer loop
      vertex -103.901 -68.1044 33.0911
      vertex -103.85 -67.7012 29.9164
      vertex -103.85 -68.0703 33.0951
    endloop
  endfacet
  facet normal 0.554112 -0.826874 -0.0961149
    outer loop
      vertex -103.85 -67.7012 29.9164
      vertex -103.901 -68.1044 33.0911
      vertex -103.984 -67.7898 29.9061
    endloop
  endfacet
  facet normal 0.444301 -0.889909 -0.103237
    outer loop
      vertex -103.85 -68.0703 33.0951
      vertex -103.706 -67.6306 29.9246
      vertex -103.795 -68.0432 33.0982
    endloop
  endfacet
  facet normal 0.442598 -0.890736 -0.103429
    outer loop
      vertex -103.706 -67.6306 29.9246
      vertex -103.85 -68.0703 33.0951
      vertex -103.85 -67.7012 29.9164
    endloop
  endfacet
  facet normal 0.662393 0.744186 0.0861576
    outer loop
      vertex -104.035 -70.8724 32.7697
      vertex -104.156 -70.3981 29.6032
      vertex -104.081 -70.832 32.7744
    endloop
  endfacet
  facet normal 0.65861 0.747462 0.0867928
    outer loop
      vertex -104.156 -70.3981 29.6032
      vertex -104.035 -70.8724 32.7697
      vertex -104.035 -70.5033 29.591
    endloop
  endfacet
  facet normal 0.65861 0.747459 0.086816
    outer loop
      vertex -104.081 -70.832 32.7744
      vertex -104.202 -70.3576 29.6079
      vertex -104.202 -70.7268 32.7866
    endloop
  endfacet
  facet normal 0.663299 0.743393 0.0860277
    outer loop
      vertex -104.202 -70.3576 29.6079
      vertex -104.081 -70.832 32.7744
      vertex -104.156 -70.3981 29.6032
    endloop
  endfacet
  facet normal 0.32087 0.940802 0.109243
    outer loop
      vertex -103.44 -71.1638 32.7358
      vertex -103.651 -70.7237 29.5654
      vertex -103.651 -71.0928 32.7441
    endloop
  endfacet
  facet normal 0.320824 0.940817 0.109248
    outer loop
      vertex -103.651 -70.7237 29.5654
      vertex -103.44 -71.1638 32.7358
      vertex -103.44 -70.7947 29.5572
    endloop
  endfacet
  facet normal -0.946204 0.321411 0.0373312
    outer loop
      vertex -101.378 -69.6587 29.6891
      vertex -101.358 -69.9698 32.8745
      vertex -101.358 -69.6006 29.6958
    endloop
  endfacet
  facet normal -0.946178 0.321484 0.0373383
    outer loop
      vertex -101.358 -69.9698 32.8745
      vertex -101.378 -69.6587 29.6891
      vertex -101.41 -70.1208 32.8569
    endloop
  endfacet
  facet normal -0.981165 0.19188 0.0223075
    outer loop
      vertex 104.642 -69.6006 29.6958
      vertex 104.654 -69.9096 32.8815
      vertex 104.673 -69.4442 29.714
    endloop
  endfacet
  facet normal -0.980956 0.192934 0.0224089
    outer loop
      vertex 104.654 -69.9096 32.8815
      vertex 104.642 -69.6006 29.6958
      vertex 104.642 -69.9698 32.8745
    endloop
  endfacet
  facet normal 0.663299 -0.743393 -0.0860303
    outer loop
      vertex 101.798 -68.3387 33.0639
      vertex 101.919 -67.8643 29.8975
      vertex 101.844 -68.2982 33.0686
    endloop
  endfacet
  facet normal 0.65861 -0.747459 -0.0868187
    outer loop
      vertex 101.919 -67.8643 29.8975
      vertex 101.798 -68.3387 33.0639
      vertex 101.798 -67.9695 29.8853
    endloop
  endfacet
  facet normal -0.65861 -0.747462 -0.0867955
    outer loop
      vertex 104.035 -67.8239 29.9022
      vertex 104.156 -68.2982 33.0686
      vertex 104.035 -68.193 33.0808
    endloop
  endfacet
  facet normal -0.662393 -0.744186 -0.0861602
    outer loop
      vertex 104.156 -68.2982 33.0686
      vertex 104.035 -67.8239 29.9022
      vertex 104.081 -67.8643 29.8975
    endloop
  endfacet
  facet normal -0.997723 -0.0669994 -0.00777999
    outer loop
      vertex 104.7 -69.1636 29.7466
      vertex 104.685 -69.3123 32.9508
      vertex 104.685 -68.9432 29.7722
    endloop
  endfacet
  facet normal -0.997723 -0.0669994 -0.00777999
    outer loop
      vertex 104.685 -69.3123 32.9508
      vertex 104.7 -69.1636 29.7466
      vertex 104.7 -69.5327 32.9252
    endloop
  endfacet
  facet normal -0.443069 0.890504 0.103406
    outer loop
      vertex 103.85 -70.626 29.5768
      vertex 103.651 -71.0928 32.7441
      vertex 103.85 -70.9951 32.7554
    endloop
  endfacet
  facet normal -0.443111 0.890484 0.1034
    outer loop
      vertex 103.651 -71.0928 32.7441
      vertex 103.85 -70.626 29.5768
      vertex 103.651 -70.7237 29.5654
    endloop
  endfacet
  facet normal 0.896856 0.439392 0.0508257
    outer loop
      vertex 101.528 -70.377 32.8272
      vertex 101.5 -69.9529 29.6549
      vertex 101.457 -70.234 32.8438
    endloop
  endfacet
  facet normal 0.892391 0.448251 0.0520495
    outer loop
      vertex 101.5 -69.9529 29.6549
      vertex 101.528 -70.377 32.8272
      vertex 101.528 -70.0079 29.6485
    endloop
  endfacet
  facet normal -0.323566 -0.93989 -0.109137
    outer loop
      vertex 103.44 -67.5325 29.936
      vertex 103.498 -67.9213 33.1124
      vertex 103.44 -67.9016 33.1147
    endloop
  endfacet
  facet normal -0.321114 -0.940714 -0.109283
    outer loop
      vertex 103.498 -67.9213 33.1124
      vertex 103.44 -67.5325 29.936
      vertex 103.592 -67.5837 29.9301
    endloop
  endfacet
  facet normal -0.442598 -0.890735 -0.103432
    outer loop
      vertex 103.651 -67.6035 29.9278
      vertex 103.795 -68.0432 33.0982
      vertex 103.651 -67.9726 33.1064
    endloop
  endfacet
  facet normal -0.444452 -0.889836 -0.103223
    outer loop
      vertex 103.795 -68.0432 33.0982
      vertex 103.651 -67.6035 29.9278
      vertex 103.706 -67.6306 29.9246
    endloop
  endfacet
  facet normal 0.833803 -0.548377 -0.0636777
    outer loop
      vertex 101.651 -68.5047 33.0446
      vertex 101.617 -68.1866 29.86
      vertex 101.651 -68.1356 29.866
    endloop
  endfacet
  facet normal 0.832224 -0.550745 -0.0638974
    outer loop
      vertex 101.617 -68.1866 29.86
      vertex 101.651 -68.5047 33.0446
      vertex 101.562 -68.6374 33.0292
    endloop
  endfacet
  facet normal 0.0659085 0.991164 0.115105
    outer loop
      vertex 103 -71.2214 32.7291
      vertex 102.938 -70.8482 29.551
      vertex 102.84 -71.2109 32.7303
    endloop
  endfacet
  facet normal 0.0648788 0.991229 0.115133
    outer loop
      vertex 102.938 -70.8482 29.551
      vertex 103 -71.2214 32.7291
      vertex 103 -70.8522 29.5505
    endloop
  endfacet
  facet normal -0.444301 -0.889909 -0.103237
    outer loop
      vertex 103.706 -67.6306 29.9246
      vertex 103.85 -68.0703 33.0951
      vertex 103.795 -68.0432 33.0982
    endloop
  endfacet
  facet normal -0.442598 -0.890736 -0.103429
    outer loop
      vertex 103.85 -68.0703 33.0951
      vertex 103.706 -67.6306 29.9246
      vertex 103.85 -67.7012 29.9164
    endloop
  endfacet
  facet normal -0.749474 0.657613 0.0763805
    outer loop
      vertex 104.202 -70.7268 32.7866
      vertex 104.243 -70.3115 29.6133
      vertex 104.202 -70.3576 29.6079
    endloop
  endfacet
  facet normal -0.751657 0.655157 0.0760309
    outer loop
      vertex 104.243 -70.3115 29.6133
      vertex 104.202 -70.7268 32.7866
      vertex 104.308 -70.6068 32.8005
    endloop
  endfacet
  facet normal -0.751388 0.655463 0.0760537
    outer loop
      vertex 104.308 -70.6068 32.8005
      vertex 104.349 -70.1916 29.6272
      vertex 104.243 -70.3115 29.6133
    endloop
  endfacet
  facet normal -0.749474 0.657616 0.0763601
    outer loop
      vertex 104.349 -70.1916 29.6272
      vertex 104.308 -70.6068 32.8005
      vertex 104.349 -70.5607 32.8059
    endloop
  endfacet
  facet normal 0.323566 -0.93989 -0.109137
    outer loop
      vertex 102.502 -67.9213 33.1124
      vertex 102.56 -67.5325 29.936
      vertex 102.56 -67.9016 33.1147
    endloop
  endfacet
  facet normal 0.321114 -0.940714 -0.109283
    outer loop
      vertex 102.56 -67.5325 29.936
      vertex 102.502 -67.9213 33.1124
      vertex 102.408 -67.5837 29.9301
    endloop
  endfacet
  facet normal 0.558453 -0.824 -0.0956801
    outer loop
      vertex 102.099 -68.1044 33.0911
      vertex 102.15 -67.7012 29.9164
      vertex 102.15 -68.0703 33.0951
    endloop
  endfacet
  facet normal 0.554112 -0.826874 -0.0961149
    outer loop
      vertex 102.15 -67.7012 29.9164
      vertex 102.099 -68.1044 33.0911
      vertex 102.016 -67.7898 29.9061
    endloop
  endfacet
  facet normal -0.558453 -0.824 -0.0956801
    outer loop
      vertex 103.85 -67.7012 29.9164
      vertex 103.901 -68.1044 33.0911
      vertex 103.85 -68.0703 33.0951
    endloop
  endfacet
  facet normal -0.554112 -0.826874 -0.0961149
    outer loop
      vertex 103.901 -68.1044 33.0911
      vertex 103.85 -67.7012 29.9164
      vertex 103.984 -67.7898 29.9061
    endloop
  endfacet
  facet normal 0.194371 0.974381 0.113145
    outer loop
      vertex 102.718 -71.1949 32.7322
      vertex 102.56 -70.7947 29.5572
      vertex 102.56 -71.1638 32.7358
    endloop
  endfacet
  facet normal 0.194282 0.974398 0.113152
    outer loop
      vertex 102.56 -70.7947 29.5572
      vertex 102.718 -71.1949 32.7322
      vertex 102.621 -70.8067 29.5558
    endloop
  endfacet
  facet normal 0.832224 -0.550745 -0.0638974
    outer loop
      vertex 101.562 -68.6374 33.0292
      vertex 101.528 -68.3193 29.8446
      vertex 101.617 -68.1866 29.86
    endloop
  endfacet
  facet normal 0.833746 -0.548463 -0.0636857
    outer loop
      vertex 101.528 -68.3193 29.8446
      vertex 101.562 -68.6374 33.0292
      vertex 101.528 -68.6884 33.0233
    endloop
  endfacet
  facet normal 0.0651247 -0.991213 -0.115131
    outer loop
      vertex 102.778 -67.8585 33.1197
      vertex 103 -67.4749 29.9427
      vertex 103 -67.8441 33.1213
    endloop
  endfacet
  facet normal 0.0656209 -0.991185 -0.115093
    outer loop
      vertex 103 -67.4749 29.9427
      vertex 102.778 -67.8585 33.1197
      vertex 102.778 -67.4894 29.941
    endloop
  endfacet
  facet normal -0.947555 -0.317459 -0.0368623
    outer loop
      vertex 104.642 -68.7265 29.7973
      vertex 104.571 -68.8865 33.0003
      vertex 104.571 -68.5174 29.8216
    endloop
  endfacet
  facet normal -0.947601 -0.317323 -0.0368565
    outer loop
      vertex 104.571 -68.8865 33.0003
      vertex 104.642 -68.7265 29.7973
      vertex 104.642 -69.0957 32.976
    endloop
  endfacet
  facet normal -0.749392 -0.657707 -0.0763732
    outer loop
      vertex 104.349 -68.5047 33.0446
      vertex 104.308 -68.0895 29.8713
      vertex 104.349 -68.1356 29.866
    endloop
  endfacet
  facet normal -0.751388 -0.655463 -0.0760537
    outer loop
      vertex 104.308 -68.0895 29.8713
      vertex 104.349 -68.5047 33.0446
      vertex 104.243 -68.3848 33.0585
    endloop
  endfacet
  facet normal 0.444301 -0.889909 -0.103237
    outer loop
      vertex 102.15 -68.0703 33.0951
      vertex 102.294 -67.6306 29.9246
      vertex 102.205 -68.0432 33.0982
    endloop
  endfacet
  facet normal 0.442598 -0.890736 -0.103429
    outer loop
      vertex 102.294 -67.6306 29.9246
      vertex 102.15 -68.0703 33.0951
      vertex 102.15 -67.7012 29.9164
    endloop
  endfacet
  facet normal -0.833803 -0.548377 -0.0636777
    outer loop
      vertex 104.383 -68.1866 29.86
      vertex 104.349 -68.5047 33.0446
      vertex 104.349 -68.1356 29.866
    endloop
  endfacet
  facet normal -0.832224 -0.550745 -0.0638974
    outer loop
      vertex 104.349 -68.5047 33.0446
      vertex 104.383 -68.1866 29.86
      vertex 104.438 -68.6374 33.0292
    endloop
  endfacet
  facet normal 0.749474 0.657616 0.0763601
    outer loop
      vertex 101.692 -70.6068 32.8005
      vertex 101.651 -70.1916 29.6272
      vertex 101.651 -70.5607 32.8059
    endloop
  endfacet
  facet normal 0.751388 0.655463 0.0760537
    outer loop
      vertex 101.651 -70.1916 29.6272
      vertex 101.692 -70.6068 32.8005
      vertex 101.757 -70.3115 29.6133
    endloop
  endfacet
  facet normal 0.981165 0.19188 0.0223075
    outer loop
      vertex 101.346 -69.9096 32.8815
      vertex 101.358 -69.6006 29.6958
      vertex 101.327 -69.4442 29.714
    endloop
  endfacet
  facet normal 0.980956 0.192934 0.0224089
    outer loop
      vertex 101.358 -69.6006 29.6958
      vertex 101.346 -69.9096 32.8815
      vertex 101.358 -69.9698 32.8745
    endloop
  endfacet
  facet normal -0.554112 -0.826874 -0.0961149
    outer loop
      vertex 103.984 -67.7898 29.9061
      vertex 104.035 -68.193 33.0808
      vertex 103.901 -68.1044 33.0911
    endloop
  endfacet
  facet normal -0.558324 -0.824086 -0.0956931
    outer loop
      vertex 104.035 -68.193 33.0808
      vertex 103.984 -67.7898 29.9061
      vertex 104.035 -67.8239 29.9022
    endloop
  endfacet
  facet normal 0.948127 0.31579 0.036488
    outer loop
      vertex 101.41 -70.1208 32.8569
      vertex 101.429 -69.8098 29.6716
      vertex 101.378 -69.6587 29.6891
    endloop
  endfacet
  facet normal 0.951071 0.306912 0.0356387
    outer loop
      vertex 101.429 -69.8098 29.6716
      vertex 101.41 -70.1208 32.8569
      vertex 101.429 -70.1789 32.8502
    endloop
  endfacet
  facet normal -0.0648787 0.991233 0.115102
    outer loop
      vertex 103.222 -70.8378 29.5522
      vertex 103.16 -71.2109 32.7303
      vertex 103.222 -71.2069 32.7308
    endloop
  endfacet
  facet normal -0.0652916 0.991207 0.115091
    outer loop
      vertex 103.16 -71.2109 32.7303
      vertex 103.222 -70.8378 29.5522
      vertex 103.062 -70.8482 29.551
    endloop
  endfacet
  facet normal 0.980895 -0.193238 -0.0224443
    outer loop
      vertex 101.346 -69.1558 32.969
      vertex 101.358 -68.7265 29.7973
      vertex 101.358 -69.0957 32.976
    endloop
  endfacet
  facet normal 0.981185 -0.191783 -0.0222462
    outer loop
      vertex 101.358 -68.7265 29.7973
      vertex 101.346 -69.1558 32.969
      vertex 101.327 -68.883 29.7792
    endloop
  endfacet
  facet normal -0.194371 0.974381 0.113145
    outer loop
      vertex 103.44 -70.7947 29.5572
      vertex 103.282 -71.1949 32.7322
      vertex 103.44 -71.1638 32.7358
    endloop
  endfacet
  facet normal -0.194282 0.974398 0.113152
    outer loop
      vertex 103.282 -71.1949 32.7322
      vertex 103.44 -70.7947 29.5572
      vertex 103.379 -70.8067 29.5558
    endloop
  endfacet
  facet normal -0.195204 -0.974217 -0.113123
    outer loop
      vertex 103.222 -67.4894 29.941
      vertex 103.44 -67.9016 33.1147
      vertex 103.222 -67.8585 33.1197
    endloop
  endfacet
  facet normal -0.195204 -0.974217 -0.113123
    outer loop
      vertex 103.44 -67.9016 33.1147
      vertex 103.222 -67.4894 29.941
      vertex 103.44 -67.5325 29.936
    endloop
  endfacet
  facet normal -0.197395 0.973792 0.112983
    outer loop
      vertex 103.379 -70.8067 29.5558
      vertex 103.222 -71.2069 32.7308
      vertex 103.282 -71.1949 32.7322
    endloop
  endfacet
  facet normal -0.195562 0.974146 0.113118
    outer loop
      vertex 103.222 -71.2069 32.7308
      vertex 103.379 -70.8067 29.5558
      vertex 103.222 -70.8378 29.5522
    endloop
  endfacet
  facet normal -0.896991 0.439119 0.0508034
    outer loop
      vertex 104.543 -70.234 32.8438
      vertex 104.571 -69.8098 29.6716
      vertex 104.5 -69.9529 29.6549
    endloop
  endfacet
  facet normal -0.892716 0.447612 0.0519768
    outer loop
      vertex 104.571 -69.8098 29.6716
      vertex 104.543 -70.234 32.8438
      vertex 104.571 -70.1789 32.8502
    endloop
  endfacet
  facet normal -0.0651247 -0.991213 -0.115131
    outer loop
      vertex 103 -67.4749 29.9427
      vertex 103.222 -67.8585 33.1197
      vertex 103 -67.8441 33.1213
    endloop
  endfacet
  facet normal -0.0656209 -0.991185 -0.115093
    outer loop
      vertex 103.222 -67.8585 33.1197
      vertex 103 -67.4749 29.9427
      vertex 103.222 -67.4894 29.941
    endloop
  endfacet
  facet normal -0.832034 0.551014 0.0640592
    outer loop
      vertex 104.438 -70.4281 32.8213
      vertex 104.472 -70.0079 29.6485
      vertex 104.383 -70.1405 29.6331
    endloop
  endfacet
  facet normal -0.834237 0.547726 0.0636001
    outer loop
      vertex 104.472 -70.0079 29.6485
      vertex 104.438 -70.4281 32.8213
      vertex 104.472 -70.377 32.8272
    endloop
  endfacet
  facet normal -0.980956 -0.192934 -0.0224036
    outer loop
      vertex 104.685 -69.3123 32.9508
      vertex 104.673 -68.883 29.7792
      vertex 104.685 -68.9432 29.7722
    endloop
  endfacet
  facet normal -0.981188 -0.19177 -0.0222451
    outer loop
      vertex 104.673 -68.883 29.7792
      vertex 104.685 -69.3123 32.9508
      vertex 104.654 -69.1558 32.969
    endloop
  endfacet
  facet normal -0.997653 0.0680073 0.00796876
    outer loop
      vertex 104.696 -69.5939 32.9181
      vertex 104.7 -69.1636 29.7466
      vertex 104.689 -69.3228 29.7281
    endloop
  endfacet
  facet normal -0.997899 0.0643552 0.00747295
    outer loop
      vertex 104.7 -69.1636 29.7466
      vertex 104.696 -69.5939 32.9181
      vertex 104.7 -69.5327 32.9252
    endloop
  endfacet
  facet normal 0.319846 -0.941145 -0.109291
    outer loop
      vertex 102.349 -67.9726 33.1064
      vertex 102.408 -67.5837 29.9301
      vertex 102.502 -67.9213 33.1124
    endloop
  endfacet
  facet normal 0.320076 -0.941068 -0.109277
    outer loop
      vertex 102.408 -67.5837 29.9301
      vertex 102.349 -67.9726 33.1064
      vertex 102.349 -67.6035 29.9278
    endloop
  endfacet
  facet normal 0.195204 -0.974217 -0.113123
    outer loop
      vertex 102.56 -67.9016 33.1147
      vertex 102.778 -67.4894 29.941
      vertex 102.778 -67.8585 33.1197
    endloop
  endfacet
  facet normal 0.195204 -0.974217 -0.113123
    outer loop
      vertex 102.778 -67.4894 29.941
      vertex 102.56 -67.9016 33.1147
      vertex 102.56 -67.5325 29.936
    endloop
  endfacet
  facet normal 0.32087 0.940802 0.109243
    outer loop
      vertex 102.56 -71.1638 32.7358
      vertex 102.349 -70.7237 29.5654
      vertex 102.349 -71.0928 32.7441
    endloop
  endfacet
  facet normal 0.320824 0.940817 0.109248
    outer loop
      vertex 102.349 -70.7237 29.5654
      vertex 102.56 -71.1638 32.7358
      vertex 102.56 -70.7947 29.5572
    endloop
  endfacet
  facet normal 0.892716 0.447612 0.0519768
    outer loop
      vertex 101.457 -70.234 32.8438
      vertex 101.429 -69.8098 29.6716
      vertex 101.429 -70.1789 32.8502
    endloop
  endfacet
  facet normal 0.896991 0.439119 0.0508034
    outer loop
      vertex 101.429 -69.8098 29.6716
      vertex 101.457 -70.234 32.8438
      vertex 101.5 -69.9529 29.6549
    endloop
  endfacet
  facet normal 0.980956 0.192934 0.0224036
    outer loop
      vertex 101.315 -69.7531 32.8996
      vertex 101.327 -69.4442 29.714
      vertex 101.315 -69.384 29.721
    endloop
  endfacet
  facet normal 0.981185 0.191778 0.0222923
    outer loop
      vertex 101.327 -69.4442 29.714
      vertex 101.315 -69.7531 32.8996
      vertex 101.346 -69.9096 32.8815
    endloop
  endfacet
  facet normal 0.751657 0.655157 0.0760309
    outer loop
      vertex 101.798 -70.7268 32.7866
      vertex 101.757 -70.3115 29.6133
      vertex 101.692 -70.6068 32.8005
    endloop
  endfacet
  facet normal 0.749474 0.657613 0.0763805
    outer loop
      vertex 101.757 -70.3115 29.6133
      vertex 101.798 -70.7268 32.7866
      vertex 101.798 -70.3576 29.6079
    endloop
  endfacet
  facet normal 0.443069 0.890504 0.103406
    outer loop
      vertex 102.349 -71.0928 32.7441
      vertex 102.15 -70.626 29.5768
      vertex 102.15 -70.9951 32.7554
    endloop
  endfacet
  facet normal 0.443111 0.890484 0.1034
    outer loop
      vertex 102.15 -70.626 29.5768
      vertex 102.349 -71.0928 32.7441
      vertex 102.349 -70.7237 29.5654
    endloop
  endfacet
  facet normal -0.0659085 0.991164 0.115105
    outer loop
      vertex 103.062 -70.8482 29.551
      vertex 103 -71.2214 32.7291
      vertex 103.16 -71.2109 32.7303
    endloop
  endfacet
  facet normal -0.0648788 0.991229 0.115133
    outer loop
      vertex 103 -71.2214 32.7291
      vertex 103.062 -70.8482 29.551
      vertex 103 -70.8522 29.5505
    endloop
  endfacet
  facet normal 0.749474 -0.657613 -0.0763829
    outer loop
      vertex 101.757 -68.3848 33.0585
      vertex 101.798 -67.9695 29.8853
      vertex 101.798 -68.3387 33.0639
    endloop
  endfacet
  facet normal 0.751688 -0.655122 -0.0760282
    outer loop
      vertex 101.798 -67.9695 29.8853
      vertex 101.757 -68.3848 33.0585
      vertex 101.692 -68.0895 29.8713
    endloop
  endfacet
  facet normal -0.981185 -0.191783 -0.0222462
    outer loop
      vertex 104.654 -69.1558 32.969
      vertex 104.642 -68.7265 29.7973
      vertex 104.673 -68.883 29.7792
    endloop
  endfacet
  facet normal -0.980895 -0.193238 -0.0224443
    outer loop
      vertex 104.642 -68.7265 29.7973
      vertex 104.654 -69.1558 32.969
      vertex 104.642 -69.0957 32.976
    endloop
  endfacet
  facet normal -0.554112 0.826874 0.0961149
    outer loop
      vertex 103.901 -70.5919 29.5807
      vertex 103.85 -70.9951 32.7554
      vertex 103.984 -70.9065 32.7657
    endloop
  endfacet
  facet normal -0.558324 0.824086 0.0956931
    outer loop
      vertex 103.85 -70.9951 32.7554
      vertex 103.901 -70.5919 29.5807
      vertex 103.85 -70.626 29.5768
    endloop
  endfacet
  facet normal -0.32087 0.940802 0.109243
    outer loop
      vertex 103.651 -70.7237 29.5654
      vertex 103.44 -71.1638 32.7358
      vertex 103.651 -71.0928 32.7441
    endloop
  endfacet
  facet normal -0.320824 0.940817 0.109248
    outer loop
      vertex 103.44 -71.1638 32.7358
      vertex 103.651 -70.7237 29.5654
      vertex 103.44 -70.7947 29.5572
    endloop
  endfacet
  facet normal -0.892391 0.448251 0.0520495
    outer loop
      vertex 104.472 -70.377 32.8272
      vertex 104.5 -69.9529 29.6549
      vertex 104.472 -70.0079 29.6485
    endloop
  endfacet
  facet normal -0.896856 0.439392 0.0508257
    outer loop
      vertex 104.5 -69.9529 29.6549
      vertex 104.472 -70.377 32.8272
      vertex 104.543 -70.234 32.8438
    endloop
  endfacet
  facet normal -0.558453 0.824 0.0956801
    outer loop
      vertex 104.035 -70.5033 29.591
      vertex 103.984 -70.9065 32.7657
      vertex 104.035 -70.8724 32.7697
    endloop
  endfacet
  facet normal -0.554112 0.826874 0.0961149
    outer loop
      vertex 103.984 -70.9065 32.7657
      vertex 104.035 -70.5033 29.591
      vertex 103.901 -70.5919 29.5807
    endloop
  endfacet
  facet normal -0.662393 0.744186 0.0861576
    outer loop
      vertex 104.156 -70.3981 29.6032
      vertex 104.035 -70.8724 32.7697
      vertex 104.081 -70.832 32.7744
    endloop
  endfacet
  facet normal -0.65861 0.747462 0.0867928
    outer loop
      vertex 104.035 -70.8724 32.7697
      vertex 104.156 -70.3981 29.6032
      vertex 104.035 -70.5033 29.591
    endloop
  endfacet
  facet normal 0.834237 0.547726 0.0636001
    outer loop
      vertex 101.562 -70.4281 32.8213
      vertex 101.528 -70.0079 29.6485
      vertex 101.528 -70.377 32.8272
    endloop
  endfacet
  facet normal 0.832034 0.551014 0.0640592
    outer loop
      vertex 101.528 -70.0079 29.6485
      vertex 101.562 -70.4281 32.8213
      vertex 101.617 -70.1405 29.6331
    endloop
  endfacet
  facet normal -0.997899 0.0643552 0.00747295
    outer loop
      vertex 104.685 -69.7531 32.8996
      vertex 104.689 -69.3228 29.7281
      vertex 104.685 -69.384 29.721
    endloop
  endfacet
  facet normal -0.997653 0.0680073 0.00796876
    outer loop
      vertex 104.689 -69.3228 29.7281
      vertex 104.685 -69.7531 32.8996
      vertex 104.696 -69.5939 32.9181
    endloop
  endfacet
  facet normal 0.442598 -0.890735 -0.103432
    outer loop
      vertex 102.205 -68.0432 33.0982
      vertex 102.349 -67.6035 29.9278
      vertex 102.349 -67.9726 33.1064
    endloop
  endfacet
  facet normal 0.444452 -0.889836 -0.103223
    outer loop
      vertex 102.349 -67.6035 29.9278
      vertex 102.205 -68.0432 33.0982
      vertex 102.294 -67.6306 29.9246
    endloop
  endfacet
  facet normal 0.947555 -0.317459 -0.0368623
    outer loop
      vertex 101.429 -68.8865 33.0003
      vertex 101.358 -68.7265 29.7973
      vertex 101.429 -68.5174 29.8216
    endloop
  endfacet
  facet normal 0.947601 -0.317323 -0.0368565
    outer loop
      vertex 101.358 -68.7265 29.7973
      vertex 101.429 -68.8865 33.0003
      vertex 101.358 -69.0957 32.976
    endloop
  endfacet
  facet normal 0.751388 -0.655463 -0.0760537
    outer loop
      vertex 101.651 -68.5047 33.0446
      vertex 101.692 -68.0895 29.8713
      vertex 101.757 -68.3848 33.0585
    endloop
  endfacet
  facet normal 0.749392 -0.657707 -0.0763732
    outer loop
      vertex 101.692 -68.0895 29.8713
      vertex 101.651 -68.5047 33.0446
      vertex 101.651 -68.1356 29.866
    endloop
  endfacet
  facet normal 0.554112 -0.826874 -0.0961149
    outer loop
      vertex 101.965 -68.193 33.0808
      vertex 102.016 -67.7898 29.9061
      vertex 102.099 -68.1044 33.0911
    endloop
  endfacet
  facet normal 0.558324 -0.824086 -0.0956931
    outer loop
      vertex 102.016 -67.7898 29.9061
      vertex 101.965 -68.193 33.0808
      vertex 101.965 -67.8239 29.9022
    endloop
  endfacet
  facet normal 0.65861 -0.747462 -0.0867955
    outer loop
      vertex 101.844 -68.2982 33.0686
      vertex 101.965 -67.8239 29.9022
      vertex 101.965 -68.193 33.0808
    endloop
  endfacet
  facet normal 0.662393 -0.744186 -0.0861602
    outer loop
      vertex 101.965 -67.8239 29.9022
      vertex 101.844 -68.2982 33.0686
      vertex 101.919 -67.8643 29.8975
    endloop
  endfacet
  facet normal -0.319846 -0.941145 -0.109291
    outer loop
      vertex 103.592 -67.5837 29.9301
      vertex 103.651 -67.9726 33.1064
      vertex 103.498 -67.9213 33.1124
    endloop
  endfacet
  facet normal -0.320076 -0.941068 -0.109277
    outer loop
      vertex 103.651 -67.9726 33.1064
      vertex 103.592 -67.5837 29.9301
      vertex 103.651 -67.6035 29.9278
    endloop
  endfacet
  facet normal 0.946204 0.321411 0.0373312
    outer loop
      vertex 101.358 -69.9698 32.8745
      vertex 101.378 -69.6587 29.6891
      vertex 101.358 -69.6006 29.6958
    endloop
  endfacet
  facet normal 0.946178 0.321484 0.0373383
    outer loop
      vertex 101.378 -69.6587 29.6891
      vertex 101.358 -69.9698 32.8745
      vertex 101.41 -70.1208 32.8569
    endloop
  endfacet
  facet normal 0.832034 0.551014 0.0640592
    outer loop
      vertex 101.651 -70.5607 32.8059
      vertex 101.617 -70.1405 29.6331
      vertex 101.562 -70.4281 32.8213
    endloop
  endfacet
  facet normal 0.834237 0.547726 0.0636001
    outer loop
      vertex 101.617 -70.1405 29.6331
      vertex 101.651 -70.5607 32.8059
      vertex 101.651 -70.1916 29.6272
    endloop
  endfacet
  facet normal -0.65861 0.747459 0.086816
    outer loop
      vertex 104.202 -70.3576 29.6079
      vertex 104.081 -70.832 32.7744
      vertex 104.202 -70.7268 32.7866
    endloop
  endfacet
  facet normal -0.663299 0.743393 0.0860277
    outer loop
      vertex 104.081 -70.832 32.7744
      vertex 104.202 -70.3576 29.6079
      vertex 104.156 -70.3981 29.6032
    endloop
  endfacet
  facet normal -0.834237 0.547726 0.0636001
    outer loop
      vertex 104.349 -70.5607 32.8059
      vertex 104.383 -70.1405 29.6331
      vertex 104.349 -70.1916 29.6272
    endloop
  endfacet
  facet normal -0.832034 0.551014 0.0640592
    outer loop
      vertex 104.383 -70.1405 29.6331
      vertex 104.349 -70.5607 32.8059
      vertex 104.438 -70.4281 32.8213
    endloop
  endfacet
  facet normal 0.895709 -0.441674 -0.0512857
    outer loop
      vertex 101.528 -68.6884 33.0233
      vertex 101.429 -68.5174 29.8216
      vertex 101.528 -68.3193 29.8446
    endloop
  endfacet
  facet normal 0.895709 -0.441674 -0.0512857
    outer loop
      vertex 101.429 -68.5174 29.8216
      vertex 101.528 -68.6884 33.0233
      vertex 101.429 -68.8865 33.0003
    endloop
  endfacet
  facet normal 0.997723 -0.0669994 -0.00777999
    outer loop
      vertex 101.315 -69.3123 32.9508
      vertex 101.3 -69.1636 29.7466
      vertex 101.315 -68.9432 29.7722
    endloop
  endfacet
  facet normal 0.997723 -0.0669994 -0.00777999
    outer loop
      vertex 101.3 -69.1636 29.7466
      vertex 101.315 -69.3123 32.9508
      vertex 101.3 -69.5327 32.9252
    endloop
  endfacet
  facet normal 0.981188 -0.19177 -0.0222451
    outer loop
      vertex 101.315 -69.3123 32.9508
      vertex 101.327 -68.883 29.7792
      vertex 101.346 -69.1558 32.969
    endloop
  endfacet
  facet normal 0.980956 -0.192934 -0.0224036
    outer loop
      vertex 101.327 -68.883 29.7792
      vertex 101.315 -69.3123 32.9508
      vertex 101.315 -68.9432 29.7722
    endloop
  endfacet
  facet normal 0.554112 0.826874 0.0961149
    outer loop
      vertex 102.15 -70.9951 32.7554
      vertex 102.099 -70.5919 29.5807
      vertex 102.016 -70.9065 32.7657
    endloop
  endfacet
  facet normal 0.558324 0.824086 0.0956931
    outer loop
      vertex 102.099 -70.5919 29.5807
      vertex 102.15 -70.9951 32.7554
      vertex 102.15 -70.626 29.5768
    endloop
  endfacet
  facet normal 0.558453 0.824 0.0956801
    outer loop
      vertex 102.016 -70.9065 32.7657
      vertex 101.965 -70.5033 29.591
      vertex 101.965 -70.8724 32.7697
    endloop
  endfacet
  facet normal 0.554112 0.826874 0.0961149
    outer loop
      vertex 101.965 -70.5033 29.591
      vertex 102.016 -70.9065 32.7657
      vertex 102.099 -70.5919 29.5807
    endloop
  endfacet
  facet normal -0.663299 -0.743393 -0.0860303
    outer loop
      vertex 104.081 -67.8643 29.8975
      vertex 104.202 -68.3387 33.0639
      vertex 104.156 -68.2982 33.0686
    endloop
  endfacet
  facet normal -0.65861 -0.747459 -0.0868187
    outer loop
      vertex 104.202 -68.3387 33.0639
      vertex 104.081 -67.8643 29.8975
      vertex 104.202 -67.9695 29.8853
    endloop
  endfacet
  facet normal -0.751688 -0.655122 -0.0760282
    outer loop
      vertex 104.243 -68.3848 33.0585
      vertex 104.202 -67.9695 29.8853
      vertex 104.308 -68.0895 29.8713
    endloop
  endfacet
  facet normal -0.749474 -0.657613 -0.0763829
    outer loop
      vertex 104.202 -67.9695 29.8853
      vertex 104.243 -68.3848 33.0585
      vertex 104.202 -68.3387 33.0639
    endloop
  endfacet
  facet normal 0.0648787 0.991233 0.115102
    outer loop
      vertex 102.84 -71.2109 32.7303
      vertex 102.778 -70.8378 29.5522
      vertex 102.778 -71.2069 32.7308
    endloop
  endfacet
  facet normal 0.0652916 0.991207 0.115091
    outer loop
      vertex 102.778 -70.8378 29.5522
      vertex 102.84 -71.2109 32.7303
      vertex 102.938 -70.8482 29.551
    endloop
  endfacet
  facet normal 0.197395 0.973792 0.112983
    outer loop
      vertex 102.778 -71.2069 32.7308
      vertex 102.621 -70.8067 29.5558
      vertex 102.718 -71.1949 32.7322
    endloop
  endfacet
  facet normal 0.195562 0.974146 0.113118
    outer loop
      vertex 102.621 -70.8067 29.5558
      vertex 102.778 -71.2069 32.7308
      vertex 102.778 -70.8378 29.5522
    endloop
  endfacet
  facet normal -0.895709 -0.441674 -0.0512857
    outer loop
      vertex 104.571 -68.5174 29.8216
      vertex 104.472 -68.6884 33.0233
      vertex 104.472 -68.3193 29.8446
    endloop
  endfacet
  facet normal -0.895709 -0.441674 -0.0512857
    outer loop
      vertex 104.472 -68.6884 33.0233
      vertex 104.571 -68.5174 29.8216
      vertex 104.571 -68.8865 33.0003
    endloop
  endfacet
  facet normal -0.832224 -0.550745 -0.0638974
    outer loop
      vertex 104.472 -68.3193 29.8446
      vertex 104.438 -68.6374 33.0292
      vertex 104.383 -68.1866 29.86
    endloop
  endfacet
  facet normal -0.833746 -0.548463 -0.0636857
    outer loop
      vertex 104.438 -68.6374 33.0292
      vertex 104.472 -68.3193 29.8446
      vertex 104.472 -68.6884 33.0233
    endloop
  endfacet
  facet normal 0.997653 0.0680073 0.00796876
    outer loop
      vertex 101.315 -69.7531 32.8996
      vertex 101.311 -69.3228 29.7281
      vertex 101.304 -69.5939 32.9181
    endloop
  endfacet
  facet normal 0.997899 0.0643552 0.00747295
    outer loop
      vertex 101.311 -69.3228 29.7281
      vertex 101.315 -69.7531 32.8996
      vertex 101.315 -69.384 29.721
    endloop
  endfacet
  facet normal 0.997899 0.0643552 0.00747295
    outer loop
      vertex 101.304 -69.5939 32.9181
      vertex 101.3 -69.1636 29.7466
      vertex 101.3 -69.5327 32.9252
    endloop
  endfacet
  facet normal 0.997653 0.0680073 0.00796876
    outer loop
      vertex 101.3 -69.1636 29.7466
      vertex 101.304 -69.5939 32.9181
      vertex 101.311 -69.3228 29.7281
    endloop
  endfacet
  facet normal -0.948127 0.31579 0.036488
    outer loop
      vertex 104.571 -69.8098 29.6716
      vertex 104.59 -70.1208 32.8569
      vertex 104.622 -69.6587 29.6891
    endloop
  endfacet
  facet normal -0.951071 0.306912 0.0356387
    outer loop
      vertex 104.59 -70.1208 32.8569
      vertex 104.571 -69.8098 29.6716
      vertex 104.571 -70.1789 32.8502
    endloop
  endfacet
  facet normal -0.946204 0.321411 0.0373312
    outer loop
      vertex 104.622 -69.6587 29.6891
      vertex 104.642 -69.9698 32.8745
      vertex 104.642 -69.6006 29.6958
    endloop
  endfacet
  facet normal -0.946178 0.321484 0.0373383
    outer loop
      vertex 104.642 -69.9698 32.8745
      vertex 104.622 -69.6587 29.6891
      vertex 104.59 -70.1208 32.8569
    endloop
  endfacet
  facet normal 0.662393 0.744186 0.0861576
    outer loop
      vertex 101.965 -70.8724 32.7697
      vertex 101.844 -70.3981 29.6032
      vertex 101.919 -70.832 32.7744
    endloop
  endfacet
  facet normal 0.65861 0.747462 0.0867928
    outer loop
      vertex 101.844 -70.3981 29.6032
      vertex 101.965 -70.8724 32.7697
      vertex 101.965 -70.5033 29.591
    endloop
  endfacet
  facet normal 0.65861 0.747459 0.086816
    outer loop
      vertex 101.919 -70.832 32.7744
      vertex 101.798 -70.3576 29.6079
      vertex 101.798 -70.7268 32.7866
    endloop
  endfacet
  facet normal 0.663299 0.743393 0.0860277
    outer loop
      vertex 101.798 -70.3576 29.6079
      vertex 101.919 -70.832 32.7744
      vertex 101.844 -70.3981 29.6032
    endloop
  endfacet
  facet normal -0.980956 0.192934 0.0224036
    outer loop
      vertex 104.673 -69.4442 29.714
      vertex 104.685 -69.7531 32.8996
      vertex 104.685 -69.384 29.721
    endloop
  endfacet
  facet normal -0.981185 0.191778 0.0222923
    outer loop
      vertex 104.685 -69.7531 32.8996
      vertex 104.673 -69.4442 29.714
      vertex 104.654 -69.9096 32.8815
    endloop
  endfacet
  facet normal -0.980895 0.193239 0.0224383
    outer loop
      vertex -101.327 69.6213 45.8635
      vertex -101.315 69.3123 49.0492
      vertex -101.315 69.6814 45.8705
    endloop
  endfacet
  facet normal -0.981188 0.191764 0.0222963
    outer loop
      vertex -101.315 69.3123 49.0492
      vertex -101.327 69.6213 45.8635
      vertex -101.346 69.1558 49.031
    endloop
  endfacet
  facet normal -0.997725 -0.0669694 -0.00777836
    outer loop
      vertex -101.3 69.9018 45.8961
      vertex -101.315 69.7531 49.1004
      vertex -101.315 70.1223 45.9217
    endloop
  endfacet
  facet normal -0.997723 -0.0669994 -0.00777975
    outer loop
      vertex -101.315 69.7531 49.1004
      vertex -101.3 69.9018 45.8961
      vertex -101.3 69.5327 49.0748
    endloop
  endfacet
  facet normal -0.194371 -0.974382 -0.11314
    outer loop
      vertex -102.621 71.5449 46.0869
      vertex -102.56 71.1638 49.2642
      vertex -102.718 71.1949 49.2678
    endloop
  endfacet
  facet normal -0.192744 -0.974697 -0.113209
    outer loop
      vertex -102.56 71.1638 49.2642
      vertex -102.621 71.5449 46.0869
      vertex -102.56 71.533 46.0855
    endloop
  endfacet
  facet normal -0.32087 0.940802 0.109246
    outer loop
      vertex -102.349 68.3417 45.715
      vertex -102.56 67.9016 48.8853
      vertex -102.349 67.9726 48.8936
    endloop
  endfacet
  facet normal -0.32087 0.940802 0.109246
    outer loop
      vertex -102.56 67.9016 48.8853
      vertex -102.349 68.3417 45.715
      vertex -102.56 68.2707 45.7067
    endloop
  endfacet
  facet normal -0.555314 -0.826087 -0.0959515
    outer loop
      vertex -102.15 71.3643 46.066
      vertex -101.965 70.8724 49.2303
      vertex -102.15 70.9951 49.2446
    endloop
  endfacet
  facet normal -0.555622 -0.825885 -0.0959021
    outer loop
      vertex -101.965 70.8724 49.2303
      vertex -102.15 71.3643 46.066
      vertex -101.965 71.2415 46.0517
    endloop
  endfacet
  facet normal 0.946178 -0.321485 -0.0373325
    outer loop
      vertex -104.642 69.9698 49.1255
      vertex -104.622 70.397 45.9536
      vertex -104.59 70.1208 49.1431
    endloop
  endfacet
  facet normal 0.946204 -0.321412 -0.0373224
    outer loop
      vertex -104.622 70.397 45.9536
      vertex -104.642 69.9698 49.1255
      vertex -104.642 70.3389 45.9469
    endloop
  endfacet
  facet normal 0.197395 -0.973781 -0.113072
    outer loop
      vertex -103.282 71.1949 49.2678
      vertex -103.222 71.576 46.0905
      vertex -103.222 71.2069 49.2692
    endloop
  endfacet
  facet normal 0.195562 -0.974142 -0.11315
    outer loop
      vertex -103.222 71.576 46.0905
      vertex -103.282 71.1949 49.2678
      vertex -103.379 71.5449 46.0869
    endloop
  endfacet
  facet normal 0.659657 -0.74655 -0.0866896
    outer loop
      vertex -104.202 70.7268 49.2134
      vertex -104.035 71.2415 46.0517
      vertex -104.035 70.8724 49.2303
    endloop
  endfacet
  facet normal 0.659657 -0.74655 -0.0866896
    outer loop
      vertex -104.035 71.2415 46.0517
      vertex -104.202 70.7268 49.2134
      vertex -104.202 71.0959 46.0348
    endloop
  endfacet
  facet normal -0.981185 0.191777 0.0222983
    outer loop
      vertex -101.358 69.4648 45.8454
      vertex -101.346 69.1558 49.031
      vertex -101.327 69.6213 45.8635
    endloop
  endfacet
  facet normal -0.980895 0.193239 0.022439
    outer loop
      vertex -101.346 69.1558 49.031
      vertex -101.358 69.4648 45.8454
      vertex -101.358 69.0957 49.024
    endloop
  endfacet
  facet normal -0.832034 -0.55103 -0.0639258
    outer loop
      vertex -101.528 70.7462 45.9942
      vertex -101.562 70.4281 49.1787
      vertex -101.617 70.8788 46.0096
    endloop
  endfacet
  facet normal -0.834237 -0.547724 -0.0636191
    outer loop
      vertex -101.562 70.4281 49.1787
      vertex -101.528 70.7462 45.9942
      vertex -101.528 70.377 49.1728
    endloop
  endfacet
  facet normal -0.892391 0.448251 0.0520511
    outer loop
      vertex -101.528 68.6884 48.9767
      vertex -101.5 69.1125 45.8045
      vertex -101.528 69.0575 45.7981
    endloop
  endfacet
  facet normal -0.896977 0.439149 0.0507937
    outer loop
      vertex -101.5 69.1125 45.8045
      vertex -101.528 68.6884 48.9767
      vertex -101.457 68.8315 48.9933
    endloop
  endfacet
  facet normal 0.554112 0.826874 0.0961179
    outer loop
      vertex -103.85 68.0703 48.9049
      vertex -103.901 68.4735 45.7303
      vertex -103.984 68.1589 48.9152
    endloop
  endfacet
  facet normal 0.558453 0.823999 0.0956831
    outer loop
      vertex -103.901 68.4735 45.7303
      vertex -103.85 68.0703 48.9049
      vertex -103.85 68.4394 45.7263
    endloop
  endfacet
  facet normal -0.946204 -0.321412 -0.0373224
    outer loop
      vertex -101.358 69.9698 49.1255
      vertex -101.378 70.397 45.9536
      vertex -101.358 70.3389 45.9469
    endloop
  endfacet
  facet normal -0.946178 -0.321485 -0.0373325
    outer loop
      vertex -101.378 70.397 45.9536
      vertex -101.358 69.9698 49.1255
      vertex -101.41 70.1208 49.1431
    endloop
  endfacet
  facet normal 0.997725 -0.0669694 -0.00777836
    outer loop
      vertex -104.685 69.7531 49.1004
      vertex -104.7 69.9018 45.8961
      vertex -104.685 70.1223 45.9217
    endloop
  endfacet
  facet normal 0.997723 -0.0669994 -0.00777975
    outer loop
      vertex -104.7 69.9018 45.8961
      vertex -104.685 69.7531 49.1004
      vertex -104.7 69.5327 49.0748
    endloop
  endfacet
  facet normal 0.0646939 0.991245 0.115104
    outer loop
      vertex -103.16 67.8545 48.8799
      vertex -103.222 68.2276 45.7017
      vertex -103.222 67.8585 48.8803
    endloop
  endfacet
  facet normal 0.0652916 0.991207 0.115088
    outer loop
      vertex -103.222 68.2276 45.7017
      vertex -103.16 67.8545 48.8799
      vertex -103.062 68.2172 45.7005
    endloop
  endfacet
  facet normal 0.443069 0.890504 0.103406
    outer loop
      vertex -103.651 67.9726 48.8936
      vertex -103.85 68.4394 45.7263
      vertex -103.85 68.0703 48.9049
    endloop
  endfacet
  facet normal 0.443069 0.890504 0.103406
    outer loop
      vertex -103.85 68.4394 45.7263
      vertex -103.651 67.9726 48.8936
      vertex -103.651 68.3417 45.715
    endloop
  endfacet
  facet normal 0.194371 0.974381 0.113145
    outer loop
      vertex -103.282 67.8705 48.8817
      vertex -103.44 68.2707 45.7067
      vertex -103.44 67.9016 48.8853
    endloop
  endfacet
  facet normal 0.192744 0.97469 0.113265
    outer loop
      vertex -103.44 68.2707 45.7067
      vertex -103.282 67.8705 48.8817
      vertex -103.379 68.2588 45.7053
    endloop
  endfacet
  facet normal -0.443069 0.890504 0.103406
    outer loop
      vertex -102.15 68.4394 45.7263
      vertex -102.349 67.9726 48.8936
      vertex -102.15 68.0703 48.9049
    endloop
  endfacet
  facet normal -0.443069 0.890504 0.103406
    outer loop
      vertex -102.349 67.9726 48.8936
      vertex -102.15 68.4394 45.7263
      vertex -102.349 68.3417 45.715
    endloop
  endfacet
  facet normal 0.980956 -0.192934 -0.0224036
    outer loop
      vertex -104.642 69.9698 49.1255
      vertex -104.654 70.2787 45.9399
      vertex -104.642 70.3389 45.9469
    endloop
  endfacet
  facet normal 0.981188 -0.191764 -0.022291
    outer loop
      vertex -104.654 70.2787 45.9399
      vertex -104.642 69.9698 49.1255
      vertex -104.673 69.8133 49.1073
    endloop
  endfacet
  facet normal -0.0652916 0.991207 0.115088
    outer loop
      vertex -102.938 68.2172 45.7005
      vertex -103 67.8441 48.8787
      vertex -102.84 67.8545 48.8799
    endloop
  endfacet
  facet normal -0.0648787 0.991233 0.115099
    outer loop
      vertex -103 67.8441 48.8787
      vertex -102.938 68.2172 45.7005
      vertex -103 68.2132 45.7
    endloop
  endfacet
  facet normal 0.323566 -0.939887 -0.109166
    outer loop
      vertex -103.498 71.1441 49.2619
      vertex -103.44 71.533 46.0855
      vertex -103.44 71.1638 49.2642
    endloop
  endfacet
  facet normal 0.321669 -0.940525 -0.109279
    outer loop
      vertex -103.44 71.533 46.0855
      vertex -103.498 71.1441 49.2619
      vertex -103.592 71.4817 46.0796
    endloop
  endfacet
  facet normal 0.951071 -0.30691 -0.0356482
    outer loop
      vertex -104.59 70.1208 49.1431
      vertex -104.571 70.5481 45.9712
      vertex -104.571 70.1789 49.1498
    endloop
  endfacet
  facet normal 0.948134 -0.315726 -0.0368534
    outer loop
      vertex -104.571 70.5481 45.9712
      vertex -104.59 70.1208 49.1431
      vertex -104.622 70.397 45.9536
    endloop
  endfacet
  facet normal -0.99765 0.0680492 0.0079742
    outer loop
      vertex -101.304 69.4715 49.0677
      vertex -101.3 69.9018 45.8961
      vertex -101.311 69.7427 45.8776
    endloop
  endfacet
  facet normal -0.997899 0.0643552 0.00747271
    outer loop
      vertex -101.3 69.9018 45.8961
      vertex -101.304 69.4715 49.0677
      vertex -101.3 69.5327 49.0748
    endloop
  endfacet
  facet normal -0.895709 -0.441672 -0.051301
    outer loop
      vertex -101.429 70.5481 45.9712
      vertex -101.528 70.377 49.1728
      vertex -101.528 70.7462 45.9942
    endloop
  endfacet
  facet normal -0.895709 -0.441672 -0.051301
    outer loop
      vertex -101.528 70.377 49.1728
      vertex -101.429 70.5481 45.9712
      vertex -101.429 70.1789 49.1498
    endloop
  endfacet
  facet normal -0.997906 0.0642521 0.00746074
    outer loop
      vertex -101.315 69.3123 49.0492
      vertex -101.311 69.7427 45.8776
      vertex -101.315 69.6814 45.8705
    endloop
  endfacet
  facet normal -0.997653 0.0680071 0.00797062
    outer loop
      vertex -101.311 69.7427 45.8776
      vertex -101.315 69.3123 49.0492
      vertex -101.304 69.4715 49.0677
    endloop
  endfacet
  facet normal -0.663299 0.743396 0.0860073
    outer loop
      vertex -101.844 68.6673 45.7528
      vertex -101.965 68.193 48.9192
      vertex -101.919 68.2335 48.9239
    endloop
  endfacet
  facet normal -0.65861 0.747462 0.0867955
    outer loop
      vertex -101.965 68.193 48.9192
      vertex -101.844 68.6673 45.7528
      vertex -101.965 68.5621 45.7406
    endloop
  endfacet
  facet normal -0.833746 0.548463 0.0636877
    outer loop
      vertex -101.562 69.0065 45.7922
      vertex -101.528 68.6884 48.9767
      vertex -101.528 69.0575 45.7981
    endloop
  endfacet
  facet normal -0.832224 0.550745 0.0638994
    outer loop
      vertex -101.528 68.6884 48.9767
      vertex -101.562 69.0065 45.7922
      vertex -101.617 68.5557 48.9613
    endloop
  endfacet
  facet normal 0.0656209 -0.991185 -0.115093
    outer loop
      vertex -103.222 71.2069 49.2692
      vertex -103 71.5905 46.0922
      vertex -103 71.2214 49.2709
    endloop
  endfacet
  facet normal 0.0656209 -0.991185 -0.115093
    outer loop
      vertex -103 71.5905 46.0922
      vertex -103.222 71.2069 49.2692
      vertex -103.222 71.576 46.0905
    endloop
  endfacet
  facet normal -0.0656209 -0.991185 -0.115093
    outer loop
      vertex -103 71.5905 46.0922
      vertex -102.778 71.2069 49.2692
      vertex -103 71.2214 49.2709
    endloop
  endfacet
  facet normal -0.0656209 -0.991185 -0.115093
    outer loop
      vertex -102.778 71.2069 49.2692
      vertex -103 71.5905 46.0922
      vertex -102.778 71.576 46.0905
    endloop
  endfacet
  facet normal -0.197395 -0.973781 -0.113072
    outer loop
      vertex -102.778 71.576 46.0905
      vertex -102.718 71.1949 49.2678
      vertex -102.778 71.2069 49.2692
    endloop
  endfacet
  facet normal -0.195562 -0.974142 -0.11315
    outer loop
      vertex -102.718 71.1949 49.2678
      vertex -102.778 71.576 46.0905
      vertex -102.621 71.5449 46.0869
    endloop
  endfacet
  facet normal -0.554112 0.826874 0.0961179
    outer loop
      vertex -102.099 68.4735 45.7303
      vertex -102.15 68.0703 48.9049
      vertex -102.016 68.1589 48.9152
    endloop
  endfacet
  facet normal -0.558453 0.823999 0.0956831
    outer loop
      vertex -102.15 68.0703 48.9049
      vertex -102.099 68.4735 45.7303
      vertex -102.15 68.4394 45.7263
    endloop
  endfacet
  facet normal 0.892391 0.448251 0.0520511
    outer loop
      vertex -104.543 68.8315 48.9933
      vertex -104.571 69.2556 45.8211
      vertex -104.571 68.8865 48.9997
    endloop
  endfacet
  facet normal 0.896977 0.439149 0.0507937
    outer loop
      vertex -104.571 69.2556 45.8211
      vertex -104.543 68.8315 48.9933
      vertex -104.5 69.1125 45.8045
    endloop
  endfacet
  facet normal 0.749474 0.657613 0.0763805
    outer loop
      vertex -104.308 68.4586 48.95
      vertex -104.349 68.8739 45.7767
      vertex -104.349 68.5047 48.9554
    endloop
  endfacet
  facet normal 0.751657 0.655157 0.0760309
    outer loop
      vertex -104.349 68.8739 45.7767
      vertex -104.308 68.4586 48.95
      vertex -104.243 68.7539 45.7628
    endloop
  endfacet
  facet normal 0.895709 -0.441672 -0.051301
    outer loop
      vertex -104.472 70.377 49.1728
      vertex -104.571 70.5481 45.9712
      vertex -104.472 70.7462 45.9942
    endloop
  endfacet
  facet normal 0.895709 -0.441672 -0.051301
    outer loop
      vertex -104.571 70.5481 45.9712
      vertex -104.472 70.377 49.1728
      vertex -104.571 70.1789 49.1498
    endloop
  endfacet
  facet normal 0.555314 -0.826087 -0.0959515
    outer loop
      vertex -104.035 70.8724 49.2303
      vertex -103.85 71.3643 46.066
      vertex -103.85 70.9951 49.2446
    endloop
  endfacet
  facet normal 0.555622 -0.825885 -0.0959021
    outer loop
      vertex -103.85 71.3643 46.066
      vertex -104.035 70.8724 49.2303
      vertex -104.035 71.2415 46.0517
    endloop
  endfacet
  facet normal 0.981185 0.191777 0.0222983
    outer loop
      vertex -104.654 69.1558 49.031
      vertex -104.642 69.4648 45.8454
      vertex -104.673 69.6213 45.8635
    endloop
  endfacet
  facet normal 0.980895 0.193239 0.022439
    outer loop
      vertex -104.642 69.4648 45.8454
      vertex -104.654 69.1558 49.031
      vertex -104.642 69.0957 49.024
    endloop
  endfacet
  facet normal 0.832034 -0.55103 -0.0639258
    outer loop
      vertex -104.438 70.4281 49.1787
      vertex -104.472 70.7462 45.9942
      vertex -104.383 70.8788 46.0096
    endloop
  endfacet
  facet normal 0.834237 -0.547724 -0.0636191
    outer loop
      vertex -104.472 70.7462 45.9942
      vertex -104.438 70.4281 49.1787
      vertex -104.472 70.377 49.1728
    endloop
  endfacet
  facet normal 0.981165 -0.19188 -0.0223082
    outer loop
      vertex -104.673 69.8133 49.1073
      vertex -104.685 70.1223 45.9217
      vertex -104.654 70.2787 45.9399
    endloop
  endfacet
  facet normal 0.980949 -0.192969 -0.022413
    outer loop
      vertex -104.685 70.1223 45.9217
      vertex -104.673 69.8133 49.1073
      vertex -104.685 69.7531 49.1004
    endloop
  endfacet
  facet normal 0.947601 0.317324 0.0368478
    outer loop
      vertex -104.642 69.0957 49.024
      vertex -104.571 69.2556 45.8211
      vertex -104.642 69.4648 45.8454
    endloop
  endfacet
  facet normal 0.947601 0.317324 0.0368478
    outer loop
      vertex -104.571 69.2556 45.8211
      vertex -104.642 69.0957 49.024
      vertex -104.571 68.8865 48.9997
    endloop
  endfacet
  facet normal 0.997899 0.0643552 0.00747271
    outer loop
      vertex -104.696 69.4715 49.0677
      vertex -104.7 69.9018 45.8961
      vertex -104.7 69.5327 49.0748
    endloop
  endfacet
  facet normal 0.99765 0.0680492 0.0079742
    outer loop
      vertex -104.7 69.9018 45.8961
      vertex -104.696 69.4715 49.0677
      vertex -104.689 69.7427 45.8776
    endloop
  endfacet
  facet normal 0.663299 0.743396 0.0860073
    outer loop
      vertex -104.035 68.193 48.9192
      vertex -104.156 68.6673 45.7528
      vertex -104.081 68.2335 48.9239
    endloop
  endfacet
  facet normal 0.65861 0.747462 0.0867955
    outer loop
      vertex -104.156 68.6673 45.7528
      vertex -104.035 68.193 48.9192
      vertex -104.035 68.5621 45.7406
    endloop
  endfacet
  facet normal 0.194371 -0.974382 -0.11314
    outer loop
      vertex -103.44 71.1638 49.2642
      vertex -103.379 71.5449 46.0869
      vertex -103.282 71.1949 49.2678
    endloop
  endfacet
  facet normal 0.192744 -0.974697 -0.113209
    outer loop
      vertex -103.379 71.5449 46.0869
      vertex -103.44 71.1638 49.2642
      vertex -103.44 71.533 46.0855
    endloop
  endfacet
  facet normal 0.445599 -0.889277 -0.103094
    outer loop
      vertex -103.85 70.9951 49.2446
      vertex -103.706 71.4348 46.0742
      vertex -103.795 71.0223 49.2477
    endloop
  endfacet
  facet normal 0.4421 -0.890976 -0.103488
    outer loop
      vertex -103.706 71.4348 46.0742
      vertex -103.85 70.9951 49.2446
      vertex -103.85 71.3643 46.066
    endloop
  endfacet
  facet normal -0.4421 -0.890976 -0.103488
    outer loop
      vertex -102.349 71.462 46.0773
      vertex -102.205 71.0223 49.2477
      vertex -102.349 71.0928 49.2559
    endloop
  endfacet
  facet normal -0.445599 -0.889277 -0.103094
    outer loop
      vertex -102.205 71.0223 49.2477
      vertex -102.349 71.462 46.0773
      vertex -102.294 71.4348 46.0742
    endloop
  endfacet
  facet normal -0.751388 -0.655461 -0.0760741
    outer loop
      vertex -101.757 70.6806 49.2081
      vertex -101.798 71.0959 46.0348
      vertex -101.692 70.976 46.0209
    endloop
  endfacet
  facet normal -0.750094 -0.656917 -0.0762814
    outer loop
      vertex -101.798 71.0959 46.0348
      vertex -101.757 70.6806 49.2081
      vertex -101.798 70.7268 49.2134
    endloop
  endfacet
  facet normal -0.749392 0.657707 0.0763732
    outer loop
      vertex -101.798 68.3387 48.9361
      vertex -101.757 68.7539 45.7628
      vertex -101.798 68.7078 45.7575
    endloop
  endfacet
  facet normal -0.751388 0.655463 0.0760537
    outer loop
      vertex -101.757 68.7539 45.7628
      vertex -101.798 68.3387 48.9361
      vertex -101.692 68.4586 48.95
    endloop
  endfacet
  facet normal -0.445599 -0.889277 -0.103094
    outer loop
      vertex -102.294 71.4348 46.0742
      vertex -102.15 70.9951 49.2446
      vertex -102.205 71.0223 49.2477
    endloop
  endfacet
  facet normal -0.4421 -0.890976 -0.103488
    outer loop
      vertex -102.15 70.9951 49.2446
      vertex -102.294 71.4348 46.0742
      vertex -102.15 71.3643 46.066
    endloop
  endfacet
  facet normal -0.0646939 0.991245 0.115104
    outer loop
      vertex -102.778 68.2276 45.7017
      vertex -102.84 67.8545 48.8799
      vertex -102.778 67.8585 48.8803
    endloop
  endfacet
  facet normal -0.0652916 0.991207 0.115088
    outer loop
      vertex -102.84 67.8545 48.8799
      vertex -102.778 68.2276 45.7017
      vertex -102.938 68.2172 45.7005
    endloop
  endfacet
  facet normal -0.194371 0.974381 0.113145
    outer loop
      vertex -102.56 68.2707 45.7067
      vertex -102.718 67.8705 48.8817
      vertex -102.56 67.9016 48.8853
    endloop
  endfacet
  facet normal -0.192744 0.97469 0.113265
    outer loop
      vertex -102.718 67.8705 48.8817
      vertex -102.56 68.2707 45.7067
      vertex -102.621 68.2588 45.7053
    endloop
  endfacet
  facet normal -0.558453 0.823999 0.0956831
    outer loop
      vertex -101.965 68.5621 45.7406
      vertex -102.016 68.1589 48.9152
      vertex -101.965 68.193 48.9192
    endloop
  endfacet
  facet normal -0.554112 0.826874 0.0961179
    outer loop
      vertex -102.016 68.1589 48.9152
      vertex -101.965 68.5621 45.7406
      vertex -102.099 68.4735 45.7303
    endloop
  endfacet
  facet normal -0.197395 0.973788 0.113013
    outer loop
      vertex -102.621 68.2588 45.7053
      vertex -102.778 67.8585 48.8803
      vertex -102.718 67.8705 48.8817
    endloop
  endfacet
  facet normal -0.196158 0.974027 0.113104
    outer loop
      vertex -102.778 67.8585 48.8803
      vertex -102.621 68.2588 45.7053
      vertex -102.778 68.2276 45.7017
    endloop
  endfacet
  facet normal 0.896977 0.439149 0.0507937
    outer loop
      vertex -104.472 68.6884 48.9767
      vertex -104.5 69.1125 45.8045
      vertex -104.543 68.8315 48.9933
    endloop
  endfacet
  facet normal 0.892391 0.448251 0.0520511
    outer loop
      vertex -104.5 69.1125 45.8045
      vertex -104.472 68.6884 48.9767
      vertex -104.472 69.0575 45.7981
    endloop
  endfacet
  facet normal 0.832056 0.550995 0.0639378
    outer loop
      vertex -104.383 68.5557 48.9613
      vertex -104.349 68.8739 45.7767
      vertex -104.438 69.0065 45.7922
    endloop
  endfacet
  facet normal 0.833746 0.548461 0.0637027
    outer loop
      vertex -104.349 68.8739 45.7767
      vertex -104.383 68.5557 48.9613
      vertex -104.349 68.5047 48.9554
    endloop
  endfacet
  facet normal 0.751388 0.655463 0.0760537
    outer loop
      vertex -104.202 68.3387 48.9361
      vertex -104.243 68.7539 45.7628
      vertex -104.308 68.4586 48.95
    endloop
  endfacet
  facet normal 0.749392 0.657707 0.0763732
    outer loop
      vertex -104.243 68.7539 45.7628
      vertex -104.202 68.3387 48.9361
      vertex -104.202 68.7078 45.7575
    endloop
  endfacet
  facet normal 0.65861 0.747462 0.0867955
    outer loop
      vertex -104.081 68.2335 48.9239
      vertex -104.202 68.7078 45.7575
      vertex -104.202 68.3387 48.9361
    endloop
  endfacet
  facet normal 0.663299 0.743396 0.0860073
    outer loop
      vertex -104.202 68.7078 45.7575
      vertex -104.081 68.2335 48.9239
      vertex -104.156 68.6673 45.7528
    endloop
  endfacet
  facet normal 0.750094 -0.656917 -0.0762814
    outer loop
      vertex -104.243 70.6806 49.2081
      vertex -104.202 71.0959 46.0348
      vertex -104.202 70.7268 49.2134
    endloop
  endfacet
  facet normal 0.751388 -0.655461 -0.0760741
    outer loop
      vertex -104.202 71.0959 46.0348
      vertex -104.243 70.6806 49.2081
      vertex -104.308 70.976 46.0209
    endloop
  endfacet
  facet normal 0.197395 0.973788 0.113013
    outer loop
      vertex -103.222 67.8585 48.8803
      vertex -103.379 68.2588 45.7053
      vertex -103.282 67.8705 48.8817
    endloop
  endfacet
  facet normal 0.196158 0.974027 0.113104
    outer loop
      vertex -103.379 68.2588 45.7053
      vertex -103.222 67.8585 48.8803
      vertex -103.222 68.2276 45.7017
    endloop
  endfacet
  facet normal 0.32087 0.940802 0.109246
    outer loop
      vertex -103.44 67.9016 48.8853
      vertex -103.651 68.3417 45.715
      vertex -103.651 67.9726 48.8936
    endloop
  endfacet
  facet normal 0.32087 0.940802 0.109246
    outer loop
      vertex -103.651 68.3417 45.715
      vertex -103.44 67.9016 48.8853
      vertex -103.44 68.2707 45.7067
    endloop
  endfacet
  facet normal 0.558453 0.823999 0.0956831
    outer loop
      vertex -103.984 68.1589 48.9152
      vertex -104.035 68.5621 45.7406
      vertex -104.035 68.193 48.9192
    endloop
  endfacet
  facet normal 0.554112 0.826874 0.0961179
    outer loop
      vertex -104.035 68.5621 45.7406
      vertex -103.984 68.1589 48.9152
      vertex -103.901 68.4735 45.7303
    endloop
  endfacet
  facet normal 0.319846 -0.941145 -0.109291
    outer loop
      vertex -103.651 71.0928 49.2559
      vertex -103.592 71.4817 46.0796
      vertex -103.498 71.1441 49.2619
    endloop
  endfacet
  facet normal 0.318643 -0.941545 -0.109362
    outer loop
      vertex -103.592 71.4817 46.0796
      vertex -103.651 71.0928 49.2559
      vertex -103.651 71.462 46.0773
    endloop
  endfacet
  facet normal -0.980956 -0.192934 -0.0224036
    outer loop
      vertex -101.346 70.2787 45.9399
      vertex -101.358 69.9698 49.1255
      vertex -101.358 70.3389 45.9469
    endloop
  endfacet
  facet normal -0.981188 -0.191764 -0.022291
    outer loop
      vertex -101.358 69.9698 49.1255
      vertex -101.346 70.2787 45.9399
      vertex -101.327 69.8133 49.1073
    endloop
  endfacet
  facet normal -0.981165 -0.19188 -0.0223082
    outer loop
      vertex -101.315 70.1223 45.9217
      vertex -101.327 69.8133 49.1073
      vertex -101.346 70.2787 45.9399
    endloop
  endfacet
  facet normal -0.980949 -0.192969 -0.022413
    outer loop
      vertex -101.327 69.8133 49.1073
      vertex -101.315 70.1223 45.9217
      vertex -101.315 69.7531 49.1004
    endloop
  endfacet
  facet normal -0.659657 -0.74655 -0.0866896
    outer loop
      vertex -101.965 71.2415 46.0517
      vertex -101.798 70.7268 49.2134
      vertex -101.965 70.8724 49.2303
    endloop
  endfacet
  facet normal -0.659657 -0.74655 -0.0866896
    outer loop
      vertex -101.798 70.7268 49.2134
      vertex -101.965 71.2415 46.0517
      vertex -101.798 71.0959 46.0348
    endloop
  endfacet
  facet normal -0.832056 0.550995 0.0639378
    outer loop
      vertex -101.651 68.8739 45.7767
      vertex -101.617 68.5557 48.9613
      vertex -101.562 69.0065 45.7922
    endloop
  endfacet
  facet normal -0.833746 0.548461 0.0637027
    outer loop
      vertex -101.617 68.5557 48.9613
      vertex -101.651 68.8739 45.7767
      vertex -101.651 68.5047 48.9554
    endloop
  endfacet
  facet normal -0.751657 0.655157 0.0760309
    outer loop
      vertex -101.692 68.4586 48.95
      vertex -101.651 68.8739 45.7767
      vertex -101.757 68.7539 45.7628
    endloop
  endfacet
  facet normal -0.749474 0.657613 0.0763805
    outer loop
      vertex -101.651 68.8739 45.7767
      vertex -101.692 68.4586 48.95
      vertex -101.651 68.5047 48.9554
    endloop
  endfacet
  facet normal -0.65861 0.747462 0.0867955
    outer loop
      vertex -101.798 68.7078 45.7575
      vertex -101.919 68.2335 48.9239
      vertex -101.798 68.3387 48.9361
    endloop
  endfacet
  facet normal -0.663299 0.743396 0.0860073
    outer loop
      vertex -101.919 68.2335 48.9239
      vertex -101.798 68.7078 45.7575
      vertex -101.844 68.6673 45.7528
    endloop
  endfacet
  facet normal -0.896977 0.439149 0.0507937
    outer loop
      vertex -101.457 68.8315 48.9933
      vertex -101.429 69.2556 45.8211
      vertex -101.5 69.1125 45.8045
    endloop
  endfacet
  facet normal -0.892391 0.448251 0.0520511
    outer loop
      vertex -101.429 69.2556 45.8211
      vertex -101.457 68.8315 48.9933
      vertex -101.429 68.8865 48.9997
    endloop
  endfacet
  facet normal -0.947601 0.317324 0.0368478
    outer loop
      vertex -101.429 69.2556 45.8211
      vertex -101.358 69.0957 49.024
      vertex -101.358 69.4648 45.8454
    endloop
  endfacet
  facet normal -0.947601 0.317324 0.0368478
    outer loop
      vertex -101.358 69.0957 49.024
      vertex -101.429 69.2556 45.8211
      vertex -101.429 68.8865 48.9997
    endloop
  endfacet
  facet normal -0.319846 -0.941145 -0.109291
    outer loop
      vertex -102.408 71.4817 46.0796
      vertex -102.349 71.0928 49.2559
      vertex -102.502 71.1441 49.2619
    endloop
  endfacet
  facet normal -0.318643 -0.941545 -0.109362
    outer loop
      vertex -102.349 71.0928 49.2559
      vertex -102.408 71.4817 46.0796
      vertex -102.349 71.462 46.0773
    endloop
  endfacet
  facet normal -0.323566 -0.939887 -0.109166
    outer loop
      vertex -102.56 71.533 46.0855
      vertex -102.502 71.1441 49.2619
      vertex -102.56 71.1638 49.2642
    endloop
  endfacet
  facet normal -0.321669 -0.940525 -0.109279
    outer loop
      vertex -102.502 71.1441 49.2619
      vertex -102.56 71.533 46.0855
      vertex -102.408 71.4817 46.0796
    endloop
  endfacet
  facet normal 0.751419 -0.655425 -0.0760714
    outer loop
      vertex -104.349 70.5607 49.1941
      vertex -104.308 70.976 46.0209
      vertex -104.243 70.6806 49.2081
    endloop
  endfacet
  facet normal 0.750175 -0.656825 -0.0762708
    outer loop
      vertex -104.308 70.976 46.0209
      vertex -104.349 70.5607 49.1941
      vertex -104.349 70.9298 46.0155
    endloop
  endfacet
  facet normal 0.833746 -0.548463 -0.0636877
    outer loop
      vertex -104.349 70.5607 49.1941
      vertex -104.383 70.8788 46.0096
      vertex -104.349 70.9298 46.0155
    endloop
  endfacet
  facet normal 0.832034 -0.55103 -0.0639258
    outer loop
      vertex -104.383 70.8788 46.0096
      vertex -104.349 70.5607 49.1941
      vertex -104.438 70.4281 49.1787
    endloop
  endfacet
  facet normal 0.0652916 0.991207 0.115088
    outer loop
      vertex -103 67.8441 48.8787
      vertex -103.062 68.2172 45.7005
      vertex -103.16 67.8545 48.8799
    endloop
  endfacet
  facet normal 0.0648787 0.991233 0.115099
    outer loop
      vertex -103.062 68.2172 45.7005
      vertex -103 67.8441 48.8787
      vertex -103 68.2132 45.7
    endloop
  endfacet
  facet normal 0.4421 -0.890976 -0.103488
    outer loop
      vertex -103.795 71.0223 49.2477
      vertex -103.651 71.462 46.0773
      vertex -103.651 71.0928 49.2559
    endloop
  endfacet
  facet normal 0.445599 -0.889277 -0.103094
    outer loop
      vertex -103.651 71.462 46.0773
      vertex -103.795 71.0223 49.2477
      vertex -103.706 71.4348 46.0742
    endloop
  endfacet
  facet normal -0.833746 -0.548463 -0.0636877
    outer loop
      vertex -101.617 70.8788 46.0096
      vertex -101.651 70.5607 49.1941
      vertex -101.651 70.9298 46.0155
    endloop
  endfacet
  facet normal -0.832034 -0.55103 -0.0639258
    outer loop
      vertex -101.651 70.5607 49.1941
      vertex -101.617 70.8788 46.0096
      vertex -101.562 70.4281 49.1787
    endloop
  endfacet
  facet normal -0.750175 -0.656825 -0.0762708
    outer loop
      vertex -101.651 70.5607 49.1941
      vertex -101.692 70.976 46.0209
      vertex -101.651 70.9298 46.0155
    endloop
  endfacet
  facet normal -0.751419 -0.655425 -0.0760714
    outer loop
      vertex -101.692 70.976 46.0209
      vertex -101.651 70.5607 49.1941
      vertex -101.757 70.6806 49.2081
    endloop
  endfacet
  facet normal -0.948134 -0.315726 -0.0368534
    outer loop
      vertex -101.41 70.1208 49.1431
      vertex -101.429 70.5481 45.9712
      vertex -101.378 70.397 45.9536
    endloop
  endfacet
  facet normal -0.951071 -0.30691 -0.0356482
    outer loop
      vertex -101.429 70.5481 45.9712
      vertex -101.41 70.1208 49.1431
      vertex -101.429 70.1789 49.1498
    endloop
  endfacet
  facet normal 0.997653 0.0680071 0.00797062
    outer loop
      vertex -104.685 69.3123 49.0492
      vertex -104.689 69.7427 45.8776
      vertex -104.696 69.4715 49.0677
    endloop
  endfacet
  facet normal 0.997906 0.0642521 0.00746074
    outer loop
      vertex -104.689 69.7427 45.8776
      vertex -104.685 69.3123 49.0492
      vertex -104.685 69.6814 45.8705
    endloop
  endfacet
  facet normal 0.980895 0.193239 0.0224383
    outer loop
      vertex -104.685 69.3123 49.0492
      vertex -104.673 69.6213 45.8635
      vertex -104.685 69.6814 45.8705
    endloop
  endfacet
  facet normal 0.981188 0.191764 0.0222963
    outer loop
      vertex -104.673 69.6213 45.8635
      vertex -104.685 69.3123 49.0492
      vertex -104.654 69.1558 49.031
    endloop
  endfacet
  facet normal 0.833746 0.548463 0.0636877
    outer loop
      vertex -104.472 68.6884 48.9767
      vertex -104.438 69.0065 45.7922
      vertex -104.472 69.0575 45.7981
    endloop
  endfacet
  facet normal 0.832224 0.550745 0.0638994
    outer loop
      vertex -104.438 69.0065 45.7922
      vertex -104.472 68.6884 48.9767
      vertex -104.383 68.5557 48.9613
    endloop
  endfacet
  facet normal -0.980895 0.193239 0.0224383
    outer loop
      vertex 104.673 69.6213 45.8635
      vertex 104.685 69.3123 49.0492
      vertex 104.685 69.6814 45.8705
    endloop
  endfacet
  facet normal -0.981188 0.191764 0.0222963
    outer loop
      vertex 104.685 69.3123 49.0492
      vertex 104.673 69.6213 45.8635
      vertex 104.654 69.1558 49.031
    endloop
  endfacet
  facet normal -0.997725 -0.0669694 -0.00777836
    outer loop
      vertex 104.7 69.9018 45.8961
      vertex 104.685 69.7531 49.1004
      vertex 104.685 70.1223 45.9217
    endloop
  endfacet
  facet normal -0.997723 -0.0669994 -0.00777975
    outer loop
      vertex 104.685 69.7531 49.1004
      vertex 104.7 69.9018 45.8961
      vertex 104.7 69.5327 49.0748
    endloop
  endfacet
  facet normal -0.194371 -0.974382 -0.11314
    outer loop
      vertex 103.379 71.5449 46.0869
      vertex 103.44 71.1638 49.2642
      vertex 103.282 71.1949 49.2678
    endloop
  endfacet
  facet normal -0.192744 -0.974697 -0.113209
    outer loop
      vertex 103.44 71.1638 49.2642
      vertex 103.379 71.5449 46.0869
      vertex 103.44 71.533 46.0855
    endloop
  endfacet
  facet normal -0.555314 -0.826087 -0.0959515
    outer loop
      vertex 103.85 71.3643 46.066
      vertex 104.035 70.8724 49.2303
      vertex 103.85 70.9951 49.2446
    endloop
  endfacet
  facet normal -0.555622 -0.825885 -0.0959021
    outer loop
      vertex 104.035 70.8724 49.2303
      vertex 103.85 71.3643 46.066
      vertex 104.035 71.2415 46.0517
    endloop
  endfacet
  facet normal 0.946178 -0.321485 -0.0373325
    outer loop
      vertex 101.358 69.9698 49.1255
      vertex 101.378 70.397 45.9536
      vertex 101.41 70.1208 49.1431
    endloop
  endfacet
  facet normal 0.946204 -0.321412 -0.0373224
    outer loop
      vertex 101.378 70.397 45.9536
      vertex 101.358 69.9698 49.1255
      vertex 101.358 70.3389 45.9469
    endloop
  endfacet
  facet normal 0.197395 -0.973781 -0.113072
    outer loop
      vertex 102.718 71.1949 49.2678
      vertex 102.778 71.576 46.0905
      vertex 102.778 71.2069 49.2692
    endloop
  endfacet
  facet normal 0.195562 -0.974142 -0.11315
    outer loop
      vertex 102.778 71.576 46.0905
      vertex 102.718 71.1949 49.2678
      vertex 102.621 71.5449 46.0869
    endloop
  endfacet
  facet normal 0.659657 -0.74655 -0.0866896
    outer loop
      vertex 101.798 70.7268 49.2134
      vertex 101.965 71.2415 46.0517
      vertex 101.965 70.8724 49.2303
    endloop
  endfacet
  facet normal 0.659657 -0.74655 -0.0866896
    outer loop
      vertex 101.965 71.2415 46.0517
      vertex 101.798 70.7268 49.2134
      vertex 101.798 71.0959 46.0348
    endloop
  endfacet
  facet normal -0.981185 0.191777 0.0222983
    outer loop
      vertex 104.642 69.4648 45.8454
      vertex 104.654 69.1558 49.031
      vertex 104.673 69.6213 45.8635
    endloop
  endfacet
  facet normal -0.980895 0.193239 0.022439
    outer loop
      vertex 104.654 69.1558 49.031
      vertex 104.642 69.4648 45.8454
      vertex 104.642 69.0957 49.024
    endloop
  endfacet
  facet normal -0.832034 -0.55103 -0.0639258
    outer loop
      vertex 104.472 70.7462 45.9942
      vertex 104.438 70.4281 49.1787
      vertex 104.383 70.8788 46.0096
    endloop
  endfacet
  facet normal -0.834237 -0.547724 -0.0636191
    outer loop
      vertex 104.438 70.4281 49.1787
      vertex 104.472 70.7462 45.9942
      vertex 104.472 70.377 49.1728
    endloop
  endfacet
  facet normal -0.892391 0.448251 0.0520511
    outer loop
      vertex 104.472 68.6884 48.9767
      vertex 104.5 69.1125 45.8045
      vertex 104.472 69.0575 45.7981
    endloop
  endfacet
  facet normal -0.896977 0.439149 0.0507937
    outer loop
      vertex 104.5 69.1125 45.8045
      vertex 104.472 68.6884 48.9767
      vertex 104.543 68.8315 48.9933
    endloop
  endfacet
  facet normal 0.554112 0.826874 0.0961179
    outer loop
      vertex 102.15 68.0703 48.9049
      vertex 102.099 68.4735 45.7303
      vertex 102.016 68.1589 48.9152
    endloop
  endfacet
  facet normal 0.558453 0.823999 0.0956831
    outer loop
      vertex 102.099 68.4735 45.7303
      vertex 102.15 68.0703 48.9049
      vertex 102.15 68.4394 45.7263
    endloop
  endfacet
  facet normal -0.946204 -0.321412 -0.0373224
    outer loop
      vertex 104.642 69.9698 49.1255
      vertex 104.622 70.397 45.9536
      vertex 104.642 70.3389 45.9469
    endloop
  endfacet
  facet normal -0.946178 -0.321485 -0.0373325
    outer loop
      vertex 104.622 70.397 45.9536
      vertex 104.642 69.9698 49.1255
      vertex 104.59 70.1208 49.1431
    endloop
  endfacet
  facet normal 0.997725 -0.0669694 -0.00777836
    outer loop
      vertex 101.315 69.7531 49.1004
      vertex 101.3 69.9018 45.8961
      vertex 101.315 70.1223 45.9217
    endloop
  endfacet
  facet normal 0.997723 -0.0669994 -0.00777975
    outer loop
      vertex 101.3 69.9018 45.8961
      vertex 101.315 69.7531 49.1004
      vertex 101.3 69.5327 49.0748
    endloop
  endfacet
  facet normal 0.0646939 0.991245 0.115104
    outer loop
      vertex 102.84 67.8545 48.8799
      vertex 102.778 68.2276 45.7017
      vertex 102.778 67.8585 48.8803
    endloop
  endfacet
  facet normal 0.0652916 0.991207 0.115088
    outer loop
      vertex 102.778 68.2276 45.7017
      vertex 102.84 67.8545 48.8799
      vertex 102.938 68.2172 45.7005
    endloop
  endfacet
  facet normal 0.443069 0.890504 0.103406
    outer loop
      vertex 102.349 67.9726 48.8936
      vertex 102.15 68.4394 45.7263
      vertex 102.15 68.0703 48.9049
    endloop
  endfacet
  facet normal 0.443069 0.890504 0.103406
    outer loop
      vertex 102.15 68.4394 45.7263
      vertex 102.349 67.9726 48.8936
      vertex 102.349 68.3417 45.715
    endloop
  endfacet
  facet normal 0.194371 0.974381 0.113145
    outer loop
      vertex 102.718 67.8705 48.8817
      vertex 102.56 68.2707 45.7067
      vertex 102.56 67.9016 48.8853
    endloop
  endfacet
  facet normal 0.192744 0.97469 0.113265
    outer loop
      vertex 102.56 68.2707 45.7067
      vertex 102.718 67.8705 48.8817
      vertex 102.621 68.2588 45.7053
    endloop
  endfacet
  facet normal -0.443069 0.890504 0.103406
    outer loop
      vertex 103.85 68.4394 45.7263
      vertex 103.651 67.9726 48.8936
      vertex 103.85 68.0703 48.9049
    endloop
  endfacet
  facet normal -0.443069 0.890504 0.103406
    outer loop
      vertex 103.651 67.9726 48.8936
      vertex 103.85 68.4394 45.7263
      vertex 103.651 68.3417 45.715
    endloop
  endfacet
  facet normal 0.980956 -0.192934 -0.0224036
    outer loop
      vertex 101.358 69.9698 49.1255
      vertex 101.346 70.2787 45.9399
      vertex 101.358 70.3389 45.9469
    endloop
  endfacet
  facet normal 0.981188 -0.191764 -0.022291
    outer loop
      vertex 101.346 70.2787 45.9399
      vertex 101.358 69.9698 49.1255
      vertex 101.327 69.8133 49.1073
    endloop
  endfacet
  facet normal 0.323566 -0.939887 -0.109166
    outer loop
      vertex 102.502 71.1441 49.2619
      vertex 102.56 71.533 46.0855
      vertex 102.56 71.1638 49.2642
    endloop
  endfacet
  facet normal 0.321669 -0.940525 -0.109279
    outer loop
      vertex 102.56 71.533 46.0855
      vertex 102.502 71.1441 49.2619
      vertex 102.408 71.4817 46.0796
    endloop
  endfacet
  facet normal 0.951071 -0.30691 -0.0356482
    outer loop
      vertex 101.41 70.1208 49.1431
      vertex 101.429 70.5481 45.9712
      vertex 101.429 70.1789 49.1498
    endloop
  endfacet
  facet normal 0.948134 -0.315726 -0.0368534
    outer loop
      vertex 101.429 70.5481 45.9712
      vertex 101.41 70.1208 49.1431
      vertex 101.378 70.397 45.9536
    endloop
  endfacet
  facet normal -0.99765 0.0680492 0.0079742
    outer loop
      vertex 104.696 69.4715 49.0677
      vertex 104.7 69.9018 45.8961
      vertex 104.689 69.7427 45.8776
    endloop
  endfacet
  facet normal -0.997899 0.0643552 0.00747271
    outer loop
      vertex 104.7 69.9018 45.8961
      vertex 104.696 69.4715 49.0677
      vertex 104.7 69.5327 49.0748
    endloop
  endfacet
  facet normal -0.895709 -0.441672 -0.051301
    outer loop
      vertex 104.571 70.5481 45.9712
      vertex 104.472 70.377 49.1728
      vertex 104.472 70.7462 45.9942
    endloop
  endfacet
  facet normal -0.895709 -0.441672 -0.051301
    outer loop
      vertex 104.472 70.377 49.1728
      vertex 104.571 70.5481 45.9712
      vertex 104.571 70.1789 49.1498
    endloop
  endfacet
  facet normal -0.997906 0.0642521 0.00746074
    outer loop
      vertex 104.685 69.3123 49.0492
      vertex 104.689 69.7427 45.8776
      vertex 104.685 69.6814 45.8705
    endloop
  endfacet
  facet normal -0.997653 0.0680071 0.00797062
    outer loop
      vertex 104.689 69.7427 45.8776
      vertex 104.685 69.3123 49.0492
      vertex 104.696 69.4715 49.0677
    endloop
  endfacet
  facet normal -0.663299 0.743396 0.0860073
    outer loop
      vertex 104.156 68.6673 45.7528
      vertex 104.035 68.193 48.9192
      vertex 104.081 68.2335 48.9239
    endloop
  endfacet
  facet normal -0.65861 0.747462 0.0867955
    outer loop
      vertex 104.035 68.193 48.9192
      vertex 104.156 68.6673 45.7528
      vertex 104.035 68.5621 45.7406
    endloop
  endfacet
  facet normal -0.833746 0.548463 0.0636877
    outer loop
      vertex 104.438 69.0065 45.7922
      vertex 104.472 68.6884 48.9767
      vertex 104.472 69.0575 45.7981
    endloop
  endfacet
  facet normal -0.832224 0.550745 0.0638994
    outer loop
      vertex 104.472 68.6884 48.9767
      vertex 104.438 69.0065 45.7922
      vertex 104.383 68.5557 48.9613
    endloop
  endfacet
  facet normal 0.0656209 -0.991185 -0.115093
    outer loop
      vertex 102.778 71.2069 49.2692
      vertex 103 71.5905 46.0922
      vertex 103 71.2214 49.2709
    endloop
  endfacet
  facet normal 0.0656209 -0.991185 -0.115093
    outer loop
      vertex 103 71.5905 46.0922
      vertex 102.778 71.2069 49.2692
      vertex 102.778 71.576 46.0905
    endloop
  endfacet
  facet normal -0.0656209 -0.991185 -0.115093
    outer loop
      vertex 103 71.5905 46.0922
      vertex 103.222 71.2069 49.2692
      vertex 103 71.2214 49.2709
    endloop
  endfacet
  facet normal -0.0656209 -0.991185 -0.115093
    outer loop
      vertex 103.222 71.2069 49.2692
      vertex 103 71.5905 46.0922
      vertex 103.222 71.576 46.0905
    endloop
  endfacet
  facet normal -0.197395 -0.973781 -0.113072
    outer loop
      vertex 103.222 71.576 46.0905
      vertex 103.282 71.1949 49.2678
      vertex 103.222 71.2069 49.2692
    endloop
  endfacet
  facet normal -0.195562 -0.974142 -0.11315
    outer loop
      vertex 103.282 71.1949 49.2678
      vertex 103.222 71.576 46.0905
      vertex 103.379 71.5449 46.0869
    endloop
  endfacet
  facet normal -0.0652916 0.991207 0.115088
    outer loop
      vertex 103.062 68.2172 45.7005
      vertex 103 67.8441 48.8787
      vertex 103.16 67.8545 48.8799
    endloop
  endfacet
  facet normal -0.0648787 0.991233 0.115099
    outer loop
      vertex 103 67.8441 48.8787
      vertex 103.062 68.2172 45.7005
      vertex 103 68.2132 45.7
    endloop
  endfacet
  facet normal -0.554112 0.826874 0.0961179
    outer loop
      vertex 103.901 68.4735 45.7303
      vertex 103.85 68.0703 48.9049
      vertex 103.984 68.1589 48.9152
    endloop
  endfacet
  facet normal -0.558453 0.823999 0.0956831
    outer loop
      vertex 103.85 68.0703 48.9049
      vertex 103.901 68.4735 45.7303
      vertex 103.85 68.4394 45.7263
    endloop
  endfacet
  facet normal 0.892391 0.448251 0.0520511
    outer loop
      vertex 101.457 68.8315 48.9933
      vertex 101.429 69.2556 45.8211
      vertex 101.429 68.8865 48.9997
    endloop
  endfacet
  facet normal 0.896977 0.439149 0.0507937
    outer loop
      vertex 101.429 69.2556 45.8211
      vertex 101.457 68.8315 48.9933
      vertex 101.5 69.1125 45.8045
    endloop
  endfacet
  facet normal 0.749474 0.657613 0.0763805
    outer loop
      vertex 101.692 68.4586 48.95
      vertex 101.651 68.8739 45.7767
      vertex 101.651 68.5047 48.9554
    endloop
  endfacet
  facet normal 0.751657 0.655157 0.0760309
    outer loop
      vertex 101.651 68.8739 45.7767
      vertex 101.692 68.4586 48.95
      vertex 101.757 68.7539 45.7628
    endloop
  endfacet
  facet normal 0.833746 0.548463 0.0636877
    outer loop
      vertex 101.528 68.6884 48.9767
      vertex 101.562 69.0065 45.7922
      vertex 101.528 69.0575 45.7981
    endloop
  endfacet
  facet normal 0.832224 0.550745 0.0638994
    outer loop
      vertex 101.562 69.0065 45.7922
      vertex 101.528 68.6884 48.9767
      vertex 101.617 68.5557 48.9613
    endloop
  endfacet
  facet normal 0.895709 -0.441672 -0.051301
    outer loop
      vertex 101.528 70.377 49.1728
      vertex 101.429 70.5481 45.9712
      vertex 101.528 70.7462 45.9942
    endloop
  endfacet
  facet normal 0.895709 -0.441672 -0.051301
    outer loop
      vertex 101.429 70.5481 45.9712
      vertex 101.528 70.377 49.1728
      vertex 101.429 70.1789 49.1498
    endloop
  endfacet
  facet normal 0.555314 -0.826087 -0.0959515
    outer loop
      vertex 101.965 70.8724 49.2303
      vertex 102.15 71.3643 46.066
      vertex 102.15 70.9951 49.2446
    endloop
  endfacet
  facet normal 0.555622 -0.825885 -0.0959021
    outer loop
      vertex 102.15 71.3643 46.066
      vertex 101.965 70.8724 49.2303
      vertex 101.965 71.2415 46.0517
    endloop
  endfacet
  facet normal 0.832034 -0.55103 -0.0639258
    outer loop
      vertex 101.562 70.4281 49.1787
      vertex 101.528 70.7462 45.9942
      vertex 101.617 70.8788 46.0096
    endloop
  endfacet
  facet normal 0.834237 -0.547724 -0.0636191
    outer loop
      vertex 101.528 70.7462 45.9942
      vertex 101.562 70.4281 49.1787
      vertex 101.528 70.377 49.1728
    endloop
  endfacet
  facet normal 0.981165 -0.19188 -0.0223082
    outer loop
      vertex 101.327 69.8133 49.1073
      vertex 101.315 70.1223 45.9217
      vertex 101.346 70.2787 45.9399
    endloop
  endfacet
  facet normal 0.980949 -0.192969 -0.022413
    outer loop
      vertex 101.315 70.1223 45.9217
      vertex 101.327 69.8133 49.1073
      vertex 101.315 69.7531 49.1004
    endloop
  endfacet
  facet normal 0.947601 0.317324 0.0368478
    outer loop
      vertex 101.358 69.0957 49.024
      vertex 101.429 69.2556 45.8211
      vertex 101.358 69.4648 45.8454
    endloop
  endfacet
  facet normal 0.947601 0.317324 0.0368478
    outer loop
      vertex 101.429 69.2556 45.8211
      vertex 101.358 69.0957 49.024
      vertex 101.429 68.8865 48.9997
    endloop
  endfacet
  facet normal 0.997899 0.0643552 0.00747271
    outer loop
      vertex 101.304 69.4715 49.0677
      vertex 101.3 69.9018 45.8961
      vertex 101.3 69.5327 49.0748
    endloop
  endfacet
  facet normal 0.99765 0.0680492 0.0079742
    outer loop
      vertex 101.3 69.9018 45.8961
      vertex 101.304 69.4715 49.0677
      vertex 101.311 69.7427 45.8776
    endloop
  endfacet
  facet normal 0.663299 0.743396 0.0860073
    outer loop
      vertex 101.965 68.193 48.9192
      vertex 101.844 68.6673 45.7528
      vertex 101.919 68.2335 48.9239
    endloop
  endfacet
  facet normal 0.65861 0.747462 0.0867955
    outer loop
      vertex 101.844 68.6673 45.7528
      vertex 101.965 68.193 48.9192
      vertex 101.965 68.5621 45.7406
    endloop
  endfacet
  facet normal 0.194371 -0.974382 -0.11314
    outer loop
      vertex 102.56 71.1638 49.2642
      vertex 102.621 71.5449 46.0869
      vertex 102.718 71.1949 49.2678
    endloop
  endfacet
  facet normal 0.192744 -0.974697 -0.113209
    outer loop
      vertex 102.621 71.5449 46.0869
      vertex 102.56 71.1638 49.2642
      vertex 102.56 71.533 46.0855
    endloop
  endfacet
  facet normal 0.445599 -0.889277 -0.103094
    outer loop
      vertex 102.15 70.9951 49.2446
      vertex 102.294 71.4348 46.0742
      vertex 102.205 71.0223 49.2477
    endloop
  endfacet
  facet normal 0.4421 -0.890976 -0.103488
    outer loop
      vertex 102.294 71.4348 46.0742
      vertex 102.15 70.9951 49.2446
      vertex 102.15 71.3643 46.066
    endloop
  endfacet
  facet normal -0.4421 -0.890976 -0.103488
    outer loop
      vertex 103.651 71.462 46.0773
      vertex 103.795 71.0223 49.2477
      vertex 103.651 71.0928 49.2559
    endloop
  endfacet
  facet normal -0.445599 -0.889277 -0.103094
    outer loop
      vertex 103.795 71.0223 49.2477
      vertex 103.651 71.462 46.0773
      vertex 103.706 71.4348 46.0742
    endloop
  endfacet
  facet normal -0.751388 -0.655461 -0.0760741
    outer loop
      vertex 104.243 70.6806 49.2081
      vertex 104.202 71.0959 46.0348
      vertex 104.308 70.976 46.0209
    endloop
  endfacet
  facet normal -0.750094 -0.656917 -0.0762814
    outer loop
      vertex 104.202 71.0959 46.0348
      vertex 104.243 70.6806 49.2081
      vertex 104.202 70.7268 49.2134
    endloop
  endfacet
  facet normal -0.749392 0.657707 0.0763732
    outer loop
      vertex 104.202 68.3387 48.9361
      vertex 104.243 68.7539 45.7628
      vertex 104.202 68.7078 45.7575
    endloop
  endfacet
  facet normal -0.751388 0.655463 0.0760537
    outer loop
      vertex 104.243 68.7539 45.7628
      vertex 104.202 68.3387 48.9361
      vertex 104.308 68.4586 48.95
    endloop
  endfacet
  facet normal -0.445599 -0.889277 -0.103094
    outer loop
      vertex 103.706 71.4348 46.0742
      vertex 103.85 70.9951 49.2446
      vertex 103.795 71.0223 49.2477
    endloop
  endfacet
  facet normal -0.4421 -0.890976 -0.103488
    outer loop
      vertex 103.85 70.9951 49.2446
      vertex 103.706 71.4348 46.0742
      vertex 103.85 71.3643 46.066
    endloop
  endfacet
  facet normal -0.32087 0.940802 0.109246
    outer loop
      vertex 103.651 68.3417 45.715
      vertex 103.44 67.9016 48.8853
      vertex 103.651 67.9726 48.8936
    endloop
  endfacet
  facet normal -0.32087 0.940802 0.109246
    outer loop
      vertex 103.44 67.9016 48.8853
      vertex 103.651 68.3417 45.715
      vertex 103.44 68.2707 45.7067
    endloop
  endfacet
  facet normal -0.0646939 0.991245 0.115104
    outer loop
      vertex 103.222 68.2276 45.7017
      vertex 103.16 67.8545 48.8799
      vertex 103.222 67.8585 48.8803
    endloop
  endfacet
  facet normal -0.0652916 0.991207 0.115088
    outer loop
      vertex 103.16 67.8545 48.8799
      vertex 103.222 68.2276 45.7017
      vertex 103.062 68.2172 45.7005
    endloop
  endfacet
  facet normal -0.558453 0.823999 0.0956831
    outer loop
      vertex 104.035 68.5621 45.7406
      vertex 103.984 68.1589 48.9152
      vertex 104.035 68.193 48.9192
    endloop
  endfacet
  facet normal -0.554112 0.826874 0.0961179
    outer loop
      vertex 103.984 68.1589 48.9152
      vertex 104.035 68.5621 45.7406
      vertex 103.901 68.4735 45.7303
    endloop
  endfacet
  facet normal -0.197395 0.973788 0.113013
    outer loop
      vertex 103.379 68.2588 45.7053
      vertex 103.222 67.8585 48.8803
      vertex 103.282 67.8705 48.8817
    endloop
  endfacet
  facet normal -0.196158 0.974027 0.113104
    outer loop
      vertex 103.222 67.8585 48.8803
      vertex 103.379 68.2588 45.7053
      vertex 103.222 68.2276 45.7017
    endloop
  endfacet
  facet normal 0.832056 0.550995 0.0639378
    outer loop
      vertex 101.617 68.5557 48.9613
      vertex 101.651 68.8739 45.7767
      vertex 101.562 69.0065 45.7922
    endloop
  endfacet
  facet normal 0.833746 0.548461 0.0637027
    outer loop
      vertex 101.651 68.8739 45.7767
      vertex 101.617 68.5557 48.9613
      vertex 101.651 68.5047 48.9554
    endloop
  endfacet
  facet normal 0.751388 0.655463 0.0760537
    outer loop
      vertex 101.798 68.3387 48.9361
      vertex 101.757 68.7539 45.7628
      vertex 101.692 68.4586 48.95
    endloop
  endfacet
  facet normal 0.749392 0.657707 0.0763732
    outer loop
      vertex 101.757 68.7539 45.7628
      vertex 101.798 68.3387 48.9361
      vertex 101.798 68.7078 45.7575
    endloop
  endfacet
  facet normal 0.65861 0.747462 0.0867955
    outer loop
      vertex 101.919 68.2335 48.9239
      vertex 101.798 68.7078 45.7575
      vertex 101.798 68.3387 48.9361
    endloop
  endfacet
  facet normal 0.663299 0.743396 0.0860073
    outer loop
      vertex 101.798 68.7078 45.7575
      vertex 101.919 68.2335 48.9239
      vertex 101.844 68.6673 45.7528
    endloop
  endfacet
  facet normal 0.0652916 0.991207 0.115088
    outer loop
      vertex 103 67.8441 48.8787
      vertex 102.938 68.2172 45.7005
      vertex 102.84 67.8545 48.8799
    endloop
  endfacet
  facet normal 0.0648787 0.991233 0.115099
    outer loop
      vertex 102.938 68.2172 45.7005
      vertex 103 67.8441 48.8787
      vertex 103 68.2132 45.7
    endloop
  endfacet
  facet normal 0.997653 0.0680071 0.00797062
    outer loop
      vertex 101.315 69.3123 49.0492
      vertex 101.311 69.7427 45.8776
      vertex 101.304 69.4715 49.0677
    endloop
  endfacet
  facet normal 0.997906 0.0642521 0.00746074
    outer loop
      vertex 101.311 69.7427 45.8776
      vertex 101.315 69.3123 49.0492
      vertex 101.315 69.6814 45.8705
    endloop
  endfacet
  facet normal 0.750094 -0.656917 -0.0762814
    outer loop
      vertex 101.757 70.6806 49.2081
      vertex 101.798 71.0959 46.0348
      vertex 101.798 70.7268 49.2134
    endloop
  endfacet
  facet normal 0.751388 -0.655461 -0.0760741
    outer loop
      vertex 101.798 71.0959 46.0348
      vertex 101.757 70.6806 49.2081
      vertex 101.692 70.976 46.0209
    endloop
  endfacet
  facet normal 0.980895 0.193239 0.0224383
    outer loop
      vertex 101.315 69.3123 49.0492
      vertex 101.327 69.6213 45.8635
      vertex 101.315 69.6814 45.8705
    endloop
  endfacet
  facet normal 0.981188 0.191764 0.0222963
    outer loop
      vertex 101.327 69.6213 45.8635
      vertex 101.315 69.3123 49.0492
      vertex 101.346 69.1558 49.031
    endloop
  endfacet
  facet normal 0.197395 0.973788 0.113013
    outer loop
      vertex 102.778 67.8585 48.8803
      vertex 102.621 68.2588 45.7053
      vertex 102.718 67.8705 48.8817
    endloop
  endfacet
  facet normal 0.196158 0.974027 0.113104
    outer loop
      vertex 102.621 68.2588 45.7053
      vertex 102.778 67.8585 48.8803
      vertex 102.778 68.2276 45.7017
    endloop
  endfacet
  facet normal 0.32087 0.940802 0.109246
    outer loop
      vertex 102.56 67.9016 48.8853
      vertex 102.349 68.3417 45.715
      vertex 102.349 67.9726 48.8936
    endloop
  endfacet
  facet normal 0.32087 0.940802 0.109246
    outer loop
      vertex 102.349 68.3417 45.715
      vertex 102.56 67.9016 48.8853
      vertex 102.56 68.2707 45.7067
    endloop
  endfacet
  facet normal 0.558453 0.823999 0.0956831
    outer loop
      vertex 102.016 68.1589 48.9152
      vertex 101.965 68.5621 45.7406
      vertex 101.965 68.193 48.9192
    endloop
  endfacet
  facet normal 0.554112 0.826874 0.0961179
    outer loop
      vertex 101.965 68.5621 45.7406
      vertex 102.016 68.1589 48.9152
      vertex 102.099 68.4735 45.7303
    endloop
  endfacet
  facet normal 0.319846 -0.941145 -0.109291
    outer loop
      vertex 102.349 71.0928 49.2559
      vertex 102.408 71.4817 46.0796
      vertex 102.502 71.1441 49.2619
    endloop
  endfacet
  facet normal 0.318643 -0.941545 -0.109362
    outer loop
      vertex 102.408 71.4817 46.0796
      vertex 102.349 71.0928 49.2559
      vertex 102.349 71.462 46.0773
    endloop
  endfacet
  facet normal -0.980956 -0.192934 -0.0224036
    outer loop
      vertex 104.654 70.2787 45.9399
      vertex 104.642 69.9698 49.1255
      vertex 104.642 70.3389 45.9469
    endloop
  endfacet
  facet normal -0.981188 -0.191764 -0.022291
    outer loop
      vertex 104.642 69.9698 49.1255
      vertex 104.654 70.2787 45.9399
      vertex 104.673 69.8133 49.1073
    endloop
  endfacet
  facet normal -0.981165 -0.19188 -0.0223082
    outer loop
      vertex 104.685 70.1223 45.9217
      vertex 104.673 69.8133 49.1073
      vertex 104.654 70.2787 45.9399
    endloop
  endfacet
  facet normal -0.980949 -0.192969 -0.022413
    outer loop
      vertex 104.673 69.8133 49.1073
      vertex 104.685 70.1223 45.9217
      vertex 104.685 69.7531 49.1004
    endloop
  endfacet
  facet normal -0.659657 -0.74655 -0.0866896
    outer loop
      vertex 104.035 71.2415 46.0517
      vertex 104.202 70.7268 49.2134
      vertex 104.035 70.8724 49.2303
    endloop
  endfacet
  facet normal -0.659657 -0.74655 -0.0866896
    outer loop
      vertex 104.202 70.7268 49.2134
      vertex 104.035 71.2415 46.0517
      vertex 104.202 71.0959 46.0348
    endloop
  endfacet
  facet normal -0.832056 0.550995 0.0639378
    outer loop
      vertex 104.349 68.8739 45.7767
      vertex 104.383 68.5557 48.9613
      vertex 104.438 69.0065 45.7922
    endloop
  endfacet
  facet normal -0.833746 0.548461 0.0637027
    outer loop
      vertex 104.383 68.5557 48.9613
      vertex 104.349 68.8739 45.7767
      vertex 104.349 68.5047 48.9554
    endloop
  endfacet
  facet normal -0.751657 0.655157 0.0760309
    outer loop
      vertex 104.308 68.4586 48.95
      vertex 104.349 68.8739 45.7767
      vertex 104.243 68.7539 45.7628
    endloop
  endfacet
  facet normal -0.749474 0.657613 0.0763805
    outer loop
      vertex 104.349 68.8739 45.7767
      vertex 104.308 68.4586 48.95
      vertex 104.349 68.5047 48.9554
    endloop
  endfacet
  facet normal -0.65861 0.747462 0.0867955
    outer loop
      vertex 104.202 68.7078 45.7575
      vertex 104.081 68.2335 48.9239
      vertex 104.202 68.3387 48.9361
    endloop
  endfacet
  facet normal -0.663299 0.743396 0.0860073
    outer loop
      vertex 104.081 68.2335 48.9239
      vertex 104.202 68.7078 45.7575
      vertex 104.156 68.6673 45.7528
    endloop
  endfacet
  facet normal -0.896977 0.439149 0.0507937
    outer loop
      vertex 104.543 68.8315 48.9933
      vertex 104.571 69.2556 45.8211
      vertex 104.5 69.1125 45.8045
    endloop
  endfacet
  facet normal -0.892391 0.448251 0.0520511
    outer loop
      vertex 104.571 69.2556 45.8211
      vertex 104.543 68.8315 48.9933
      vertex 104.571 68.8865 48.9997
    endloop
  endfacet
  facet normal -0.947601 0.317324 0.0368478
    outer loop
      vertex 104.571 69.2556 45.8211
      vertex 104.642 69.0957 49.024
      vertex 104.642 69.4648 45.8454
    endloop
  endfacet
  facet normal -0.947601 0.317324 0.0368478
    outer loop
      vertex 104.642 69.0957 49.024
      vertex 104.571 69.2556 45.8211
      vertex 104.571 68.8865 48.9997
    endloop
  endfacet
  facet normal -0.319846 -0.941145 -0.109291
    outer loop
      vertex 103.592 71.4817 46.0796
      vertex 103.651 71.0928 49.2559
      vertex 103.498 71.1441 49.2619
    endloop
  endfacet
  facet normal -0.318643 -0.941545 -0.109362
    outer loop
      vertex 103.651 71.0928 49.2559
      vertex 103.592 71.4817 46.0796
      vertex 103.651 71.462 46.0773
    endloop
  endfacet
  facet normal -0.323566 -0.939887 -0.109166
    outer loop
      vertex 103.44 71.533 46.0855
      vertex 103.498 71.1441 49.2619
      vertex 103.44 71.1638 49.2642
    endloop
  endfacet
  facet normal -0.321669 -0.940525 -0.109279
    outer loop
      vertex 103.498 71.1441 49.2619
      vertex 103.44 71.533 46.0855
      vertex 103.592 71.4817 46.0796
    endloop
  endfacet
  facet normal -0.194371 0.974381 0.113145
    outer loop
      vertex 103.44 68.2707 45.7067
      vertex 103.282 67.8705 48.8817
      vertex 103.44 67.9016 48.8853
    endloop
  endfacet
  facet normal -0.192744 0.97469 0.113265
    outer loop
      vertex 103.282 67.8705 48.8817
      vertex 103.44 68.2707 45.7067
      vertex 103.379 68.2588 45.7053
    endloop
  endfacet
  facet normal 0.751419 -0.655425 -0.0760714
    outer loop
      vertex 101.651 70.5607 49.1941
      vertex 101.692 70.976 46.0209
      vertex 101.757 70.6806 49.2081
    endloop
  endfacet
  facet normal 0.750175 -0.656825 -0.0762708
    outer loop
      vertex 101.692 70.976 46.0209
      vertex 101.651 70.5607 49.1941
      vertex 101.651 70.9298 46.0155
    endloop
  endfacet
  facet normal 0.833746 -0.548463 -0.0636877
    outer loop
      vertex 101.651 70.5607 49.1941
      vertex 101.617 70.8788 46.0096
      vertex 101.651 70.9298 46.0155
    endloop
  endfacet
  facet normal 0.832034 -0.55103 -0.0639258
    outer loop
      vertex 101.617 70.8788 46.0096
      vertex 101.651 70.5607 49.1941
      vertex 101.562 70.4281 49.1787
    endloop
  endfacet
  facet normal 0.4421 -0.890976 -0.103488
    outer loop
      vertex 102.205 71.0223 49.2477
      vertex 102.349 71.462 46.0773
      vertex 102.349 71.0928 49.2559
    endloop
  endfacet
  facet normal 0.445599 -0.889277 -0.103094
    outer loop
      vertex 102.349 71.462 46.0773
      vertex 102.205 71.0223 49.2477
      vertex 102.294 71.4348 46.0742
    endloop
  endfacet
  facet normal -0.833746 -0.548463 -0.0636877
    outer loop
      vertex 104.383 70.8788 46.0096
      vertex 104.349 70.5607 49.1941
      vertex 104.349 70.9298 46.0155
    endloop
  endfacet
  facet normal -0.832034 -0.55103 -0.0639258
    outer loop
      vertex 104.349 70.5607 49.1941
      vertex 104.383 70.8788 46.0096
      vertex 104.438 70.4281 49.1787
    endloop
  endfacet
  facet normal -0.750175 -0.656825 -0.0762708
    outer loop
      vertex 104.349 70.5607 49.1941
      vertex 104.308 70.976 46.0209
      vertex 104.349 70.9298 46.0155
    endloop
  endfacet
  facet normal -0.751419 -0.655425 -0.0760714
    outer loop
      vertex 104.308 70.976 46.0209
      vertex 104.349 70.5607 49.1941
      vertex 104.243 70.6806 49.2081
    endloop
  endfacet
  facet normal 0.981185 0.191777 0.0222983
    outer loop
      vertex 101.346 69.1558 49.031
      vertex 101.358 69.4648 45.8454
      vertex 101.327 69.6213 45.8635
    endloop
  endfacet
  facet normal 0.980895 0.193239 0.022439
    outer loop
      vertex 101.358 69.4648 45.8454
      vertex 101.346 69.1558 49.031
      vertex 101.358 69.0957 49.024
    endloop
  endfacet
  facet normal -0.948134 -0.315726 -0.0368534
    outer loop
      vertex 104.59 70.1208 49.1431
      vertex 104.571 70.5481 45.9712
      vertex 104.622 70.397 45.9536
    endloop
  endfacet
  facet normal -0.951071 -0.30691 -0.0356482
    outer loop
      vertex 104.571 70.5481 45.9712
      vertex 104.59 70.1208 49.1431
      vertex 104.571 70.1789 49.1498
    endloop
  endfacet
  facet normal 0.896977 0.439149 0.0507937
    outer loop
      vertex 101.528 68.6884 48.9767
      vertex 101.5 69.1125 45.8045
      vertex 101.457 68.8315 48.9933
    endloop
  endfacet
  facet normal 0.892391 0.448251 0.0520511
    outer loop
      vertex 101.5 69.1125 45.8045
      vertex 101.528 68.6884 48.9767
      vertex 101.528 69.0575 45.7981
    endloop
  endfacet
  facet normal -0.980773 0.193848 0.0225123
    outer loop
      vertex 1.64207 -69.6006 29.6958
      vertex 1.65412 -69.9096 32.8815
      vertex 1.6734 -69.4442 29.714
    endloop
  endfacet
  facet normal -0.980801 0.193707 0.0224987
    outer loop
      vertex 1.65412 -69.9096 32.8815
      vertex 1.64207 -69.6006 29.6958
      vertex 1.64207 -69.9698 32.8745
    endloop
  endfacet
  facet normal 0.659757 -0.746463 -0.0866777
    outer loop
      vertex -1.20208 -68.3387 33.0639
      vertex -1.08133 -67.8643 29.8975
      vertex -1.15564 -68.2982 33.0686
    endloop
  endfacet
  facet normal 0.659382 -0.746788 -0.0867407
    outer loop
      vertex -1.08133 -67.8643 29.8975
      vertex -1.20208 -68.3387 33.0639
      vertex -1.20208 -67.9695 29.8853
    endloop
  endfacet
  facet normal -0.659382 -0.746791 -0.0867175
    outer loop
      vertex 1.03489 -67.8239 29.9022
      vertex 1.15564 -68.2982 33.0686
      vertex 1.03489 -68.193 33.0808
    endloop
  endfacet
  facet normal -0.658848 -0.747251 -0.0868068
    outer loop
      vertex 1.15564 -68.2982 33.0686
      vertex 1.03489 -67.8239 29.9022
      vertex 1.08133 -67.8643 29.8975
    endloop
  endfacet
  facet normal -0.99786 -0.0649537 -0.00754244
    outer loop
      vertex 1.7 -69.1636 29.7466
      vertex 1.68546 -69.3123 32.9508
      vertex 1.68546 -68.9432 29.7722
    endloop
  endfacet
  facet normal -0.99786 -0.0649537 -0.00754244
    outer loop
      vertex 1.68546 -69.3123 32.9508
      vertex 1.7 -69.1636 29.7466
      vertex 1.7 -69.5327 32.9252
    endloop
  endfacet
  facet normal -0.442286 0.890888 0.10345
    outer loop
      vertex 0.849999 -70.626 29.5768
      vertex 0.650561 -71.0928 32.7441
      vertex 0.849999 -70.9951 32.7554
    endloop
  endfacet
  facet normal -0.442328 0.890868 0.103445
    outer loop
      vertex 0.650561 -71.0928 32.7441
      vertex 0.849999 -70.626 29.5768
      vertex 0.650561 -70.7237 29.5654
    endloop
  endfacet
  facet normal -0.752028 -0.654731 -0.0760367
    outer loop
      vertex 1.24281 -68.3848 33.0585
      vertex 1.20208 -67.9695 29.8853
      vertex 1.30797 -68.0895 29.8713
    endloop
  endfacet
  facet normal -0.751639 -0.65517 -0.0760991
    outer loop
      vertex 1.20208 -67.9695 29.8853
      vertex 1.24281 -68.3848 33.0585
      vertex 1.20208 -68.3387 33.0639
    endloop
  endfacet
  facet normal -0.321131 -0.940714 -0.109233
    outer loop
      vertex 0.439992 -67.5325 29.936
      vertex 0.498483 -67.9213 33.1124
      vertex 0.439992 -67.9016 33.1147
    endloop
  endfacet
  facet normal -0.320966 -0.940769 -0.109242
    outer loop
      vertex 0.498483 -67.9213 33.1124
      vertex 0.439992 -67.5325 29.936
      vertex 0.59207 -67.5837 29.9301
    endloop
  endfacet
  facet normal -0.442501 -0.890782 -0.103438
    outer loop
      vertex 0.650561 -67.6035 29.9278
      vertex 0.7946 -68.0432 33.0982
      vertex 0.650561 -67.9726 33.1064
    endloop
  endfacet
  facet normal -0.441871 -0.891087 -0.103509
    outer loop
      vertex 0.7946 -68.0432 33.0982
      vertex 0.650561 -67.6035 29.9278
      vertex 0.705961 -67.6306 29.9246
    endloop
  endfacet
  facet normal 0.83141 -0.55195 -0.0640926
    outer loop
      vertex -1.3487 -68.5047 33.0446
      vertex -1.38302 -68.1866 29.86
      vertex -1.3487 -68.1356 29.866
    endloop
  endfacet
  facet normal 0.831563 -0.551723 -0.0640716
    outer loop
      vertex -1.38302 -68.1866 29.86
      vertex -1.3487 -68.5047 33.0446
      vertex -1.43793 -68.6374 33.0292
    endloop
  endfacet
  facet normal -0.0658032 0.99117 0.115116
    outer loop
      vertex 0.0616373 -70.8482 29.551
      vertex 0 -71.2214 32.7291
      vertex 0.160257 -71.2109 32.7303
    endloop
  endfacet
  facet normal -0.0652589 0.991204 0.11513
    outer loop
      vertex 0 -71.2214 32.7291
      vertex 0.0616373 -70.8482 29.551
      vertex 0 -70.8522 29.5505
    endloop
  endfacet
  facet normal 0.946899 -0.319384 -0.0370858
    outer loop
      vertex -1.57059 -68.8865 33.0003
      vertex -1.64207 -68.7265 29.7973
      vertex -1.57059 -68.5174 29.8216
    endloop
  endfacet
  facet normal 0.946946 -0.319248 -0.03708
    outer loop
      vertex -1.64207 -68.7265 29.7973
      vertex -1.57059 -68.8865 33.0003
      vertex -1.64207 -69.0957 32.976
    endloop
  endfacet
  facet normal -0.441727 -0.891157 -0.103522
    outer loop
      vertex 0.705961 -67.6306 29.9246
      vertex 0.849999 -68.0703 33.0951
      vertex 0.7946 -68.0432 33.0982
    endloop
  endfacet
  facet normal -0.442504 -0.890782 -0.103435
    outer loop
      vertex 0.849999 -68.0703 33.0951
      vertex 0.705961 -67.6306 29.9246
      vertex 0.849999 -67.7012 29.9164
    endloop
  endfacet
  facet normal -0.751639 0.65517 0.0760968
    outer loop
      vertex 1.20208 -70.7268 32.7866
      vertex 1.24281 -70.3115 29.6133
      vertex 1.20208 -70.3576 29.6079
    endloop
  endfacet
  facet normal -0.751997 0.654766 0.0760394
    outer loop
      vertex 1.24281 -70.3115 29.6133
      vertex 1.20208 -70.7268 32.7866
      vertex 1.30797 -70.6068 32.8005
    endloop
  endfacet
  facet normal -0.751728 0.655072 0.0760622
    outer loop
      vertex 1.30797 -70.6068 32.8005
      vertex 1.3487 -70.1916 29.6272
      vertex 1.24281 -70.3115 29.6133
    endloop
  endfacet
  facet normal -0.751639 0.655172 0.0760764
    outer loop
      vertex 1.3487 -70.1916 29.6272
      vertex 1.30797 -70.6068 32.8005
      vertex 1.3487 -70.5607 32.8059
    endloop
  endfacet
  facet normal 0.321131 -0.940714 -0.109233
    outer loop
      vertex -0.498483 -67.9213 33.1124
      vertex -0.439992 -67.5325 29.936
      vertex -0.439992 -67.9016 33.1147
    endloop
  endfacet
  facet normal 0.320966 -0.940769 -0.109242
    outer loop
      vertex -0.439992 -67.5325 29.936
      vertex -0.498483 -67.9213 33.1124
      vertex -0.59207 -67.5837 29.9301
    endloop
  endfacet
  facet normal -0.555751 -0.825801 -0.0958892
    outer loop
      vertex 0.849999 -67.7012 29.9164
      vertex 0.901359 -68.1044 33.0911
      vertex 0.849999 -68.0703 33.0951
    endloop
  endfacet
  facet normal -0.555447 -0.826001 -0.0959196
    outer loop
      vertex 0.901359 -68.1044 33.0911
      vertex 0.849999 -67.7012 29.9164
      vertex 0.983534 -67.7898 29.9061
    endloop
  endfacet
  facet normal 0.0658032 0.99117 0.115116
    outer loop
      vertex 0 -71.2214 32.7291
      vertex -0.0616373 -70.8482 29.551
      vertex -0.160257 -71.2109 32.7303
    endloop
  endfacet
  facet normal 0.0652589 0.991204 0.11513
    outer loop
      vertex -0.0616373 -70.8482 29.551
      vertex 0 -71.2214 32.7291
      vertex 0 -70.8522 29.5505
    endloop
  endfacet
  facet normal 0.194946 0.974267 0.113132
    outer loop
      vertex -0.282477 -71.1949 32.7322
      vertex -0.439992 -70.7947 29.5572
      vertex -0.439992 -71.1638 32.7358
    endloop
  endfacet
  facet normal 0.195568 0.974148 0.113086
    outer loop
      vertex -0.439992 -70.7947 29.5572
      vertex -0.282477 -71.1949 32.7322
      vertex -0.379409 -70.8067 29.5558
    endloop
  endfacet
  facet normal 0.831591 -0.55168 -0.064065
    outer loop
      vertex -1.43793 -68.6374 33.0292
      vertex -1.47224 -68.3193 29.8446
      vertex -1.38302 -68.1866 29.86
    endloop
  endfacet
  facet normal 0.831428 -0.551925 -0.0640877
    outer loop
      vertex -1.47224 -68.3193 29.8446
      vertex -1.43793 -68.6374 33.0292
      vertex -1.47224 -68.6884 33.0233
    endloop
  endfacet
  facet normal -0.946945 0.31925 0.0370803
    outer loop
      vertex 1.62222 -69.6587 29.6891
      vertex 1.64207 -69.9698 32.8745
      vertex 1.64207 -69.6006 29.6958
    endloop
  endfacet
  facet normal -0.946901 0.319379 0.0370926
    outer loop
      vertex 1.64207 -69.9698 32.8745
      vertex 1.62222 -69.6587 29.6891
      vertex 1.59045 -70.1208 32.8569
    endloop
  endfacet
  facet normal 0.0651557 -0.991211 -0.115131
    outer loop
      vertex -0.221894 -67.8585 33.1197
      vertex 0 -67.4749 29.9427
      vertex 0 -67.8441 33.1213
    endloop
  endfacet
  facet normal 0.0656521 -0.991183 -0.115093
    outer loop
      vertex 0 -67.4749 29.9427
      vertex -0.221894 -67.8585 33.1197
      vertex -0.221894 -67.4894 29.941
    endloop
  endfacet
  facet normal -0.831591 -0.55168 -0.064065
    outer loop
      vertex 1.47224 -68.3193 29.8446
      vertex 1.43793 -68.6374 33.0292
      vertex 1.38302 -68.1866 29.86
    endloop
  endfacet
  facet normal -0.831428 -0.551925 -0.0640877
    outer loop
      vertex 1.43793 -68.6374 33.0292
      vertex 1.47224 -68.3193 29.8446
      vertex 1.47224 -68.6884 33.0233
    endloop
  endfacet
  facet normal 0.751639 0.655172 0.0760764
    outer loop
      vertex -1.30797 -70.6068 32.8005
      vertex -1.3487 -70.1916 29.6272
      vertex -1.3487 -70.5607 32.8059
    endloop
  endfacet
  facet normal 0.751728 0.655072 0.0760622
    outer loop
      vertex -1.3487 -70.1916 29.6272
      vertex -1.30797 -70.6068 32.8005
      vertex -1.24281 -70.3115 29.6133
    endloop
  endfacet
  facet normal 0.980773 0.193848 0.0225123
    outer loop
      vertex -1.65412 -69.9096 32.8815
      vertex -1.64207 -69.6006 29.6958
      vertex -1.6734 -69.4442 29.714
    endloop
  endfacet
  facet normal 0.980801 0.193707 0.0224987
    outer loop
      vertex -1.64207 -69.6006 29.6958
      vertex -1.65412 -69.9096 32.8815
      vertex -1.64207 -69.9698 32.8745
    endloop
  endfacet
  facet normal -0.555459 -0.825993 -0.0959191
    outer loop
      vertex 0.983534 -67.7898 29.9061
      vertex 1.03489 -68.193 33.0808
      vertex 0.901359 -68.1044 33.0911
    endloop
  endfacet
  facet normal -0.555652 -0.825866 -0.0958998
    outer loop
      vertex 1.03489 -68.193 33.0808
      vertex 0.983534 -67.7898 29.9061
      vertex 1.03489 -67.8239 29.9022
    endloop
  endfacet
  facet normal 0.897097 0.438884 0.0509634
    outer loop
      vertex -1.54327 -70.234 32.8438
      vertex -1.57059 -69.8098 29.6716
      vertex -1.57059 -70.1789 32.8502
    endloop
  endfacet
  facet normal 0.896917 0.439246 0.0510133
    outer loop
      vertex -1.57059 -69.8098 29.6716
      vertex -1.54327 -70.234 32.8438
      vertex -1.49956 -69.9529 29.6549
    endloop
  endfacet
  facet normal -0.0652592 0.991208 0.115099
    outer loop
      vertex 0.221894 -70.8378 29.5522
      vertex 0.160257 -71.2109 32.7303
      vertex 0.221894 -71.2069 32.7308
    endloop
  endfacet
  facet normal -0.0651875 0.991213 0.115101
    outer loop
      vertex 0.160257 -71.2109 32.7303
      vertex 0.221894 -70.8378 29.5522
      vertex 0.0616373 -70.8482 29.551
    endloop
  endfacet
  facet normal -0.194946 0.974267 0.113132
    outer loop
      vertex 0.439992 -70.7947 29.5572
      vertex 0.282477 -71.1949 32.7322
      vertex 0.439992 -71.1638 32.7358
    endloop
  endfacet
  facet normal -0.195568 0.974148 0.113086
    outer loop
      vertex 0.282477 -71.1949 32.7322
      vertex 0.439992 -70.7947 29.5572
      vertex 0.379409 -70.8067 29.5558
    endloop
  endfacet
  facet normal -0.195119 -0.974234 -0.113125
    outer loop
      vertex 0.221894 -67.4894 29.941
      vertex 0.439992 -67.9016 33.1147
      vertex 0.221894 -67.8585 33.1197
    endloop
  endfacet
  facet normal -0.195119 -0.974234 -0.113125
    outer loop
      vertex 0.439992 -67.9016 33.1147
      vertex 0.221894 -67.4894 29.941
      vertex 0.439992 -67.5325 29.936
    endloop
  endfacet
  facet normal 0.195568 0.974148 0.113086
    outer loop
      vertex -0.221894 -71.2069 32.7308
      vertex -0.379409 -70.8067 29.5558
      vertex -0.282477 -71.1949 32.7322
    endloop
  endfacet
  facet normal 0.194946 0.974267 0.113132
    outer loop
      vertex -0.379409 -70.8067 29.5558
      vertex -0.221894 -71.2069 32.7308
      vertex -0.221894 -70.8378 29.5522
    endloop
  endfacet
  facet normal -0.195568 0.974148 0.113086
    outer loop
      vertex 0.379409 -70.8067 29.5558
      vertex 0.221894 -71.2069 32.7308
      vertex 0.282477 -71.1949 32.7322
    endloop
  endfacet
  facet normal -0.194946 0.974267 0.113132
    outer loop
      vertex 0.221894 -71.2069 32.7308
      vertex 0.379409 -70.8067 29.5558
      vertex 0.221894 -70.8378 29.5522
    endloop
  endfacet
  facet normal -0.896783 0.439518 0.0510353
    outer loop
      vertex 1.47224 -70.377 32.8272
      vertex 1.49956 -69.9529 29.6549
      vertex 1.47224 -70.0079 29.6485
    endloop
  endfacet
  facet normal -0.896782 0.439519 0.0510355
    outer loop
      vertex 1.49956 -69.9529 29.6549
      vertex 1.47224 -70.377 32.8272
      vertex 1.54327 -70.234 32.8438
    endloop
  endfacet
  facet normal -0.0651557 -0.991211 -0.115131
    outer loop
      vertex 0 -67.4749 29.9427
      vertex 0.221894 -67.8585 33.1197
      vertex 0 -67.8441 33.1213
    endloop
  endfacet
  facet normal -0.0656521 -0.991183 -0.115093
    outer loop
      vertex 0.221894 -67.8585 33.1197
      vertex 0 -67.4749 29.9427
      vertex 0.221894 -67.4894 29.941
    endloop
  endfacet
  facet normal -0.831401 0.551963 0.0641104
    outer loop
      vertex 1.43793 -70.4281 32.8213
      vertex 1.47224 -70.0079 29.6485
      vertex 1.38302 -70.1405 29.6331
    endloop
  endfacet
  facet normal -0.831923 0.551187 0.064002
    outer loop
      vertex 1.47224 -70.0079 29.6485
      vertex 1.43793 -70.4281 32.8213
      vertex 1.47224 -70.377 32.8272
    endloop
  endfacet
  facet normal -0.98077 -0.193862 -0.0225114
    outer loop
      vertex 1.68546 -69.3123 32.9508
      vertex 1.6734 -68.883 29.7792
      vertex 1.68546 -68.9432 29.7722
    endloop
  endfacet
  facet normal -0.980785 -0.193791 -0.0225016
    outer loop
      vertex 1.6734 -68.883 29.7792
      vertex 1.68546 -69.3123 32.9508
      vertex 1.65412 -69.1558 32.969
    endloop
  endfacet
  facet normal -0.997861 0.0649376 0.00753942
    outer loop
      vertex 1.69596 -69.5939 32.9181
      vertex 1.7 -69.1636 29.7466
      vertex 1.6895 -69.3228 29.7281
    endloop
  endfacet
  facet normal -0.997857 0.064996 0.00754736
    outer loop
      vertex 1.7 -69.1636 29.7466
      vertex 1.69596 -69.5939 32.9181
      vertex 1.7 -69.5327 32.9252
    endloop
  endfacet
  facet normal 0.442501 -0.890782 -0.103438
    outer loop
      vertex -0.7946 -68.0432 33.0982
      vertex -0.650561 -67.6035 29.9278
      vertex -0.650561 -67.9726 33.1064
    endloop
  endfacet
  facet normal 0.441871 -0.891087 -0.103509
    outer loop
      vertex -0.650561 -67.6035 29.9278
      vertex -0.7946 -68.0432 33.0982
      vertex -0.705961 -67.6306 29.9246
    endloop
  endfacet
  facet normal 0.195119 -0.974234 -0.113125
    outer loop
      vertex -0.439992 -67.9016 33.1147
      vertex -0.221894 -67.4894 29.941
      vertex -0.221894 -67.8585 33.1197
    endloop
  endfacet
  facet normal 0.195119 -0.974234 -0.113125
    outer loop
      vertex -0.221894 -67.4894 29.941
      vertex -0.439992 -67.9016 33.1147
      vertex -0.439992 -67.5325 29.936
    endloop
  endfacet
  facet normal 0.442286 0.890888 0.10345
    outer loop
      vertex -0.650561 -71.0928 32.7441
      vertex -0.849999 -70.626 29.5768
      vertex -0.849999 -70.9951 32.7554
    endloop
  endfacet
  facet normal 0.442328 0.890868 0.103445
    outer loop
      vertex -0.849999 -70.626 29.5768
      vertex -0.650561 -71.0928 32.7441
      vertex -0.650561 -70.7237 29.5654
    endloop
  endfacet
  facet normal 0.896782 0.439519 0.0510355
    outer loop
      vertex -1.47224 -70.377 32.8272
      vertex -1.49956 -69.9529 29.6549
      vertex -1.54327 -70.234 32.8438
    endloop
  endfacet
  facet normal 0.896783 0.439518 0.0510353
    outer loop
      vertex -1.49956 -69.9529 29.6549
      vertex -1.47224 -70.377 32.8272
      vertex -1.47224 -70.0079 29.6485
    endloop
  endfacet
  facet normal 0.98077 0.193862 0.0225114
    outer loop
      vertex -1.68546 -69.7531 32.8996
      vertex -1.6734 -69.4442 29.714
      vertex -1.68546 -69.384 29.721
    endloop
  endfacet
  facet normal 0.980782 0.193804 0.0225058
    outer loop
      vertex -1.6734 -69.4442 29.714
      vertex -1.68546 -69.7531 32.8996
      vertex -1.65412 -69.9096 32.8815
    endloop
  endfacet
  facet normal 0.751997 0.654766 0.0760394
    outer loop
      vertex -1.20208 -70.7268 32.7866
      vertex -1.24281 -70.3115 29.6133
      vertex -1.30797 -70.6068 32.8005
    endloop
  endfacet
  facet normal 0.751639 0.65517 0.0760968
    outer loop
      vertex -1.24281 -70.3115 29.6133
      vertex -1.20208 -70.7268 32.7866
      vertex -1.20208 -70.3576 29.6079
    endloop
  endfacet
  facet normal 0.659382 -0.746791 -0.0867175
    outer loop
      vertex -1.15564 -68.2982 33.0686
      vertex -1.03489 -67.8239 29.9022
      vertex -1.03489 -68.193 33.0808
    endloop
  endfacet
  facet normal 0.658848 -0.747251 -0.0868068
    outer loop
      vertex -1.03489 -67.8239 29.9022
      vertex -1.15564 -68.2982 33.0686
      vertex -1.08133 -67.8643 29.8975
    endloop
  endfacet
  facet normal 0.751639 -0.65517 -0.0760991
    outer loop
      vertex -1.24281 -68.3848 33.0585
      vertex -1.20208 -67.9695 29.8853
      vertex -1.20208 -68.3387 33.0639
    endloop
  endfacet
  facet normal 0.752028 -0.654731 -0.0760367
    outer loop
      vertex -1.20208 -67.9695 29.8853
      vertex -1.24281 -68.3848 33.0585
      vertex -1.30797 -68.0895 29.8713
    endloop
  endfacet
  facet normal -0.946899 -0.319384 -0.0370858
    outer loop
      vertex 1.64207 -68.7265 29.7973
      vertex 1.57059 -68.8865 33.0003
      vertex 1.57059 -68.5174 29.8216
    endloop
  endfacet
  facet normal -0.946946 -0.319248 -0.03708
    outer loop
      vertex 1.57059 -68.8865 33.0003
      vertex 1.64207 -68.7265 29.7973
      vertex 1.64207 -69.0957 32.976
    endloop
  endfacet
  facet normal -0.980794 -0.193745 -0.0224977
    outer loop
      vertex 1.65412 -69.1558 32.969
      vertex 1.64207 -68.7265 29.7973
      vertex 1.6734 -68.883 29.7792
    endloop
  endfacet
  facet normal -0.98074 -0.194013 -0.0225342
    outer loop
      vertex 1.64207 -68.7265 29.7973
      vertex 1.65412 -69.1558 32.969
      vertex 1.64207 -69.0957 32.976
    endloop
  endfacet
  facet normal -0.555447 0.826001 0.0959196
    outer loop
      vertex 0.901359 -70.5919 29.5807
      vertex 0.849999 -70.9951 32.7554
      vertex 0.983534 -70.9065 32.7657
    endloop
  endfacet
  facet normal -0.555622 0.825886 0.0959021
    outer loop
      vertex 0.849999 -70.9951 32.7554
      vertex 0.901359 -70.5919 29.5807
      vertex 0.849999 -70.626 29.5768
    endloop
  endfacet
  facet normal -0.321459 0.940603 0.10922
    outer loop
      vertex 0.650561 -70.7237 29.5654
      vertex 0.439992 -71.1638 32.7358
      vertex 0.650561 -71.0928 32.7441
    endloop
  endfacet
  facet normal -0.321413 0.940619 0.109225
    outer loop
      vertex 0.439992 -71.1638 32.7358
      vertex 0.650561 -70.7237 29.5654
      vertex 0.439992 -70.7947 29.5572
    endloop
  endfacet
  facet normal -0.555781 0.825781 0.0958869
    outer loop
      vertex 1.03489 -70.5033 29.591
      vertex 0.983534 -70.9065 32.7657
      vertex 1.03489 -70.8724 32.7697
    endloop
  endfacet
  facet normal -0.555459 0.825993 0.0959191
    outer loop
      vertex 0.983534 -70.9065 32.7657
      vertex 1.03489 -70.5033 29.591
      vertex 0.901359 -70.5919 29.5807
    endloop
  endfacet
  facet normal -0.658848 0.747251 0.0868041
    outer loop
      vertex 1.15564 -70.3981 29.6032
      vertex 1.03489 -70.8724 32.7697
      vertex 1.08133 -70.832 32.7744
    endloop
  endfacet
  facet normal -0.659382 0.746791 0.0867149
    outer loop
      vertex 1.03489 -70.8724 32.7697
      vertex 1.15564 -70.3981 29.6032
      vertex 1.03489 -70.5033 29.591
    endloop
  endfacet
  facet normal 0.831923 0.551187 0.064002
    outer loop
      vertex -1.43793 -70.4281 32.8213
      vertex -1.47224 -70.0079 29.6485
      vertex -1.47224 -70.377 32.8272
    endloop
  endfacet
  facet normal 0.831401 0.551963 0.0641104
    outer loop
      vertex -1.47224 -70.0079 29.6485
      vertex -1.43793 -70.4281 32.8213
      vertex -1.38302 -70.1405 29.6331
    endloop
  endfacet
  facet normal -0.997857 0.064996 0.00754736
    outer loop
      vertex 1.68546 -69.7531 32.8996
      vertex 1.6895 -69.3228 29.7281
      vertex 1.68546 -69.384 29.721
    endloop
  endfacet
  facet normal -0.997861 0.0649376 0.00753942
    outer loop
      vertex 1.6895 -69.3228 29.7281
      vertex 1.68546 -69.7531 32.8996
      vertex 1.69596 -69.5939 32.9181
    endloop
  endfacet
  facet normal 0.321585 -0.940558 -0.109238
    outer loop
      vertex -0.650561 -67.9726 33.1064
      vertex -0.59207 -67.5837 29.9301
      vertex -0.498483 -67.9213 33.1124
    endloop
  endfacet
  facet normal 0.322573 -0.940227 -0.109179
    outer loop
      vertex -0.59207 -67.5837 29.9301
      vertex -0.650561 -67.9726 33.1064
      vertex -0.650561 -67.6035 29.9278
    endloop
  endfacet
  facet normal 0.98074 -0.194013 -0.0225342
    outer loop
      vertex -1.65412 -69.1558 32.969
      vertex -1.64207 -68.7265 29.7973
      vertex -1.64207 -69.0957 32.976
    endloop
  endfacet
  facet normal 0.980794 -0.193745 -0.0224977
    outer loop
      vertex -1.64207 -68.7265 29.7973
      vertex -1.65412 -69.1558 32.969
      vertex -1.6734 -68.883 29.7792
    endloop
  endfacet
  facet normal 0.751728 -0.655072 -0.0760622
    outer loop
      vertex -1.3487 -68.5047 33.0446
      vertex -1.30797 -68.0895 29.8713
      vertex -1.24281 -68.3848 33.0585
    endloop
  endfacet
  facet normal 0.751558 -0.655264 -0.0760895
    outer loop
      vertex -1.30797 -68.0895 29.8713
      vertex -1.3487 -68.5047 33.0446
      vertex -1.3487 -68.1356 29.866
    endloop
  endfacet
  facet normal 0.555459 -0.825993 -0.0959191
    outer loop
      vertex -1.03489 -68.193 33.0808
      vertex -0.983534 -67.7898 29.9061
      vertex -0.901359 -68.1044 33.0911
    endloop
  endfacet
  facet normal 0.555652 -0.825866 -0.0958998
    outer loop
      vertex -0.983534 -67.7898 29.9061
      vertex -1.03489 -68.193 33.0808
      vertex -1.03489 -67.8239 29.9022
    endloop
  endfacet
  facet normal -0.321585 -0.940558 -0.109238
    outer loop
      vertex 0.59207 -67.5837 29.9301
      vertex 0.650561 -67.9726 33.1064
      vertex 0.498483 -67.9213 33.1124
    endloop
  endfacet
  facet normal -0.322573 -0.940227 -0.109179
    outer loop
      vertex 0.650561 -67.9726 33.1064
      vertex 0.59207 -67.5837 29.9301
      vertex 0.650561 -67.6035 29.9278
    endloop
  endfacet
  facet normal -0.89687 -0.439343 -0.051015
    outer loop
      vertex 1.57059 -68.5174 29.8216
      vertex 1.47224 -68.6884 33.0233
      vertex 1.47224 -68.3193 29.8446
    endloop
  endfacet
  facet normal -0.89687 -0.439343 -0.051015
    outer loop
      vertex 1.47224 -68.6884 33.0233
      vertex 1.57059 -68.5174 29.8216
      vertex 1.57059 -68.8865 33.0003
    endloop
  endfacet
  facet normal -0.751558 -0.655264 -0.0760895
    outer loop
      vertex 1.3487 -68.5047 33.0446
      vertex 1.30797 -68.0895 29.8713
      vertex 1.3487 -68.1356 29.866
    endloop
  endfacet
  facet normal -0.751728 -0.655072 -0.0760622
    outer loop
      vertex 1.30797 -68.0895 29.8713
      vertex 1.3487 -68.5047 33.0446
      vertex 1.24281 -68.3848 33.0585
    endloop
  endfacet
  facet normal 0.946945 0.31925 0.0370803
    outer loop
      vertex -1.64207 -69.9698 32.8745
      vertex -1.62222 -69.6587 29.6891
      vertex -1.64207 -69.6006 29.6958
    endloop
  endfacet
  facet normal 0.946901 0.319379 0.0370926
    outer loop
      vertex -1.62222 -69.6587 29.6891
      vertex -1.64207 -69.9698 32.8745
      vertex -1.59045 -70.1208 32.8569
    endloop
  endfacet
  facet normal 0.946938 0.319269 0.0370762
    outer loop
      vertex -1.59045 -70.1208 32.8569
      vertex -1.57059 -69.8098 29.6716
      vertex -1.62222 -69.6587 29.6891
    endloop
  endfacet
  facet normal 0.946896 0.319395 0.0370883
    outer loop
      vertex -1.57059 -69.8098 29.6716
      vertex -1.59045 -70.1208 32.8569
      vertex -1.57059 -70.1789 32.8502
    endloop
  endfacet
  facet normal 0.831372 0.552006 0.0641138
    outer loop
      vertex -1.3487 -70.5607 32.8059
      vertex -1.38302 -70.1405 29.6331
      vertex -1.43793 -70.4281 32.8213
    endloop
  endfacet
  facet normal 0.831849 0.551299 0.0640149
    outer loop
      vertex -1.38302 -70.1405 29.6331
      vertex -1.3487 -70.5607 32.8059
      vertex -1.3487 -70.1916 29.6272
    endloop
  endfacet
  facet normal -0.659382 0.746788 0.086738
    outer loop
      vertex 1.20208 -70.3576 29.6079
      vertex 1.08133 -70.832 32.7744
      vertex 1.20208 -70.7268 32.7866
    endloop
  endfacet
  facet normal -0.659757 0.746463 0.086675
    outer loop
      vertex 1.08133 -70.832 32.7744
      vertex 1.20208 -70.3576 29.6079
      vertex 1.15564 -70.3981 29.6032
    endloop
  endfacet
  facet normal -0.831849 0.551299 0.0640149
    outer loop
      vertex 1.3487 -70.5607 32.8059
      vertex 1.38302 -70.1405 29.6331
      vertex 1.3487 -70.1916 29.6272
    endloop
  endfacet
  facet normal -0.831372 0.552006 0.0641138
    outer loop
      vertex 1.38302 -70.1405 29.6331
      vertex 1.3487 -70.5607 32.8059
      vertex 1.43793 -70.4281 32.8213
    endloop
  endfacet
  facet normal 0.980785 -0.193791 -0.0225016
    outer loop
      vertex -1.68546 -69.3123 32.9508
      vertex -1.6734 -68.883 29.7792
      vertex -1.65412 -69.1558 32.969
    endloop
  endfacet
  facet normal 0.98077 -0.193862 -0.0225114
    outer loop
      vertex -1.6734 -68.883 29.7792
      vertex -1.68546 -69.3123 32.9508
      vertex -1.68546 -68.9432 29.7722
    endloop
  endfacet
  facet normal 0.89687 -0.439343 -0.051015
    outer loop
      vertex -1.47224 -68.6884 33.0233
      vertex -1.57059 -68.5174 29.8216
      vertex -1.47224 -68.3193 29.8446
    endloop
  endfacet
  facet normal 0.89687 -0.439343 -0.051015
    outer loop
      vertex -1.57059 -68.5174 29.8216
      vertex -1.47224 -68.6884 33.0233
      vertex -1.57059 -68.8865 33.0003
    endloop
  endfacet
  facet normal 0.99786 -0.0649537 -0.00754244
    outer loop
      vertex -1.68546 -69.3123 32.9508
      vertex -1.7 -69.1636 29.7466
      vertex -1.68546 -68.9432 29.7722
    endloop
  endfacet
  facet normal 0.99786 -0.0649537 -0.00754244
    outer loop
      vertex -1.7 -69.1636 29.7466
      vertex -1.68546 -69.3123 32.9508
      vertex -1.7 -69.5327 32.9252
    endloop
  endfacet
  facet normal 0.555447 0.826001 0.0959196
    outer loop
      vertex -0.849999 -70.9951 32.7554
      vertex -0.901359 -70.5919 29.5807
      vertex -0.983534 -70.9065 32.7657
    endloop
  endfacet
  facet normal 0.555622 0.825886 0.0959021
    outer loop
      vertex -0.901359 -70.5919 29.5807
      vertex -0.849999 -70.9951 32.7554
      vertex -0.849999 -70.626 29.5768
    endloop
  endfacet
  facet normal 0.555781 0.825781 0.0958869
    outer loop
      vertex -0.983534 -70.9065 32.7657
      vertex -1.03489 -70.5033 29.591
      vertex -1.03489 -70.8724 32.7697
    endloop
  endfacet
  facet normal 0.555459 0.825993 0.0959191
    outer loop
      vertex -1.03489 -70.5033 29.591
      vertex -0.983534 -70.9065 32.7657
      vertex -0.901359 -70.5919 29.5807
    endloop
  endfacet
  facet normal -0.659757 -0.746463 -0.0866777
    outer loop
      vertex 1.08133 -67.8643 29.8975
      vertex 1.20208 -68.3387 33.0639
      vertex 1.15564 -68.2982 33.0686
    endloop
  endfacet
  facet normal -0.659382 -0.746788 -0.0867407
    outer loop
      vertex 1.20208 -68.3387 33.0639
      vertex 1.08133 -67.8643 29.8975
      vertex 1.20208 -67.9695 29.8853
    endloop
  endfacet
  facet normal 0.0652592 0.991208 0.115099
    outer loop
      vertex -0.160257 -71.2109 32.7303
      vertex -0.221894 -70.8378 29.5522
      vertex -0.221894 -71.2069 32.7308
    endloop
  endfacet
  facet normal 0.0651875 0.991213 0.115101
    outer loop
      vertex -0.221894 -70.8378 29.5522
      vertex -0.160257 -71.2109 32.7303
      vertex -0.0616373 -70.8482 29.551
    endloop
  endfacet
  facet normal -0.83141 -0.55195 -0.0640926
    outer loop
      vertex 1.38302 -68.1866 29.86
      vertex 1.3487 -68.5047 33.0446
      vertex 1.3487 -68.1356 29.866
    endloop
  endfacet
  facet normal -0.831563 -0.551723 -0.0640716
    outer loop
      vertex 1.3487 -68.5047 33.0446
      vertex 1.38302 -68.1866 29.86
      vertex 1.43793 -68.6374 33.0292
    endloop
  endfacet
  facet normal 0.997861 0.0649376 0.00753942
    outer loop
      vertex -1.68546 -69.7531 32.8996
      vertex -1.6895 -69.3228 29.7281
      vertex -1.69596 -69.5939 32.9181
    endloop
  endfacet
  facet normal 0.997857 0.064996 0.00754736
    outer loop
      vertex -1.6895 -69.3228 29.7281
      vertex -1.68546 -69.7531 32.8996
      vertex -1.68546 -69.384 29.721
    endloop
  endfacet
  facet normal 0.997857 0.064996 0.00754736
    outer loop
      vertex -1.69596 -69.5939 32.9181
      vertex -1.7 -69.1636 29.7466
      vertex -1.7 -69.5327 32.9252
    endloop
  endfacet
  facet normal 0.997861 0.0649376 0.00753942
    outer loop
      vertex -1.7 -69.1636 29.7466
      vertex -1.69596 -69.5939 32.9181
      vertex -1.6895 -69.3228 29.7281
    endloop
  endfacet
  facet normal -0.896917 0.439246 0.0510133
    outer loop
      vertex 1.54327 -70.234 32.8438
      vertex 1.57059 -69.8098 29.6716
      vertex 1.49956 -69.9529 29.6549
    endloop
  endfacet
  facet normal -0.897097 0.438884 0.0509634
    outer loop
      vertex 1.57059 -69.8098 29.6716
      vertex 1.54327 -70.234 32.8438
      vertex 1.57059 -70.1789 32.8502
    endloop
  endfacet
  facet normal -0.946938 0.319269 0.0370762
    outer loop
      vertex 1.57059 -69.8098 29.6716
      vertex 1.59045 -70.1208 32.8569
      vertex 1.62222 -69.6587 29.6891
    endloop
  endfacet
  facet normal -0.946896 0.319395 0.0370883
    outer loop
      vertex 1.59045 -70.1208 32.8569
      vertex 1.57059 -69.8098 29.6716
      vertex 1.57059 -70.1789 32.8502
    endloop
  endfacet
  facet normal 0.555751 -0.825801 -0.0958892
    outer loop
      vertex -0.901359 -68.1044 33.0911
      vertex -0.849999 -67.7012 29.9164
      vertex -0.849999 -68.0703 33.0951
    endloop
  endfacet
  facet normal 0.555447 -0.826001 -0.0959196
    outer loop
      vertex -0.849999 -67.7012 29.9164
      vertex -0.901359 -68.1044 33.0911
      vertex -0.983534 -67.7898 29.9061
    endloop
  endfacet
  facet normal 0.441727 -0.891157 -0.103522
    outer loop
      vertex -0.849999 -68.0703 33.0951
      vertex -0.705961 -67.6306 29.9246
      vertex -0.7946 -68.0432 33.0982
    endloop
  endfacet
  facet normal 0.442504 -0.890782 -0.103435
    outer loop
      vertex -0.705961 -67.6306 29.9246
      vertex -0.849999 -68.0703 33.0951
      vertex -0.849999 -67.7012 29.9164
    endloop
  endfacet
  facet normal 0.658848 0.747251 0.0868041
    outer loop
      vertex -1.03489 -70.8724 32.7697
      vertex -1.15564 -70.3981 29.6032
      vertex -1.08133 -70.832 32.7744
    endloop
  endfacet
  facet normal 0.659382 0.746791 0.0867149
    outer loop
      vertex -1.15564 -70.3981 29.6032
      vertex -1.03489 -70.8724 32.7697
      vertex -1.03489 -70.5033 29.591
    endloop
  endfacet
  facet normal 0.659382 0.746788 0.086738
    outer loop
      vertex -1.08133 -70.832 32.7744
      vertex -1.20208 -70.3576 29.6079
      vertex -1.20208 -70.7268 32.7866
    endloop
  endfacet
  facet normal 0.659757 0.746463 0.086675
    outer loop
      vertex -1.20208 -70.3576 29.6079
      vertex -1.08133 -70.832 32.7744
      vertex -1.15564 -70.3981 29.6032
    endloop
  endfacet
  facet normal 0.321459 0.940603 0.10922
    outer loop
      vertex -0.439992 -71.1638 32.7358
      vertex -0.650561 -70.7237 29.5654
      vertex -0.650561 -71.0928 32.7441
    endloop
  endfacet
  facet normal 0.321413 0.940619 0.109225
    outer loop
      vertex -0.650561 -70.7237 29.5654
      vertex -0.439992 -71.1638 32.7358
      vertex -0.439992 -70.7947 29.5572
    endloop
  endfacet
  facet normal -0.98077 0.193862 0.0225114
    outer loop
      vertex 1.6734 -69.4442 29.714
      vertex 1.68546 -69.7531 32.8996
      vertex 1.68546 -69.384 29.721
    endloop
  endfacet
  facet normal -0.980782 0.193804 0.0225058
    outer loop
      vertex 1.68546 -69.7531 32.8996
      vertex 1.6734 -69.4442 29.714
      vertex 1.65412 -69.9096 32.8815
    endloop
  endfacet
  facet normal -0.980709 0.194169 0.0225462
    outer loop
      vertex 1.6734 69.6213 45.8635
      vertex 1.68546 69.3123 49.0492
      vertex 1.68546 69.6814 45.8705
    endloop
  endfacet
  facet normal -0.980785 0.19379 0.0225098
    outer loop
      vertex 1.68546 69.3123 49.0492
      vertex 1.6734 69.6213 45.8635
      vertex 1.65412 69.1558 49.031
    endloop
  endfacet
  facet normal -0.997862 -0.0649245 -0.00754086
    outer loop
      vertex 1.7 69.9018 45.8961
      vertex 1.68546 69.7531 49.1004
      vertex 1.68546 70.1223 45.9217
    endloop
  endfacet
  facet normal -0.99786 -0.0649537 -0.00754221
    outer loop
      vertex 1.68546 69.7531 49.1004
      vertex 1.7 69.9018 45.8961
      vertex 1.7 69.5327 49.0748
    endloop
  endfacet
  facet normal -0.194946 -0.974266 -0.113141
    outer loop
      vertex 0.379409 71.5449 46.0869
      vertex 0.439992 71.1638 49.2642
      vertex 0.282477 71.1949 49.2678
    endloop
  endfacet
  facet normal -0.194021 -0.974447 -0.11318
    outer loop
      vertex 0.439992 71.1638 49.2642
      vertex 0.379409 71.5449 46.0869
      vertex 0.439992 71.533 46.0855
    endloop
  endfacet
  facet normal -0.55554 -0.825937 -0.095934
    outer loop
      vertex 0.849999 71.3643 46.066
      vertex 1.03489 70.8724 49.2303
      vertex 0.849999 70.9951 49.2446
    endloop
  endfacet
  facet normal -0.555849 -0.825735 -0.0958846
    outer loop
      vertex 1.03489 70.8724 49.2303
      vertex 0.849999 71.3643 46.066
      vertex 1.03489 71.2415 46.0517
    endloop
  endfacet
  facet normal 0.195568 -0.974145 -0.113114
    outer loop
      vertex -0.282477 71.1949 49.2678
      vertex -0.221894 71.576 46.0905
      vertex -0.221894 71.2069 49.2692
    endloop
  endfacet
  facet normal 0.194946 -0.974266 -0.113141
    outer loop
      vertex -0.221894 71.576 46.0905
      vertex -0.282477 71.1949 49.2678
      vertex -0.379409 71.5449 46.0869
    endloop
  endfacet
  facet normal 0.659234 -0.746919 -0.0867325
    outer loop
      vertex -1.20208 70.7268 49.2134
      vertex -1.03489 71.2415 46.0517
      vertex -1.03489 70.8724 49.2303
    endloop
  endfacet
  facet normal 0.659234 -0.746919 -0.0867325
    outer loop
      vertex -1.03489 71.2415 46.0517
      vertex -1.20208 70.7268 49.2134
      vertex -1.20208 71.0959 46.0348
    endloop
  endfacet
  facet normal -0.980794 0.193744 0.022503
    outer loop
      vertex 1.64207 69.4648 45.8454
      vertex 1.65412 69.1558 49.031
      vertex 1.6734 69.6213 45.8635
    endloop
  endfacet
  facet normal -0.98074 0.194014 0.0225289
    outer loop
      vertex 1.65412 69.1558 49.031
      vertex 1.64207 69.4648 45.8454
      vertex 1.64207 69.0957 49.024
    endloop
  endfacet
  facet normal -0.831401 -0.551965 -0.0640934
    outer loop
      vertex 1.47224 70.7462 45.9942
      vertex 1.43793 70.4281 49.1787
      vertex 1.38302 70.8788 46.0096
    endloop
  endfacet
  facet normal -0.831923 -0.551185 -0.0640211
    outer loop
      vertex 1.43793 70.4281 49.1787
      vertex 1.47224 70.7462 45.9942
      vertex 1.47224 70.377 49.1728
    endloop
  endfacet
  facet normal -0.896783 0.439518 0.0510369
    outer loop
      vertex 1.47224 68.6884 48.9767
      vertex 1.49956 69.1125 45.8045
      vertex 1.47224 69.0575 45.7981
    endloop
  endfacet
  facet normal -0.896903 0.439276 0.0510036
    outer loop
      vertex 1.49956 69.1125 45.8045
      vertex 1.47224 68.6884 48.9767
      vertex 1.54327 68.8315 48.9933
    endloop
  endfacet
  facet normal 0.555447 0.826001 0.0959225
    outer loop
      vertex -0.849999 68.0703 48.9049
      vertex -0.901359 68.4735 45.7303
      vertex -0.983534 68.1589 48.9152
    endloop
  endfacet
  facet normal 0.555751 0.8258 0.0958922
    outer loop
      vertex -0.901359 68.4735 45.7303
      vertex -0.849999 68.0703 48.9049
      vertex -0.849999 68.4394 45.7263
    endloop
  endfacet
  facet normal -0.946945 -0.319251 -0.0370715
    outer loop
      vertex 1.64207 69.9698 49.1255
      vertex 1.62222 70.397 45.9536
      vertex 1.64207 70.3389 45.9469
    endloop
  endfacet
  facet normal -0.946901 -0.319379 -0.0370891
    outer loop
      vertex 1.62222 70.397 45.9536
      vertex 1.64207 69.9698 49.1255
      vertex 1.59045 70.1208 49.1431
    endloop
  endfacet
  facet normal 0.997862 -0.0649245 -0.00754086
    outer loop
      vertex -1.68546 69.7531 49.1004
      vertex -1.7 69.9018 45.8961
      vertex -1.68546 70.1223 45.9217
    endloop
  endfacet
  facet normal 0.99786 -0.0649537 -0.00754221
    outer loop
      vertex -1.7 69.9018 45.8961
      vertex -1.68546 69.7531 49.1004
      vertex -1.7 69.5327 49.0748
    endloop
  endfacet
  facet normal 0.0650733 0.99122 0.115101
    outer loop
      vertex -0.160257 67.8545 48.8799
      vertex -0.221894 68.2276 45.7017
      vertex -0.221894 67.8585 48.8803
    endloop
  endfacet
  facet normal 0.0651875 0.991213 0.115098
    outer loop
      vertex -0.221894 68.2276 45.7017
      vertex -0.160257 67.8545 48.8799
      vertex -0.0616373 68.2172 45.7005
    endloop
  endfacet
  facet normal 0.442286 0.890888 0.10345
    outer loop
      vertex -0.650561 67.9726 48.8936
      vertex -0.849999 68.4394 45.7263
      vertex -0.849999 68.0703 48.9049
    endloop
  endfacet
  facet normal 0.442286 0.890888 0.10345
    outer loop
      vertex -0.849999 68.4394 45.7263
      vertex -0.650561 67.9726 48.8936
      vertex -0.650561 68.3417 45.715
    endloop
  endfacet
  facet normal -0.0656521 -0.991183 -0.115093
    outer loop
      vertex 0 71.5905 46.0922
      vertex 0.221894 71.2069 49.2692
      vertex 0 71.2214 49.2709
    endloop
  endfacet
  facet normal -0.0656521 -0.991183 -0.115093
    outer loop
      vertex 0.221894 71.2069 49.2692
      vertex 0 71.5905 46.0922
      vertex 0.221894 71.576 46.0905
    endloop
  endfacet
  facet normal -0.194946 0.974267 0.113132
    outer loop
      vertex 0.439992 68.2707 45.7067
      vertex 0.282477 67.8705 48.8817
      vertex 0.439992 67.9016 48.8853
    endloop
  endfacet
  facet normal -0.194021 0.974444 0.1132
    outer loop
      vertex 0.282477 67.8705 48.8817
      vertex 0.439992 68.2707 45.7067
      vertex 0.379409 68.2588 45.7053
    endloop
  endfacet
  facet normal -0.442286 0.890888 0.10345
    outer loop
      vertex 0.849999 68.4394 45.7263
      vertex 0.650561 67.9726 48.8936
      vertex 0.849999 68.0703 48.9049
    endloop
  endfacet
  facet normal -0.442286 0.890888 0.10345
    outer loop
      vertex 0.650561 67.9726 48.8936
      vertex 0.849999 68.4394 45.7263
      vertex 0.650561 68.3417 45.715
    endloop
  endfacet
  facet normal 0.997861 0.0649374 0.0075412
    outer loop
      vertex -1.68546 69.3123 49.0492
      vertex -1.6895 69.7427 45.8776
      vertex -1.69596 69.4715 49.0677
    endloop
  endfacet
  facet normal 0.997864 0.0648919 0.00753503
    outer loop
      vertex -1.6895 69.7427 45.8776
      vertex -1.68546 69.3123 49.0492
      vertex -1.68546 69.6814 45.8705
    endloop
  endfacet
  facet normal 0.321459 0.940603 0.109223
    outer loop
      vertex -0.439992 67.9016 48.8853
      vertex -0.650561 68.3417 45.715
      vertex -0.650561 67.9726 48.8936
    endloop
  endfacet
  facet normal 0.321459 0.940603 0.109223
    outer loop
      vertex -0.650561 68.3417 45.715
      vertex -0.439992 67.9016 48.8853
      vertex -0.439992 68.2707 45.7067
    endloop
  endfacet
  facet normal 0.321131 -0.940711 -0.109262
    outer loop
      vertex -0.498483 71.1441 49.2619
      vertex -0.439992 71.533 46.0855
      vertex -0.439992 71.1638 49.2642
    endloop
  endfacet
  facet normal 0.321521 -0.94058 -0.109239
    outer loop
      vertex -0.439992 71.533 46.0855
      vertex -0.498483 71.1441 49.2619
      vertex -0.59207 71.4817 46.0796
    endloop
  endfacet
  facet normal 0.946896 -0.319394 -0.0370982
    outer loop
      vertex -1.59045 70.1208 49.1431
      vertex -1.57059 70.5481 45.9712
      vertex -1.57059 70.1789 49.1498
    endloop
  endfacet
  facet normal 0.946946 -0.319247 -0.0370781
    outer loop
      vertex -1.57059 70.5481 45.9712
      vertex -1.59045 70.1208 49.1431
      vertex -1.62222 70.397 45.9536
    endloop
  endfacet
  facet normal -0.997858 0.0649776 0.00754462
    outer loop
      vertex 1.69596 69.4715 49.0677
      vertex 1.7 69.9018 45.8961
      vertex 1.6895 69.7427 45.8776
    endloop
  endfacet
  facet normal -0.997857 0.064996 0.00754712
    outer loop
      vertex 1.7 69.9018 45.8961
      vertex 1.69596 69.4715 49.0677
      vertex 1.7 69.5327 49.0748
    endloop
  endfacet
  facet normal -0.89687 -0.439341 -0.0510302
    outer loop
      vertex 1.57059 70.5481 45.9712
      vertex 1.47224 70.377 49.1728
      vertex 1.47224 70.7462 45.9942
    endloop
  endfacet
  facet normal -0.89687 -0.439341 -0.0510302
    outer loop
      vertex 1.47224 70.377 49.1728
      vertex 1.57059 70.5481 45.9712
      vertex 1.57059 70.1789 49.1498
    endloop
  endfacet
  facet normal -0.997864 0.0648919 0.00753503
    outer loop
      vertex 1.68546 69.3123 49.0492
      vertex 1.6895 69.7427 45.8776
      vertex 1.68546 69.6814 45.8705
    endloop
  endfacet
  facet normal -0.997861 0.0649374 0.0075412
    outer loop
      vertex 1.6895 69.7427 45.8776
      vertex 1.68546 69.3123 49.0492
      vertex 1.69596 69.4715 49.0677
    endloop
  endfacet
  facet normal -0.659757 0.746466 0.0866546
    outer loop
      vertex 1.15564 68.6673 45.7528
      vertex 1.03489 68.193 48.9192
      vertex 1.08133 68.2335 48.9239
    endloop
  endfacet
  facet normal -0.659382 0.746791 0.0867175
    outer loop
      vertex 1.03489 68.193 48.9192
      vertex 1.15564 68.6673 45.7528
      vertex 1.03489 68.5621 45.7406
    endloop
  endfacet
  facet normal -0.831428 0.551925 0.0640896
    outer loop
      vertex 1.43793 69.0065 45.7922
      vertex 1.47224 68.6884 48.9767
      vertex 1.47224 69.0575 45.7981
    endloop
  endfacet
  facet normal -0.831591 0.55168 0.064067
    outer loop
      vertex 1.47224 68.6884 48.9767
      vertex 1.43793 69.0065 45.7922
      vertex 1.38302 68.5557 48.9613
    endloop
  endfacet
  facet normal 0.0656521 -0.991183 -0.115093
    outer loop
      vertex -0.221894 71.2069 49.2692
      vertex 0 71.5905 46.0922
      vertex 0 71.2214 49.2709
    endloop
  endfacet
  facet normal 0.0656521 -0.991183 -0.115093
    outer loop
      vertex 0 71.5905 46.0922
      vertex -0.221894 71.2069 49.2692
      vertex -0.221894 71.576 46.0905
    endloop
  endfacet
  facet normal -0.195568 -0.974145 -0.113114
    outer loop
      vertex 0.221894 71.576 46.0905
      vertex 0.282477 71.1949 49.2678
      vertex 0.221894 71.2069 49.2692
    endloop
  endfacet
  facet normal -0.194946 -0.974266 -0.113141
    outer loop
      vertex 0.282477 71.1949 49.2678
      vertex 0.221894 71.576 46.0905
      vertex 0.379409 71.5449 46.0869
    endloop
  endfacet
  facet normal -0.0651874 0.991213 0.115098
    outer loop
      vertex 0.0616373 68.2172 45.7005
      vertex 0 67.8441 48.8787
      vertex 0.160257 67.8545 48.8799
    endloop
  endfacet
  facet normal -0.0652589 0.991208 0.115096
    outer loop
      vertex 0 67.8441 48.8787
      vertex 0.0616373 68.2172 45.7005
      vertex 0 68.2132 45.7
    endloop
  endfacet
  facet normal 0.194946 0.974267 0.113132
    outer loop
      vertex -0.282477 67.8705 48.8817
      vertex -0.439992 68.2707 45.7067
      vertex -0.439992 67.9016 48.8853
    endloop
  endfacet
  facet normal 0.194021 0.974444 0.1132
    outer loop
      vertex -0.439992 68.2707 45.7067
      vertex -0.282477 67.8705 48.8817
      vertex -0.379409 68.2588 45.7053
    endloop
  endfacet
  facet normal -0.555447 0.826001 0.0959225
    outer loop
      vertex 0.901359 68.4735 45.7303
      vertex 0.849999 68.0703 48.9049
      vertex 0.983534 68.1589 48.9152
    endloop
  endfacet
  facet normal -0.555751 0.8258 0.0958922
    outer loop
      vertex 0.849999 68.0703 48.9049
      vertex 0.901359 68.4735 45.7303
      vertex 0.849999 68.4394 45.7263
    endloop
  endfacet
  facet normal 0.896783 0.439518 0.0510369
    outer loop
      vertex -1.54327 68.8315 48.9933
      vertex -1.57059 69.2556 45.8211
      vertex -1.57059 68.8865 48.9997
    endloop
  endfacet
  facet normal 0.896903 0.439276 0.0510036
    outer loop
      vertex -1.57059 69.2556 45.8211
      vertex -1.54327 68.8315 48.9933
      vertex -1.49956 69.1125 45.8045
    endloop
  endfacet
  facet normal 0.980709 0.194169 0.0225462
    outer loop
      vertex -1.68546 69.3123 49.0492
      vertex -1.6734 69.6213 45.8635
      vertex -1.68546 69.6814 45.8705
    endloop
  endfacet
  facet normal 0.980785 0.19379 0.0225098
    outer loop
      vertex -1.6734 69.6213 45.8635
      vertex -1.68546 69.3123 49.0492
      vertex -1.65412 69.1558 49.031
    endloop
  endfacet
  facet normal 0.751639 0.65517 0.0760968
    outer loop
      vertex -1.30797 68.4586 48.95
      vertex -1.3487 68.8739 45.7767
      vertex -1.3487 68.5047 48.9554
    endloop
  endfacet
  facet normal 0.751997 0.654766 0.0760394
    outer loop
      vertex -1.3487 68.8739 45.7767
      vertex -1.30797 68.4586 48.95
      vertex -1.24281 68.7539 45.7628
    endloop
  endfacet
  facet normal 0.831428 0.551925 0.0640896
    outer loop
      vertex -1.47224 68.6884 48.9767
      vertex -1.43793 69.0065 45.7922
      vertex -1.47224 69.0575 45.7981
    endloop
  endfacet
  facet normal 0.831591 0.55168 0.064067
    outer loop
      vertex -1.43793 69.0065 45.7922
      vertex -1.47224 68.6884 48.9767
      vertex -1.38302 68.5557 48.9613
    endloop
  endfacet
  facet normal 0.89687 -0.439341 -0.0510302
    outer loop
      vertex -1.47224 70.377 49.1728
      vertex -1.57059 70.5481 45.9712
      vertex -1.47224 70.7462 45.9942
    endloop
  endfacet
  facet normal 0.89687 -0.439341 -0.0510302
    outer loop
      vertex -1.57059 70.5481 45.9712
      vertex -1.47224 70.377 49.1728
      vertex -1.57059 70.1789 49.1498
    endloop
  endfacet
  facet normal 0.55554 -0.825937 -0.095934
    outer loop
      vertex -1.03489 70.8724 49.2303
      vertex -0.849999 71.3643 46.066
      vertex -0.849999 70.9951 49.2446
    endloop
  endfacet
  facet normal 0.555849 -0.825735 -0.0958846
    outer loop
      vertex -0.849999 71.3643 46.066
      vertex -1.03489 70.8724 49.2303
      vertex -1.03489 71.2415 46.0517
    endloop
  endfacet
  facet normal 0.980794 0.193744 0.022503
    outer loop
      vertex -1.65412 69.1558 49.031
      vertex -1.64207 69.4648 45.8454
      vertex -1.6734 69.6213 45.8635
    endloop
  endfacet
  facet normal 0.98074 0.194014 0.0225289
    outer loop
      vertex -1.64207 69.4648 45.8454
      vertex -1.65412 69.1558 49.031
      vertex -1.64207 69.0957 49.024
    endloop
  endfacet
  facet normal 0.831401 -0.551965 -0.0640934
    outer loop
      vertex -1.43793 70.4281 49.1787
      vertex -1.47224 70.7462 45.9942
      vertex -1.38302 70.8788 46.0096
    endloop
  endfacet
  facet normal 0.831923 -0.551185 -0.0640211
    outer loop
      vertex -1.47224 70.7462 45.9942
      vertex -1.43793 70.4281 49.1787
      vertex -1.47224 70.377 49.1728
    endloop
  endfacet
  facet normal 0.751759 -0.655035 -0.0760799
    outer loop
      vertex -1.3487 70.5607 49.1941
      vertex -1.30797 70.976 46.0209
      vertex -1.24281 70.6806 49.2081
    endloop
  endfacet
  facet normal 0.752338 -0.654381 -0.0759869
    outer loop
      vertex -1.30797 70.976 46.0209
      vertex -1.3487 70.5607 49.1941
      vertex -1.3487 70.9298 46.0155
    endloop
  endfacet
  facet normal 0.980761 -0.193908 -0.0225218
    outer loop
      vertex -1.6734 69.8133 49.1073
      vertex -1.68546 70.1223 45.9217
      vertex -1.65412 70.2787 45.9399
    endloop
  endfacet
  facet normal 0.980763 -0.193897 -0.0225208
    outer loop
      vertex -1.68546 70.1223 45.9217
      vertex -1.6734 69.8133 49.1073
      vertex -1.68546 69.7531 49.1004
    endloop
  endfacet
  facet normal 0.997857 0.064996 0.00754712
    outer loop
      vertex -1.69596 69.4715 49.0677
      vertex -1.7 69.9018 45.8961
      vertex -1.7 69.5327 49.0748
    endloop
  endfacet
  facet normal 0.997858 0.0649776 0.00754462
    outer loop
      vertex -1.7 69.9018 45.8961
      vertex -1.69596 69.4715 49.0677
      vertex -1.6895 69.7427 45.8776
    endloop
  endfacet
  facet normal 0.659757 0.746466 0.0866546
    outer loop
      vertex -1.03489 68.193 48.9192
      vertex -1.15564 68.6673 45.7528
      vertex -1.08133 68.2335 48.9239
    endloop
  endfacet
  facet normal 0.659382 0.746791 0.0867175
    outer loop
      vertex -1.15564 68.6673 45.7528
      vertex -1.03489 68.193 48.9192
      vertex -1.03489 68.5621 45.7406
    endloop
  endfacet
  facet normal 0.194946 -0.974266 -0.113141
    outer loop
      vertex -0.439992 71.1638 49.2642
      vertex -0.379409 71.5449 46.0869
      vertex -0.282477 71.1949 49.2678
    endloop
  endfacet
  facet normal 0.194021 -0.974447 -0.11318
    outer loop
      vertex -0.379409 71.5449 46.0869
      vertex -0.439992 71.1638 49.2642
      vertex -0.439992 71.533 46.0855
    endloop
  endfacet
  facet normal 0.443021 -0.890531 -0.10338
    outer loop
      vertex -0.849999 70.9951 49.2446
      vertex -0.705961 71.4348 46.0742
      vertex -0.7946 71.0223 49.2477
    endloop
  endfacet
  facet normal 0.442006 -0.891022 -0.103494
    outer loop
      vertex -0.705961 71.4348 46.0742
      vertex -0.849999 70.9951 49.2446
      vertex -0.849999 71.3643 46.066
    endloop
  endfacet
  facet normal -0.751728 -0.65507 -0.0760825
    outer loop
      vertex 1.24281 70.6806 49.2081
      vertex 1.20208 71.0959 46.0348
      vertex 1.30797 70.976 46.0209
    endloop
  endfacet
  facet normal -0.752257 -0.654472 -0.0759975
    outer loop
      vertex 1.20208 71.0959 46.0348
      vertex 1.24281 70.6806 49.2081
      vertex 1.20208 70.7268 49.2134
    endloop
  endfacet
  facet normal -0.946946 0.319249 0.0370713
    outer loop
      vertex 1.57059 69.2556 45.8211
      vertex 1.64207 69.0957 49.024
      vertex 1.64207 69.4648 45.8454
    endloop
  endfacet
  facet normal -0.946946 0.319249 0.0370713
    outer loop
      vertex 1.64207 69.0957 49.024
      vertex 1.57059 69.2556 45.8211
      vertex 1.57059 68.8865 48.9997
    endloop
  endfacet
  facet normal -0.751558 0.655264 0.0760895
    outer loop
      vertex 1.20208 68.3387 48.9361
      vertex 1.24281 68.7539 45.7628
      vertex 1.20208 68.7078 45.7575
    endloop
  endfacet
  facet normal -0.751728 0.655072 0.0760622
    outer loop
      vertex 1.24281 68.7539 45.7628
      vertex 1.20208 68.3387 48.9361
      vertex 1.30797 68.4586 48.95
    endloop
  endfacet
  facet normal -0.443021 -0.890531 -0.10338
    outer loop
      vertex 0.705961 71.4348 46.0742
      vertex 0.849999 70.9951 49.2446
      vertex 0.7946 71.0223 49.2477
    endloop
  endfacet
  facet normal -0.442006 -0.891022 -0.103494
    outer loop
      vertex 0.849999 70.9951 49.2446
      vertex 0.705961 71.4348 46.0742
      vertex 0.849999 71.3643 46.066
    endloop
  endfacet
  facet normal -0.0650733 0.99122 0.115101
    outer loop
      vertex 0.221894 68.2276 45.7017
      vertex 0.160257 67.8545 48.8799
      vertex 0.221894 67.8585 48.8803
    endloop
  endfacet
  facet normal -0.0651875 0.991213 0.115098
    outer loop
      vertex 0.160257 67.8545 48.8799
      vertex 0.221894 68.2276 45.7017
      vertex 0.0616373 68.2172 45.7005
    endloop
  endfacet
  facet normal -0.555781 0.82578 0.0958899
    outer loop
      vertex 1.03489 68.5621 45.7406
      vertex 0.983534 68.1589 48.9152
      vertex 1.03489 68.193 48.9192
    endloop
  endfacet
  facet normal -0.555459 0.825993 0.0959221
    outer loop
      vertex 0.983534 68.1589 48.9152
      vertex 1.03489 68.5621 45.7406
      vertex 0.901359 68.4735 45.7303
    endloop
  endfacet
  facet normal -0.195568 0.974145 0.113117
    outer loop
      vertex 0.379409 68.2588 45.7053
      vertex 0.221894 67.8585 48.8803
      vertex 0.282477 67.8705 48.8817
    endloop
  endfacet
  facet normal -0.195541 0.97415 0.113119
    outer loop
      vertex 0.221894 67.8585 48.8803
      vertex 0.379409 68.2588 45.7053
      vertex 0.221894 68.2276 45.7017
    endloop
  endfacet
  facet normal 0.831394 0.551972 0.064112
    outer loop
      vertex -1.38302 68.5557 48.9613
      vertex -1.3487 68.8739 45.7767
      vertex -1.43793 69.0065 45.7922
    endloop
  endfacet
  facet normal 0.831353 0.552034 0.0641177
    outer loop
      vertex -1.3487 68.8739 45.7767
      vertex -1.38302 68.5557 48.9613
      vertex -1.3487 68.5047 48.9554
    endloop
  endfacet
  facet normal 0.751728 0.655072 0.0760622
    outer loop
      vertex -1.20208 68.3387 48.9361
      vertex -1.24281 68.7539 45.7628
      vertex -1.30797 68.4586 48.95
    endloop
  endfacet
  facet normal 0.751558 0.655264 0.0760895
    outer loop
      vertex -1.24281 68.7539 45.7628
      vertex -1.20208 68.3387 48.9361
      vertex -1.20208 68.7078 45.7575
    endloop
  endfacet
  facet normal 0.659382 0.746791 0.0867175
    outer loop
      vertex -1.08133 68.2335 48.9239
      vertex -1.20208 68.7078 45.7575
      vertex -1.20208 68.3387 48.9361
    endloop
  endfacet
  facet normal 0.659757 0.746466 0.0866546
    outer loop
      vertex -1.20208 68.7078 45.7575
      vertex -1.08133 68.2335 48.9239
      vertex -1.15564 68.6673 45.7528
    endloop
  endfacet
  facet normal 0.0651874 0.991213 0.115098
    outer loop
      vertex 0 67.8441 48.8787
      vertex -0.0616373 68.2172 45.7005
      vertex -0.160257 67.8545 48.8799
    endloop
  endfacet
  facet normal 0.0652589 0.991208 0.115096
    outer loop
      vertex -0.0616373 68.2172 45.7005
      vertex 0 67.8441 48.8787
      vertex 0 68.2132 45.7
    endloop
  endfacet
  facet normal 0.752257 -0.654472 -0.0759975
    outer loop
      vertex -1.24281 70.6806 49.2081
      vertex -1.20208 71.0959 46.0348
      vertex -1.20208 70.7268 49.2134
    endloop
  endfacet
  facet normal 0.751728 -0.65507 -0.0760825
    outer loop
      vertex -1.20208 71.0959 46.0348
      vertex -1.24281 70.6806 49.2081
      vertex -1.30797 70.976 46.0209
    endloop
  endfacet
  facet normal 0.946946 0.319249 0.0370713
    outer loop
      vertex -1.64207 69.0957 49.024
      vertex -1.57059 69.2556 45.8211
      vertex -1.64207 69.4648 45.8454
    endloop
  endfacet
  facet normal 0.946946 0.319249 0.0370713
    outer loop
      vertex -1.57059 69.2556 45.8211
      vertex -1.64207 69.0957 49.024
      vertex -1.57059 68.8865 48.9997
    endloop
  endfacet
  facet normal 0.195568 0.974145 0.113117
    outer loop
      vertex -0.221894 67.8585 48.8803
      vertex -0.379409 68.2588 45.7053
      vertex -0.282477 67.8705 48.8817
    endloop
  endfacet
  facet normal 0.195541 0.97415 0.113119
    outer loop
      vertex -0.379409 68.2588 45.7053
      vertex -0.221894 67.8585 48.8803
      vertex -0.221894 68.2276 45.7017
    endloop
  endfacet
  facet normal 0.555781 0.82578 0.0958899
    outer loop
      vertex -0.983534 68.1589 48.9152
      vertex -1.03489 68.5621 45.7406
      vertex -1.03489 68.193 48.9192
    endloop
  endfacet
  facet normal 0.555459 0.825993 0.0959221
    outer loop
      vertex -1.03489 68.5621 45.7406
      vertex -0.983534 68.1589 48.9152
      vertex -0.901359 68.4735 45.7303
    endloop
  endfacet
  facet normal 0.321585 -0.940558 -0.109238
    outer loop
      vertex -0.650561 71.0928 49.2559
      vertex -0.59207 71.4817 46.0796
      vertex -0.498483 71.1441 49.2619
    endloop
  endfacet
  facet normal 0.321131 -0.94071 -0.109265
    outer loop
      vertex -0.59207 71.4817 46.0796
      vertex -0.650561 71.0928 49.2559
      vertex -0.650561 71.462 46.0773
    endloop
  endfacet
  facet normal -0.980801 -0.193708 -0.0224934
    outer loop
      vertex 1.65412 70.2787 45.9399
      vertex 1.64207 69.9698 49.1255
      vertex 1.64207 70.3389 45.9469
    endloop
  endfacet
  facet normal -0.980797 -0.193731 -0.0224957
    outer loop
      vertex 1.64207 69.9698 49.1255
      vertex 1.65412 70.2787 45.9399
      vertex 1.6734 69.8133 49.1073
    endloop
  endfacet
  facet normal -0.980761 -0.193908 -0.0225218
    outer loop
      vertex 1.68546 70.1223 45.9217
      vertex 1.6734 69.8133 49.1073
      vertex 1.65412 70.2787 45.9399
    endloop
  endfacet
  facet normal -0.980763 -0.193897 -0.0225208
    outer loop
      vertex 1.6734 69.8133 49.1073
      vertex 1.68546 70.1223 45.9217
      vertex 1.68546 69.7531 49.1004
    endloop
  endfacet
  facet normal -0.659234 -0.746919 -0.0867325
    outer loop
      vertex 1.03489 71.2415 46.0517
      vertex 1.20208 70.7268 49.2134
      vertex 1.03489 70.8724 49.2303
    endloop
  endfacet
  facet normal -0.659234 -0.746919 -0.0867325
    outer loop
      vertex 1.20208 70.7268 49.2134
      vertex 1.03489 71.2415 46.0517
      vertex 1.20208 71.0959 46.0348
    endloop
  endfacet
  facet normal -0.752338 -0.654381 -0.0759869
    outer loop
      vertex 1.3487 70.5607 49.1941
      vertex 1.30797 70.976 46.0209
      vertex 1.3487 70.9298 46.0155
    endloop
  endfacet
  facet normal -0.751759 -0.655035 -0.0760799
    outer loop
      vertex 1.30797 70.976 46.0209
      vertex 1.3487 70.5607 49.1941
      vertex 1.24281 70.6806 49.2081
    endloop
  endfacet
  facet normal -0.831394 0.551972 0.064112
    outer loop
      vertex 1.3487 68.8739 45.7767
      vertex 1.38302 68.5557 48.9613
      vertex 1.43793 69.0065 45.7922
    endloop
  endfacet
  facet normal -0.831353 0.552034 0.0641177
    outer loop
      vertex 1.38302 68.5557 48.9613
      vertex 1.3487 68.8739 45.7767
      vertex 1.3487 68.5047 48.9554
    endloop
  endfacet
  facet normal -0.751997 0.654766 0.0760394
    outer loop
      vertex 1.30797 68.4586 48.95
      vertex 1.3487 68.8739 45.7767
      vertex 1.24281 68.7539 45.7628
    endloop
  endfacet
  facet normal -0.751639 0.65517 0.0760968
    outer loop
      vertex 1.3487 68.8739 45.7767
      vertex 1.30797 68.4586 48.95
      vertex 1.3487 68.5047 48.9554
    endloop
  endfacet
  facet normal -0.659382 0.746791 0.0867175
    outer loop
      vertex 1.20208 68.7078 45.7575
      vertex 1.08133 68.2335 48.9239
      vertex 1.20208 68.3387 48.9361
    endloop
  endfacet
  facet normal -0.659757 0.746466 0.0866546
    outer loop
      vertex 1.08133 68.2335 48.9239
      vertex 1.20208 68.7078 45.7575
      vertex 1.15564 68.6673 45.7528
    endloop
  endfacet
  facet normal -0.896903 0.439276 0.0510036
    outer loop
      vertex 1.54327 68.8315 48.9933
      vertex 1.57059 69.2556 45.8211
      vertex 1.49956 69.1125 45.8045
    endloop
  endfacet
  facet normal -0.896783 0.439518 0.0510369
    outer loop
      vertex 1.57059 69.2556 45.8211
      vertex 1.54327 68.8315 48.9933
      vertex 1.57059 68.8865 48.9997
    endloop
  endfacet
  facet normal -0.442004 -0.891023 -0.103494
    outer loop
      vertex 0.650561 71.462 46.0773
      vertex 0.7946 71.0223 49.2477
      vertex 0.650561 71.0928 49.2559
    endloop
  endfacet
  facet normal -0.443014 -0.890534 -0.10338
    outer loop
      vertex 0.7946 71.0223 49.2477
      vertex 0.650561 71.462 46.0773
      vertex 0.705961 71.4348 46.0742
    endloop
  endfacet
  facet normal -0.321131 -0.940711 -0.109262
    outer loop
      vertex 0.439992 71.533 46.0855
      vertex 0.498483 71.1441 49.2619
      vertex 0.439992 71.1638 49.2642
    endloop
  endfacet
  facet normal -0.321521 -0.94058 -0.109239
    outer loop
      vertex 0.498483 71.1441 49.2619
      vertex 0.439992 71.533 46.0855
      vertex 0.59207 71.4817 46.0796
    endloop
  endfacet
  facet normal -0.321459 0.940603 0.109223
    outer loop
      vertex 0.650561 68.3417 45.715
      vertex 0.439992 67.9016 48.8853
      vertex 0.650561 67.9726 48.8936
    endloop
  endfacet
  facet normal -0.321459 0.940603 0.109223
    outer loop
      vertex 0.439992 67.9016 48.8853
      vertex 0.650561 68.3417 45.715
      vertex 0.439992 68.2707 45.7067
    endloop
  endfacet
  facet normal 0.831353 -0.552036 -0.0641026
    outer loop
      vertex -1.3487 70.5607 49.1941
      vertex -1.38302 70.8788 46.0096
      vertex -1.3487 70.9298 46.0155
    endloop
  endfacet
  facet normal 0.831372 -0.552007 -0.0640999
    outer loop
      vertex -1.38302 70.8788 46.0096
      vertex -1.3487 70.5607 49.1941
      vertex -1.43793 70.4281 49.1787
    endloop
  endfacet
  facet normal 0.442004 -0.891023 -0.103494
    outer loop
      vertex -0.7946 71.0223 49.2477
      vertex -0.650561 71.462 46.0773
      vertex -0.650561 71.0928 49.2559
    endloop
  endfacet
  facet normal 0.443014 -0.890534 -0.10338
    outer loop
      vertex -0.650561 71.462 46.0773
      vertex -0.7946 71.0223 49.2477
      vertex -0.705961 71.4348 46.0742
    endloop
  endfacet
  facet normal -0.831353 -0.552036 -0.0641026
    outer loop
      vertex 1.38302 70.8788 46.0096
      vertex 1.3487 70.5607 49.1941
      vertex 1.3487 70.9298 46.0155
    endloop
  endfacet
  facet normal -0.831372 -0.552007 -0.0640999
    outer loop
      vertex 1.3487 70.5607 49.1941
      vertex 1.38302 70.8788 46.0096
      vertex 1.43793 70.4281 49.1787
    endloop
  endfacet
  facet normal -0.321585 -0.940558 -0.109238
    outer loop
      vertex 0.59207 71.4817 46.0796
      vertex 0.650561 71.0928 49.2559
      vertex 0.498483 71.1441 49.2619
    endloop
  endfacet
  facet normal -0.321131 -0.94071 -0.109265
    outer loop
      vertex 0.650561 71.0928 49.2559
      vertex 0.59207 71.4817 46.0796
      vertex 0.650561 71.462 46.0773
    endloop
  endfacet
  facet normal 0.946901 -0.319379 -0.0370891
    outer loop
      vertex -1.64207 69.9698 49.1255
      vertex -1.62222 70.397 45.9536
      vertex -1.59045 70.1208 49.1431
    endloop
  endfacet
  facet normal 0.946945 -0.319251 -0.0370715
    outer loop
      vertex -1.62222 70.397 45.9536
      vertex -1.64207 69.9698 49.1255
      vertex -1.64207 70.3389 45.9469
    endloop
  endfacet
  facet normal 0.980801 -0.193708 -0.0224934
    outer loop
      vertex -1.64207 69.9698 49.1255
      vertex -1.65412 70.2787 45.9399
      vertex -1.64207 70.3389 45.9469
    endloop
  endfacet
  facet normal 0.980797 -0.193731 -0.0224957
    outer loop
      vertex -1.65412 70.2787 45.9399
      vertex -1.64207 69.9698 49.1255
      vertex -1.6734 69.8133 49.1073
    endloop
  endfacet
  facet normal -0.946946 -0.319247 -0.0370781
    outer loop
      vertex 1.59045 70.1208 49.1431
      vertex 1.57059 70.5481 45.9712
      vertex 1.62222 70.397 45.9536
    endloop
  endfacet
  facet normal -0.946896 -0.319394 -0.0370982
    outer loop
      vertex 1.57059 70.5481 45.9712
      vertex 1.59045 70.1208 49.1431
      vertex 1.57059 70.1789 49.1498
    endloop
  endfacet
  facet normal 0.896903 0.439276 0.0510036
    outer loop
      vertex -1.47224 68.6884 48.9767
      vertex -1.49956 69.1125 45.8045
      vertex -1.54327 68.8315 48.9933
    endloop
  endfacet
  facet normal 0.896783 0.439518 0.0510369
    outer loop
      vertex -1.49956 69.1125 45.8045
      vertex -1.47224 68.6884 48.9767
      vertex -1.47224 69.0575 45.7981
    endloop
  endfacet
endsolid OpenSCAD_Model
