solid OpenSCAD_Model
  facet normal 0 0 -1
    outer loop
      vertex -110 -92.5 0
      vertex 110 92.5 0
      vertex 110 -92.5 0
    endloop
  endfacet
  facet normal -0 0 -1
    outer loop
      vertex 110 92.5 0
      vertex -110 -92.5 0
      vertex -110 92.5 0
    endloop
  endfacet
  facet normal 0 -1 0
    outer loop
      vertex -110 -92.5 0
      vertex 110 -92.5 28.7849
      vertex -110 -92.5 28.7849
    endloop
  endfacet
  facet normal 0 -1 -0
    outer loop
      vertex 110 -92.5 28.7849
      vertex -110 -92.5 0
      vertex 110 -92.5 0
    endloop
  endfacet
  facet normal -1 0 0
    outer loop
      vertex -110 -92.5 28.7849
      vertex -110 92.5 0
      vertex -110 -92.5 0
    endloop
  endfacet
  facet normal -1 0 0
    outer loop
      vertex -110 92.5 0
      vertex -110 -92.5 28.7849
      vertex -110 92.5 46.7849
    endloop
  endfacet
  facet normal 1.72707e-06 -0.0968456 0.995299
    outer loop
      vertex -100.72 -83.5941 29.6514
      vertex -98 -84 29.6119
      vertex -98.0428 -83.3474 29.6754
    endloop
  endfacet
  facet normal 1.20812e-05 -0.0968127 0.995303
    outer loop
      vertex -100.7 -83.2953 29.6805
      vertex -98.0428 -83.3474 29.6754
      vertex -98.1704 -82.7059 29.7378
    endloop
  endfacet
  facet normal -9.18557e-06 -0.096918 0.995292
    outer loop
      vertex -100.778 -83.8878 29.6228
      vertex -98 -84 29.6119
      vertex -100.72 -83.5941 29.6514
    endloop
  endfacet
  facet normal 3.57566e-05 -0.0968977 0.995294
    outer loop
      vertex -100.72 -82.9965 29.7096
      vertex -98.1704 -82.7059 29.7378
      vertex -98.3806 -82.0866 29.7981
    endloop
  endfacet
  facet normal -6.22019e-06 -0.0968453 0.995299
    outer loop
      vertex -98 -84 29.6119
      vertex -100.778 -83.8878 29.6228
      vertex -98.0428 -84.6526 29.5484
    endloop
  endfacet
  facet normal -6.89668e-06 -0.0968861 0.995295
    outer loop
      vertex -100.778 -82.7028 29.7381
      vertex -98.3806 -82.0866 29.7981
      vertex -98.6699 -81.5 29.8552
    endloop
  endfacet
  facet normal 5.78861e-05 -0.0966182 0.995322
    outer loop
      vertex -100.873 -84.166 29.5958
      vertex -98.0428 -84.6526 29.5484
      vertex -100.778 -83.8878 29.6228
    endloop
  endfacet
  facet normal -2.40369e-05 -0.0968373 0.9953
    outer loop
      vertex -100.878 -82.4142 29.7662
      vertex -98.6699 -81.5 29.8552
      vertex -99.0332 -80.9562 29.9081
    endloop
  endfacet
  facet normal -0.00253459 -0.111544 0.993756
    outer loop
      vertex -100.875 -84.1713 29.5952
      vertex -98.0428 -84.6526 29.5484
      vertex -100.873 -84.166 29.5958
    endloop
  endfacet
  facet normal -5.86722e-05 -0.0968086 0.995303
    outer loop
      vertex -101.008 -82.1507 29.7918
      vertex -99.0332 -80.9562 29.9081
      vertex -99.4645 -80.4645 29.9559
    endloop
  endfacet
  facet normal -7.46462e-06 -0.0967468 0.995309
    outer loop
      vertex -98.0428 -83.3474 29.6754
      vertex -100.7 -83.3009 29.6799
      vertex -100.72 -83.5941 29.6514
    endloop
  endfacet
  facet normal 0.00626017 -0.0818491 0.996625
    outer loop
      vertex -100.878 -84.1764 29.5948
      vertex -98.1704 -85.2941 29.486
      vertex -100.875 -84.1713 29.5952
    endloop
  endfacet
  facet normal 4.59333e-05 -0.0968697 0.995297
    outer loop
      vertex -101.175 -81.9017 29.8161
      vertex -99.4645 -80.4645 29.9559
      vertex -99.9562 -80.0332 29.9979
    endloop
  endfacet
  facet normal -5.67027e-05 -0.0970797 0.995277
    outer loop
      vertex 100.72 -82.9965 29.7096
      vertex 98.1704 -82.7059 29.7378
      vertex 100.7 -83.2897 29.681
    endloop
  endfacet
  facet normal 0.00184079 -0.0889318 0.996036
    outer loop
      vertex 100.7 -83.2897 29.681
      vertex 98.1704 -82.7059 29.7378
      vertex 100.7 -83.2953 29.6805
    endloop
  endfacet
  facet normal -1.20812e-05 -0.0968127 0.995303
    outer loop
      vertex 98.0428 -83.3474 29.6754
      vertex 100.7 -83.2953 29.6805
      vertex 98.1704 -82.7059 29.7378
    endloop
  endfacet
  facet normal -2.45788e-05 -0.0968354 0.9953
    outer loop
      vertex 100.72 -83.5941 29.6514
      vertex 99.4645 -87.5355 29.2679
      vertex 99.652 -87.7 29.2519
    endloop
  endfacet
  facet normal 9.71177e-05 -0.0968738 0.995297
    outer loop
      vertex 99.4645 -87.5355 29.2679
      vertex 100.72 -83.5941 29.6514
      vertex 99.0332 -87.0438 29.3158
    endloop
  endfacet
  facet normal -4.65425e-06 -0.0968245 0.995301
    outer loop
      vertex 100.72 -83.5941 29.6514
      vertex 98.6699 -86.5 29.3687
      vertex 99.0332 -87.0438 29.3158
    endloop
  endfacet
  facet normal 0.000180415 -0.106533 0.994309
    outer loop
      vertex 100.7 -83.2953 29.6805
      vertex 98.0428 -83.3474 29.6754
      vertex 100.7 -83.3009 29.6799
    endloop
  endfacet
  facet normal -9.52409e-05 -0.0967611 0.995308
    outer loop
      vertex 100.72 -83.5941 29.6514
      vertex 98.3806 -85.9134 29.4257
      vertex 98.6699 -86.5 29.3687
    endloop
  endfacet
  facet normal 7.46462e-06 -0.0967468 0.995309
    outer loop
      vertex 100.7 -83.3009 29.6799
      vertex 98.0428 -83.3474 29.6754
      vertex 100.72 -83.5941 29.6514
    endloop
  endfacet
  facet normal 3.99802e-05 -0.0968963 0.995294
    outer loop
      vertex 100.72 -83.5941 29.6514
      vertex 98.1704 -85.2941 29.486
      vertex 98.3806 -85.9134 29.4257
    endloop
  endfacet
  facet normal -1.72707e-06 -0.0968456 0.995299
    outer loop
      vertex 98 -84 29.6119
      vertex 100.72 -83.5941 29.6514
      vertex 98.0428 -83.3474 29.6754
    endloop
  endfacet
  facet normal -1.29484e-05 -0.0968176 0.995302
    outer loop
      vertex 100.72 -83.5941 29.6514
      vertex 98.0428 -84.6526 29.5484
      vertex 98.1704 -85.2941 29.486
    endloop
  endfacet
  facet normal -1.69359e-06 -0.0968458 0.995299
    outer loop
      vertex 100.72 -83.5941 29.6514
      vertex 98 -84 29.6119
      vertex 98.0428 -84.6526 29.5484
    endloop
  endfacet
  facet normal 0.00231119 -0.0893411 0.995998
    outer loop
      vertex 100.778 84.5076 46.0072
      vertex 98.1704 85.2941 46.0838
      vertex 100.777 84.502 46.0067
    endloop
  endfacet
  facet normal 6.15117e-05 -0.0968521 0.995299
    outer loop
      vertex 100.7 83.9151 45.9496
      vertex 99.4645 80.4645 45.6139
      vertex 99.9562 80.0332 45.5719
    endloop
  endfacet
  facet normal 1.8304e-05 -0.0968187 0.995302
    outer loop
      vertex 98.0428 84.6526 46.0214
      vertex 100.777 84.502 46.0067
      vertex 98.1704 85.2941 46.0838
    endloop
  endfacet
  facet normal -5.93694e-05 -0.0968092 0.995303
    outer loop
      vertex 100.7 83.9151 45.9496
      vertex 99.0332 80.9562 45.6617
      vertex 99.4645 80.4645 45.6139
    endloop
  endfacet
  facet normal 2.28358e-05 -0.0967372 0.99531
    outer loop
      vertex 100.777 84.502 46.0067
      vertex 98.0428 84.6526 46.0214
      vertex 100.72 84.2139 45.9787
    endloop
  endfacet
  facet normal -1.71847e-05 -0.0968327 0.995301
    outer loop
      vertex 100.7 83.9151 45.9496
      vertex 98.6699 81.5 45.7146
      vertex 99.0332 80.9562 45.6617
    endloop
  endfacet
  facet normal 4.83019e-06 -0.096846 0.995299
    outer loop
      vertex 98 84 45.9579
      vertex 100.72 84.2139 45.9787
      vertex 98.0428 84.6526 46.0214
    endloop
  endfacet
  facet normal 2.69743e-05 -0.0968695 0.995297
    outer loop
      vertex 100.7 83.9151 45.9496
      vertex 98.3806 82.0866 45.7717
      vertex 98.6699 81.5 45.7146
    endloop
  endfacet
  facet normal 2.38146e-05 -0.0970852 0.995276
    outer loop
      vertex 100.72 84.2139 45.9787
      vertex 98 84 45.9579
      vertex 100.7 83.9207 45.9501
    endloop
  endfacet
  facet normal -5.34455e-05 -0.0967685 0.995307
    outer loop
      vertex 100.7 83.9151 45.9496
      vertex 98.1704 82.7059 45.8319
      vertex 98.3806 82.0866 45.7717
    endloop
  endfacet
  facet normal 0.000265478 -0.0889319 0.996038
    outer loop
      vertex 100.7 83.9207 45.9501
      vertex 98 84 45.9579
      vertex 100.7 83.9151 45.9496
    endloop
  endfacet
  facet normal 3.94579e-05 -0.096961 0.995288
    outer loop
      vertex 100.7 83.9151 45.9496
      vertex 98.0428 83.3474 45.8944
      vertex 98.1704 82.7059 45.8319
    endloop
  endfacet
  facet normal 1.43941e-05 -0.0968448 0.995299
    outer loop
      vertex 100.7 83.9151 45.9496
      vertex 98 84 45.9579
      vertex 98.0428 83.3474 45.8944
    endloop
  endfacet
  facet normal -4.83019e-06 -0.096846 0.995299
    outer loop
      vertex -100.72 84.2139 45.9787
      vertex -98 84 45.9579
      vertex -98.0428 84.6526 46.0214
    endloop
  endfacet
  facet normal -1.8304e-05 -0.0968187 0.995302
    outer loop
      vertex -100.777 84.502 46.0067
      vertex -98.0428 84.6526 46.0214
      vertex -98.1704 85.2941 46.0838
    endloop
  endfacet
  facet normal -2.38146e-05 -0.0970852 0.995276
    outer loop
      vertex -98 84 45.9579
      vertex -100.72 84.2139 45.9787
      vertex -100.7 83.9207 45.9501
    endloop
  endfacet
  facet normal -3.63873e-05 -0.0967627 0.995307
    outer loop
      vertex -100.875 84.7911 46.0348
      vertex -98.1704 85.2941 46.0838
      vertex -98.3806 85.9134 46.144
    endloop
  endfacet
  facet normal -0.000265478 -0.0889319 0.996038
    outer loop
      vertex -100.7 83.9151 45.9496
      vertex -98 84 45.9579
      vertex -100.7 83.9207 45.9501
    endloop
  endfacet
  facet normal 3.13752e-05 -0.0968674 0.995297
    outer loop
      vertex -101.006 85.0546 46.0605
      vertex -98.3806 85.9134 46.144
      vertex -98.6699 86.5 46.2011
    endloop
  endfacet
  facet normal -1.43941e-05 -0.0968448 0.995299
    outer loop
      vertex -98 84 45.9579
      vertex -100.7 83.9151 45.9496
      vertex -98.0428 83.3474 45.8944
    endloop
  endfacet
  facet normal -1.65888e-05 -0.0968324 0.995301
    outer loop
      vertex -101.172 85.304 46.0847
      vertex -98.6699 86.5 46.2011
      vertex -99.0332 87.0438 46.254
    endloop
  endfacet
  facet normal 6.53982e-06 -0.0967477 0.995309
    outer loop
      vertex -100.719 83.6219 45.9211
      vertex -98.0428 83.3474 45.8944
      vertex -100.7 83.9151 45.9496
    endloop
  endfacet
  facet normal 5.42701e-05 -0.096911 0.995293
    outer loop
      vertex -101.374 85.5338 46.1071
      vertex -99.0332 87.0438 46.254
      vertex -99.4645 87.5355 46.3019
    endloop
  endfacet
  facet normal -0.000989036 -0.106358 0.994327
    outer loop
      vertex -100.72 83.6163 45.9205
      vertex -98.0428 83.3474 45.8944
      vertex -100.719 83.6219 45.9211
    endloop
  endfacet
  facet normal -2.51196e-05 -0.096836 0.9953
    outer loop
      vertex -101.374 85.5338 46.1071
      vertex -99.4645 87.5355 46.3019
      vertex -99.652 87.7 46.3179
    endloop
  endfacet
  facet normal 5.97514e-05 -0.0967444 0.995309
    outer loop
      vertex -100.778 83.3226 45.892
      vertex -98.1704 82.7059 45.8319
      vertex -100.721 83.6107 45.92
    endloop
  endfacet
  facet normal -0.00184079 -0.0889318 0.996036
    outer loop
      vertex -98.1704 -82.7059 29.7378
      vertex -100.7 -83.2897 29.681
      vertex -100.7 -83.2953 29.6805
    endloop
  endfacet
  facet normal 5.67027e-05 -0.0970797 0.995277
    outer loop
      vertex -98.1704 -82.7059 29.7378
      vertex -100.72 -82.9965 29.7096
      vertex -100.7 -83.2897 29.681
    endloop
  endfacet
  facet normal -8.11212e-05 -0.0966 0.995323
    outer loop
      vertex -98.3806 -82.0866 29.7981
      vertex -100.778 -82.7028 29.7381
      vertex -100.72 -82.9965 29.7096
    endloop
  endfacet
  facet normal 2.65036e-05 -0.0969441 0.99529
    outer loop
      vertex -98.6699 -81.5 29.8552
      vertex -100.873 -82.4246 29.7652
      vertex -100.778 -82.7028 29.7381
    endloop
  endfacet
  facet normal -0.00108198 -0.0943272 0.995541
    outer loop
      vertex -98.6699 -81.5 29.8552
      vertex -100.875 -82.4193 29.7657
      vertex -100.873 -82.4246 29.7652
    endloop
  endfacet
  facet normal 0.00022742 -0.0974389 0.995241
    outer loop
      vertex -98.6699 -81.5 29.8552
      vertex -100.878 -82.4142 29.7662
      vertex -100.875 -82.4193 29.7657
    endloop
  endfacet
  facet normal -9.70053e-05 -0.0967458 0.995309
    outer loop
      vertex -99.0332 -80.9562 29.9081
      vertex -101.008 -82.1507 29.7918
      vertex -100.878 -82.4142 29.7662
    endloop
  endfacet
  facet normal 7.36351e-05 -0.0968688 0.995297
    outer loop
      vertex -101.845 -81.3159 29.8731
      vertex -100.5 -79.6699 30.0332
      vertex -101.087 -79.3806 30.0614
    endloop
  endfacet
  facet normal 6.3849e-05 -0.0969197 0.995292
    outer loop
      vertex -99.4645 -80.4645 29.9559
      vertex -101.172 -81.9064 29.8156
      vertex -101.008 -82.1507 29.7918
    endloop
  endfacet
  facet normal 0.00495623 -0.102656 0.994705
    outer loop
      vertex -99.4645 -80.4645 29.9559
      vertex -101.175 -81.9017 29.8161
      vertex -101.172 -81.9064 29.8156
    endloop
  endfacet
  facet normal -4.66703e-06 -0.096837 0.9953
    outer loop
      vertex -99.9562 -80.0332 29.9979
      vertex -101.374 -81.6766 29.838
      vertex -101.175 -81.9017 29.8161
    endloop
  endfacet
  facet normal -1.67798e-05 -0.0968266 0.995301
    outer loop
      vertex -99.9562 -80.0332 29.9979
      vertex -101.6 -81.4792 29.8572
      vertex -101.374 -81.6766 29.838
    endloop
  endfacet
  facet normal -6.73648e-05 -0.0967931 0.995305
    outer loop
      vertex -102.12 -81.1804 29.8863
      vertex -101.087 -79.3806 30.0614
      vertex -101.706 -79.1704 30.0818
    endloop
  endfacet
  facet normal 4.32532e-05 -0.0968442 0.9953
    outer loop
      vertex -100.5 -79.6699 30.0332
      vertex -101.845 -81.3159 29.8731
      vertex -101.6 -81.4792 29.8572
    endloop
  endfacet
  facet normal -0.00025987 -0.0967394 0.99531
    outer loop
      vertex -101.087 -79.3806 30.0614
      vertex -101.85 -81.3128 29.8734
      vertex -101.845 -81.3159 29.8731
    endloop
  endfacet
  facet normal -0.00719088 -0.0940253 0.995544
    outer loop
      vertex -101.087 -79.3806 30.0614
      vertex -101.855 -81.3103 29.8736
      vertex -101.85 -81.3128 29.8734
    endloop
  endfacet
  facet normal 0.000182354 -0.0969351 0.995291
    outer loop
      vertex -101.087 -79.3806 30.0614
      vertex -102.12 -81.1804 29.8863
      vertex -101.855 -81.3103 29.8736
    endloop
  endfacet
  facet normal -2.27833e-05 -0.0968364 0.9953
    outer loop
      vertex -102.41 -81.083 29.8957
      vertex -101.706 -79.1704 30.0818
      vertex -102.347 -79.0428 30.0942
    endloop
  endfacet
  facet normal -0.000304858 -0.0967446 0.995309
    outer loop
      vertex -101.706 -79.1704 30.0818
      vertex -102.399 -81.0859 29.8954
      vertex -102.12 -81.1804 29.8863
    endloop
  endfacet
  facet normal 0.00371651 -0.0981851 0.995161
    outer loop
      vertex -101.706 -79.1704 30.0818
      vertex -102.405 -81.0841 29.8956
      vertex -102.399 -81.0859 29.8954
    endloop
  endfacet
  facet normal -0.00129504 -0.0963724 0.995345
    outer loop
      vertex -101.706 -79.1704 30.0818
      vertex -102.41 -81.083 29.8957
      vertex -102.405 -81.0841 29.8956
    endloop
  endfacet
  facet normal 8.53901e-05 -0.0968397 0.9953
    outer loop
      vertex -102.347 -79.0428 30.0942
      vertex -102.7 -81.0257 29.9013
      vertex -102.41 -81.083 29.8957
    endloop
  endfacet
  facet normal 5.47515e-05 -0.0968343 0.995301
    outer loop
      vertex -103 -79 30.0984
      vertex -102.7 -81.0257 29.9013
      vertex -102.347 -79.0428 30.0942
    endloop
  endfacet
  facet normal -2.36988e-05 -0.0968458 0.995299
    outer loop
      vertex -103 -79 30.0984
      vertex -103 -81.0061 29.9032
      vertex -102.7 -81.0257 29.9013
    endloop
  endfacet
  facet normal 2.36988e-05 -0.0968458 0.995299
    outer loop
      vertex -103 -79 30.0984
      vertex -103.3 -81.0257 29.9013
      vertex -103 -81.0061 29.9032
    endloop
  endfacet
  facet normal -5.47515e-05 -0.0968343 0.995301
    outer loop
      vertex -103.653 -79.0428 30.0942
      vertex -103.3 -81.0257 29.9013
      vertex -103 -79 30.0984
    endloop
  endfacet
  facet normal -8.53901e-05 -0.0968397 0.9953
    outer loop
      vertex -103.3 -81.0257 29.9013
      vertex -103.653 -79.0428 30.0942
      vertex -103.59 -81.083 29.8957
    endloop
  endfacet
  facet normal 2.27833e-05 -0.0968364 0.9953
    outer loop
      vertex -104.294 -79.1704 30.0818
      vertex -103.59 -81.083 29.8957
      vertex -103.653 -79.0428 30.0942
    endloop
  endfacet
  facet normal 0.00129504 -0.0963724 0.995345
    outer loop
      vertex -103.59 -81.083 29.8957
      vertex -104.294 -79.1704 30.0818
      vertex -103.595 -81.0841 29.8956
    endloop
  endfacet
  facet normal -0.00371651 -0.0981851 0.995161
    outer loop
      vertex -103.595 -81.0841 29.8956
      vertex -104.294 -79.1704 30.0818
      vertex -103.601 -81.0859 29.8954
    endloop
  endfacet
  facet normal 0.000304858 -0.0967446 0.995309
    outer loop
      vertex -103.601 -81.0859 29.8954
      vertex -104.294 -79.1704 30.0818
      vertex -103.88 -81.1804 29.8863
    endloop
  endfacet
  facet normal 6.73648e-05 -0.0967931 0.995305
    outer loop
      vertex -104.913 -79.3806 30.0614
      vertex -103.88 -81.1804 29.8863
      vertex -104.294 -79.1704 30.0818
    endloop
  endfacet
  facet normal -0.000182354 -0.0969351 0.995291
    outer loop
      vertex -103.88 -81.1804 29.8863
      vertex -104.913 -79.3806 30.0614
      vertex -104.145 -81.3103 29.8736
    endloop
  endfacet
  facet normal 0.00719088 -0.0940253 0.995544
    outer loop
      vertex -104.145 -81.3103 29.8736
      vertex -104.913 -79.3806 30.0614
      vertex -104.15 -81.3128 29.8734
    endloop
  endfacet
  facet normal -0.000150206 -0.0968999 0.995294
    outer loop
      vertex -105.2 -79.5219 30.0476
      vertex -104.15 -81.3128 29.8734
      vertex -104.913 -79.3806 30.0614
    endloop
  endfacet
  facet normal 0.000224179 -0.0966824 0.995315
    outer loop
      vertex -104.15 -81.3128 29.8734
      vertex -105.2 -79.5219 30.0476
      vertex -104.155 -81.3159 29.8731
    endloop
  endfacet
  facet normal -4.68959e-05 -0.0968388 0.9953
    outer loop
      vertex -104.155 -81.3159 29.8731
      vertex -105.2 -79.5219 30.0476
      vertex -104.4 -81.4792 29.8572
    endloop
  endfacet
  facet normal 7.95884e-06 -0.0968166 0.995302
    outer loop
      vertex -104.4 -81.4792 29.8572
      vertex -105.2 -79.5219 30.0476
      vertex -104.626 -81.6766 29.838
    endloop
  endfacet
  facet normal -1.24325e-05 -0.096822 0.995302
    outer loop
      vertex -104.626 -81.6766 29.838
      vertex -105.2 -79.5219 30.0476
      vertex -104.825 -81.9017 29.8161
    endloop
  endfacet
  facet normal -0.0113849 -0.0985908 0.995063
    outer loop
      vertex -104.825 -81.9017 29.8161
      vertex -105.2 -79.5219 30.0476
      vertex -104.828 -81.9064 29.8156
    endloop
  endfacet
  facet normal -0.000151792 -0.0968612 0.995298
    outer loop
      vertex -104.828 -81.9064 29.8156
      vertex -105.2 -79.5219 30.0476
      vertex -104.992 -82.1507 29.7918
    endloop
  endfacet
  facet normal 0.000266098 -0.0968285 0.995301
    outer loop
      vertex -104.992 -82.1507 29.7918
      vertex -105.2 -79.5219 30.0476
      vertex -105.122 -82.4142 29.7662
    endloop
  endfacet
  facet normal -0.00120756 -0.0968678 0.995297
    outer loop
      vertex -105.122 -82.4142 29.7662
      vertex -105.2 -79.5219 30.0476
      vertex -105.125 -82.4193 29.7657
    endloop
  endfacet
  facet normal 0.00729235 -0.0966473 0.995292
    outer loop
      vertex -105.125 -82.4193 29.7657
      vertex -105.2 -79.5219 30.0476
      vertex -105.127 -82.4246 29.7652
    endloop
  endfacet
  facet normal -0.000566885 -0.0968438 0.995299
    outer loop
      vertex -105.279 83.6107 45.92
      vertex -105.2 79.5219 45.5222
      vertex -105.222 83.3226 45.892
    endloop
  endfacet
  facet normal -0.000334462 -0.0968399 0.9953
    outer loop
      vertex -105.2 -79.5219 30.0476
      vertex -105.222 -82.7028 29.7381
      vertex -105.127 -82.4246 29.7652
    endloop
  endfacet
  facet normal -8.21366e-06 -0.0968404 0.9953
    outer loop
      vertex -105.2 79.5219 45.5222
      vertex -110 92.5 46.7849
      vertex -105.2 -79.5219 30.0476
    endloop
  endfacet
  facet normal -0.0499599 -0.0976682 0.993964
    outer loop
      vertex -105.28 83.6163 45.9205
      vertex -105.2 79.5219 45.5222
      vertex -105.279 83.6107 45.92
    endloop
  endfacet
  facet normal 4.39321e-05 -0.0968213 0.995302
    outer loop
      vertex -105.2 79.5219 45.5222
      vertex -105.28 83.6163 45.9205
      vertex -110 92.5 46.7849
    endloop
  endfacet
  facet normal 7.06125e-06 -0.09684 0.9953
    outer loop
      vertex -110 -92.5 28.7849
      vertex -105.2 -79.5219 30.0476
      vertex -110 92.5 46.7849
    endloop
  endfacet
  facet normal -0.0277146 -0.111384 0.993391
    outer loop
      vertex -110 92.5 46.7849
      vertex -105.28 83.6163 45.9205
      vertex -105.281 83.6219 45.9211
    endloop
  endfacet
  facet normal -4.96142e-05 -0.0968192 0.995302
    outer loop
      vertex -105.28 -82.9965 29.7096
      vertex -105.2 -79.5219 30.0476
      vertex -110 -92.5 28.7849
    endloop
  endfacet
  facet normal 0.00019687 -0.0967347 0.99531
    outer loop
      vertex -110 92.5 46.7849
      vertex -105.281 83.6219 45.9211
      vertex -105.3 83.9151 45.9496
    endloop
  endfacet
  facet normal 0.0013669 -0.0968514 0.995298
    outer loop
      vertex -105.2 -79.5219 30.0476
      vertex -105.28 -82.9965 29.7096
      vertex -105.222 -82.7028 29.7381
    endloop
  endfacet
  facet normal 9.43272e-05 -0.0966305 0.99532
    outer loop
      vertex -100.875 83.039 45.8644
      vertex -98.3806 82.0866 45.7717
      vertex -100.78 83.3172 45.8914
    endloop
  endfacet
  facet normal -2.41562e-06 -0.0968815 0.995296
    outer loop
      vertex -98.3806 82.0866 45.7717
      vertex -100.875 83.039 45.8644
      vertex -98.6699 81.5 45.7146
    endloop
  endfacet
  facet normal -0.000120818 -0.0970496 0.99528
    outer loop
      vertex -101.006 82.7756 45.8387
      vertex -98.6699 81.5 45.7146
      vertex -100.875 83.039 45.8644
    endloop
  endfacet
  facet normal -0.000336441 -0.0974407 0.995241
    outer loop
      vertex -101.008 82.7705 45.8382
      vertex -98.6699 81.5 45.7146
      vertex -101.006 82.7756 45.8387
    endloop
  endfacet
  facet normal 0.00489425 -0.0878999 0.996117
    outer loop
      vertex -101.011 82.7658 45.8378
      vertex -98.6699 81.5 45.7146
      vertex -101.008 82.7705 45.8382
    endloop
  endfacet
  facet normal 2.02971e-05 -0.0968348 0.9953
    outer loop
      vertex -98.6699 81.5 45.7146
      vertex -101.011 82.7658 45.8378
      vertex -99.0332 80.9562 45.6617
    endloop
  endfacet
  facet normal -6.02955e-05 -0.0969221 0.995292
    outer loop
      vertex -101.175 82.5215 45.814
      vertex -99.0332 80.9562 45.6617
      vertex -101.011 82.7658 45.8378
    endloop
  endfacet
  facet normal 3.71864e-05 -0.0967899 0.995305
    outer loop
      vertex -99.0332 80.9562 45.6617
      vertex -101.175 82.5215 45.814
      vertex -99.4645 80.4645 45.6139
    endloop
  endfacet
  facet normal -7.25449e-06 -0.0968265 0.995301
    outer loop
      vertex -101.374 82.2964 45.7921
      vertex -99.4645 80.4645 45.6139
      vertex -101.175 82.5215 45.814
    endloop
  endfacet
  facet normal -4.74124e-05 -0.096868 0.995297
    outer loop
      vertex -99.4645 80.4645 45.6139
      vertex -101.374 82.2964 45.7921
      vertex -99.9562 80.0332 45.5719
    endloop
  endfacet
  facet normal 4.53451e-05 -0.0968104 0.995303
    outer loop
      vertex -101.6 82.0989 45.7729
      vertex -99.9562 80.0332 45.5719
      vertex -101.374 82.2964 45.7921
    endloop
  endfacet
  facet normal 0.000218754 -0.0966737 0.995316
    outer loop
      vertex -101.605 82.0958 45.7726
      vertex -99.9562 80.0332 45.5719
      vertex -101.6 82.0989 45.7729
    endloop
  endfacet
  facet normal 6.0465e-05 -0.0967991 0.995304
    outer loop
      vertex -99.9562 80.0332 45.5719
      vertex -101.605 82.0958 45.7726
      vertex -100.5 79.6699 45.5366
    endloop
  endfacet
  facet normal -7.27316e-05 -0.0968592 0.995298
    outer loop
      vertex -101.85 81.9326 45.7567
      vertex -100.5 79.6699 45.5366
      vertex -101.605 82.0958 45.7726
    endloop
  endfacet
  facet normal -7.71391e-05 -0.0968618 0.995298
    outer loop
      vertex -100.5 79.6699 45.5366
      vertex -101.85 81.9326 45.7567
      vertex -101.087 79.3806 45.5084
    endloop
  endfacet
  facet normal 0.000127039 -0.0968013 0.995304
    outer loop
      vertex -102.115 81.8027 45.7441
      vertex -101.087 79.3806 45.5084
      vertex -101.85 81.9326 45.7567
    endloop
  endfacet
  facet normal -0.00765968 -0.100072 0.994951
    outer loop
      vertex -102.12 81.8001 45.7438
      vertex -101.087 79.3806 45.5084
      vertex -102.115 81.8027 45.7441
    endloop
  endfacet
  facet normal -0.00429077 -0.0986493 0.995113
    outer loop
      vertex -102.125 81.7983 45.7436
      vertex -101.087 79.3806 45.5084
      vertex -102.12 81.8001 45.7438
    endloop
  endfacet
  facet normal 6.84686e-05 -0.0967963 0.995304
    outer loop
      vertex -101.087 79.3806 45.5084
      vertex -102.125 81.7983 45.7436
      vertex -101.706 79.1704 45.488
    endloop
  endfacet
  facet normal 0.000275666 -0.0967636 0.995307
    outer loop
      vertex -102.405 81.7039 45.7345
      vertex -101.706 79.1704 45.488
      vertex -102.125 81.7983 45.7436
    endloop
  endfacet
  facet normal -0.000125112 -0.0968731 0.995297
    outer loop
      vertex -101.706 79.1704 45.488
      vertex -102.405 81.7039 45.7345
      vertex -102.347 79.0428 45.4755
    endloop
  endfacet
  facet normal -7.91979e-05 -0.0968721 0.995297
    outer loop
      vertex -102.694 81.6466 45.7289
      vertex -102.347 79.0428 45.4755
      vertex -102.405 81.7039 45.7345
    endloop
  endfacet
  facet normal 0.0011418 -0.0967109 0.995312
    outer loop
      vertex -102.7 81.6455 45.7288
      vertex -102.347 79.0428 45.4755
      vertex -102.694 81.6466 45.7289
    endloop
  endfacet
  facet normal 2.47015e-05 -0.096861 0.995298
    outer loop
      vertex -103 81.6259 45.7269
      vertex -102.347 79.0428 45.4755
      vertex -102.7 81.6455 45.7288
    endloop
  endfacet
  facet normal 9.82174e-05 -0.0968426 0.9953
    outer loop
      vertex -103 81.6259 45.7269
      vertex -103 79 45.4714
      vertex -102.347 79.0428 45.4755
    endloop
  endfacet
  facet normal -2.34873e-05 -0.0968426 0.9953
    outer loop
      vertex -103.3 81.6455 45.7288
      vertex -103 79 45.4714
      vertex -103 81.6259 45.7269
    endloop
  endfacet
  facet normal -0.0011418 -0.0967109 0.995312
    outer loop
      vertex -103.653 79.0428 45.4755
      vertex -103.3 81.6455 45.7288
      vertex -103.306 81.6466 45.7289
    endloop
  endfacet
  facet normal 7.91979e-05 -0.0968721 0.995297
    outer loop
      vertex -103.653 79.0428 45.4755
      vertex -103.306 81.6466 45.7289
      vertex -103.595 81.7039 45.7345
    endloop
  endfacet
  facet normal -9.87769e-05 -0.0968511 0.995299
    outer loop
      vertex -103.3 81.6455 45.7288
      vertex -103.653 79.0428 45.4755
      vertex -103 79 45.4714
    endloop
  endfacet
  facet normal -0.000275666 -0.0967636 0.995307
    outer loop
      vertex -104.294 79.1704 45.488
      vertex -103.595 81.7039 45.7345
      vertex -103.875 81.7983 45.7436
    endloop
  endfacet
  facet normal 0.00429077 -0.0986493 0.995113
    outer loop
      vertex -104.913 79.3806 45.5084
      vertex -103.875 81.7983 45.7436
      vertex -103.88 81.8001 45.7438
    endloop
  endfacet
  facet normal 0.00765968 -0.100072 0.994951
    outer loop
      vertex -104.913 79.3806 45.5084
      vertex -103.88 81.8001 45.7438
      vertex -103.885 81.8027 45.7441
    endloop
  endfacet
  facet normal -0.000111351 -0.0967696 0.995307
    outer loop
      vertex -105.2 79.5219 45.5222
      vertex -103.885 81.8027 45.7441
      vertex -104.15 81.9326 45.7567
    endloop
  endfacet
  facet normal 0.000125112 -0.0968731 0.995297
    outer loop
      vertex -103.595 81.7039 45.7345
      vertex -104.294 79.1704 45.488
      vertex -103.653 79.0428 45.4755
    endloop
  endfacet
  facet normal 7.80192e-05 -0.0968513 0.995299
    outer loop
      vertex -105.2 79.5219 45.5222
      vertex -104.15 81.9326 45.7567
      vertex -104.395 82.0958 45.7726
    endloop
  endfacet
  facet normal -0.000263645 -0.0967455 0.995309
    outer loop
      vertex -105.2 79.5219 45.5222
      vertex -104.395 82.0958 45.7726
      vertex -104.4 82.0989 45.7729
    endloop
  endfacet
  facet normal -4.68479e-05 -0.0968121 0.995303
    outer loop
      vertex -105.2 79.5219 45.5222
      vertex -104.4 82.0989 45.7729
      vertex -104.626 82.2964 45.7921
    endloop
  endfacet
  facet normal 1.03134e-05 -0.0968239 0.995302
    outer loop
      vertex -105.2 79.5219 45.5222
      vertex -104.626 82.2964 45.7921
      vertex -104.825 82.5215 45.814
    endloop
  endfacet
  facet normal -6.84686e-05 -0.0967963 0.995304
    outer loop
      vertex -103.875 81.7983 45.7436
      vertex -104.913 79.3806 45.5084
      vertex -104.294 79.1704 45.488
    endloop
  endfacet
  facet normal 0.000176939 -0.0968445 0.9953
    outer loop
      vertex -105.2 79.5219 45.5222
      vertex -104.825 82.5215 45.814
      vertex -104.989 82.7658 45.8378
    endloop
  endfacet
  facet normal -0.0172408 -0.0957077 0.99526
    outer loop
      vertex -105.2 79.5219 45.5222
      vertex -104.989 82.7658 45.8378
      vertex -104.992 82.7705 45.8382
    endloop
  endfacet
  facet normal 0.00167243 -0.0969217 0.995291
    outer loop
      vertex -105.2 79.5219 45.5222
      vertex -104.992 82.7705 45.8382
      vertex -104.994 82.7756 45.8387
    endloop
  endfacet
  facet normal 0.000526116 -0.0968499 0.995299
    outer loop
      vertex -105.2 79.5219 45.5222
      vertex -104.994 82.7756 45.8387
      vertex -105.125 83.039 45.8644
    endloop
  endfacet
  facet normal 0.000142792 -0.0969148 0.995293
    outer loop
      vertex -103.885 81.8027 45.7441
      vertex -105.2 79.5219 45.5222
      vertex -104.913 79.3806 45.5084
    endloop
  endfacet
  facet normal 0.0376838 -0.0965557 0.994614
    outer loop
      vertex -105.222 83.3226 45.892
      vertex -105.2 79.5219 45.5222
      vertex -105.22 83.3172 45.8914
    endloop
  endfacet
  facet normal -0.000668245 -0.0968246 0.995301
    outer loop
      vertex -105.22 83.3172 45.8914
      vertex -105.2 79.5219 45.5222
      vertex -105.125 83.039 45.8644
    endloop
  endfacet
  facet normal 0.000668245 -0.0968246 0.995301
    outer loop
      vertex 105.125 83.039 45.8644
      vertex 105.2 79.5219 45.5222
      vertex 105.22 83.3172 45.8914
    endloop
  endfacet
  facet normal -0.000526116 -0.0968499 0.995299
    outer loop
      vertex 104.994 82.7756 45.8387
      vertex 105.2 79.5219 45.5222
      vertex 105.125 83.039 45.8644
    endloop
  endfacet
  facet normal -0.00167243 -0.0969217 0.995291
    outer loop
      vertex 104.992 82.7705 45.8382
      vertex 105.2 79.5219 45.5222
      vertex 104.994 82.7756 45.8387
    endloop
  endfacet
  facet normal 0.0172408 -0.0957077 0.99526
    outer loop
      vertex 104.989 82.7658 45.8378
      vertex 105.2 79.5219 45.5222
      vertex 104.992 82.7705 45.8382
    endloop
  endfacet
  facet normal -0.000176939 -0.0968445 0.9953
    outer loop
      vertex 104.825 82.5215 45.814
      vertex 105.2 79.5219 45.5222
      vertex 104.989 82.7658 45.8378
    endloop
  endfacet
  facet normal -1.03134e-05 -0.0968239 0.995302
    outer loop
      vertex 104.626 82.2964 45.7921
      vertex 105.2 79.5219 45.5222
      vertex 104.825 82.5215 45.814
    endloop
  endfacet
  facet normal 4.68479e-05 -0.0968121 0.995303
    outer loop
      vertex 104.4 82.0989 45.7729
      vertex 105.2 79.5219 45.5222
      vertex 104.626 82.2964 45.7921
    endloop
  endfacet
  facet normal 0.000263645 -0.0967455 0.995309
    outer loop
      vertex 104.395 82.0958 45.7726
      vertex 105.2 79.5219 45.5222
      vertex 104.4 82.0989 45.7729
    endloop
  endfacet
  facet normal -7.80192e-05 -0.0968513 0.995299
    outer loop
      vertex 104.15 81.9326 45.7567
      vertex 105.2 79.5219 45.5222
      vertex 104.395 82.0958 45.7726
    endloop
  endfacet
  facet normal 0.000111351 -0.0967696 0.995307
    outer loop
      vertex 103.885 81.8027 45.7441
      vertex 105.2 79.5219 45.5222
      vertex 104.15 81.9326 45.7567
    endloop
  endfacet
  facet normal -0.000142792 -0.0969148 0.995293
    outer loop
      vertex 105.2 79.5219 45.5222
      vertex 103.885 81.8027 45.7441
      vertex 104.913 79.3806 45.5084
    endloop
  endfacet
  facet normal -0.00765968 -0.100072 0.994951
    outer loop
      vertex 103.88 81.8001 45.7438
      vertex 104.913 79.3806 45.5084
      vertex 103.885 81.8027 45.7441
    endloop
  endfacet
  facet normal -0.00429077 -0.0986493 0.995113
    outer loop
      vertex 103.875 81.7983 45.7436
      vertex 104.913 79.3806 45.5084
      vertex 103.88 81.8001 45.7438
    endloop
  endfacet
  facet normal 6.84686e-05 -0.0967963 0.995304
    outer loop
      vertex 104.913 79.3806 45.5084
      vertex 103.875 81.7983 45.7436
      vertex 104.294 79.1704 45.488
    endloop
  endfacet
  facet normal 0.000275666 -0.0967636 0.995307
    outer loop
      vertex 103.595 81.7039 45.7345
      vertex 104.294 79.1704 45.488
      vertex 103.875 81.7983 45.7436
    endloop
  endfacet
  facet normal -0.000125112 -0.0968731 0.995297
    outer loop
      vertex 104.294 79.1704 45.488
      vertex 103.595 81.7039 45.7345
      vertex 103.653 79.0428 45.4755
    endloop
  endfacet
  facet normal -7.91979e-05 -0.0968721 0.995297
    outer loop
      vertex 103.306 81.6466 45.7289
      vertex 103.653 79.0428 45.4755
      vertex 103.595 81.7039 45.7345
    endloop
  endfacet
  facet normal 0.0011418 -0.0967109 0.995312
    outer loop
      vertex 103.3 81.6455 45.7288
      vertex 103.653 79.0428 45.4755
      vertex 103.306 81.6466 45.7289
    endloop
  endfacet
  facet normal 2.47015e-05 -0.096861 0.995298
    outer loop
      vertex 103 81.6259 45.7269
      vertex 103.653 79.0428 45.4755
      vertex 103.3 81.6455 45.7288
    endloop
  endfacet
  facet normal 9.82174e-05 -0.0968426 0.9953
    outer loop
      vertex 103 81.6259 45.7269
      vertex 103 79 45.4714
      vertex 103.653 79.0428 45.4755
    endloop
  endfacet
  facet normal -2.34873e-05 -0.0968426 0.9953
    outer loop
      vertex 102.7 81.6455 45.7288
      vertex 103 79 45.4714
      vertex 103 81.6259 45.7269
    endloop
  endfacet
  facet normal -0.0011418 -0.0967109 0.995312
    outer loop
      vertex 102.347 79.0428 45.4755
      vertex 102.7 81.6455 45.7288
      vertex 102.694 81.6466 45.7289
    endloop
  endfacet
  facet normal 7.91979e-05 -0.0968721 0.995297
    outer loop
      vertex 102.347 79.0428 45.4755
      vertex 102.694 81.6466 45.7289
      vertex 102.405 81.7039 45.7345
    endloop
  endfacet
  facet normal -9.87769e-05 -0.0968511 0.995299
    outer loop
      vertex 102.7 81.6455 45.7288
      vertex 102.347 79.0428 45.4755
      vertex 103 79 45.4714
    endloop
  endfacet
  facet normal -0.000275666 -0.0967636 0.995307
    outer loop
      vertex 101.706 79.1704 45.488
      vertex 102.405 81.7039 45.7345
      vertex 102.125 81.7983 45.7436
    endloop
  endfacet
  facet normal 0.00429077 -0.0986493 0.995113
    outer loop
      vertex 101.087 79.3806 45.5084
      vertex 102.125 81.7983 45.7436
      vertex 102.12 81.8001 45.7438
    endloop
  endfacet
  facet normal 0.00765968 -0.100072 0.994951
    outer loop
      vertex 101.087 79.3806 45.5084
      vertex 102.12 81.8001 45.7438
      vertex 102.115 81.8027 45.7441
    endloop
  endfacet
  facet normal -0.000127039 -0.0968013 0.995304
    outer loop
      vertex 101.087 79.3806 45.5084
      vertex 102.115 81.8027 45.7441
      vertex 101.85 81.9326 45.7567
    endloop
  endfacet
  facet normal 0.000125112 -0.0968731 0.995297
    outer loop
      vertex 102.405 81.7039 45.7345
      vertex 101.706 79.1704 45.488
      vertex 102.347 79.0428 45.4755
    endloop
  endfacet
  facet normal 7.27316e-05 -0.0968592 0.995298
    outer loop
      vertex 100.5 79.6699 45.5366
      vertex 101.85 81.9326 45.7567
      vertex 101.605 82.0958 45.7726
    endloop
  endfacet
  facet normal -0.000218754 -0.0966737 0.995316
    outer loop
      vertex 99.9562 80.0332 45.5719
      vertex 101.605 82.0958 45.7726
      vertex 101.6 82.0989 45.7729
    endloop
  endfacet
  facet normal -4.53451e-05 -0.0968104 0.995303
    outer loop
      vertex 99.9562 80.0332 45.5719
      vertex 101.6 82.0989 45.7729
      vertex 101.374 82.2964 45.7921
    endloop
  endfacet
  facet normal -3.80259e-06 -0.0968362 0.9953
    outer loop
      vertex 99.9562 80.0332 45.5719
      vertex 101.374 82.2964 45.7921
      vertex 101.175 82.5215 45.814
    endloop
  endfacet
  facet normal -6.84686e-05 -0.0967963 0.995304
    outer loop
      vertex 102.125 81.7983 45.7436
      vertex 101.087 79.3806 45.5084
      vertex 101.706 79.1704 45.488
    endloop
  endfacet
  facet normal 0.000107887 -0.0968904 0.995295
    outer loop
      vertex 99.9562 80.0332 45.5719
      vertex 101.175 82.5215 45.814
      vertex 101.011 82.7658 45.8378
    endloop
  endfacet
  facet normal -0.011859 -0.0923066 0.99566
    outer loop
      vertex 99.9562 80.0332 45.5719
      vertex 101.011 82.7658 45.8378
      vertex 101.008 82.7705 45.8382
    endloop
  endfacet
  facet normal 0.000965993 -0.0971962 0.995265
    outer loop
      vertex 99.9562 80.0332 45.5719
      vertex 101.008 82.7705 45.8382
      vertex 101.006 82.7756 45.8387
    endloop
  endfacet
  facet normal 0.000320235 -0.0969513 0.995289
    outer loop
      vertex 99.9562 80.0332 45.5719
      vertex 101.006 82.7756 45.8387
      vertex 100.875 83.039 45.8644
    endloop
  endfacet
  facet normal -0.000398925 -0.0967336 0.99531
    outer loop
      vertex 99.9562 80.0332 45.5719
      vertex 100.875 83.039 45.8644
      vertex 100.78 83.3172 45.8914
    endloop
  endfacet
  facet normal 0.0221262 -0.102306 0.994507
    outer loop
      vertex 99.9562 80.0332 45.5719
      vertex 100.78 83.3172 45.8914
      vertex 100.778 83.3226 45.892
    endloop
  endfacet
  facet normal -0.000275913 -0.0967868 0.995305
    outer loop
      vertex 99.9562 80.0332 45.5719
      vertex 100.778 83.3226 45.892
      vertex 100.721 83.6107 45.92
    endloop
  endfacet
  facet normal -0.020341 -0.0925165 0.995503
    outer loop
      vertex 99.9562 80.0332 45.5719
      vertex 100.721 83.6107 45.92
      vertex 100.72 83.6163 45.9205
    endloop
  endfacet
  facet normal -0.000366592 -0.0967708 0.995307
    outer loop
      vertex 99.9562 80.0332 45.5719
      vertex 100.719 83.6219 45.9211
      vertex 100.7 83.9151 45.9496
    endloop
  endfacet
  facet normal 7.71391e-05 -0.0968618 0.995298
    outer loop
      vertex 101.85 81.9326 45.7567
      vertex 100.5 79.6699 45.5366
      vertex 101.087 79.3806 45.5084
    endloop
  endfacet
  facet normal 0.0250122 -0.102083 0.994461
    outer loop
      vertex 100.719 83.6219 45.9211
      vertex 99.9562 80.0332 45.5719
      vertex 100.72 83.6163 45.9205
    endloop
  endfacet
  facet normal 0.0156278 -0.0889211 0.995916
    outer loop
      vertex 110 -92.5 28.7849
      vertex 105.3 -83.2897 29.681
      vertex 105.3 -83.2953 29.6805
    endloop
  endfacet
  facet normal 0.0277146 -0.111384 0.993391
    outer loop
      vertex 105.28 83.6163 45.9205
      vertex 110 92.5 46.7849
      vertex 105.281 83.6219 45.9211
    endloop
  endfacet
  facet normal -4.39321e-05 -0.0968213 0.995302
    outer loop
      vertex 110 92.5 46.7849
      vertex 105.28 83.6163 45.9205
      vertex 105.2 79.5219 45.5222
    endloop
  endfacet
  facet normal 8.21366e-06 -0.0968404 0.9953
    outer loop
      vertex 105.2 -79.5219 30.0476
      vertex 110 92.5 46.7849
      vertex 105.2 79.5219 45.5222
    endloop
  endfacet
  facet normal 0.0499599 -0.0976682 0.993964
    outer loop
      vertex 105.2 79.5219 45.5222
      vertex 105.28 83.6163 45.9205
      vertex 105.279 83.6107 45.92
    endloop
  endfacet
  facet normal 0.000566885 -0.0968438 0.995299
    outer loop
      vertex 105.2 79.5219 45.5222
      vertex 105.279 83.6107 45.92
      vertex 105.222 83.3226 45.892
    endloop
  endfacet
  facet normal 1.2117e-05 -0.0968405 0.9953
    outer loop
      vertex 110 92.5 46.7849
      vertex 105.2 -79.5219 30.0476
      vertex 105.3 -83.2897 29.681
    endloop
  endfacet
  facet normal -0.0376838 -0.0965557 0.994614
    outer loop
      vertex 105.2 79.5219 45.5222
      vertex 105.222 83.3226 45.892
      vertex 105.22 83.3172 45.8914
    endloop
  endfacet
  facet normal 0.00587977 -0.0966846 0.995298
    outer loop
      vertex 105.3 -83.2897 29.681
      vertex 105.2 -79.5219 30.0476
      vertex 105.28 -82.9965 29.7096
    endloop
  endfacet
  facet normal -0.0013669 -0.0968514 0.995298
    outer loop
      vertex 105.28 -82.9965 29.7096
      vertex 105.2 -79.5219 30.0476
      vertex 105.222 -82.7028 29.7381
    endloop
  endfacet
  facet normal 0.000334462 -0.0968399 0.9953
    outer loop
      vertex 105.2 -79.5219 30.0476
      vertex 105.127 -82.4246 29.7652
      vertex 105.222 -82.7028 29.7381
    endloop
  endfacet
  facet normal -0.00729235 -0.0966473 0.995292
    outer loop
      vertex 105.2 -79.5219 30.0476
      vertex 105.125 -82.4193 29.7657
      vertex 105.127 -82.4246 29.7652
    endloop
  endfacet
  facet normal 0.00120756 -0.0968678 0.995297
    outer loop
      vertex 105.2 -79.5219 30.0476
      vertex 105.122 -82.4142 29.7662
      vertex 105.125 -82.4193 29.7657
    endloop
  endfacet
  facet normal -0.000266098 -0.0968285 0.995301
    outer loop
      vertex 105.2 -79.5219 30.0476
      vertex 104.992 -82.1507 29.7918
      vertex 105.122 -82.4142 29.7662
    endloop
  endfacet
  facet normal 0.000150206 -0.0968999 0.995294
    outer loop
      vertex 104.15 -81.3128 29.8734
      vertex 105.2 -79.5219 30.0476
      vertex 104.913 -79.3806 30.0614
    endloop
  endfacet
  facet normal 0.000151792 -0.0968612 0.995298
    outer loop
      vertex 105.2 -79.5219 30.0476
      vertex 104.828 -81.9064 29.8156
      vertex 104.992 -82.1507 29.7918
    endloop
  endfacet
  facet normal 0.0113849 -0.0985908 0.995063
    outer loop
      vertex 105.2 -79.5219 30.0476
      vertex 104.825 -81.9017 29.8161
      vertex 104.828 -81.9064 29.8156
    endloop
  endfacet
  facet normal 1.24325e-05 -0.096822 0.995302
    outer loop
      vertex 105.2 -79.5219 30.0476
      vertex 104.626 -81.6766 29.838
      vertex 104.825 -81.9017 29.8161
    endloop
  endfacet
  facet normal -7.95884e-06 -0.0968166 0.995302
    outer loop
      vertex 105.2 -79.5219 30.0476
      vertex 104.4 -81.4792 29.8572
      vertex 104.626 -81.6766 29.838
    endloop
  endfacet
  facet normal -6.73648e-05 -0.0967931 0.995305
    outer loop
      vertex 103.88 -81.1804 29.8863
      vertex 104.913 -79.3806 30.0614
      vertex 104.294 -79.1704 30.0818
    endloop
  endfacet
  facet normal 4.68959e-05 -0.0968388 0.9953
    outer loop
      vertex 105.2 -79.5219 30.0476
      vertex 104.155 -81.3159 29.8731
      vertex 104.4 -81.4792 29.8572
    endloop
  endfacet
  facet normal -0.000224179 -0.0966824 0.995315
    outer loop
      vertex 105.2 -79.5219 30.0476
      vertex 104.15 -81.3128 29.8734
      vertex 104.155 -81.3159 29.8731
    endloop
  endfacet
  facet normal -0.00719088 -0.0940253 0.995544
    outer loop
      vertex 104.913 -79.3806 30.0614
      vertex 104.145 -81.3103 29.8736
      vertex 104.15 -81.3128 29.8734
    endloop
  endfacet
  facet normal 0.000182354 -0.0969351 0.995291
    outer loop
      vertex 104.913 -79.3806 30.0614
      vertex 103.88 -81.1804 29.8863
      vertex 104.145 -81.3103 29.8736
    endloop
  endfacet
  facet normal -2.27833e-05 -0.0968364 0.9953
    outer loop
      vertex 103.59 -81.083 29.8957
      vertex 104.294 -79.1704 30.0818
      vertex 103.653 -79.0428 30.0942
    endloop
  endfacet
  facet normal -0.000304858 -0.0967446 0.995309
    outer loop
      vertex 104.294 -79.1704 30.0818
      vertex 103.601 -81.0859 29.8954
      vertex 103.88 -81.1804 29.8863
    endloop
  endfacet
  facet normal 0.00371651 -0.0981851 0.995161
    outer loop
      vertex 104.294 -79.1704 30.0818
      vertex 103.595 -81.0841 29.8956
      vertex 103.601 -81.0859 29.8954
    endloop
  endfacet
  facet normal -0.00129504 -0.0963724 0.995345
    outer loop
      vertex 104.294 -79.1704 30.0818
      vertex 103.59 -81.083 29.8957
      vertex 103.595 -81.0841 29.8956
    endloop
  endfacet
  facet normal 8.53901e-05 -0.0968397 0.9953
    outer loop
      vertex 103.653 -79.0428 30.0942
      vertex 103.3 -81.0257 29.9013
      vertex 103.59 -81.083 29.8957
    endloop
  endfacet
  facet normal 5.47515e-05 -0.0968343 0.995301
    outer loop
      vertex 103 -79 30.0984
      vertex 103.3 -81.0257 29.9013
      vertex 103.653 -79.0428 30.0942
    endloop
  endfacet
  facet normal -2.36988e-05 -0.0968458 0.995299
    outer loop
      vertex 103 -79 30.0984
      vertex 103 -81.0061 29.9032
      vertex 103.3 -81.0257 29.9013
    endloop
  endfacet
  facet normal 2.36988e-05 -0.0968458 0.995299
    outer loop
      vertex 103 -79 30.0984
      vertex 102.7 -81.0257 29.9013
      vertex 103 -81.0061 29.9032
    endloop
  endfacet
  facet normal -5.47515e-05 -0.0968343 0.995301
    outer loop
      vertex 102.347 -79.0428 30.0942
      vertex 102.7 -81.0257 29.9013
      vertex 103 -79 30.0984
    endloop
  endfacet
  facet normal -8.53901e-05 -0.0968397 0.9953
    outer loop
      vertex 102.7 -81.0257 29.9013
      vertex 102.347 -79.0428 30.0942
      vertex 102.41 -81.083 29.8957
    endloop
  endfacet
  facet normal 2.27833e-05 -0.0968364 0.9953
    outer loop
      vertex 101.706 -79.1704 30.0818
      vertex 102.41 -81.083 29.8957
      vertex 102.347 -79.0428 30.0942
    endloop
  endfacet
  facet normal 0.00129504 -0.0963724 0.995345
    outer loop
      vertex 102.41 -81.083 29.8957
      vertex 101.706 -79.1704 30.0818
      vertex 102.405 -81.0841 29.8956
    endloop
  endfacet
  facet normal -0.00371651 -0.0981851 0.995161
    outer loop
      vertex 102.405 -81.0841 29.8956
      vertex 101.706 -79.1704 30.0818
      vertex 102.399 -81.0859 29.8954
    endloop
  endfacet
  facet normal 0.000304858 -0.0967446 0.995309
    outer loop
      vertex 102.399 -81.0859 29.8954
      vertex 101.706 -79.1704 30.0818
      vertex 102.12 -81.1804 29.8863
    endloop
  endfacet
  facet normal 6.73648e-05 -0.0967931 0.995305
    outer loop
      vertex 101.087 -79.3806 30.0614
      vertex 102.12 -81.1804 29.8863
      vertex 101.706 -79.1704 30.0818
    endloop
  endfacet
  facet normal -0.000182354 -0.0969351 0.995291
    outer loop
      vertex 102.12 -81.1804 29.8863
      vertex 101.087 -79.3806 30.0614
      vertex 101.855 -81.3103 29.8736
    endloop
  endfacet
  facet normal 0.00719088 -0.0940253 0.995544
    outer loop
      vertex 101.855 -81.3103 29.8736
      vertex 101.087 -79.3806 30.0614
      vertex 101.85 -81.3128 29.8734
    endloop
  endfacet
  facet normal 0.00025987 -0.0967394 0.99531
    outer loop
      vertex 101.85 -81.3128 29.8734
      vertex 101.087 -79.3806 30.0614
      vertex 101.845 -81.3159 29.8731
    endloop
  endfacet
  facet normal -7.36351e-05 -0.0968688 0.995297
    outer loop
      vertex 100.5 -79.6699 30.0332
      vertex 101.845 -81.3159 29.8731
      vertex 101.087 -79.3806 30.0614
    endloop
  endfacet
  facet normal -4.32532e-05 -0.0968442 0.9953
    outer loop
      vertex 101.845 -81.3159 29.8731
      vertex 100.5 -79.6699 30.0332
      vertex 101.6 -81.4792 29.8572
    endloop
  endfacet
  facet normal 5.21635e-05 -0.0967868 0.995305
    outer loop
      vertex 99.9562 -80.0332 29.9979
      vertex 101.6 -81.4792 29.8572
      vertex 100.5 -79.6699 30.0332
    endloop
  endfacet
  facet normal 1.67798e-05 -0.0968266 0.995301
    outer loop
      vertex 101.6 -81.4792 29.8572
      vertex 99.9562 -80.0332 29.9979
      vertex 101.374 -81.6766 29.838
    endloop
  endfacet
  facet normal 4.66703e-06 -0.096837 0.9953
    outer loop
      vertex 101.374 -81.6766 29.838
      vertex 99.9562 -80.0332 29.9979
      vertex 101.175 -81.9017 29.8161
    endloop
  endfacet
  facet normal -4.59333e-05 -0.0968697 0.995297
    outer loop
      vertex 99.4645 -80.4645 29.9559
      vertex 101.175 -81.9017 29.8161
      vertex 99.9562 -80.0332 29.9979
    endloop
  endfacet
  facet normal -0.00495623 -0.102656 0.994705
    outer loop
      vertex 101.175 -81.9017 29.8161
      vertex 99.4645 -80.4645 29.9559
      vertex 101.172 -81.9064 29.8156
    endloop
  endfacet
  facet normal -6.3849e-05 -0.0969197 0.995292
    outer loop
      vertex 101.172 -81.9064 29.8156
      vertex 99.4645 -80.4645 29.9559
      vertex 101.008 -82.1507 29.7918
    endloop
  endfacet
  facet normal 5.86722e-05 -0.0968086 0.995303
    outer loop
      vertex 99.0332 -80.9562 29.9081
      vertex 101.008 -82.1507 29.7918
      vertex 99.4645 -80.4645 29.9559
    endloop
  endfacet
  facet normal 9.70053e-05 -0.0967458 0.995309
    outer loop
      vertex 101.008 -82.1507 29.7918
      vertex 99.0332 -80.9562 29.9081
      vertex 100.878 -82.4142 29.7662
    endloop
  endfacet
  facet normal 0.00108198 -0.0943272 0.995541
    outer loop
      vertex 100.875 -82.4193 29.7657
      vertex 98.6699 -81.5 29.8552
      vertex 100.873 -82.4246 29.7652
    endloop
  endfacet
  facet normal -0.00022742 -0.0974389 0.995241
    outer loop
      vertex 100.878 -82.4142 29.7662
      vertex 98.6699 -81.5 29.8552
      vertex 100.875 -82.4193 29.7657
    endloop
  endfacet
  facet normal 2.40369e-05 -0.0968373 0.9953
    outer loop
      vertex 98.6699 -81.5 29.8552
      vertex 100.878 -82.4142 29.7662
      vertex 99.0332 -80.9562 29.9081
    endloop
  endfacet
  facet normal -0.00019687 -0.0967347 0.99531
    outer loop
      vertex 105.281 83.6219 45.9211
      vertex 110 92.5 46.7849
      vertex 105.3 83.9151 45.9496
    endloop
  endfacet
  facet normal -0.0145769 -0.0889225 0.995932
    outer loop
      vertex 110 92.5 46.7849
      vertex 105.3 83.9207 45.9501
      vertex 105.3 83.9151 45.9496
    endloop
  endfacet
  facet normal 0.000388329 -0.0970573 0.995279
    outer loop
      vertex 110 92.5 46.7849
      vertex 105.28 84.2139 45.9787
      vertex 105.3 83.9207 45.9501
    endloop
  endfacet
  facet normal -0.000138757 -0.0967599 0.995308
    outer loop
      vertex 110 92.5 46.7849
      vertex 105.223 84.502 46.0067
      vertex 105.28 84.2139 45.9787
    endloop
  endfacet
  facet normal -0.0102857 -0.0907493 0.995821
    outer loop
      vertex 110 92.5 46.7849
      vertex 105.222 84.5076 46.0072
      vertex 105.223 84.502 46.0067
    endloop
  endfacet
  facet normal 0.0162126 -0.106432 0.994188
    outer loop
      vertex 110 92.5 46.7849
      vertex 105.22 84.5129 46.0078
      vertex 105.222 84.5076 46.0072
    endloop
  endfacet
  facet normal -0.000256157 -0.0966853 0.995315
    outer loop
      vertex 110 92.5 46.7849
      vertex 105.125 84.7911 46.0348
      vertex 105.22 84.5129 46.0078
    endloop
  endfacet
  facet normal 0.000202742 -0.0969727 0.995287
    outer loop
      vertex 110 92.5 46.7849
      vertex 104.994 85.0546 46.0605
      vertex 105.125 84.7911 46.0348
    endloop
  endfacet
  facet normal 0.000695817 -0.0973011 0.995255
    outer loop
      vertex 110 92.5 46.7849
      vertex 104.992 85.0597 46.061
      vertex 104.994 85.0546 46.0605
    endloop
  endfacet
  facet normal -0.000209216 -0.0966977 0.995314
    outer loop
      vertex 110 92.5 46.7849
      vertex 104.828 85.304 46.0847
      vertex 104.992 85.0597 46.061
    endloop
  endfacet
  facet normal 0.00665553 -0.101582 0.994805
    outer loop
      vertex 110 92.5 46.7849
      vertex 104.825 85.3087 46.0852
      vertex 104.828 85.304 46.0847
    endloop
  endfacet
  facet normal -0.00122639 -0.0959664 0.995384
    outer loop
      vertex 110 92.5 46.7849
      vertex 104.821 85.3129 46.0856
      vertex 104.825 85.3087 46.0852
    endloop
  endfacet
  facet normal 1.84864e-05 -0.0968552 0.995298
    outer loop
      vertex 110 92.5 46.7849
      vertex 104.626 85.5338 46.1071
      vertex 104.821 85.3129 46.0856
    endloop
  endfacet
  facet normal -1.76309e-05 -0.0968276 0.995301
    outer loop
      vertex 110 92.5 46.7849
      vertex 104.4 85.7312 46.1263
      vertex 104.626 85.5338 46.1071
    endloop
  endfacet
  facet normal -0.00147839 -0.0956302 0.995416
    outer loop
      vertex 110 92.5 46.7849
      vertex 104.395 85.7344 46.1266
      vertex 104.4 85.7312 46.1263
    endloop
  endfacet
  facet normal 5.35816e-05 -0.0968877 0.995295
    outer loop
      vertex 110 92.5 46.7849
      vertex 104.15 85.8976 46.1425
      vertex 104.395 85.7344 46.1266
    endloop
  endfacet
  facet normal 4.5616e-05 -0.0968807 0.995296
    outer loop
      vertex 110 92.5 46.7849
      vertex 103.88 86.03 46.1554
      vertex 104.15 85.8976 46.1425
    endloop
  endfacet
  facet normal -0.000184006 -0.0966655 0.995317
    outer loop
      vertex 110 92.5 46.7849
      vertex 103.595 86.1263 46.1647
      vertex 103.88 86.03 46.1554
    endloop
  endfacet
  facet normal 4.87472e-05 -0.0968972 0.995294
    outer loop
      vertex 110 92.5 46.7849
      vertex 103.3 86.1847 46.1704
      vertex 103.595 86.1263 46.1647
    endloop
  endfacet
  facet normal 1.06425e-05 -0.0968572 0.995298
    outer loop
      vertex 99.652 87.7 46.3179
      vertex 103.3 86.1847 46.1704
      vertex 110 92.5 46.7849
    endloop
  endfacet
  facet normal 0.000124781 -0.096585 0.995325
    outer loop
      vertex 103.3 86.1847 46.1704
      vertex 99.652 87.7 46.3179
      vertex 103.006 86.2039 46.1723
    endloop
  endfacet
  facet normal -0.00757836 -0.113675 0.993489
    outer loop
      vertex 103.006 86.2039 46.1723
      vertex 99.652 87.7 46.3179
      vertex 103 86.2043 46.1723
    endloop
  endfacet
  facet normal 0.00562678 -0.0844017 0.996416
    outer loop
      vertex 103 86.2043 46.1723
      vertex 99.652 87.7 46.3179
      vertex 102.994 86.2039 46.1723
    endloop
  endfacet
  facet normal -9.29482e-05 -0.0970678 0.995278
    outer loop
      vertex 102.994 86.2039 46.1723
      vertex 99.652 87.7 46.3179
      vertex 102.7 86.1847 46.1704
    endloop
  endfacet
  facet normal -3.69601e-05 -0.0969562 0.995289
    outer loop
      vertex 102.7 86.1847 46.1704
      vertex 99.652 87.7 46.3179
      vertex 102.405 86.1263 46.1647
    endloop
  endfacet
  facet normal 0.000164232 -0.0966075 0.995323
    outer loop
      vertex 102.405 86.1263 46.1647
      vertex 99.652 87.7 46.3179
      vertex 102.12 86.03 46.1554
    endloop
  endfacet
  facet normal -3.58359e-05 -0.0969004 0.995294
    outer loop
      vertex 102.12 86.03 46.1554
      vertex 99.652 87.7 46.3179
      vertex 101.85 85.8976 46.1425
    endloop
  endfacet
  facet normal -4.08911e-05 -0.0969065 0.995293
    outer loop
      vertex 101.85 85.8976 46.1425
      vertex 99.652 87.7 46.3179
      vertex 101.605 85.7344 46.1266
    endloop
  endfacet
  facet normal 2.51196e-05 -0.096836 0.9953
    outer loop
      vertex 99.4645 87.5355 46.3019
      vertex 101.374 85.5338 46.1071
      vertex 99.652 87.7 46.3179
    endloop
  endfacet
  facet normal -1.81391e-05 -0.0968555 0.995298
    outer loop
      vertex 101.374 85.5338 46.1071
      vertex 99.0332 87.0438 46.254
      vertex 101.179 85.3129 46.0856
    endloop
  endfacet
  facet normal -0.00483222 -0.102734 0.994697
    outer loop
      vertex 101.175 85.3087 46.0852
      vertex 99.0332 87.0438 46.254
      vertex 101.172 85.304 46.0847
    endloop
  endfacet
  facet normal 0.000112573 -0.0966334 0.99532
    outer loop
      vertex 101.172 85.304 46.0847
      vertex 98.6699 86.5 46.2011
      vertex 101.008 85.0597 46.061
    endloop
  endfacet
  facet normal -3.13752e-05 -0.0968674 0.995297
    outer loop
      vertex 98.3806 85.9134 46.144
      vertex 101.006 85.0546 46.0605
      vertex 98.6699 86.5 46.2011
    endloop
  endfacet
  facet normal 3.63873e-05 -0.0967627 0.995307
    outer loop
      vertex 98.1704 85.2941 46.0838
      vertex 100.875 84.7911 46.0348
      vertex 98.3806 85.9134 46.144
    endloop
  endfacet
  facet normal -6.0465e-05 -0.0967991 0.995304
    outer loop
      vertex 101.605 82.0958 45.7726
      vertex 99.9562 80.0332 45.5719
      vertex 100.5 79.6699 45.5366
    endloop
  endfacet
  facet normal 6.31867e-05 -0.09662 0.995321
    outer loop
      vertex 100.875 84.7911 46.0348
      vertex 98.1704 85.2941 46.0838
      vertex 100.78 84.5129 46.0078
    endloop
  endfacet
  facet normal -0.00425593 -0.110902 0.993822
    outer loop
      vertex 100.78 84.5129 46.0078
      vertex 98.1704 85.2941 46.0838
      vertex 100.778 84.5076 46.0072
    endloop
  endfacet
  facet normal -8.52732e-05 -0.0970306 0.995281
    outer loop
      vertex 101.006 85.0546 46.0605
      vertex 98.3806 85.9134 46.144
      vertex 100.875 84.7911 46.0348
    endloop
  endfacet
  facet normal -0.000379142 -0.0974241 0.995243
    outer loop
      vertex 101.008 85.0597 46.061
      vertex 98.6699 86.5 46.2011
      vertex 101.006 85.0546 46.0605
    endloop
  endfacet
  facet normal 1.65888e-05 -0.0968324 0.995301
    outer loop
      vertex 98.6699 86.5 46.2011
      vertex 101.172 85.304 46.0847
      vertex 99.0332 87.0438 46.254
    endloop
  endfacet
  facet normal 0.000931951 -0.0956886 0.995411
    outer loop
      vertex 101.179 85.3129 46.0856
      vertex 99.0332 87.0438 46.254
      vertex 101.175 85.3087 46.0852
    endloop
  endfacet
  facet normal -5.42701e-05 -0.096911 0.995293
    outer loop
      vertex 99.0332 87.0438 46.254
      vertex 101.374 85.5338 46.1071
      vertex 99.4645 87.5355 46.3019
    endloop
  endfacet
  facet normal 2.5054e-05 -0.096836 0.9953
    outer loop
      vertex 101.6 85.7312 46.1263
      vertex 99.652 87.7 46.3179
      vertex 101.374 85.5338 46.1071
    endloop
  endfacet
  facet normal 0.00139183 -0.0954962 0.995429
    outer loop
      vertex 101.605 85.7344 46.1266
      vertex 99.652 87.7 46.3179
      vertex 101.6 85.7312 46.1263
    endloop
  endfacet
  facet normal 0 -0.0968344 0.995301
    outer loop
      vertex 110 92.5 46.7849
      vertex -99.652 87.7 46.3179
      vertex 99.652 87.7 46.3179
    endloop
  endfacet
  facet normal -0.00295192 -0.109351 0.993999
    outer loop
      vertex -100.78 83.3172 45.8914
      vertex -98.1704 82.7059 45.8319
      vertex -100.778 83.3226 45.892
    endloop
  endfacet
  facet normal 2.74354e-05 -0.0967597 0.995308
    outer loop
      vertex -98.1704 82.7059 45.8319
      vertex -100.78 83.3172 45.8914
      vertex -98.3806 82.0866 45.7717
    endloop
  endfacet
  facet normal -1.92334e-05 -0.096965 0.995288
    outer loop
      vertex -98.0428 83.3474 45.8944
      vertex -100.721 83.6107 45.92
      vertex -98.1704 82.7059 45.8319
    endloop
  endfacet
  facet normal 0.000764255 -0.0890673 0.996025
    outer loop
      vertex -100.721 83.6107 45.92
      vertex -98.0428 83.3474 45.8944
      vertex -100.72 83.6163 45.9205
    endloop
  endfacet
  facet normal -2.28358e-05 -0.0967372 0.99531
    outer loop
      vertex -98.0428 84.6526 46.0214
      vertex -100.777 84.502 46.0067
      vertex -100.72 84.2139 45.9787
    endloop
  endfacet
  facet normal -0.00231119 -0.0893411 0.995998
    outer loop
      vertex -98.1704 85.2941 46.0838
      vertex -100.778 84.5076 46.0072
      vertex -100.777 84.502 46.0067
    endloop
  endfacet
  facet normal 0.00425593 -0.110902 0.993822
    outer loop
      vertex -98.1704 85.2941 46.0838
      vertex -100.78 84.5129 46.0078
      vertex -100.778 84.5076 46.0072
    endloop
  endfacet
  facet normal -6.31867e-05 -0.09662 0.995321
    outer loop
      vertex -98.1704 85.2941 46.0838
      vertex -100.875 84.7911 46.0348
      vertex -100.78 84.5129 46.0078
    endloop
  endfacet
  facet normal 8.52732e-05 -0.0970306 0.995281
    outer loop
      vertex -98.3806 85.9134 46.144
      vertex -101.006 85.0546 46.0605
      vertex -100.875 84.7911 46.0348
    endloop
  endfacet
  facet normal 0.000379142 -0.0974241 0.995243
    outer loop
      vertex -98.6699 86.5 46.2011
      vertex -101.008 85.0597 46.061
      vertex -101.006 85.0546 46.0605
    endloop
  endfacet
  facet normal -0.000112573 -0.0966334 0.99532
    outer loop
      vertex -98.6699 86.5 46.2011
      vertex -101.172 85.304 46.0847
      vertex -101.008 85.0597 46.061
    endloop
  endfacet
  facet normal 0.00483222 -0.102734 0.994697
    outer loop
      vertex -99.0332 87.0438 46.254
      vertex -101.175 85.3087 46.0852
      vertex -101.172 85.304 46.0847
    endloop
  endfacet
  facet normal -0.000931951 -0.0956886 0.995411
    outer loop
      vertex -99.0332 87.0438 46.254
      vertex -101.179 85.3129 46.0856
      vertex -101.175 85.3087 46.0852
    endloop
  endfacet
  facet normal 1.81391e-05 -0.0968555 0.995298
    outer loop
      vertex -99.0332 87.0438 46.254
      vertex -101.374 85.5338 46.1071
      vertex -101.179 85.3129 46.0856
    endloop
  endfacet
  facet normal -2.5054e-05 -0.096836 0.9953
    outer loop
      vertex -99.652 87.7 46.3179
      vertex -101.6 85.7312 46.1263
      vertex -101.374 85.5338 46.1071
    endloop
  endfacet
  facet normal -0.00139183 -0.0954962 0.995429
    outer loop
      vertex -99.652 87.7 46.3179
      vertex -101.605 85.7344 46.1266
      vertex -101.6 85.7312 46.1263
    endloop
  endfacet
  facet normal 4.08911e-05 -0.0969065 0.995293
    outer loop
      vertex -99.652 87.7 46.3179
      vertex -101.85 85.8976 46.1425
      vertex -101.605 85.7344 46.1266
    endloop
  endfacet
  facet normal 3.58359e-05 -0.0969004 0.995294
    outer loop
      vertex -99.652 87.7 46.3179
      vertex -102.12 86.03 46.1554
      vertex -101.85 85.8976 46.1425
    endloop
  endfacet
  facet normal -0.000164232 -0.0966075 0.995323
    outer loop
      vertex -99.652 87.7 46.3179
      vertex -102.405 86.1263 46.1647
      vertex -102.12 86.03 46.1554
    endloop
  endfacet
  facet normal 3.69601e-05 -0.0969562 0.995289
    outer loop
      vertex -99.652 87.7 46.3179
      vertex -102.7 86.1847 46.1704
      vertex -102.405 86.1263 46.1647
    endloop
  endfacet
  facet normal 9.29482e-05 -0.0970678 0.995278
    outer loop
      vertex -99.652 87.7 46.3179
      vertex -102.994 86.2039 46.1723
      vertex -102.7 86.1847 46.1704
    endloop
  endfacet
  facet normal -0.00562678 -0.0844017 0.996416
    outer loop
      vertex -99.652 87.7 46.3179
      vertex -103 86.2043 46.1723
      vertex -102.994 86.2039 46.1723
    endloop
  endfacet
  facet normal 0.00757836 -0.113675 0.993489
    outer loop
      vertex -99.652 87.7 46.3179
      vertex -103.006 86.2039 46.1723
      vertex -103 86.2043 46.1723
    endloop
  endfacet
  facet normal -0.000124781 -0.096585 0.995325
    outer loop
      vertex -99.652 87.7 46.3179
      vertex -103.3 86.1847 46.1704
      vertex -103.006 86.2039 46.1723
    endloop
  endfacet
  facet normal -1.06425e-05 -0.0968572 0.995298
    outer loop
      vertex -110 92.5 46.7849
      vertex -103.3 86.1847 46.1704
      vertex -99.652 87.7 46.3179
    endloop
  endfacet
  facet normal -4.87472e-05 -0.0968972 0.995294
    outer loop
      vertex -103.3 86.1847 46.1704
      vertex -110 92.5 46.7849
      vertex -103.595 86.1263 46.1647
    endloop
  endfacet
  facet normal -5.35816e-05 -0.0968877 0.995295
    outer loop
      vertex -110 92.5 46.7849
      vertex -104.395 85.7344 46.1266
      vertex -104.15 85.8976 46.1425
    endloop
  endfacet
  facet normal -1.84864e-05 -0.0968552 0.995298
    outer loop
      vertex -110 92.5 46.7849
      vertex -104.821 85.3129 46.0856
      vertex -104.626 85.5338 46.1071
    endloop
  endfacet
  facet normal -0.00665553 -0.101582 0.994805
    outer loop
      vertex -110 92.5 46.7849
      vertex -104.828 85.304 46.0847
      vertex -104.825 85.3087 46.0852
    endloop
  endfacet
  facet normal -0.000695817 -0.0973011 0.995255
    outer loop
      vertex -110 92.5 46.7849
      vertex -104.994 85.0546 46.0605
      vertex -104.992 85.0597 46.061
    endloop
  endfacet
  facet normal -0.000388329 -0.0970573 0.995279
    outer loop
      vertex -110 92.5 46.7849
      vertex -105.3 83.9207 45.9501
      vertex -105.28 84.2139 45.9787
    endloop
  endfacet
  facet normal 0.000565283 -0.0971217 0.995272
    outer loop
      vertex -105.28 -82.9965 29.7096
      vertex -110 -92.5 28.7849
      vertex -105.3 -83.2897 29.681
    endloop
  endfacet
  facet normal 0.0145769 -0.0889225 0.995932
    outer loop
      vertex -105.3 83.9207 45.9501
      vertex -110 92.5 46.7849
      vertex -105.3 83.9151 45.9496
    endloop
  endfacet
  facet normal 0.000138757 -0.0967599 0.995308
    outer loop
      vertex -105.223 84.502 46.0067
      vertex -110 92.5 46.7849
      vertex -105.28 84.2139 45.9787
    endloop
  endfacet
  facet normal 0.0102857 -0.0907493 0.995821
    outer loop
      vertex -105.222 84.5076 46.0072
      vertex -110 92.5 46.7849
      vertex -105.223 84.502 46.0067
    endloop
  endfacet
  facet normal -0.0162126 -0.106432 0.994188
    outer loop
      vertex -105.22 84.5129 46.0078
      vertex -110 92.5 46.7849
      vertex -105.222 84.5076 46.0072
    endloop
  endfacet
  facet normal 0.000256157 -0.0966853 0.995315
    outer loop
      vertex -105.125 84.7911 46.0348
      vertex -110 92.5 46.7849
      vertex -105.22 84.5129 46.0078
    endloop
  endfacet
  facet normal -0.000202742 -0.0969727 0.995287
    outer loop
      vertex -104.994 85.0546 46.0605
      vertex -110 92.5 46.7849
      vertex -105.125 84.7911 46.0348
    endloop
  endfacet
  facet normal 0.000209216 -0.0966977 0.995314
    outer loop
      vertex -104.828 85.304 46.0847
      vertex -110 92.5 46.7849
      vertex -104.992 85.0597 46.061
    endloop
  endfacet
  facet normal 0.00122639 -0.0959664 0.995384
    outer loop
      vertex -104.821 85.3129 46.0856
      vertex -110 92.5 46.7849
      vertex -104.825 85.3087 46.0852
    endloop
  endfacet
  facet normal 1.76309e-05 -0.0968276 0.995301
    outer loop
      vertex -104.4 85.7312 46.1263
      vertex -110 92.5 46.7849
      vertex -104.626 85.5338 46.1071
    endloop
  endfacet
  facet normal 0.00147839 -0.0956302 0.995416
    outer loop
      vertex -104.395 85.7344 46.1266
      vertex -110 92.5 46.7849
      vertex -104.4 85.7312 46.1263
    endloop
  endfacet
  facet normal -4.5616e-05 -0.0968807 0.995296
    outer loop
      vertex -103.88 86.03 46.1554
      vertex -110 92.5 46.7849
      vertex -104.15 85.8976 46.1425
    endloop
  endfacet
  facet normal 0.000184006 -0.0966655 0.995317
    outer loop
      vertex -103.595 86.1263 46.1647
      vertex -110 92.5 46.7849
      vertex -103.88 86.03 46.1554
    endloop
  endfacet
  facet normal 0 -0.0968344 0.995301
    outer loop
      vertex -110 92.5 46.7849
      vertex -99.652 87.7 46.3179
      vertex 110 92.5 46.7849
    endloop
  endfacet
  facet normal -7.8983e-06 -0.09684 0.9953
    outer loop
      vertex 105.3 -83.2897 29.681
      vertex 110 -92.5 28.7849
      vertex 110 92.5 46.7849
    endloop
  endfacet
  facet normal -0.0191672 -0.106514 0.994126
    outer loop
      vertex 105.3 -83.3009 29.6799
      vertex 110 -92.5 28.7849
      vertex 105.3 -83.2953 29.6805
    endloop
  endfacet
  facet normal 0.000152703 -0.0967576 0.995308
    outer loop
      vertex 105.28 -83.5941 29.6514
      vertex 110 -92.5 28.7849
      vertex 105.3 -83.3009 29.6799
    endloop
  endfacet
  facet normal -0.000113866 -0.0968976 0.995294
    outer loop
      vertex 105.222 -83.8878 29.6228
      vertex 110 -92.5 28.7849
      vertex 105.28 -83.5941 29.6514
    endloop
  endfacet
  facet normal 0.000266224 -0.0966887 0.995315
    outer loop
      vertex 105.127 -84.166 29.5958
      vertex 110 -92.5 28.7849
      vertex 105.222 -83.8878 29.6228
    endloop
  endfacet
  facet normal -0.0164384 -0.106347 0.994193
    outer loop
      vertex 105.125 -84.1713 29.5952
      vertex 110 -92.5 28.7849
      vertex 105.127 -84.166 29.5958
    endloop
  endfacet
  facet normal 0.0160059 -0.0875355 0.996033
    outer loop
      vertex 105.122 -84.1764 29.5948
      vertex 110 -92.5 28.7849
      vertex 105.125 -84.1713 29.5952
    endloop
  endfacet
  facet normal -0.000213514 -0.0969682 0.995287
    outer loop
      vertex 104.992 -84.4399 29.5691
      vertex 110 -92.5 28.7849
      vertex 105.122 -84.1764 29.5948
    endloop
  endfacet
  facet normal 8.11359e-05 -0.0967869 0.995305
    outer loop
      vertex 104.825 -84.6889 29.5449
      vertex 110 -92.5 28.7849
      vertex 104.992 -84.4399 29.5691
    endloop
  endfacet
  facet normal 4.72523e-06 -0.096837 0.9953
    outer loop
      vertex 104.626 -84.914 29.523
      vertex 110 -92.5 28.7849
      vertex 104.825 -84.6889 29.5449
    endloop
  endfacet
  facet normal -0.000148079 -0.0969443 0.99529
    outer loop
      vertex 104.404 -85.1077 29.5041
      vertex 110 -92.5 28.7849
      vertex 104.626 -84.914 29.523
    endloop
  endfacet
  facet normal 0.00878228 -0.0902415 0.995881
    outer loop
      vertex 104.4 -85.1114 29.5038
      vertex 110 -92.5 28.7849
      vertex 104.404 -85.1077 29.5041
    endloop
  endfacet
  facet normal -3.00888e-05 -0.0968638 0.995298
    outer loop
      vertex 104.155 -85.2747 29.4879
      vertex 110 -92.5 28.7849
      vertex 104.4 -85.1114 29.5038
    endloop
  endfacet
  facet normal 0.000214857 -0.0966675 0.995317
    outer loop
      vertex 104.15 -85.2778 29.4876
      vertex 110 -92.5 28.7849
      vertex 104.155 -85.2747 29.4879
    endloop
  endfacet
  facet normal -4.70883e-05 -0.0968777 0.995296
    outer loop
      vertex 103.88 -85.4102 29.4747
      vertex 110 -92.5 28.7849
      vertex 104.15 -85.2778 29.4876
    endloop
  endfacet
  facet normal -8.25156e-05 -0.096908 0.995293
    outer loop
      vertex 103.595 -85.5065 29.4653
      vertex 110 -92.5 28.7849
      vertex 103.88 -85.4102 29.4747
    endloop
  endfacet
  facet normal 0.000233506 -0.0966213 0.995321
    outer loop
      vertex 103.3 -85.5649 29.4597
      vertex 110 -92.5 28.7849
      vertex 103.595 -85.5065 29.4653
    endloop
  endfacet
  facet normal -0.0141087 -0.0729508 0.997236
    outer loop
      vertex 99.652 -87.7 29.2519
      vertex 103.3 -85.5649 29.4597
      vertex 103.295 -85.5653 29.4596
    endloop
  endfacet
  facet normal -0.000121065 -0.0966351 0.99532
    outer loop
      vertex 99.652 -87.7 29.2519
      vertex 103.295 -85.5653 29.4596
      vertex 103 -85.5845 29.4577
    endloop
  endfacet
  facet normal 9.84509e-05 -0.0969792 0.995286
    outer loop
      vertex 99.652 -87.7 29.2519
      vertex 103 -85.5845 29.4577
      vertex 102.705 -85.5653 29.4596
    endloop
  endfacet
  facet normal 0.0108921 -0.112254 0.99362
    outer loop
      vertex 99.652 -87.7 29.2519
      vertex 102.705 -85.5653 29.4596
      vertex 102.7 -85.5649 29.4597
    endloop
  endfacet
  facet normal -0.000220489 -0.0965561 0.995328
    outer loop
      vertex 99.652 -87.7 29.2519
      vertex 102.7 -85.5649 29.4597
      vertex 102.405 -85.5065 29.4653
    endloop
  endfacet
  facet normal 7.65591e-05 -0.0969255 0.995292
    outer loop
      vertex 99.652 -87.7 29.2519
      vertex 102.405 -85.5065 29.4653
      vertex 102.12 -85.4102 29.4747
    endloop
  endfacet
  facet normal 4.18125e-05 -0.0968884 0.995295
    outer loop
      vertex 99.652 -87.7 29.2519
      vertex 102.12 -85.4102 29.4747
      vertex 101.85 -85.2778 29.4876
    endloop
  endfacet
  facet normal -0.000210899 -0.0966612 0.995317
    outer loop
      vertex 99.652 -87.7 29.2519
      vertex 101.85 -85.2778 29.4876
      vertex 101.845 -85.2747 29.4879
    endloop
  endfacet
  facet normal 2.45293e-05 -0.0968721 0.995297
    outer loop
      vertex 99.652 -87.7 29.2519
      vertex 101.845 -85.2747 29.4879
      vertex 101.6 -85.1114 29.5038
    endloop
  endfacet
  facet normal -0.00881501 -0.0902766 0.995878
    outer loop
      vertex 99.652 -87.7 29.2519
      vertex 101.6 -85.1114 29.5038
      vertex 101.596 -85.1077 29.5041
    endloop
  endfacet
  facet normal 0.000149841 -0.0969423 0.99529
    outer loop
      vertex 99.652 -87.7 29.2519
      vertex 101.596 -85.1077 29.5041
      vertex 101.374 -84.914 29.523
    endloop
  endfacet
  facet normal -0.0200855 -0.0899128 0.995747
    outer loop
      vertex 99.652 -87.7 29.2519
      vertex 100.878 -84.1764 29.5948
      vertex 100.875 -84.1713 29.5952
    endloop
  endfacet
  facet normal -0.000375747 -0.0967257 0.995311
    outer loop
      vertex 99.652 -87.7 29.2519
      vertex 100.873 -84.166 29.5958
      vertex 100.778 -83.8878 29.6228
    endloop
  endfacet
  facet normal 8.11212e-05 -0.0966 0.995323
    outer loop
      vertex 100.778 -82.7028 29.7381
      vertex 98.3806 -82.0866 29.7981
      vertex 100.72 -82.9965 29.7096
    endloop
  endfacet
  facet normal -2.65036e-05 -0.0969441 0.99529
    outer loop
      vertex 100.873 -82.4246 29.7652
      vertex 98.6699 -81.5 29.8552
      vertex 100.778 -82.7028 29.7381
    endloop
  endfacet
  facet normal 6.89668e-06 -0.0968861 0.995295
    outer loop
      vertex 98.3806 -82.0866 29.7981
      vertex 100.778 -82.7028 29.7381
      vertex 98.6699 -81.5 29.8552
    endloop
  endfacet
  facet normal -3.57566e-05 -0.0968977 0.995294
    outer loop
      vertex 98.1704 -82.7059 29.7378
      vertex 100.72 -82.9965 29.7096
      vertex 98.3806 -82.0866 29.7981
    endloop
  endfacet
  facet normal 0.000172414 -0.0968861 0.995295
    outer loop
      vertex 100.72 -83.5941 29.6514
      vertex 99.652 -87.7 29.2519
      vertex 100.778 -83.8878 29.6228
    endloop
  endfacet
  facet normal 0.0218648 -0.104312 0.994304
    outer loop
      vertex 100.873 -84.166 29.5958
      vertex 99.652 -87.7 29.2519
      vertex 100.875 -84.1713 29.5952
    endloop
  endfacet
  facet normal 0.000257857 -0.0969466 0.99529
    outer loop
      vertex 100.878 -84.1764 29.5948
      vertex 99.652 -87.7 29.2519
      vertex 101.008 -84.4399 29.5691
    endloop
  endfacet
  facet normal -9.97244e-05 -0.0967992 0.995304
    outer loop
      vertex 99.652 -87.7 29.2519
      vertex 101.175 -84.6889 29.5449
      vertex 101.008 -84.4399 29.5691
    endloop
  endfacet
  facet normal -1.18438e-05 -0.0968433 0.9953
    outer loop
      vertex 99.652 -87.7 29.2519
      vertex 101.374 -84.914 29.523
      vertex 101.175 -84.6889 29.5449
    endloop
  endfacet
  facet normal -8.75313e-06 -0.0968531 0.995299
    outer loop
      vertex 103.3 -85.5649 29.4597
      vertex 99.652 -87.7 29.2519
      vertex 110 -92.5 28.7849
    endloop
  endfacet
  facet normal 0 -0.0968344 0.995301
    outer loop
      vertex -99.652 -87.7 29.2519
      vertex 110 -92.5 28.7849
      vertex 99.652 -87.7 29.2519
    endloop
  endfacet
  facet normal -5.21635e-05 -0.0967868 0.995305
    outer loop
      vertex -101.6 -81.4792 29.8572
      vertex -99.9562 -80.0332 29.9979
      vertex -100.5 -79.6699 30.0332
    endloop
  endfacet
  facet normal -0.000180415 -0.106533 0.994309
    outer loop
      vertex -98.0428 -83.3474 29.6754
      vertex -100.7 -83.2953 29.6805
      vertex -100.7 -83.3009 29.6799
    endloop
  endfacet
  facet normal -5.78655e-06 -0.0968139 0.995302
    outer loop
      vertex -98.0428 -84.6526 29.5484
      vertex -100.875 -84.1713 29.5952
      vertex -98.1704 -85.2941 29.486
    endloop
  endfacet
  facet normal -6.50073e-05 -0.0970408 0.99528
    outer loop
      vertex -101.008 -84.4399 29.5691
      vertex -98.1704 -85.2941 29.486
      vertex -100.878 -84.1764 29.5948
    endloop
  endfacet
  facet normal -2.2831e-05 -0.096902 0.995294
    outer loop
      vertex -98.1704 -85.2941 29.486
      vertex -101.008 -84.4399 29.5691
      vertex -98.3806 -85.9134 29.4257
    endloop
  endfacet
  facet normal 5.2955e-05 -0.0967682 0.995307
    outer loop
      vertex -101.175 -84.6889 29.5449
      vertex -98.3806 -85.9134 29.4257
      vertex -101.008 -84.4399 29.5691
    endloop
  endfacet
  facet normal 6.30206e-05 -0.0967454 0.995309
    outer loop
      vertex -98.3806 -85.9134 29.4257
      vertex -101.175 -84.6889 29.5449
      vertex -98.6699 -86.5 29.3687
    endloop
  endfacet
  facet normal -5.061e-07 -0.0968325 0.995301
    outer loop
      vertex -101.374 -84.914 29.523
      vertex -98.6699 -86.5 29.3687
      vertex -101.175 -84.6889 29.5449
    endloop
  endfacet
  facet normal 4.34752e-06 -0.0968243 0.995301
    outer loop
      vertex -98.6699 -86.5 29.3687
      vertex -101.374 -84.914 29.523
      vertex -99.0332 -87.0438 29.3158
    endloop
  endfacet
  facet normal -0.000127421 -0.0969677 0.995288
    outer loop
      vertex -101.596 -85.1077 29.5041
      vertex -99.0332 -87.0438 29.3158
      vertex -101.374 -84.914 29.523
    endloop
  endfacet
  facet normal -7.22445e-05 -0.0968954 0.995295
    outer loop
      vertex -99.0332 -87.0438 29.3158
      vertex -101.596 -85.1077 29.5041
      vertex -99.4645 -87.5355 29.2679
    endloop
  endfacet
  facet normal 0.00824018 -0.0896601 0.995938
    outer loop
      vertex -101.6 -85.1114 29.5038
      vertex -99.4645 -87.5355 29.2679
      vertex -101.596 -85.1077 29.5041
    endloop
  endfacet
  facet normal 2.46414e-05 -0.0968354 0.9953
    outer loop
      vertex -99.4645 -87.5355 29.2679
      vertex -101.6 -85.1114 29.5038
      vertex -99.652 -87.7 29.2519
    endloop
  endfacet
  facet normal -2.45293e-05 -0.0968721 0.995297
    outer loop
      vertex -101.845 -85.2747 29.4879
      vertex -99.652 -87.7 29.2519
      vertex -101.6 -85.1114 29.5038
    endloop
  endfacet
  facet normal 0.000210899 -0.0966612 0.995317
    outer loop
      vertex -101.85 -85.2778 29.4876
      vertex -99.652 -87.7 29.2519
      vertex -101.845 -85.2747 29.4879
    endloop
  endfacet
  facet normal -4.18125e-05 -0.0968884 0.995295
    outer loop
      vertex -102.12 -85.4102 29.4747
      vertex -99.652 -87.7 29.2519
      vertex -101.85 -85.2778 29.4876
    endloop
  endfacet
  facet normal -7.65591e-05 -0.0969255 0.995292
    outer loop
      vertex -102.405 -85.5065 29.4653
      vertex -99.652 -87.7 29.2519
      vertex -102.12 -85.4102 29.4747
    endloop
  endfacet
  facet normal 0.000220489 -0.0965561 0.995328
    outer loop
      vertex -102.7 -85.5649 29.4597
      vertex -99.652 -87.7 29.2519
      vertex -102.405 -85.5065 29.4653
    endloop
  endfacet
  facet normal -0.0108921 -0.112254 0.99362
    outer loop
      vertex -102.705 -85.5653 29.4596
      vertex -99.652 -87.7 29.2519
      vertex -102.7 -85.5649 29.4597
    endloop
  endfacet
  facet normal -9.84509e-05 -0.0969792 0.995286
    outer loop
      vertex -103 -85.5845 29.4577
      vertex -99.652 -87.7 29.2519
      vertex -102.705 -85.5653 29.4596
    endloop
  endfacet
  facet normal 0.000121065 -0.0966351 0.99532
    outer loop
      vertex -103.295 -85.5653 29.4596
      vertex -99.652 -87.7 29.2519
      vertex -103 -85.5845 29.4577
    endloop
  endfacet
  facet normal 0.0141087 -0.0729508 0.997236
    outer loop
      vertex -103.3 -85.5649 29.4597
      vertex -99.652 -87.7 29.2519
      vertex -103.295 -85.5653 29.4596
    endloop
  endfacet
  facet normal -0.000233506 -0.0966213 0.995321
    outer loop
      vertex -110 -92.5 28.7849
      vertex -103.3 -85.5649 29.4597
      vertex -103.595 -85.5065 29.4653
    endloop
  endfacet
  facet normal 8.25156e-05 -0.096908 0.995293
    outer loop
      vertex -110 -92.5 28.7849
      vertex -103.595 -85.5065 29.4653
      vertex -103.88 -85.4102 29.4747
    endloop
  endfacet
  facet normal 4.70883e-05 -0.0968777 0.995296
    outer loop
      vertex -110 -92.5 28.7849
      vertex -103.88 -85.4102 29.4747
      vertex -104.15 -85.2778 29.4876
    endloop
  endfacet
  facet normal 3.00888e-05 -0.0968638 0.995298
    outer loop
      vertex -110 -92.5 28.7849
      vertex -104.155 -85.2747 29.4879
      vertex -104.4 -85.1114 29.5038
    endloop
  endfacet
  facet normal 0.000148079 -0.0969443 0.99529
    outer loop
      vertex -110 -92.5 28.7849
      vertex -104.404 -85.1077 29.5041
      vertex -104.626 -84.914 29.523
    endloop
  endfacet
  facet normal -0.0160059 -0.0875355 0.996033
    outer loop
      vertex -110 -92.5 28.7849
      vertex -105.122 -84.1764 29.5948
      vertex -105.125 -84.1713 29.5952
    endloop
  endfacet
  facet normal -0.000266224 -0.0966887 0.995315
    outer loop
      vertex -110 -92.5 28.7849
      vertex -105.127 -84.166 29.5958
      vertex -105.222 -83.8878 29.6228
    endloop
  endfacet
  facet normal 0.0191672 -0.106514 0.994126
    outer loop
      vertex -110 -92.5 28.7849
      vertex -105.3 -83.3009 29.6799
      vertex -105.3 -83.2953 29.6805
    endloop
  endfacet
  facet normal 0 -0.0968344 0.995301
    outer loop
      vertex -99.652 -87.7 29.2519
      vertex -110 -92.5 28.7849
      vertex 110 -92.5 28.7849
    endloop
  endfacet
  facet normal 8.75313e-06 -0.0968531 0.995299
    outer loop
      vertex -103.3 -85.5649 29.4597
      vertex -110 -92.5 28.7849
      vertex -99.652 -87.7 29.2519
    endloop
  endfacet
  facet normal -0.000214857 -0.0966675 0.995317
    outer loop
      vertex -104.155 -85.2747 29.4879
      vertex -110 -92.5 28.7849
      vertex -104.15 -85.2778 29.4876
    endloop
  endfacet
  facet normal -0.00878228 -0.0902415 0.995881
    outer loop
      vertex -104.404 -85.1077 29.5041
      vertex -110 -92.5 28.7849
      vertex -104.4 -85.1114 29.5038
    endloop
  endfacet
  facet normal -4.72523e-06 -0.096837 0.9953
    outer loop
      vertex -104.825 -84.6889 29.5449
      vertex -110 -92.5 28.7849
      vertex -104.626 -84.914 29.523
    endloop
  endfacet
  facet normal -8.11359e-05 -0.0967869 0.995305
    outer loop
      vertex -104.992 -84.4399 29.5691
      vertex -110 -92.5 28.7849
      vertex -104.825 -84.6889 29.5449
    endloop
  endfacet
  facet normal 0.000213514 -0.0969682 0.995287
    outer loop
      vertex -105.122 -84.1764 29.5948
      vertex -110 -92.5 28.7849
      vertex -104.992 -84.4399 29.5691
    endloop
  endfacet
  facet normal 0.0164384 -0.106347 0.994193
    outer loop
      vertex -105.127 -84.166 29.5958
      vertex -110 -92.5 28.7849
      vertex -105.125 -84.1713 29.5952
    endloop
  endfacet
  facet normal 0.000113866 -0.0968976 0.995294
    outer loop
      vertex -105.28 -83.5941 29.6514
      vertex -110 -92.5 28.7849
      vertex -105.222 -83.8878 29.6228
    endloop
  endfacet
  facet normal -0.000152703 -0.0967576 0.995308
    outer loop
      vertex -105.3 -83.3009 29.6799
      vertex -110 -92.5 28.7849
      vertex -105.28 -83.5941 29.6514
    endloop
  endfacet
  facet normal -0.0156278 -0.0889211 0.995916
    outer loop
      vertex -105.3 -83.2897 29.681
      vertex -110 -92.5 28.7849
      vertex -105.3 -83.2953 29.6805
    endloop
  endfacet
  facet normal 1 -0 0
    outer loop
      vertex 110 -92.5 28.7849
      vertex 110 92.5 0
      vertex 110 92.5 46.7849
    endloop
  endfacet
  facet normal 1 0 0
    outer loop
      vertex 110 92.5 0
      vertex 110 -92.5 28.7849
      vertex 110 -92.5 0
    endloop
  endfacet
  facet normal 0 1 0
    outer loop
      vertex -29.9194 92.5 18.4194
      vertex -46.0432 92.5 17.4701
      vertex -46.5 92.5 17.5
    endloop
  endfacet
  facet normal 0 1 0
    outer loop
      vertex -29.9194 92.5 18.4194
      vertex -45.5941 92.5 17.3807
      vertex -46.0432 92.5 17.4701
    endloop
  endfacet
  facet normal 0 1 0
    outer loop
      vertex -29.9194 92.5 18.4194
      vertex -45.1606 92.5 17.2336
      vertex -45.5941 92.5 17.3807
    endloop
  endfacet
  facet normal 0 1 0
    outer loop
      vertex -44.0251 92.5 16.4749
      vertex -30.4585 92.5 17.8048
      vertex -30.9127 92.5 17.125
    endloop
  endfacet
  facet normal 0 1 0
    outer loop
      vertex -29.9194 92.5 18.4194
      vertex -44.75 92.5 17.0311
      vertex -45.1606 92.5 17.2336
    endloop
  endfacet
  facet normal 0 1 0
    outer loop
      vertex -29.9194 92.5 18.4194
      vertex -44.3693 92.5 16.7767
      vertex -44.75 92.5 17.0311
    endloop
  endfacet
  facet normal 0 1 0
    outer loop
      vertex -30.4585 92.5 17.8048
      vertex -44.0251 92.5 16.4749
      vertex -44.3693 92.5 16.7767
    endloop
  endfacet
  facet normal 0 1 0
    outer loop
      vertex -43.7233 92.5 16.1307
      vertex -30.9127 92.5 17.125
      vertex -31.2742 92.5 16.3918
    endloop
  endfacet
  facet normal 0 1 0
    outer loop
      vertex -30.9127 92.5 17.125
      vertex -43.7233 92.5 16.1307
      vertex -44.0251 92.5 16.4749
    endloop
  endfacet
  facet normal 0 1 0
    outer loop
      vertex -31.2742 92.5 16.3918
      vertex -43.4689 92.5 15.75
      vertex -43.7233 92.5 16.1307
    endloop
  endfacet
  facet normal 0 1 0
    outer loop
      vertex -43.2664 92.5 15.3394
      vertex -31.2742 92.5 16.3918
      vertex -31.537 92.5 15.6176
    endloop
  endfacet
  facet normal 0 1 0
    outer loop
      vertex -31.2742 92.5 16.3918
      vertex -43.2664 92.5 15.3394
      vertex -43.4689 92.5 15.75
    endloop
  endfacet
  facet normal 0 1 0
    outer loop
      vertex -31.537 92.5 15.6176
      vertex -43.1193 92.5 14.9059
      vertex -43.2664 92.5 15.3394
    endloop
  endfacet
  facet normal 0 1 -0
    outer loop
      vertex -31.6965 92.5 14.8158
      vertex -43.1193 92.5 14.9059
      vertex -31.537 92.5 15.6176
    endloop
  endfacet
  facet normal 0 1 0
    outer loop
      vertex -31.6965 92.5 14.8158
      vertex -43.0299 92.5 14.4568
      vertex -43.1193 92.5 14.9059
    endloop
  endfacet
  facet normal 0 1 -0
    outer loop
      vertex -31.75 92.5 14
      vertex -43.0299 92.5 14.4568
      vertex -31.6965 92.5 14.8158
    endloop
  endfacet
  facet normal 0 1 0
    outer loop
      vertex -31.75 92.5 14
      vertex -43 92.5 14
      vertex -43.0299 92.5 14.4568
    endloop
  endfacet
  facet normal 0 1 0
    outer loop
      vertex -31.75 92.5 14
      vertex -43.0299 92.5 13.5432
      vertex -43 92.5 14
    endloop
  endfacet
  facet normal 0 1 0
    outer loop
      vertex -31.6965 92.5 13.1842
      vertex -43.0299 92.5 13.5432
      vertex -31.75 92.5 14
    endloop
  endfacet
  facet normal 0 1 0
    outer loop
      vertex -31.6965 92.5 13.1842
      vertex -43.1193 92.5 13.0941
      vertex -43.0299 92.5 13.5432
    endloop
  endfacet
  facet normal 0 1 0
    outer loop
      vertex -31.537 92.5 12.3824
      vertex -43.1193 92.5 13.0941
      vertex -31.6965 92.5 13.1842
    endloop
  endfacet
  facet normal 0 1 0
    outer loop
      vertex -43.1193 92.5 13.0941
      vertex -31.537 92.5 12.3824
      vertex -43.2664 92.5 12.6606
    endloop
  endfacet
  facet normal 0 1 0
    outer loop
      vertex -31.2742 92.5 11.6082
      vertex -43.2664 92.5 12.6606
      vertex -31.537 92.5 12.3824
    endloop
  endfacet
  facet normal 0 1 0
    outer loop
      vertex -43.2664 92.5 12.6606
      vertex -31.2742 92.5 11.6082
      vertex -43.4689 92.5 12.25
    endloop
  endfacet
  facet normal 0 1 0
    outer loop
      vertex -43.4689 92.5 12.25
      vertex -31.2742 92.5 11.6082
      vertex -43.7233 92.5 11.8693
    endloop
  endfacet
  facet normal 0 1 0
    outer loop
      vertex -30.9127 92.5 10.875
      vertex -43.7233 92.5 11.8693
      vertex -31.2742 92.5 11.6082
    endloop
  endfacet
  facet normal 0 1 0
    outer loop
      vertex -43.7233 92.5 11.8693
      vertex -30.9127 92.5 10.875
      vertex -44.0251 92.5 11.5251
    endloop
  endfacet
  facet normal 0 1 0
    outer loop
      vertex -30.4585 92.5 10.1952
      vertex -44.0251 92.5 11.5251
      vertex -30.9127 92.5 10.875
    endloop
  endfacet
  facet normal 0 1 0
    outer loop
      vertex -44.0251 92.5 11.5251
      vertex -30.4585 92.5 10.1952
      vertex -44.3693 92.5 11.2233
    endloop
  endfacet
  facet normal 0 1 0
    outer loop
      vertex -29.9194 92.5 9.58058
      vertex -44.3693 92.5 11.2233
      vertex -30.4585 92.5 10.1952
    endloop
  endfacet
  facet normal 0 1 0
    outer loop
      vertex -44.3693 92.5 11.2233
      vertex -29.9194 92.5 9.58058
      vertex -44.75 92.5 10.9689
    endloop
  endfacet
  facet normal 0 1 0
    outer loop
      vertex -29.3048 92.5 9.04154
      vertex -44.75 92.5 10.9689
      vertex -29.9194 92.5 9.58058
    endloop
  endfacet
  facet normal 0 1 0
    outer loop
      vertex -44.75 92.5 10.9689
      vertex -29.3048 92.5 9.04154
      vertex -45.1606 92.5 10.7664
    endloop
  endfacet
  facet normal 0 1 0
    outer loop
      vertex -28.625 92.5 8.58734
      vertex -45.1606 92.5 10.7664
      vertex -29.3048 92.5 9.04154
    endloop
  endfacet
  facet normal 0 1 0
    outer loop
      vertex -44.3693 92.5 16.7767
      vertex -29.9194 92.5 18.4194
      vertex -30.4585 92.5 17.8048
    endloop
  endfacet
  facet normal 0 1 0
    outer loop
      vertex -29.9194 92.5 18.4194
      vertex -46.5 92.5 17.5
      vertex -67.5 92.5 18
    endloop
  endfacet
  facet normal 0 1 -0
    outer loop
      vertex -46.9568 92.5 17.4701
      vertex -67.5 92.5 18
      vertex -46.5 92.5 17.5
    endloop
  endfacet
  facet normal 0 1 -0
    outer loop
      vertex -47.4059 92.5 17.3807
      vertex -67.5 92.5 18
      vertex -46.9568 92.5 17.4701
    endloop
  endfacet
  facet normal 0 1 -0
    outer loop
      vertex -47.8394 92.5 17.2336
      vertex -67.5 92.5 18
      vertex -47.4059 92.5 17.3807
    endloop
  endfacet
  facet normal 0 1 -0
    outer loop
      vertex -48.25 92.5 17.0311
      vertex -67.5 92.5 18
      vertex -47.8394 92.5 17.2336
    endloop
  endfacet
  facet normal 0 1 -0
    outer loop
      vertex -48.6307 92.5 16.7767
      vertex -67.5 92.5 18
      vertex -48.25 92.5 17.0311
    endloop
  endfacet
  facet normal 0 1 -0
    outer loop
      vertex -48.9749 92.5 16.4749
      vertex -67.5 92.5 18
      vertex -48.6307 92.5 16.7767
    endloop
  endfacet
  facet normal 0 1 -0
    outer loop
      vertex -49.2767 92.5 16.1307
      vertex -67.5 92.5 18
      vertex -48.9749 92.5 16.4749
    endloop
  endfacet
  facet normal 0 1 -0
    outer loop
      vertex -49.5311 92.5 15.75
      vertex -67.5 92.5 18
      vertex -49.2767 92.5 16.1307
    endloop
  endfacet
  facet normal 0 1 -0
    outer loop
      vertex -49.7336 92.5 15.3394
      vertex -67.5 92.5 18
      vertex -49.5311 92.5 15.75
    endloop
  endfacet
  facet normal 0 1 -0
    outer loop
      vertex -49.8807 92.5 14.9059
      vertex -67.5 92.5 18
      vertex -49.7336 92.5 15.3394
    endloop
  endfacet
  facet normal 0 1 -0
    outer loop
      vertex -49.9701 92.5 14.4568
      vertex -67.5 92.5 18
      vertex -49.8807 92.5 14.9059
    endloop
  endfacet
  facet normal 0 1 -0
    outer loop
      vertex -50 92.5 14
      vertex -67.5 92.5 18
      vertex -49.9701 92.5 14.4568
    endloop
  endfacet
  facet normal 0 1 0
    outer loop
      vertex -67.5 92.5 10
      vertex -50 92.5 14
      vertex -49.9701 92.5 13.5432
    endloop
  endfacet
  facet normal 0 1 0
    outer loop
      vertex -67.5 92.5 10
      vertex -49.9701 92.5 13.5432
      vertex -49.8807 92.5 13.0941
    endloop
  endfacet
  facet normal 0 1 0
    outer loop
      vertex -67.5 92.5 10
      vertex -49.8807 92.5 13.0941
      vertex -49.7336 92.5 12.6606
    endloop
  endfacet
  facet normal 0 1 0
    outer loop
      vertex -67.5 92.5 10
      vertex -49.7336 92.5 12.6606
      vertex -49.5311 92.5 12.25
    endloop
  endfacet
  facet normal 0 1 0
    outer loop
      vertex -67.5 92.5 10
      vertex -49.5311 92.5 12.25
      vertex -49.2767 92.5 11.8693
    endloop
  endfacet
  facet normal 0 1 0
    outer loop
      vertex -67.5 92.5 10
      vertex -49.2767 92.5 11.8693
      vertex -48.9749 92.5 11.5251
    endloop
  endfacet
  facet normal 0 1 0
    outer loop
      vertex -67.5 92.5 10
      vertex -48.9749 92.5 11.5251
      vertex -48.6307 92.5 11.2233
    endloop
  endfacet
  facet normal 0 1 0
    outer loop
      vertex -67.5 92.5 10
      vertex -48.6307 92.5 11.2233
      vertex -48.25 92.5 10.9689
    endloop
  endfacet
  facet normal 0 1 0
    outer loop
      vertex -67.5 92.5 10
      vertex -48.25 92.5 10.9689
      vertex -47.8394 92.5 10.7664
    endloop
  endfacet
  facet normal 0 1 0
    outer loop
      vertex -50 92.5 14
      vertex -67.5 92.5 10
      vertex -67.5 92.5 18
    endloop
  endfacet
  facet normal 0 1 0
    outer loop
      vertex -47.4059 92.5 10.6193
      vertex -67.5 92.5 10
      vertex -47.8394 92.5 10.7664
    endloop
  endfacet
  facet normal 0 1 0
    outer loop
      vertex -46.9568 92.5 10.5299
      vertex -67.5 92.5 10
      vertex -47.4059 92.5 10.6193
    endloop
  endfacet
  facet normal 0 1 0
    outer loop
      vertex -46.5 92.5 10.5
      vertex -67.5 92.5 10
      vertex -46.9568 92.5 10.5299
    endloop
  endfacet
  facet normal 0 1 0
    outer loop
      vertex -45.1606 92.5 10.7664
      vertex -28.625 92.5 8.58734
      vertex -45.5941 92.5 10.6193
    endloop
  endfacet
  facet normal 0 1 0
    outer loop
      vertex -45.5941 92.5 10.6193
      vertex -27.8918 92.5 8.22575
      vertex -46.0432 92.5 10.5299
    endloop
  endfacet
  facet normal 0 1 0
    outer loop
      vertex -27.8918 92.5 8.22575
      vertex -45.5941 92.5 10.6193
      vertex -28.625 92.5 8.58734
    endloop
  endfacet
  facet normal 0 1 -0
    outer loop
      vertex -24.6842 92.5 20.1965
      vertex -110 92.5 46.7849
      vertex 110 92.5 46.7849
    endloop
  endfacet
  facet normal 0 1 0
    outer loop
      vertex -110 92.5 46.7849
      vertex -24.6842 92.5 20.1965
      vertex -25.5 92.5 20.25
    endloop
  endfacet
  facet normal 0 1 0
    outer loop
      vertex 110 92.5 46.7849
      vertex -23.8824 92.5 20.037
      vertex -24.6842 92.5 20.1965
    endloop
  endfacet
  facet normal 0 1 0
    outer loop
      vertex 110 92.5 46.7849
      vertex -23.1082 92.5 19.7742
      vertex -23.8824 92.5 20.037
    endloop
  endfacet
  facet normal 0 1 0
    outer loop
      vertex 110 92.5 46.7849
      vertex -22.375 92.5 19.4127
      vertex -23.1082 92.5 19.7742
    endloop
  endfacet
  facet normal 0 1 0
    outer loop
      vertex 110 92.5 46.7849
      vertex -21.6952 92.5 18.9585
      vertex -22.375 92.5 19.4127
    endloop
  endfacet
  facet normal 0 1 0
    outer loop
      vertex 110 92.5 46.7849
      vertex -21.0806 92.5 18.4194
      vertex -21.6952 92.5 18.9585
    endloop
  endfacet
  facet normal 0 1 0
    outer loop
      vertex 110 92.5 46.7849
      vertex -20.5415 92.5 17.8048
      vertex -21.0806 92.5 18.4194
    endloop
  endfacet
  facet normal 0 1 0
    outer loop
      vertex 110 92.5 46.7849
      vertex -20.0873 92.5 17.125
      vertex -20.5415 92.5 17.8048
    endloop
  endfacet
  facet normal 0 1 0
    outer loop
      vertex 110 92.5 46.7849
      vertex -19.7258 92.5 16.3918
      vertex -20.0873 92.5 17.125
    endloop
  endfacet
  facet normal 0 1 0
    outer loop
      vertex 110 92.5 46.7849
      vertex -19.463 92.5 15.6176
      vertex -19.7258 92.5 16.3918
    endloop
  endfacet
  facet normal 0 1 0
    outer loop
      vertex 110 92.5 46.7849
      vertex -19.3035 92.5 14.8158
      vertex -19.463 92.5 15.6176
    endloop
  endfacet
  facet normal 0 1 -0
    outer loop
      vertex 110 92.5 0
      vertex -19.3035 92.5 14.8158
      vertex 110 92.5 46.7849
    endloop
  endfacet
  facet normal 0 1 0
    outer loop
      vertex -19.3035 92.5 14.8158
      vertex 110 92.5 0
      vertex -19.25 92.5 14
    endloop
  endfacet
  facet normal 0 1 0
    outer loop
      vertex -19.25 92.5 14
      vertex 110 92.5 0
      vertex -19.3035 92.5 13.1842
    endloop
  endfacet
  facet normal 0 1 0
    outer loop
      vertex -19.3035 92.5 13.1842
      vertex 110 92.5 0
      vertex -19.463 92.5 12.3824
    endloop
  endfacet
  facet normal 0 1 0
    outer loop
      vertex -19.463 92.5 12.3824
      vertex 110 92.5 0
      vertex -19.7258 92.5 11.6082
    endloop
  endfacet
  facet normal 0 1 0
    outer loop
      vertex -19.7258 92.5 11.6082
      vertex 110 92.5 0
      vertex -20.0873 92.5 10.875
    endloop
  endfacet
  facet normal 0 1 0
    outer loop
      vertex -20.0873 92.5 10.875
      vertex 110 92.5 0
      vertex -20.5415 92.5 10.1952
    endloop
  endfacet
  facet normal 0 1 0
    outer loop
      vertex -20.5415 92.5 10.1952
      vertex 110 92.5 0
      vertex -21.0806 92.5 9.58058
    endloop
  endfacet
  facet normal 0 1 0
    outer loop
      vertex -21.0806 92.5 9.58058
      vertex 110 92.5 0
      vertex -21.6952 92.5 9.04154
    endloop
  endfacet
  facet normal 0 1 0
    outer loop
      vertex -21.6952 92.5 9.04154
      vertex 110 92.5 0
      vertex -22.375 92.5 8.58734
    endloop
  endfacet
  facet normal 0 1 0
    outer loop
      vertex -22.375 92.5 8.58734
      vertex 110 92.5 0
      vertex -23.1082 92.5 8.22575
    endloop
  endfacet
  facet normal 0 1 0
    outer loop
      vertex -24.6842 92.5 7.80347
      vertex 110 92.5 0
      vertex -25.5 92.5 7.75
    endloop
  endfacet
  facet normal 0 1 0
    outer loop
      vertex -23.8824 92.5 7.96296
      vertex 110 92.5 0
      vertex -24.6842 92.5 7.80347
    endloop
  endfacet
  facet normal 0 1 0
    outer loop
      vertex -23.1082 92.5 8.22575
      vertex 110 92.5 0
      vertex -23.8824 92.5 7.96296
    endloop
  endfacet
  facet normal 0 1 -0
    outer loop
      vertex -26.3158 92.5 20.1965
      vertex -110 92.5 46.7849
      vertex -25.5 92.5 20.25
    endloop
  endfacet
  facet normal 0 1 -0
    outer loop
      vertex -27.1176 92.5 20.037
      vertex -110 92.5 46.7849
      vertex -26.3158 92.5 20.1965
    endloop
  endfacet
  facet normal 0 1 -0
    outer loop
      vertex -27.8918 92.5 19.7742
      vertex -110 92.5 46.7849
      vertex -27.1176 92.5 20.037
    endloop
  endfacet
  facet normal 0 1 0
    outer loop
      vertex -67.5 92.5 18
      vertex -27.8918 92.5 19.7742
      vertex -28.625 92.5 19.4127
    endloop
  endfacet
  facet normal 0 1 0
    outer loop
      vertex -67.5 92.5 18
      vertex -28.625 92.5 19.4127
      vertex -29.3048 92.5 18.9585
    endloop
  endfacet
  facet normal 0 1 0
    outer loop
      vertex -67.5 92.5 18
      vertex -29.3048 92.5 18.9585
      vertex -29.9194 92.5 18.4194
    endloop
  endfacet
  facet normal 0 1 0
    outer loop
      vertex -27.8918 92.5 19.7742
      vertex -67.5 92.5 18
      vertex -110 92.5 46.7849
    endloop
  endfacet
  facet normal 0 1 -0
    outer loop
      vertex -81.5 92.5 18
      vertex -110 92.5 46.7849
      vertex -67.5 92.5 18
    endloop
  endfacet
  facet normal 0 1 0
    outer loop
      vertex -110 92.5 0
      vertex -81.5 92.5 18
      vertex -81.5 92.5 10
    endloop
  endfacet
  facet normal 0 1 0
    outer loop
      vertex -46.0432 92.5 10.5299
      vertex -27.8918 92.5 8.22575
      vertex -46.5 92.5 10.5
    endloop
  endfacet
  facet normal 0 1 0
    outer loop
      vertex -27.1176 92.5 7.96296
      vertex -46.5 92.5 10.5
      vertex -27.8918 92.5 8.22575
    endloop
  endfacet
  facet normal 0 1 0
    outer loop
      vertex -46.5 92.5 10.5
      vertex -27.1176 92.5 7.96296
      vertex -67.5 92.5 10
    endloop
  endfacet
  facet normal 0 1 0
    outer loop
      vertex -110 92.5 0
      vertex -67.5 92.5 10
      vertex -27.1176 92.5 7.96296
    endloop
  endfacet
  facet normal 0 1 0
    outer loop
      vertex -110 92.5 0
      vertex -27.1176 92.5 7.96296
      vertex -26.3158 92.5 7.80347
    endloop
  endfacet
  facet normal 0 1 0
    outer loop
      vertex -110 92.5 0
      vertex -26.3158 92.5 7.80347
      vertex -25.5 92.5 7.75
    endloop
  endfacet
  facet normal 0 1 0
    outer loop
      vertex -110 92.5 0
      vertex -25.5 92.5 7.75
      vertex 110 92.5 0
    endloop
  endfacet
  facet normal 0 1 0
    outer loop
      vertex -81.5 92.5 18
      vertex -110 92.5 0
      vertex -110 92.5 46.7849
    endloop
  endfacet
  facet normal 0 1 0
    outer loop
      vertex -67.5 92.5 10
      vertex -110 92.5 0
      vertex -81.5 92.5 10
    endloop
  endfacet
  facet normal 0 0 1
    outer loop
      vertex -98.6699 81.5 3
      vertex 98.6699 81.5 3
      vertex -98.3806 82.0866 3
    endloop
  endfacet
  facet normal 0 0 1
    outer loop
      vertex 99.0332 -80.9562 3
      vertex -98.0428 -83.3474 3
      vertex -98 -84 3
    endloop
  endfacet
  facet normal 0 0 1
    outer loop
      vertex 98.6699 81.5 3
      vertex -98.6699 81.5 3
      vertex 99.0332 80.9562 3
    endloop
  endfacet
  facet normal 0 0 1
    outer loop
      vertex 99.0332 -80.9562 3
      vertex -98.1704 -82.7059 3
      vertex -98.0428 -83.3474 3
    endloop
  endfacet
  facet normal 0 0 1
    outer loop
      vertex -99.0332 80.9562 3
      vertex 99.0332 80.9562 3
      vertex -98.6699 81.5 3
    endloop
  endfacet
  facet normal 0 0 1
    outer loop
      vertex 99.0332 -80.9562 3
      vertex -98.3806 -82.0866 3
      vertex -98.1704 -82.7059 3
    endloop
  endfacet
  facet normal 0 0 1
    outer loop
      vertex 99.0332 80.9562 3
      vertex -99.0332 80.9562 3
      vertex 99.0332 -80.9562 3
    endloop
  endfacet
  facet normal 0 0 1
    outer loop
      vertex 99.0332 -80.9562 3
      vertex -98.6699 -81.5 3
      vertex -98.3806 -82.0866 3
    endloop
  endfacet
  facet normal 0 0 1
    outer loop
      vertex -99.0332 -80.9562 3
      vertex 99.0332 -80.9562 3
      vertex -99.0332 80.9562 3
    endloop
  endfacet
  facet normal 0 0 1
    outer loop
      vertex 99.0332 -80.9562 3
      vertex -99.0332 -80.9562 3
      vertex -98.6699 -81.5 3
    endloop
  endfacet
  facet normal -0 0 1
    outer loop
      vertex -99.4645 80.4645 3
      vertex -99.0332 -80.9562 3
      vertex -99.0332 80.9562 3
    endloop
  endfacet
  facet normal 0 0 1
    outer loop
      vertex -99.4645 80.4645 3
      vertex -99.4645 -80.4645 3
      vertex -99.0332 -80.9562 3
    endloop
  endfacet
  facet normal -0 0 1
    outer loop
      vertex -99.9562 80.0332 3
      vertex -99.4645 -80.4645 3
      vertex -99.4645 80.4645 3
    endloop
  endfacet
  facet normal 0 0 1
    outer loop
      vertex -99.9562 80.0332 3
      vertex -99.9562 -80.0332 3
      vertex -99.4645 -80.4645 3
    endloop
  endfacet
  facet normal -0 0 1
    outer loop
      vertex -100.5 79.6699 3
      vertex -99.9562 -80.0332 3
      vertex -99.9562 80.0332 3
    endloop
  endfacet
  facet normal 0 0 1
    outer loop
      vertex -100.5 79.6699 3
      vertex -100.5 -79.6699 3
      vertex -99.9562 -80.0332 3
    endloop
  endfacet
  facet normal -0 0 1
    outer loop
      vertex -101.087 79.3806 3
      vertex -100.5 -79.6699 3
      vertex -100.5 79.6699 3
    endloop
  endfacet
  facet normal 0 0 1
    outer loop
      vertex -101.087 79.3806 3
      vertex -101.087 -79.3806 3
      vertex -100.5 -79.6699 3
    endloop
  endfacet
  facet normal -0 0 1
    outer loop
      vertex -101.706 79.1704 3
      vertex -101.087 -79.3806 3
      vertex -101.087 79.3806 3
    endloop
  endfacet
  facet normal 0 0 1
    outer loop
      vertex -101.706 79.1704 3
      vertex -101.706 -79.1704 3
      vertex -101.087 -79.3806 3
    endloop
  endfacet
  facet normal -0 0 1
    outer loop
      vertex -102.347 79.0428 3
      vertex -101.706 -79.1704 3
      vertex -101.706 79.1704 3
    endloop
  endfacet
  facet normal 0 0 1
    outer loop
      vertex -102.347 79.0428 3
      vertex -102.347 -79.0428 3
      vertex -101.706 -79.1704 3
    endloop
  endfacet
  facet normal -0 0 1
    outer loop
      vertex -103 79 3
      vertex -102.347 -79.0428 3
      vertex -102.347 79.0428 3
    endloop
  endfacet
  facet normal 0 0 1
    outer loop
      vertex -103 79 3
      vertex -103 -79 3
      vertex -102.347 -79.0428 3
    endloop
  endfacet
  facet normal 0 0 1
    outer loop
      vertex -103.653 79.0428 3
      vertex -103 -79 3
      vertex -103 79 3
    endloop
  endfacet
  facet normal 0 0 1
    outer loop
      vertex -103.653 79.0428 3
      vertex -103.653 -79.0428 3
      vertex -103 -79 3
    endloop
  endfacet
  facet normal 0 0 1
    outer loop
      vertex -104.294 79.1704 3
      vertex -103.653 -79.0428 3
      vertex -103.653 79.0428 3
    endloop
  endfacet
  facet normal 0 0 1
    outer loop
      vertex -104.294 79.1704 3
      vertex -104.294 -79.1704 3
      vertex -103.653 -79.0428 3
    endloop
  endfacet
  facet normal 0 0 1
    outer loop
      vertex -104.913 79.3806 3
      vertex -104.294 -79.1704 3
      vertex -104.294 79.1704 3
    endloop
  endfacet
  facet normal 0 0 1
    outer loop
      vertex -104.913 79.3806 3
      vertex -104.913 -79.3806 3
      vertex -104.294 -79.1704 3
    endloop
  endfacet
  facet normal 0 0 1
    outer loop
      vertex -105.2 79.5219 3
      vertex -104.913 -79.3806 3
      vertex -104.913 79.3806 3
    endloop
  endfacet
  facet normal 0 0 1
    outer loop
      vertex -104.913 -79.3806 3
      vertex -105.2 79.5219 3
      vertex -105.2 -79.5219 3
    endloop
  endfacet
  facet normal 0 0 1
    outer loop
      vertex 98.1704 -82.7059 3
      vertex -98 -84 3
      vertex 98.0428 -83.3474 3
    endloop
  endfacet
  facet normal 0 0 1
    outer loop
      vertex 98.0428 84.6526 3
      vertex -98 84 3
      vertex 98 84 3
    endloop
  endfacet
  facet normal 0 0 1
    outer loop
      vertex -98.0428 84.6526 3
      vertex 98.0428 84.6526 3
      vertex 98.1704 85.2941 3
    endloop
  endfacet
  facet normal 0 0 1
    outer loop
      vertex -98.1704 85.2941 3
      vertex 98.1704 85.2941 3
      vertex 98.3806 85.9134 3
    endloop
  endfacet
  facet normal 0 0 1
    outer loop
      vertex -98.3806 85.9134 3
      vertex 98.3806 85.9134 3
      vertex 98.6699 86.5 3
    endloop
  endfacet
  facet normal 0 0 1
    outer loop
      vertex -98.6699 86.5 3
      vertex 98.6699 86.5 3
      vertex 99.0332 87.0438 3
    endloop
  endfacet
  facet normal 0 0 1
    outer loop
      vertex -99.0332 87.0438 3
      vertex 99.0332 87.0438 3
      vertex 99.4645 87.5355 3
    endloop
  endfacet
  facet normal 0 0 1
    outer loop
      vertex -99.4645 87.5355 3
      vertex 99.4645 87.5355 3
      vertex 99.652 87.7 3
    endloop
  endfacet
  facet normal 0 0 1
    outer loop
      vertex 98.0428 84.6526 3
      vertex -98.0428 84.6526 3
      vertex -98 84 3
    endloop
  endfacet
  facet normal 0 0 1
    outer loop
      vertex 98.1704 85.2941 3
      vertex -98.1704 85.2941 3
      vertex -98.0428 84.6526 3
    endloop
  endfacet
  facet normal 0 0 1
    outer loop
      vertex 98.3806 85.9134 3
      vertex -98.3806 85.9134 3
      vertex -98.1704 85.2941 3
    endloop
  endfacet
  facet normal 0 0 1
    outer loop
      vertex 98.6699 86.5 3
      vertex -98.6699 86.5 3
      vertex -98.3806 85.9134 3
    endloop
  endfacet
  facet normal 0 0 1
    outer loop
      vertex 99.0332 87.0438 3
      vertex -99.0332 87.0438 3
      vertex -98.6699 86.5 3
    endloop
  endfacet
  facet normal 0 0 1
    outer loop
      vertex 99.4645 87.5355 3
      vertex -99.4645 87.5355 3
      vertex -99.0332 87.0438 3
    endloop
  endfacet
  facet normal 0 -0 1
    outer loop
      vertex -99.4645 87.5355 3
      vertex 99.652 87.7 3
      vertex -99.652 87.7 3
    endloop
  endfacet
  facet normal -0 0 1
    outer loop
      vertex 104.913 79.3806 3
      vertex 105.2 -79.5219 3
      vertex 105.2 79.5219 3
    endloop
  endfacet
  facet normal 0 0 1
    outer loop
      vertex 104.913 79.3806 3
      vertex 104.913 -79.3806 3
      vertex 105.2 -79.5219 3
    endloop
  endfacet
  facet normal -0 0 1
    outer loop
      vertex 104.294 79.1704 3
      vertex 104.913 -79.3806 3
      vertex 104.913 79.3806 3
    endloop
  endfacet
  facet normal 0 0 1
    outer loop
      vertex 104.294 79.1704 3
      vertex 104.294 -79.1704 3
      vertex 104.913 -79.3806 3
    endloop
  endfacet
  facet normal -0 0 1
    outer loop
      vertex 103.653 79.0428 3
      vertex 104.294 -79.1704 3
      vertex 104.294 79.1704 3
    endloop
  endfacet
  facet normal 0 0 1
    outer loop
      vertex 103.653 79.0428 3
      vertex 103.653 -79.0428 3
      vertex 104.294 -79.1704 3
    endloop
  endfacet
  facet normal -0 0 1
    outer loop
      vertex 103 79 3
      vertex 103.653 -79.0428 3
      vertex 103.653 79.0428 3
    endloop
  endfacet
  facet normal 0 0 1
    outer loop
      vertex 103 79 3
      vertex 103 -79 3
      vertex 103.653 -79.0428 3
    endloop
  endfacet
  facet normal 0 0 1
    outer loop
      vertex 102.347 79.0428 3
      vertex 103 -79 3
      vertex 103 79 3
    endloop
  endfacet
  facet normal 0 0 1
    outer loop
      vertex 102.347 79.0428 3
      vertex 102.347 -79.0428 3
      vertex 103 -79 3
    endloop
  endfacet
  facet normal 0 0 1
    outer loop
      vertex 101.706 79.1704 3
      vertex 102.347 -79.0428 3
      vertex 102.347 79.0428 3
    endloop
  endfacet
  facet normal 0 0 1
    outer loop
      vertex 101.706 79.1704 3
      vertex 101.706 -79.1704 3
      vertex 102.347 -79.0428 3
    endloop
  endfacet
  facet normal 0 0 1
    outer loop
      vertex 101.087 79.3806 3
      vertex 101.706 -79.1704 3
      vertex 101.706 79.1704 3
    endloop
  endfacet
  facet normal 0 0 1
    outer loop
      vertex 101.087 79.3806 3
      vertex 101.087 -79.3806 3
      vertex 101.706 -79.1704 3
    endloop
  endfacet
  facet normal 0 0 1
    outer loop
      vertex 100.5 79.6699 3
      vertex 101.087 -79.3806 3
      vertex 101.087 79.3806 3
    endloop
  endfacet
  facet normal 0 0 1
    outer loop
      vertex 100.5 79.6699 3
      vertex 100.5 -79.6699 3
      vertex 101.087 -79.3806 3
    endloop
  endfacet
  facet normal 0 0 1
    outer loop
      vertex 99.9562 80.0332 3
      vertex 100.5 -79.6699 3
      vertex 100.5 79.6699 3
    endloop
  endfacet
  facet normal 0 0 1
    outer loop
      vertex 99.9562 80.0332 3
      vertex 99.9562 -80.0332 3
      vertex 100.5 -79.6699 3
    endloop
  endfacet
  facet normal 0 0 1
    outer loop
      vertex 99.4645 80.4645 3
      vertex 99.9562 -80.0332 3
      vertex 99.9562 80.0332 3
    endloop
  endfacet
  facet normal 0 0 1
    outer loop
      vertex 99.4645 80.4645 3
      vertex 99.4645 -80.4645 3
      vertex 99.9562 -80.0332 3
    endloop
  endfacet
  facet normal 0 0 1
    outer loop
      vertex 99.0332 80.9562 3
      vertex 99.4645 -80.4645 3
      vertex 99.4645 80.4645 3
    endloop
  endfacet
  facet normal 0 0 1
    outer loop
      vertex 99.0332 80.9562 3
      vertex 99.0332 -80.9562 3
      vertex 99.4645 -80.4645 3
    endloop
  endfacet
  facet normal 0 0 1
    outer loop
      vertex 98.1704 82.7059 3
      vertex -98.1704 82.7059 3
      vertex 98.3806 82.0866 3
    endloop
  endfacet
  facet normal 0 0 1
    outer loop
      vertex -98.3806 82.0866 3
      vertex 98.3806 82.0866 3
      vertex -98.1704 82.7059 3
    endloop
  endfacet
  facet normal 0 0 1
    outer loop
      vertex -98.1704 82.7059 3
      vertex 98.1704 82.7059 3
      vertex -98.0428 83.3474 3
    endloop
  endfacet
  facet normal 0 0 1
    outer loop
      vertex 98.3806 82.0866 3
      vertex -98.3806 82.0866 3
      vertex 98.6699 81.5 3
    endloop
  endfacet
  facet normal 0 0 1
    outer loop
      vertex 98.0428 83.3474 3
      vertex -98.0428 83.3474 3
      vertex 98.1704 82.7059 3
    endloop
  endfacet
  facet normal 0 0 1
    outer loop
      vertex 99.0332 -80.9562 3
      vertex -98 -84 3
      vertex 98.6699 -81.5 3
    endloop
  endfacet
  facet normal 0 0 1
    outer loop
      vertex -98.0428 83.3474 3
      vertex 98.0428 83.3474 3
      vertex -98 84 3
    endloop
  endfacet
  facet normal 0 0 1
    outer loop
      vertex 98.6699 -81.5 3
      vertex -98 -84 3
      vertex 98.3806 -82.0866 3
    endloop
  endfacet
  facet normal -0 0 1
    outer loop
      vertex -98 84 3
      vertex 98.0428 83.3474 3
      vertex 98 84 3
    endloop
  endfacet
  facet normal 0 0 1
    outer loop
      vertex 98.3806 -82.0866 3
      vertex -98 -84 3
      vertex 98.1704 -82.7059 3
    endloop
  endfacet
  facet normal 0 0 1
    outer loop
      vertex 98.0428 -83.3474 3
      vertex -98 -84 3
      vertex 98 -84 3
    endloop
  endfacet
  facet normal 0 0 1
    outer loop
      vertex 98 -84 3
      vertex -98 -84 3
      vertex 98.0428 -84.6526 3
    endloop
  endfacet
  facet normal 0 0 1
    outer loop
      vertex -98.0428 -84.6526 3
      vertex 98.0428 -84.6526 3
      vertex -98 -84 3
    endloop
  endfacet
  facet normal 0 0 1
    outer loop
      vertex 98.0428 -84.6526 3
      vertex -98.0428 -84.6526 3
      vertex 98.1704 -85.2941 3
    endloop
  endfacet
  facet normal 0 0 1
    outer loop
      vertex -98.1704 -85.2941 3
      vertex 98.1704 -85.2941 3
      vertex -98.0428 -84.6526 3
    endloop
  endfacet
  facet normal 0 0 1
    outer loop
      vertex 98.1704 -85.2941 3
      vertex -98.1704 -85.2941 3
      vertex 98.3806 -85.9134 3
    endloop
  endfacet
  facet normal 0 0 1
    outer loop
      vertex -98.3806 -85.9134 3
      vertex 98.3806 -85.9134 3
      vertex -98.1704 -85.2941 3
    endloop
  endfacet
  facet normal 0 0 1
    outer loop
      vertex 98.3806 -85.9134 3
      vertex -98.3806 -85.9134 3
      vertex 98.6699 -86.5 3
    endloop
  endfacet
  facet normal 0 0 1
    outer loop
      vertex -98.6699 -86.5 3
      vertex 98.6699 -86.5 3
      vertex -98.3806 -85.9134 3
    endloop
  endfacet
  facet normal 0 0 1
    outer loop
      vertex 98.6699 -86.5 3
      vertex -98.6699 -86.5 3
      vertex 99.0332 -87.0438 3
    endloop
  endfacet
  facet normal 0 0 1
    outer loop
      vertex -99.0332 -87.0438 3
      vertex 99.0332 -87.0438 3
      vertex -98.6699 -86.5 3
    endloop
  endfacet
  facet normal 0 0 1
    outer loop
      vertex 99.0332 -87.0438 3
      vertex -99.0332 -87.0438 3
      vertex 99.4645 -87.5355 3
    endloop
  endfacet
  facet normal 0 0 1
    outer loop
      vertex -99.4645 -87.5355 3
      vertex 99.4645 -87.5355 3
      vertex -99.0332 -87.0438 3
    endloop
  endfacet
  facet normal 0 0 1
    outer loop
      vertex 99.4645 -87.5355 3
      vertex -99.4645 -87.5355 3
      vertex 99.652 -87.7 3
    endloop
  endfacet
  facet normal 0 0 1
    outer loop
      vertex 99.652 -87.7 3
      vertex -99.4645 -87.5355 3
      vertex -99.652 -87.7 3
    endloop
  endfacet
  facet normal 1 -0 0
    outer loop
      vertex -105.2 -79.5219 30.0476
      vertex -105.2 79.5219 3
      vertex -105.2 79.5219 45.5222
    endloop
  endfacet
  facet normal 1 0 0
    outer loop
      vertex -105.2 79.5219 3
      vertex -105.2 -79.5219 30.0476
      vertex -105.2 -79.5219 3
    endloop
  endfacet
  facet normal 0 1 -0
    outer loop
      vertex 99.652 -87.7 3
      vertex -99.652 -87.7 29.2519
      vertex 99.652 -87.7 29.2519
    endloop
  endfacet
  facet normal 0 1 0
    outer loop
      vertex -99.652 -87.7 29.2519
      vertex 99.652 -87.7 3
      vertex -99.652 -87.7 3
    endloop
  endfacet
  facet normal -1 0 0
    outer loop
      vertex 105.2 -79.5219 30.0476
      vertex 105.2 79.5219 3
      vertex 105.2 -79.5219 3
    endloop
  endfacet
  facet normal -1 0 0
    outer loop
      vertex 105.2 79.5219 3
      vertex 105.2 -79.5219 30.0476
      vertex 105.2 79.5219 45.5222
    endloop
  endfacet
  facet normal 0 -1 0
    outer loop
      vertex -24.6842 87.7 20.1965
      vertex -99.652 87.7 46.3179
      vertex -25.5 87.7 20.25
    endloop
  endfacet
  facet normal 0 -1 0
    outer loop
      vertex -99.652 87.7 46.3179
      vertex -26.3158 87.7 20.1965
      vertex -25.5 87.7 20.25
    endloop
  endfacet
  facet normal 0 -1 0
    outer loop
      vertex -99.652 87.7 46.3179
      vertex -27.1176 87.7 20.037
      vertex -26.3158 87.7 20.1965
    endloop
  endfacet
  facet normal 0 -1 0
    outer loop
      vertex -46.5 87.7 17.5
      vertex -27.1176 87.7 20.037
      vertex -99.652 87.7 46.3179
    endloop
  endfacet
  facet normal 0 -1 0
    outer loop
      vertex -27.1176 87.7 20.037
      vertex -46.5 87.7 17.5
      vertex -27.8918 87.7 19.7742
    endloop
  endfacet
  facet normal 0 -1 0
    outer loop
      vertex -46.0432 87.7 17.4701
      vertex -27.8918 87.7 19.7742
      vertex -46.5 87.7 17.5
    endloop
  endfacet
  facet normal 0 -1 0
    outer loop
      vertex -45.5941 87.7 17.3807
      vertex -27.8918 87.7 19.7742
      vertex -46.0432 87.7 17.4701
    endloop
  endfacet
  facet normal 0 -1 0
    outer loop
      vertex -67.5 87.7 18
      vertex -99.652 87.7 46.3179
      vertex -81.5 87.7 18
    endloop
  endfacet
  facet normal 0 -1 0
    outer loop
      vertex -99.652 87.7 3
      vertex -81.5 87.7 18
      vertex -99.652 87.7 46.3179
    endloop
  endfacet
  facet normal 0 -1 0
    outer loop
      vertex -99.652 87.7 3
      vertex -67.5 87.7 10
      vertex -81.5 87.7 10
    endloop
  endfacet
  facet normal 0 -1 0
    outer loop
      vertex -67.5 87.7 10
      vertex -29.3048 87.7 9.04154
      vertex -29.9194 87.7 9.58058
    endloop
  endfacet
  facet normal 0 -1 0
    outer loop
      vertex -67.5 87.7 10
      vertex -28.625 87.7 8.58734
      vertex -29.3048 87.7 9.04154
    endloop
  endfacet
  facet normal 0 -1 0
    outer loop
      vertex -67.5 87.7 10
      vertex -27.8918 87.7 8.22575
      vertex -28.625 87.7 8.58734
    endloop
  endfacet
  facet normal 0 -1 0
    outer loop
      vertex -67.5 87.7 10
      vertex -27.1176 87.7 7.96296
      vertex -27.8918 87.7 8.22575
    endloop
  endfacet
  facet normal 0 -1 -0
    outer loop
      vertex -67.5 87.7 10
      vertex -99.652 87.7 3
      vertex -27.1176 87.7 7.96296
    endloop
  endfacet
  facet normal 0 -1 -0
    outer loop
      vertex -27.1176 87.7 7.96296
      vertex -99.652 87.7 3
      vertex -26.3158 87.7 7.80347
    endloop
  endfacet
  facet normal 0 -1 -0
    outer loop
      vertex -26.3158 87.7 7.80347
      vertex -99.652 87.7 3
      vertex -25.5 87.7 7.75
    endloop
  endfacet
  facet normal 0 -1 -0
    outer loop
      vertex -81.5 87.7 18
      vertex -99.652 87.7 3
      vertex -81.5 87.7 10
    endloop
  endfacet
  facet normal 0 -1 0
    outer loop
      vertex -99.652 87.7 46.3179
      vertex -24.6842 87.7 20.1965
      vertex 99.652 87.7 46.3179
    endloop
  endfacet
  facet normal 0 -1 0
    outer loop
      vertex -23.8824 87.7 20.037
      vertex 99.652 87.7 46.3179
      vertex -24.6842 87.7 20.1965
    endloop
  endfacet
  facet normal 0 -1 0
    outer loop
      vertex -23.1082 87.7 19.7742
      vertex 99.652 87.7 46.3179
      vertex -23.8824 87.7 20.037
    endloop
  endfacet
  facet normal 0 -1 0
    outer loop
      vertex -22.375 87.7 19.4127
      vertex 99.652 87.7 46.3179
      vertex -23.1082 87.7 19.7742
    endloop
  endfacet
  facet normal 0 -1 0
    outer loop
      vertex -21.6952 87.7 18.9585
      vertex 99.652 87.7 46.3179
      vertex -22.375 87.7 19.4127
    endloop
  endfacet
  facet normal 0 -1 0
    outer loop
      vertex -21.0806 87.7 18.4194
      vertex 99.652 87.7 46.3179
      vertex -21.6952 87.7 18.9585
    endloop
  endfacet
  facet normal 0 -1 0
    outer loop
      vertex -20.5415 87.7 17.8048
      vertex 99.652 87.7 46.3179
      vertex -21.0806 87.7 18.4194
    endloop
  endfacet
  facet normal 0 -1 0
    outer loop
      vertex -20.0873 87.7 17.125
      vertex 99.652 87.7 46.3179
      vertex -20.5415 87.7 17.8048
    endloop
  endfacet
  facet normal 0 -1 0
    outer loop
      vertex -19.7258 87.7 16.3918
      vertex 99.652 87.7 46.3179
      vertex -20.0873 87.7 17.125
    endloop
  endfacet
  facet normal 0 -1 0
    outer loop
      vertex -19.463 87.7 15.6176
      vertex 99.652 87.7 46.3179
      vertex -19.7258 87.7 16.3918
    endloop
  endfacet
  facet normal 0 -1 0
    outer loop
      vertex -19.3035 87.7 14.8158
      vertex 99.652 87.7 46.3179
      vertex -19.463 87.7 15.6176
    endloop
  endfacet
  facet normal 0 -1 0
    outer loop
      vertex 99.652 87.7 3
      vertex -19.3035 87.7 14.8158
      vertex -19.25 87.7 14
    endloop
  endfacet
  facet normal 0 -1 0
    outer loop
      vertex 99.652 87.7 3
      vertex -19.25 87.7 14
      vertex -19.3035 87.7 13.1842
    endloop
  endfacet
  facet normal 0 -1 0
    outer loop
      vertex 99.652 87.7 3
      vertex -19.3035 87.7 13.1842
      vertex -19.463 87.7 12.3824
    endloop
  endfacet
  facet normal 0 -1 0
    outer loop
      vertex 99.652 87.7 3
      vertex -19.463 87.7 12.3824
      vertex -19.7258 87.7 11.6082
    endloop
  endfacet
  facet normal 0 -1 0
    outer loop
      vertex 99.652 87.7 3
      vertex -19.7258 87.7 11.6082
      vertex -20.0873 87.7 10.875
    endloop
  endfacet
  facet normal 0 -1 0
    outer loop
      vertex 99.652 87.7 3
      vertex -20.0873 87.7 10.875
      vertex -20.5415 87.7 10.1952
    endloop
  endfacet
  facet normal 0 -1 0
    outer loop
      vertex 99.652 87.7 3
      vertex -20.5415 87.7 10.1952
      vertex -21.0806 87.7 9.58058
    endloop
  endfacet
  facet normal 0 -1 0
    outer loop
      vertex 99.652 87.7 3
      vertex -21.0806 87.7 9.58058
      vertex -21.6952 87.7 9.04154
    endloop
  endfacet
  facet normal 0 -1 0
    outer loop
      vertex 99.652 87.7 3
      vertex -21.6952 87.7 9.04154
      vertex -22.375 87.7 8.58734
    endloop
  endfacet
  facet normal 0 -1 0
    outer loop
      vertex 99.652 87.7 3
      vertex -22.375 87.7 8.58734
      vertex -23.1082 87.7 8.22575
    endloop
  endfacet
  facet normal 0 -1 0
    outer loop
      vertex 99.652 87.7 3
      vertex -23.1082 87.7 8.22575
      vertex -23.8824 87.7 7.96296
    endloop
  endfacet
  facet normal 0 -1 0
    outer loop
      vertex -19.3035 87.7 14.8158
      vertex 99.652 87.7 3
      vertex 99.652 87.7 46.3179
    endloop
  endfacet
  facet normal 0 -1 0
    outer loop
      vertex -24.6842 87.7 7.80347
      vertex 99.652 87.7 3
      vertex -23.8824 87.7 7.96296
    endloop
  endfacet
  facet normal 0 -1 0
    outer loop
      vertex -25.5 87.7 7.75
      vertex 99.652 87.7 3
      vertex -24.6842 87.7 7.80347
    endloop
  endfacet
  facet normal 0 -1 0
    outer loop
      vertex 99.652 87.7 3
      vertex -25.5 87.7 7.75
      vertex -99.652 87.7 3
    endloop
  endfacet
  facet normal 0 -1 0
    outer loop
      vertex -46.9568 87.7 17.4701
      vertex -99.652 87.7 46.3179
      vertex -67.5 87.7 18
    endloop
  endfacet
  facet normal 0 -1 0
    outer loop
      vertex -27.8918 87.7 19.7742
      vertex -45.5941 87.7 17.3807
      vertex -28.625 87.7 19.4127
    endloop
  endfacet
  facet normal 0 -1 0
    outer loop
      vertex -45.1606 87.7 17.2336
      vertex -28.625 87.7 19.4127
      vertex -45.5941 87.7 17.3807
    endloop
  endfacet
  facet normal 0 -1 0
    outer loop
      vertex -99.652 87.7 46.3179
      vertex -46.9568 87.7 17.4701
      vertex -46.5 87.7 17.5
    endloop
  endfacet
  facet normal 0 -1 0
    outer loop
      vertex -67.5 87.7 18
      vertex -47.4059 87.7 17.3807
      vertex -46.9568 87.7 17.4701
    endloop
  endfacet
  facet normal 0 -1 0
    outer loop
      vertex -67.5 87.7 18
      vertex -47.8394 87.7 17.2336
      vertex -47.4059 87.7 17.3807
    endloop
  endfacet
  facet normal 0 -1 0
    outer loop
      vertex -67.5 87.7 18
      vertex -48.25 87.7 17.0311
      vertex -47.8394 87.7 17.2336
    endloop
  endfacet
  facet normal 0 -1 0
    outer loop
      vertex -67.5 87.7 18
      vertex -48.6307 87.7 16.7767
      vertex -48.25 87.7 17.0311
    endloop
  endfacet
  facet normal 0 -1 0
    outer loop
      vertex -67.5 87.7 18
      vertex -48.9749 87.7 16.4749
      vertex -48.6307 87.7 16.7767
    endloop
  endfacet
  facet normal 0 -1 0
    outer loop
      vertex -67.5 87.7 18
      vertex -49.2767 87.7 16.1307
      vertex -48.9749 87.7 16.4749
    endloop
  endfacet
  facet normal 0 -1 0
    outer loop
      vertex -67.5 87.7 18
      vertex -49.5311 87.7 15.75
      vertex -49.2767 87.7 16.1307
    endloop
  endfacet
  facet normal 0 -1 0
    outer loop
      vertex -67.5 87.7 18
      vertex -49.7336 87.7 15.3394
      vertex -49.5311 87.7 15.75
    endloop
  endfacet
  facet normal 0 -1 0
    outer loop
      vertex -67.5 87.7 18
      vertex -49.8807 87.7 14.9059
      vertex -49.7336 87.7 15.3394
    endloop
  endfacet
  facet normal 0 -1 0
    outer loop
      vertex -67.5 87.7 18
      vertex -49.9701 87.7 14.4568
      vertex -49.8807 87.7 14.9059
    endloop
  endfacet
  facet normal 0 -1 0
    outer loop
      vertex -67.5 87.7 18
      vertex -50 87.7 14
      vertex -49.9701 87.7 14.4568
    endloop
  endfacet
  facet normal 0 -1 0
    outer loop
      vertex -67.5 87.7 10
      vertex -50 87.7 14
      vertex -67.5 87.7 18
    endloop
  endfacet
  facet normal 0 -1 -0
    outer loop
      vertex -50 87.7 14
      vertex -67.5 87.7 10
      vertex -49.9701 87.7 13.5432
    endloop
  endfacet
  facet normal 0 -1 -0
    outer loop
      vertex -49.9701 87.7 13.5432
      vertex -67.5 87.7 10
      vertex -49.8807 87.7 13.0941
    endloop
  endfacet
  facet normal 0 -1 -0
    outer loop
      vertex -49.8807 87.7 13.0941
      vertex -67.5 87.7 10
      vertex -49.7336 87.7 12.6606
    endloop
  endfacet
  facet normal 0 -1 -0
    outer loop
      vertex -49.7336 87.7 12.6606
      vertex -67.5 87.7 10
      vertex -49.5311 87.7 12.25
    endloop
  endfacet
  facet normal 0 -1 -0
    outer loop
      vertex -49.5311 87.7 12.25
      vertex -67.5 87.7 10
      vertex -49.2767 87.7 11.8693
    endloop
  endfacet
  facet normal 0 -1 -0
    outer loop
      vertex -49.2767 87.7 11.8693
      vertex -67.5 87.7 10
      vertex -48.9749 87.7 11.5251
    endloop
  endfacet
  facet normal 0 -1 -0
    outer loop
      vertex -48.9749 87.7 11.5251
      vertex -67.5 87.7 10
      vertex -48.6307 87.7 11.2233
    endloop
  endfacet
  facet normal 0 -1 -0
    outer loop
      vertex -48.6307 87.7 11.2233
      vertex -67.5 87.7 10
      vertex -48.25 87.7 10.9689
    endloop
  endfacet
  facet normal 0 -1 -0
    outer loop
      vertex -48.25 87.7 10.9689
      vertex -67.5 87.7 10
      vertex -47.8394 87.7 10.7664
    endloop
  endfacet
  facet normal 0 -1 0
    outer loop
      vertex -67.5 87.7 10
      vertex -47.4059 87.7 10.6193
      vertex -47.8394 87.7 10.7664
    endloop
  endfacet
  facet normal 0 -1 0
    outer loop
      vertex -67.5 87.7 10
      vertex -46.9568 87.7 10.5299
      vertex -47.4059 87.7 10.6193
    endloop
  endfacet
  facet normal 0 -1 0
    outer loop
      vertex -67.5 87.7 10
      vertex -46.5 87.7 10.5
      vertex -46.9568 87.7 10.5299
    endloop
  endfacet
  facet normal 0 -1 0
    outer loop
      vertex -29.9194 87.7 9.58058
      vertex -46.5 87.7 10.5
      vertex -67.5 87.7 10
    endloop
  endfacet
  facet normal 0 -1 0
    outer loop
      vertex -46.5 87.7 10.5
      vertex -29.9194 87.7 9.58058
      vertex -30.4585 87.7 10.1952
    endloop
  endfacet
  facet normal 0 -1 0
    outer loop
      vertex -28.625 87.7 19.4127
      vertex -45.1606 87.7 17.2336
      vertex -29.3048 87.7 18.9585
    endloop
  endfacet
  facet normal 0 -1 0
    outer loop
      vertex -44.75 87.7 17.0311
      vertex -29.3048 87.7 18.9585
      vertex -45.1606 87.7 17.2336
    endloop
  endfacet
  facet normal 0 -1 0
    outer loop
      vertex -29.3048 87.7 18.9585
      vertex -44.75 87.7 17.0311
      vertex -29.9194 87.7 18.4194
    endloop
  endfacet
  facet normal 0 -1 0
    outer loop
      vertex -44.3693 87.7 16.7767
      vertex -29.9194 87.7 18.4194
      vertex -44.75 87.7 17.0311
    endloop
  endfacet
  facet normal 0 -1 0
    outer loop
      vertex -29.9194 87.7 18.4194
      vertex -44.3693 87.7 16.7767
      vertex -30.4585 87.7 17.8048
    endloop
  endfacet
  facet normal 0 -1 0
    outer loop
      vertex -44.0251 87.7 16.4749
      vertex -30.4585 87.7 17.8048
      vertex -44.3693 87.7 16.7767
    endloop
  endfacet
  facet normal 0 -1 0
    outer loop
      vertex -30.4585 87.7 17.8048
      vertex -44.0251 87.7 16.4749
      vertex -30.9127 87.7 17.125
    endloop
  endfacet
  facet normal 0 -1 0
    outer loop
      vertex -43.7233 87.7 16.1307
      vertex -30.9127 87.7 17.125
      vertex -44.0251 87.7 16.4749
    endloop
  endfacet
  facet normal 0 -1 0
    outer loop
      vertex -30.9127 87.7 17.125
      vertex -43.7233 87.7 16.1307
      vertex -31.2742 87.7 16.3918
    endloop
  endfacet
  facet normal 0 -1 0
    outer loop
      vertex -43.4689 87.7 15.75
      vertex -31.2742 87.7 16.3918
      vertex -43.7233 87.7 16.1307
    endloop
  endfacet
  facet normal 0 -1 0
    outer loop
      vertex -43.2664 87.7 15.3394
      vertex -31.2742 87.7 16.3918
      vertex -43.4689 87.7 15.75
    endloop
  endfacet
  facet normal 0 -1 0
    outer loop
      vertex -31.2742 87.7 16.3918
      vertex -43.2664 87.7 15.3394
      vertex -31.537 87.7 15.6176
    endloop
  endfacet
  facet normal 0 -1 0
    outer loop
      vertex -43.1193 87.7 14.9059
      vertex -31.537 87.7 15.6176
      vertex -43.2664 87.7 15.3394
    endloop
  endfacet
  facet normal 0 -1 0
    outer loop
      vertex -43.1193 87.7 14.9059
      vertex -31.6965 87.7 14.8158
      vertex -31.537 87.7 15.6176
    endloop
  endfacet
  facet normal 0 -1 0
    outer loop
      vertex -43.0299 87.7 14.4568
      vertex -31.6965 87.7 14.8158
      vertex -43.1193 87.7 14.9059
    endloop
  endfacet
  facet normal 0 -1 0
    outer loop
      vertex -31.75 87.7 14
      vertex -43.0299 87.7 14.4568
      vertex -43 87.7 14
    endloop
  endfacet
  facet normal 0 -1 0
    outer loop
      vertex -43.0299 87.7 14.4568
      vertex -31.75 87.7 14
      vertex -31.6965 87.7 14.8158
    endloop
  endfacet
  facet normal 0 -1 0
    outer loop
      vertex -43.0299 87.7 13.5432
      vertex -31.75 87.7 14
      vertex -43 87.7 14
    endloop
  endfacet
  facet normal 0 -1 0
    outer loop
      vertex -43.0299 87.7 13.5432
      vertex -31.6965 87.7 13.1842
      vertex -31.75 87.7 14
    endloop
  endfacet
  facet normal 0 -1 0
    outer loop
      vertex -43.1193 87.7 13.0941
      vertex -31.6965 87.7 13.1842
      vertex -43.0299 87.7 13.5432
    endloop
  endfacet
  facet normal 0 -1 0
    outer loop
      vertex -31.537 87.7 12.3824
      vertex -43.1193 87.7 13.0941
      vertex -43.2664 87.7 12.6606
    endloop
  endfacet
  facet normal 0 -1 0
    outer loop
      vertex -43.1193 87.7 13.0941
      vertex -31.537 87.7 12.3824
      vertex -31.6965 87.7 13.1842
    endloop
  endfacet
  facet normal 0 -1 0
    outer loop
      vertex -31.2742 87.7 11.6082
      vertex -43.2664 87.7 12.6606
      vertex -43.4689 87.7 12.25
    endloop
  endfacet
  facet normal 0 -1 0
    outer loop
      vertex -31.2742 87.7 11.6082
      vertex -43.4689 87.7 12.25
      vertex -43.7233 87.7 11.8693
    endloop
  endfacet
  facet normal 0 -1 0
    outer loop
      vertex -43.2664 87.7 12.6606
      vertex -31.2742 87.7 11.6082
      vertex -31.537 87.7 12.3824
    endloop
  endfacet
  facet normal 0 -1 0
    outer loop
      vertex -30.9127 87.7 10.875
      vertex -43.7233 87.7 11.8693
      vertex -44.0251 87.7 11.5251
    endloop
  endfacet
  facet normal 0 -1 0
    outer loop
      vertex -30.4585 87.7 10.1952
      vertex -44.0251 87.7 11.5251
      vertex -44.3693 87.7 11.2233
    endloop
  endfacet
  facet normal 0 -1 0
    outer loop
      vertex -30.4585 87.7 10.1952
      vertex -44.3693 87.7 11.2233
      vertex -44.75 87.7 10.9689
    endloop
  endfacet
  facet normal 0 -1 0
    outer loop
      vertex -43.7233 87.7 11.8693
      vertex -30.9127 87.7 10.875
      vertex -31.2742 87.7 11.6082
    endloop
  endfacet
  facet normal 0 -1 0
    outer loop
      vertex -30.4585 87.7 10.1952
      vertex -44.75 87.7 10.9689
      vertex -45.1606 87.7 10.7664
    endloop
  endfacet
  facet normal 0 -1 0
    outer loop
      vertex -30.4585 87.7 10.1952
      vertex -45.1606 87.7 10.7664
      vertex -45.5941 87.7 10.6193
    endloop
  endfacet
  facet normal 0 -1 0
    outer loop
      vertex -30.4585 87.7 10.1952
      vertex -45.5941 87.7 10.6193
      vertex -46.0432 87.7 10.5299
    endloop
  endfacet
  facet normal 0 -1 0
    outer loop
      vertex -30.4585 87.7 10.1952
      vertex -46.0432 87.7 10.5299
      vertex -46.5 87.7 10.5
    endloop
  endfacet
  facet normal 0 -1 0
    outer loop
      vertex -44.0251 87.7 11.5251
      vertex -30.4585 87.7 10.1952
      vertex -30.9127 87.7 10.875
    endloop
  endfacet
  facet normal 0.980786 0.195087 0
    outer loop
      vertex -98.0428 -83.3474 29.6754
      vertex -98.1704 -82.7059 3
      vertex -98.1704 -82.7059 29.7378
    endloop
  endfacet
  facet normal 0.980786 0.195087 0
    outer loop
      vertex -98.1704 -82.7059 3
      vertex -98.0428 -83.3474 29.6754
      vertex -98.0428 -83.3474 3
    endloop
  endfacet
  facet normal 0.997856 0.0654432 0
    outer loop
      vertex -98 -84 29.6119
      vertex -98.0428 -83.3474 3
      vertex -98.0428 -83.3474 29.6754
    endloop
  endfacet
  facet normal 0.997856 0.0654432 0
    outer loop
      vertex -98.0428 -83.3474 3
      vertex -98 -84 29.6119
      vertex -98 -84 3
    endloop
  endfacet
  facet normal 0.980786 -0.195087 0
    outer loop
      vertex -98.1704 -85.2941 29.486
      vertex -98.0428 -84.6526 3
      vertex -98.0428 -84.6526 29.5484
    endloop
  endfacet
  facet normal 0.980786 -0.195087 0
    outer loop
      vertex -98.0428 -84.6526 3
      vertex -98.1704 -85.2941 29.486
      vertex -98.1704 -85.2941 3
    endloop
  endfacet
  facet normal 0.442072 0.89698 0
    outer loop
      vertex -101.087 -79.3806 3
      vertex -100.5 -79.6699 30.0332
      vertex -100.5 -79.6699 3
    endloop
  endfacet
  facet normal 0.442072 0.89698 0
    outer loop
      vertex -100.5 -79.6699 30.0332
      vertex -101.087 -79.3806 3
      vertex -101.087 -79.3806 30.0614
    endloop
  endfacet
  facet normal 0.659497 -0.751707 0
    outer loop
      vertex -99.4645 -87.5355 3
      vertex -99.652 -87.7 29.2519
      vertex -99.652 -87.7 3
    endloop
  endfacet
  facet normal 0.659497 -0.751707 0
    outer loop
      vertex -99.652 -87.7 29.2519
      vertex -99.4645 -87.5355 3
      vertex -99.4645 -87.5355 29.2679
    endloop
  endfacet
  facet normal 0.89686 0.442314 0
    outer loop
      vertex -98.3806 -82.0866 29.7981
      vertex -98.6699 -81.5 3
      vertex -98.6699 -81.5 29.8552
    endloop
  endfacet
  facet normal 0.89686 0.442314 0
    outer loop
      vertex -98.6699 -81.5 3
      vertex -98.3806 -82.0866 29.7981
      vertex -98.3806 -82.0866 3
    endloop
  endfacet
  facet normal -0.441703 0.897161 0
    outer loop
      vertex -104.913 -79.3806 3
      vertex -105.2 -79.5219 30.0476
      vertex -104.913 -79.3806 30.0614
    endloop
  endfacet
  facet normal -0.441703 0.897161 0
    outer loop
      vertex -105.2 -79.5219 30.0476
      vertex -104.913 -79.3806 3
      vertex -105.2 -79.5219 3
    endloop
  endfacet
  facet normal -0.321546 0.946894 0
    outer loop
      vertex -104.294 -79.1704 3
      vertex -104.913 -79.3806 30.0614
      vertex -104.294 -79.1704 30.0818
    endloop
  endfacet
  facet normal -0.321546 0.946894 0
    outer loop
      vertex -104.913 -79.3806 30.0614
      vertex -104.294 -79.1704 3
      vertex -104.913 -79.3806 3
    endloop
  endfacet
  facet normal 0.0654033 0.997859 -0
    outer loop
      vertex -102.347 -79.0428 3
      vertex -103 -79 30.0984
      vertex -102.347 -79.0428 30.0942
    endloop
  endfacet
  facet normal 0.0654033 0.997859 0
    outer loop
      vertex -103 -79 30.0984
      vertex -102.347 -79.0428 3
      vertex -103 -79 3
    endloop
  endfacet
  facet normal 0.751771 -0.659424 0
    outer loop
      vertex -99.4645 -87.5355 29.2679
      vertex -99.0332 -87.0438 3
      vertex -99.0332 -87.0438 29.3158
    endloop
  endfacet
  facet normal 0.751771 -0.659424 0
    outer loop
      vertex -99.0332 -87.0438 3
      vertex -99.4645 -87.5355 29.2679
      vertex -99.4645 -87.5355 3
    endloop
  endfacet
  facet normal 0.946941 -0.321407 0
    outer loop
      vertex -98.3806 -85.9134 29.4257
      vertex -98.1704 -85.2941 3
      vertex -98.1704 -85.2941 29.486
    endloop
  endfacet
  facet normal 0.946941 -0.321407 0
    outer loop
      vertex -98.1704 -85.2941 3
      vertex -98.3806 -85.9134 29.4257
      vertex -98.3806 -85.9134 3
    endloop
  endfacet
  facet normal 0.89686 -0.442314 0
    outer loop
      vertex -98.6699 -86.5 29.3687
      vertex -98.3806 -85.9134 3
      vertex -98.3806 -85.9134 29.4257
    endloop
  endfacet
  facet normal 0.89686 -0.442314 0
    outer loop
      vertex -98.3806 -85.9134 3
      vertex -98.6699 -86.5 29.3687
      vertex -98.6699 -86.5 3
    endloop
  endfacet
  facet normal 0.997856 -0.0654432 0
    outer loop
      vertex -98.0428 -84.6526 29.5484
      vertex -98 -84 3
      vertex -98 -84 29.6119
    endloop
  endfacet
  facet normal 0.997856 -0.0654432 0
    outer loop
      vertex -98 -84 3
      vertex -98.0428 -84.6526 29.5484
      vertex -98.0428 -84.6526 3
    endloop
  endfacet
  facet normal 0.321546 0.946894 0
    outer loop
      vertex -101.706 -79.1704 3
      vertex -101.087 -79.3806 30.0614
      vertex -101.087 -79.3806 3
    endloop
  endfacet
  facet normal 0.321546 0.946894 0
    outer loop
      vertex -101.087 -79.3806 30.0614
      vertex -101.706 -79.1704 3
      vertex -101.706 -79.1704 30.0818
    endloop
  endfacet
  facet normal 0.659424 0.751771 0
    outer loop
      vertex -99.9562 -80.0332 3
      vertex -99.4645 -80.4645 29.9559
      vertex -99.4645 -80.4645 3
    endloop
  endfacet
  facet normal 0.659424 0.751771 0
    outer loop
      vertex -99.4645 -80.4645 29.9559
      vertex -99.9562 -80.0332 3
      vertex -99.9562 -80.0332 29.9979
    endloop
  endfacet
  facet normal -0.195233 0.980757 0
    outer loop
      vertex -103.653 -79.0428 3
      vertex -104.294 -79.1704 30.0818
      vertex -103.653 -79.0428 30.0942
    endloop
  endfacet
  facet normal -0.195233 0.980757 0
    outer loop
      vertex -104.294 -79.1704 30.0818
      vertex -103.653 -79.0428 3
      vertex -104.294 -79.1704 3
    endloop
  endfacet
  facet normal 0.831509 0.555512 0
    outer loop
      vertex -98.6699 -81.5 29.8552
      vertex -99.0332 -80.9562 3
      vertex -99.0332 -80.9562 29.9081
    endloop
  endfacet
  facet normal 0.831509 0.555512 0
    outer loop
      vertex -99.0332 -80.9562 3
      vertex -98.6699 -81.5 29.8552
      vertex -98.6699 -81.5 3
    endloop
  endfacet
  facet normal 0.831509 -0.555512 0
    outer loop
      vertex -99.0332 -87.0438 29.3158
      vertex -98.6699 -86.5 3
      vertex -98.6699 -86.5 29.3687
    endloop
  endfacet
  facet normal 0.831509 -0.555512 0
    outer loop
      vertex -98.6699 -86.5 3
      vertex -99.0332 -87.0438 29.3158
      vertex -99.0332 -87.0438 3
    endloop
  endfacet
  facet normal 0.555512 0.831509 0
    outer loop
      vertex -100.5 -79.6699 3
      vertex -99.9562 -80.0332 29.9979
      vertex -99.9562 -80.0332 3
    endloop
  endfacet
  facet normal 0.555512 0.831509 0
    outer loop
      vertex -99.9562 -80.0332 29.9979
      vertex -100.5 -79.6699 3
      vertex -100.5 -79.6699 30.0332
    endloop
  endfacet
  facet normal -0.0654033 0.997859 0
    outer loop
      vertex -103 -79 3
      vertex -103.653 -79.0428 30.0942
      vertex -103 -79 30.0984
    endloop
  endfacet
  facet normal -0.0654033 0.997859 0
    outer loop
      vertex -103.653 -79.0428 30.0942
      vertex -103 -79 3
      vertex -103.653 -79.0428 3
    endloop
  endfacet
  facet normal 0.195233 0.980757 0
    outer loop
      vertex -102.347 -79.0428 3
      vertex -101.706 -79.1704 30.0818
      vertex -101.706 -79.1704 3
    endloop
  endfacet
  facet normal 0.195233 0.980757 0
    outer loop
      vertex -101.706 -79.1704 30.0818
      vertex -102.347 -79.0428 3
      vertex -102.347 -79.0428 30.0942
    endloop
  endfacet
  facet normal 0.751771 0.659424 0
    outer loop
      vertex -99.0332 -80.9562 29.9081
      vertex -99.4645 -80.4645 3
      vertex -99.4645 -80.4645 29.9559
    endloop
  endfacet
  facet normal 0.751771 0.659424 0
    outer loop
      vertex -99.4645 -80.4645 3
      vertex -99.0332 -80.9562 29.9081
      vertex -99.0332 -80.9562 3
    endloop
  endfacet
  facet normal 0.946941 0.321407 0
    outer loop
      vertex -98.1704 -82.7059 29.7378
      vertex -98.3806 -82.0866 3
      vertex -98.3806 -82.0866 29.7981
    endloop
  endfacet
  facet normal 0.946941 0.321407 0
    outer loop
      vertex -98.3806 -82.0866 3
      vertex -98.1704 -82.7059 29.7378
      vertex -98.1704 -82.7059 3
    endloop
  endfacet
  facet normal -0.555512 0.831509 0
    outer loop
      vertex 100.5 -79.6699 3
      vertex 99.9562 -80.0332 29.9979
      vertex 100.5 -79.6699 30.0332
    endloop
  endfacet
  facet normal -0.555512 0.831509 0
    outer loop
      vertex 99.9562 -80.0332 29.9979
      vertex 100.5 -79.6699 3
      vertex 99.9562 -80.0332 3
    endloop
  endfacet
  facet normal -0.946941 -0.321407 -0
    outer loop
      vertex 98.3806 -85.9134 29.4257
      vertex 98.1704 -85.2941 3
      vertex 98.3806 -85.9134 3
    endloop
  endfacet
  facet normal -0.946941 -0.321407 0
    outer loop
      vertex 98.1704 -85.2941 3
      vertex 98.3806 -85.9134 29.4257
      vertex 98.1704 -85.2941 29.486
    endloop
  endfacet
  facet normal -0.89686 -0.442314 -0
    outer loop
      vertex 98.6699 -86.5 29.3687
      vertex 98.3806 -85.9134 3
      vertex 98.6699 -86.5 3
    endloop
  endfacet
  facet normal -0.89686 -0.442314 0
    outer loop
      vertex 98.3806 -85.9134 3
      vertex 98.6699 -86.5 29.3687
      vertex 98.3806 -85.9134 29.4257
    endloop
  endfacet
  facet normal 0.321546 0.946894 0
    outer loop
      vertex 104.294 -79.1704 3
      vertex 104.913 -79.3806 30.0614
      vertex 104.913 -79.3806 3
    endloop
  endfacet
  facet normal 0.321546 0.946894 0
    outer loop
      vertex 104.913 -79.3806 30.0614
      vertex 104.294 -79.1704 3
      vertex 104.294 -79.1704 30.0818
    endloop
  endfacet
  facet normal -0.980786 0.195087 0
    outer loop
      vertex 98.0428 -83.3474 29.6754
      vertex 98.1704 -82.7059 3
      vertex 98.0428 -83.3474 3
    endloop
  endfacet
  facet normal -0.980786 0.195087 0
    outer loop
      vertex 98.1704 -82.7059 3
      vertex 98.0428 -83.3474 29.6754
      vertex 98.1704 -82.7059 29.7378
    endloop
  endfacet
  facet normal -0.751771 -0.659424 -0
    outer loop
      vertex 99.4645 -87.5355 29.2679
      vertex 99.0332 -87.0438 3
      vertex 99.4645 -87.5355 3
    endloop
  endfacet
  facet normal -0.751771 -0.659424 0
    outer loop
      vertex 99.0332 -87.0438 3
      vertex 99.4645 -87.5355 29.2679
      vertex 99.0332 -87.0438 29.3158
    endloop
  endfacet
  facet normal -0.751771 0.659424 0
    outer loop
      vertex 99.0332 -80.9562 29.9081
      vertex 99.4645 -80.4645 3
      vertex 99.0332 -80.9562 3
    endloop
  endfacet
  facet normal -0.751771 0.659424 0
    outer loop
      vertex 99.4645 -80.4645 3
      vertex 99.0332 -80.9562 29.9081
      vertex 99.4645 -80.4645 29.9559
    endloop
  endfacet
  facet normal -0.0654033 0.997859 0
    outer loop
      vertex 103 -79 3
      vertex 102.347 -79.0428 30.0942
      vertex 103 -79 30.0984
    endloop
  endfacet
  facet normal -0.0654033 0.997859 0
    outer loop
      vertex 102.347 -79.0428 30.0942
      vertex 103 -79 3
      vertex 102.347 -79.0428 3
    endloop
  endfacet
  facet normal -0.659497 -0.751707 0
    outer loop
      vertex 99.4645 -87.5355 3
      vertex 99.652 -87.7 29.2519
      vertex 99.4645 -87.5355 29.2679
    endloop
  endfacet
  facet normal -0.659497 -0.751707 -0
    outer loop
      vertex 99.652 -87.7 29.2519
      vertex 99.4645 -87.5355 3
      vertex 99.652 -87.7 3
    endloop
  endfacet
  facet normal -0.89686 0.442314 0
    outer loop
      vertex 98.3806 -82.0866 29.7981
      vertex 98.6699 -81.5 3
      vertex 98.3806 -82.0866 3
    endloop
  endfacet
  facet normal -0.89686 0.442314 0
    outer loop
      vertex 98.6699 -81.5 3
      vertex 98.3806 -82.0866 29.7981
      vertex 98.6699 -81.5 29.8552
    endloop
  endfacet
  facet normal -0.946941 0.321407 0
    outer loop
      vertex 98.1704 -82.7059 29.7378
      vertex 98.3806 -82.0866 3
      vertex 98.1704 -82.7059 3
    endloop
  endfacet
  facet normal -0.946941 0.321407 0
    outer loop
      vertex 98.3806 -82.0866 3
      vertex 98.1704 -82.7059 29.7378
      vertex 98.3806 -82.0866 29.7981
    endloop
  endfacet
  facet normal -0.997856 -0.0654432 -0
    outer loop
      vertex 98.0428 -84.6526 29.5484
      vertex 98 -84 3
      vertex 98.0428 -84.6526 3
    endloop
  endfacet
  facet normal -0.997856 -0.0654432 0
    outer loop
      vertex 98 -84 3
      vertex 98.0428 -84.6526 29.5484
      vertex 98 -84 29.6119
    endloop
  endfacet
  facet normal 0.441703 0.897161 0
    outer loop
      vertex 104.913 -79.3806 3
      vertex 105.2 -79.5219 30.0476
      vertex 105.2 -79.5219 3
    endloop
  endfacet
  facet normal 0.441703 0.897161 0
    outer loop
      vertex 105.2 -79.5219 30.0476
      vertex 104.913 -79.3806 3
      vertex 104.913 -79.3806 30.0614
    endloop
  endfacet
  facet normal -0.195233 0.980757 0
    outer loop
      vertex 102.347 -79.0428 3
      vertex 101.706 -79.1704 30.0818
      vertex 102.347 -79.0428 30.0942
    endloop
  endfacet
  facet normal -0.195233 0.980757 0
    outer loop
      vertex 101.706 -79.1704 30.0818
      vertex 102.347 -79.0428 3
      vertex 101.706 -79.1704 3
    endloop
  endfacet
  facet normal 0.0654033 0.997859 -0
    outer loop
      vertex 103.653 -79.0428 3
      vertex 103 -79 30.0984
      vertex 103.653 -79.0428 30.0942
    endloop
  endfacet
  facet normal 0.0654033 0.997859 0
    outer loop
      vertex 103 -79 30.0984
      vertex 103.653 -79.0428 3
      vertex 103 -79 3
    endloop
  endfacet
  facet normal 0.195233 0.980757 0
    outer loop
      vertex 103.653 -79.0428 3
      vertex 104.294 -79.1704 30.0818
      vertex 104.294 -79.1704 3
    endloop
  endfacet
  facet normal 0.195233 0.980757 0
    outer loop
      vertex 104.294 -79.1704 30.0818
      vertex 103.653 -79.0428 3
      vertex 103.653 -79.0428 30.0942
    endloop
  endfacet
  facet normal -0.442072 0.89698 0
    outer loop
      vertex 101.087 -79.3806 3
      vertex 100.5 -79.6699 30.0332
      vertex 101.087 -79.3806 30.0614
    endloop
  endfacet
  facet normal -0.442072 0.89698 0
    outer loop
      vertex 100.5 -79.6699 30.0332
      vertex 101.087 -79.3806 3
      vertex 100.5 -79.6699 3
    endloop
  endfacet
  facet normal -0.831509 -0.555512 -0
    outer loop
      vertex 99.0332 -87.0438 29.3158
      vertex 98.6699 -86.5 3
      vertex 99.0332 -87.0438 3
    endloop
  endfacet
  facet normal -0.831509 -0.555512 0
    outer loop
      vertex 98.6699 -86.5 3
      vertex 99.0332 -87.0438 29.3158
      vertex 98.6699 -86.5 29.3687
    endloop
  endfacet
  facet normal -0.321546 0.946894 0
    outer loop
      vertex 101.706 -79.1704 3
      vertex 101.087 -79.3806 30.0614
      vertex 101.706 -79.1704 30.0818
    endloop
  endfacet
  facet normal -0.321546 0.946894 0
    outer loop
      vertex 101.087 -79.3806 30.0614
      vertex 101.706 -79.1704 3
      vertex 101.087 -79.3806 3
    endloop
  endfacet
  facet normal -0.659424 0.751771 0
    outer loop
      vertex 99.9562 -80.0332 3
      vertex 99.4645 -80.4645 29.9559
      vertex 99.9562 -80.0332 29.9979
    endloop
  endfacet
  facet normal -0.659424 0.751771 0
    outer loop
      vertex 99.4645 -80.4645 29.9559
      vertex 99.9562 -80.0332 3
      vertex 99.4645 -80.4645 3
    endloop
  endfacet
  facet normal -0.997856 0.0654432 0
    outer loop
      vertex 98 -84 29.6119
      vertex 98.0428 -83.3474 3
      vertex 98 -84 3
    endloop
  endfacet
  facet normal -0.997856 0.0654432 0
    outer loop
      vertex 98.0428 -83.3474 3
      vertex 98 -84 29.6119
      vertex 98.0428 -83.3474 29.6754
    endloop
  endfacet
  facet normal -0.980786 -0.195087 -0
    outer loop
      vertex 98.1704 -85.2941 29.486
      vertex 98.0428 -84.6526 3
      vertex 98.1704 -85.2941 3
    endloop
  endfacet
  facet normal -0.980786 -0.195087 0
    outer loop
      vertex 98.0428 -84.6526 3
      vertex 98.1704 -85.2941 29.486
      vertex 98.0428 -84.6526 29.5484
    endloop
  endfacet
  facet normal -0.831509 0.555512 0
    outer loop
      vertex 98.6699 -81.5 29.8552
      vertex 99.0332 -80.9562 3
      vertex 98.6699 -81.5 3
    endloop
  endfacet
  facet normal -0.831509 0.555512 0
    outer loop
      vertex 99.0332 -80.9562 3
      vertex 98.6699 -81.5 29.8552
      vertex 99.0332 -80.9562 29.9081
    endloop
  endfacet
  facet normal 0.89686 -0.442314 0
    outer loop
      vertex -98.6699 81.5 45.7146
      vertex -98.3806 82.0866 3
      vertex -98.3806 82.0866 45.7717
    endloop
  endfacet
  facet normal 0.89686 -0.442314 0
    outer loop
      vertex -98.3806 82.0866 3
      vertex -98.6699 81.5 45.7146
      vertex -98.6699 81.5 3
    endloop
  endfacet
  facet normal 0.980786 0.195087 0
    outer loop
      vertex -98.0428 84.6526 46.0214
      vertex -98.1704 85.2941 3
      vertex -98.1704 85.2941 46.0838
    endloop
  endfacet
  facet normal 0.980786 0.195087 0
    outer loop
      vertex -98.1704 85.2941 3
      vertex -98.0428 84.6526 46.0214
      vertex -98.0428 84.6526 3
    endloop
  endfacet
  facet normal 0.997856 0.0654432 0
    outer loop
      vertex -98 84 45.9579
      vertex -98.0428 84.6526 3
      vertex -98.0428 84.6526 46.0214
    endloop
  endfacet
  facet normal 0.997856 0.0654432 0
    outer loop
      vertex -98.0428 84.6526 3
      vertex -98 84 45.9579
      vertex -98 84 3
    endloop
  endfacet
  facet normal 0.751771 0.659424 0
    outer loop
      vertex -99.0332 87.0438 46.254
      vertex -99.4645 87.5355 3
      vertex -99.4645 87.5355 46.3019
    endloop
  endfacet
  facet normal 0.751771 0.659424 0
    outer loop
      vertex -99.4645 87.5355 3
      vertex -99.0332 87.0438 46.254
      vertex -99.0332 87.0438 3
    endloop
  endfacet
  facet normal -0.195233 -0.980757 0
    outer loop
      vertex -104.294 79.1704 3
      vertex -103.653 79.0428 45.4755
      vertex -104.294 79.1704 45.488
    endloop
  endfacet
  facet normal -0.195233 -0.980757 -0
    outer loop
      vertex -103.653 79.0428 45.4755
      vertex -104.294 79.1704 3
      vertex -103.653 79.0428 3
    endloop
  endfacet
  facet normal 0.195233 -0.980757 0
    outer loop
      vertex -101.706 79.1704 3
      vertex -102.347 79.0428 45.4755
      vertex -102.347 79.0428 3
    endloop
  endfacet
  facet normal 0.195233 -0.980757 0
    outer loop
      vertex -102.347 79.0428 45.4755
      vertex -101.706 79.1704 3
      vertex -101.706 79.1704 45.488
    endloop
  endfacet
  facet normal 0.659424 -0.751771 0
    outer loop
      vertex -99.4645 80.4645 3
      vertex -99.9562 80.0332 45.5719
      vertex -99.9562 80.0332 3
    endloop
  endfacet
  facet normal 0.659424 -0.751771 0
    outer loop
      vertex -99.9562 80.0332 45.5719
      vertex -99.4645 80.4645 3
      vertex -99.4645 80.4645 45.6139
    endloop
  endfacet
  facet normal 0.997856 -0.0654432 0
    outer loop
      vertex -98.0428 83.3474 45.8944
      vertex -98 84 3
      vertex -98 84 45.9579
    endloop
  endfacet
  facet normal 0.997856 -0.0654432 0
    outer loop
      vertex -98 84 3
      vertex -98.0428 83.3474 45.8944
      vertex -98.0428 83.3474 3
    endloop
  endfacet
  facet normal 0.555512 -0.831509 0
    outer loop
      vertex -99.9562 80.0332 3
      vertex -100.5 79.6699 45.5366
      vertex -100.5 79.6699 3
    endloop
  endfacet
  facet normal 0.555512 -0.831509 0
    outer loop
      vertex -100.5 79.6699 45.5366
      vertex -99.9562 80.0332 3
      vertex -99.9562 80.0332 45.5719
    endloop
  endfacet
  facet normal -0.441703 -0.897161 0
    outer loop
      vertex -105.2 79.5219 3
      vertex -104.913 79.3806 45.5084
      vertex -105.2 79.5219 45.5222
    endloop
  endfacet
  facet normal -0.441703 -0.897161 -0
    outer loop
      vertex -104.913 79.3806 45.5084
      vertex -105.2 79.5219 3
      vertex -104.913 79.3806 3
    endloop
  endfacet
  facet normal 0.751771 -0.659424 0
    outer loop
      vertex -99.4645 80.4645 45.6139
      vertex -99.0332 80.9562 3
      vertex -99.0332 80.9562 45.6617
    endloop
  endfacet
  facet normal 0.751771 -0.659424 0
    outer loop
      vertex -99.0332 80.9562 3
      vertex -99.4645 80.4645 45.6139
      vertex -99.4645 80.4645 3
    endloop
  endfacet
  facet normal -0.0654033 -0.997859 0
    outer loop
      vertex -103.653 79.0428 3
      vertex -103 79 45.4714
      vertex -103.653 79.0428 45.4755
    endloop
  endfacet
  facet normal -0.0654033 -0.997859 -0
    outer loop
      vertex -103 79 45.4714
      vertex -103.653 79.0428 3
      vertex -103 79 3
    endloop
  endfacet
  facet normal 0.831509 0.555512 0
    outer loop
      vertex -98.6699 86.5 46.2011
      vertex -99.0332 87.0438 3
      vertex -99.0332 87.0438 46.254
    endloop
  endfacet
  facet normal 0.831509 0.555512 0
    outer loop
      vertex -99.0332 87.0438 3
      vertex -98.6699 86.5 46.2011
      vertex -98.6699 86.5 3
    endloop
  endfacet
  facet normal 0.980786 -0.195087 0
    outer loop
      vertex -98.1704 82.7059 45.8319
      vertex -98.0428 83.3474 3
      vertex -98.0428 83.3474 45.8944
    endloop
  endfacet
  facet normal 0.980786 -0.195087 0
    outer loop
      vertex -98.0428 83.3474 3
      vertex -98.1704 82.7059 45.8319
      vertex -98.1704 82.7059 3
    endloop
  endfacet
  facet normal 0.321546 -0.946894 0
    outer loop
      vertex -101.087 79.3806 3
      vertex -101.706 79.1704 45.488
      vertex -101.706 79.1704 3
    endloop
  endfacet
  facet normal 0.321546 -0.946894 0
    outer loop
      vertex -101.706 79.1704 45.488
      vertex -101.087 79.3806 3
      vertex -101.087 79.3806 45.5084
    endloop
  endfacet
  facet normal 0.89686 0.442314 0
    outer loop
      vertex -98.3806 85.9134 46.144
      vertex -98.6699 86.5 3
      vertex -98.6699 86.5 46.2011
    endloop
  endfacet
  facet normal 0.89686 0.442314 0
    outer loop
      vertex -98.6699 86.5 3
      vertex -98.3806 85.9134 46.144
      vertex -98.3806 85.9134 3
    endloop
  endfacet
  facet normal 0.659497 0.751707 0
    outer loop
      vertex -99.652 87.7 3
      vertex -99.4645 87.5355 46.3019
      vertex -99.4645 87.5355 3
    endloop
  endfacet
  facet normal 0.659497 0.751707 0
    outer loop
      vertex -99.4645 87.5355 46.3019
      vertex -99.652 87.7 3
      vertex -99.652 87.7 46.3179
    endloop
  endfacet
  facet normal 0.946941 -0.321407 0
    outer loop
      vertex -98.3806 82.0866 45.7717
      vertex -98.1704 82.7059 3
      vertex -98.1704 82.7059 45.8319
    endloop
  endfacet
  facet normal 0.946941 -0.321407 0
    outer loop
      vertex -98.1704 82.7059 3
      vertex -98.3806 82.0866 45.7717
      vertex -98.3806 82.0866 3
    endloop
  endfacet
  facet normal 0.442072 -0.89698 0
    outer loop
      vertex -100.5 79.6699 3
      vertex -101.087 79.3806 45.5084
      vertex -101.087 79.3806 3
    endloop
  endfacet
  facet normal 0.442072 -0.89698 0
    outer loop
      vertex -101.087 79.3806 45.5084
      vertex -100.5 79.6699 3
      vertex -100.5 79.6699 45.5366
    endloop
  endfacet
  facet normal 0.831509 -0.555512 0
    outer loop
      vertex -99.0332 80.9562 45.6617
      vertex -98.6699 81.5 3
      vertex -98.6699 81.5 45.7146
    endloop
  endfacet
  facet normal 0.831509 -0.555512 0
    outer loop
      vertex -98.6699 81.5 3
      vertex -99.0332 80.9562 45.6617
      vertex -99.0332 80.9562 3
    endloop
  endfacet
  facet normal 0.946941 0.321407 0
    outer loop
      vertex -98.1704 85.2941 46.0838
      vertex -98.3806 85.9134 3
      vertex -98.3806 85.9134 46.144
    endloop
  endfacet
  facet normal 0.946941 0.321407 0
    outer loop
      vertex -98.3806 85.9134 3
      vertex -98.1704 85.2941 46.0838
      vertex -98.1704 85.2941 3
    endloop
  endfacet
  facet normal 0.0654033 -0.997859 0
    outer loop
      vertex -103 79 3
      vertex -102.347 79.0428 45.4755
      vertex -103 79 45.4714
    endloop
  endfacet
  facet normal 0.0654033 -0.997859 0
    outer loop
      vertex -102.347 79.0428 45.4755
      vertex -103 79 3
      vertex -102.347 79.0428 3
    endloop
  endfacet
  facet normal -0.321546 -0.946894 0
    outer loop
      vertex -104.913 79.3806 3
      vertex -104.294 79.1704 45.488
      vertex -104.913 79.3806 45.5084
    endloop
  endfacet
  facet normal -0.321546 -0.946894 -0
    outer loop
      vertex -104.294 79.1704 45.488
      vertex -104.913 79.3806 3
      vertex -104.294 79.1704 3
    endloop
  endfacet
  facet normal 0.195233 -0.980757 0
    outer loop
      vertex 104.294 79.1704 3
      vertex 103.653 79.0428 45.4755
      vertex 103.653 79.0428 3
    endloop
  endfacet
  facet normal 0.195233 -0.980757 0
    outer loop
      vertex 103.653 79.0428 45.4755
      vertex 104.294 79.1704 3
      vertex 104.294 79.1704 45.488
    endloop
  endfacet
  facet normal -0.997856 -0.0654432 -0
    outer loop
      vertex 98.0428 83.3474 45.8944
      vertex 98 84 3
      vertex 98.0428 83.3474 3
    endloop
  endfacet
  facet normal -0.997856 -0.0654432 0
    outer loop
      vertex 98 84 3
      vertex 98.0428 83.3474 45.8944
      vertex 98 84 45.9579
    endloop
  endfacet
  facet normal -0.321546 -0.946894 0
    outer loop
      vertex 101.087 79.3806 3
      vertex 101.706 79.1704 45.488
      vertex 101.087 79.3806 45.5084
    endloop
  endfacet
  facet normal -0.321546 -0.946894 -0
    outer loop
      vertex 101.706 79.1704 45.488
      vertex 101.087 79.3806 3
      vertex 101.706 79.1704 3
    endloop
  endfacet
  facet normal -0.997856 0.0654432 0
    outer loop
      vertex 98 84 45.9579
      vertex 98.0428 84.6526 3
      vertex 98 84 3
    endloop
  endfacet
  facet normal -0.997856 0.0654432 0
    outer loop
      vertex 98.0428 84.6526 3
      vertex 98 84 45.9579
      vertex 98.0428 84.6526 46.0214
    endloop
  endfacet
  facet normal -0.831509 0.555512 0
    outer loop
      vertex 98.6699 86.5 46.2011
      vertex 99.0332 87.0438 3
      vertex 98.6699 86.5 3
    endloop
  endfacet
  facet normal -0.831509 0.555512 0
    outer loop
      vertex 99.0332 87.0438 3
      vertex 98.6699 86.5 46.2011
      vertex 99.0332 87.0438 46.254
    endloop
  endfacet
  facet normal -0.555512 -0.831509 0
    outer loop
      vertex 99.9562 80.0332 3
      vertex 100.5 79.6699 45.5366
      vertex 99.9562 80.0332 45.5719
    endloop
  endfacet
  facet normal -0.555512 -0.831509 -0
    outer loop
      vertex 100.5 79.6699 45.5366
      vertex 99.9562 80.0332 3
      vertex 100.5 79.6699 3
    endloop
  endfacet
  facet normal -0.980786 -0.195087 -0
    outer loop
      vertex 98.1704 82.7059 45.8319
      vertex 98.0428 83.3474 3
      vertex 98.1704 82.7059 3
    endloop
  endfacet
  facet normal -0.980786 -0.195087 0
    outer loop
      vertex 98.0428 83.3474 3
      vertex 98.1704 82.7059 45.8319
      vertex 98.0428 83.3474 45.8944
    endloop
  endfacet
  facet normal -0.751771 -0.659424 -0
    outer loop
      vertex 99.4645 80.4645 45.6139
      vertex 99.0332 80.9562 3
      vertex 99.4645 80.4645 3
    endloop
  endfacet
  facet normal -0.751771 -0.659424 0
    outer loop
      vertex 99.0332 80.9562 3
      vertex 99.4645 80.4645 45.6139
      vertex 99.0332 80.9562 45.6617
    endloop
  endfacet
  facet normal -0.751771 0.659424 0
    outer loop
      vertex 99.0332 87.0438 46.254
      vertex 99.4645 87.5355 3
      vertex 99.0332 87.0438 3
    endloop
  endfacet
  facet normal -0.751771 0.659424 0
    outer loop
      vertex 99.4645 87.5355 3
      vertex 99.0332 87.0438 46.254
      vertex 99.4645 87.5355 46.3019
    endloop
  endfacet
  facet normal -0.946941 0.321407 0
    outer loop
      vertex 98.1704 85.2941 46.0838
      vertex 98.3806 85.9134 3
      vertex 98.1704 85.2941 3
    endloop
  endfacet
  facet normal -0.946941 0.321407 0
    outer loop
      vertex 98.3806 85.9134 3
      vertex 98.1704 85.2941 46.0838
      vertex 98.3806 85.9134 46.144
    endloop
  endfacet
  facet normal -0.831509 -0.555512 -0
    outer loop
      vertex 99.0332 80.9562 45.6617
      vertex 98.6699 81.5 3
      vertex 99.0332 80.9562 3
    endloop
  endfacet
  facet normal -0.831509 -0.555512 0
    outer loop
      vertex 98.6699 81.5 3
      vertex 99.0332 80.9562 45.6617
      vertex 98.6699 81.5 45.7146
    endloop
  endfacet
  facet normal 0.321546 -0.946894 0
    outer loop
      vertex 104.913 79.3806 3
      vertex 104.294 79.1704 45.488
      vertex 104.294 79.1704 3
    endloop
  endfacet
  facet normal 0.321546 -0.946894 0
    outer loop
      vertex 104.294 79.1704 45.488
      vertex 104.913 79.3806 3
      vertex 104.913 79.3806 45.5084
    endloop
  endfacet
  facet normal -0.89686 -0.442314 -0
    outer loop
      vertex 98.6699 81.5 45.7146
      vertex 98.3806 82.0866 3
      vertex 98.6699 81.5 3
    endloop
  endfacet
  facet normal -0.89686 -0.442314 0
    outer loop
      vertex 98.3806 82.0866 3
      vertex 98.6699 81.5 45.7146
      vertex 98.3806 82.0866 45.7717
    endloop
  endfacet
  facet normal -0.659424 -0.751771 0
    outer loop
      vertex 99.4645 80.4645 3
      vertex 99.9562 80.0332 45.5719
      vertex 99.4645 80.4645 45.6139
    endloop
  endfacet
  facet normal -0.659424 -0.751771 -0
    outer loop
      vertex 99.9562 80.0332 45.5719
      vertex 99.4645 80.4645 3
      vertex 99.9562 80.0332 3
    endloop
  endfacet
  facet normal -0.946941 -0.321407 -0
    outer loop
      vertex 98.3806 82.0866 45.7717
      vertex 98.1704 82.7059 3
      vertex 98.3806 82.0866 3
    endloop
  endfacet
  facet normal -0.946941 -0.321407 0
    outer loop
      vertex 98.1704 82.7059 3
      vertex 98.3806 82.0866 45.7717
      vertex 98.1704 82.7059 45.8319
    endloop
  endfacet
  facet normal -0.980786 0.195087 0
    outer loop
      vertex 98.0428 84.6526 46.0214
      vertex 98.1704 85.2941 3
      vertex 98.0428 84.6526 3
    endloop
  endfacet
  facet normal -0.980786 0.195087 0
    outer loop
      vertex 98.1704 85.2941 3
      vertex 98.0428 84.6526 46.0214
      vertex 98.1704 85.2941 46.0838
    endloop
  endfacet
  facet normal 0.0654033 -0.997859 0
    outer loop
      vertex 103 79 3
      vertex 103.653 79.0428 45.4755
      vertex 103 79 45.4714
    endloop
  endfacet
  facet normal 0.0654033 -0.997859 0
    outer loop
      vertex 103.653 79.0428 45.4755
      vertex 103 79 3
      vertex 103.653 79.0428 3
    endloop
  endfacet
  facet normal -0.442072 -0.89698 0
    outer loop
      vertex 100.5 79.6699 3
      vertex 101.087 79.3806 45.5084
      vertex 100.5 79.6699 45.5366
    endloop
  endfacet
  facet normal -0.442072 -0.89698 -0
    outer loop
      vertex 101.087 79.3806 45.5084
      vertex 100.5 79.6699 3
      vertex 101.087 79.3806 3
    endloop
  endfacet
  facet normal -0.89686 0.442314 0
    outer loop
      vertex 98.3806 85.9134 46.144
      vertex 98.6699 86.5 3
      vertex 98.3806 85.9134 3
    endloop
  endfacet
  facet normal -0.89686 0.442314 0
    outer loop
      vertex 98.6699 86.5 3
      vertex 98.3806 85.9134 46.144
      vertex 98.6699 86.5 46.2011
    endloop
  endfacet
  facet normal 0.441703 -0.897161 0
    outer loop
      vertex 105.2 79.5219 3
      vertex 104.913 79.3806 45.5084
      vertex 104.913 79.3806 3
    endloop
  endfacet
  facet normal 0.441703 -0.897161 0
    outer loop
      vertex 104.913 79.3806 45.5084
      vertex 105.2 79.5219 3
      vertex 105.2 79.5219 45.5222
    endloop
  endfacet
  facet normal -0.195233 -0.980757 0
    outer loop
      vertex 101.706 79.1704 3
      vertex 102.347 79.0428 45.4755
      vertex 101.706 79.1704 45.488
    endloop
  endfacet
  facet normal -0.195233 -0.980757 -0
    outer loop
      vertex 102.347 79.0428 45.4755
      vertex 101.706 79.1704 3
      vertex 102.347 79.0428 3
    endloop
  endfacet
  facet normal -0.659497 0.751707 0
    outer loop
      vertex 99.652 87.7 3
      vertex 99.4645 87.5355 46.3019
      vertex 99.652 87.7 46.3179
    endloop
  endfacet
  facet normal -0.659497 0.751707 0
    outer loop
      vertex 99.4645 87.5355 46.3019
      vertex 99.652 87.7 3
      vertex 99.4645 87.5355 3
    endloop
  endfacet
  facet normal -0.0654033 -0.997859 0
    outer loop
      vertex 102.347 79.0428 3
      vertex 103 79 45.4714
      vertex 102.347 79.0428 45.4755
    endloop
  endfacet
  facet normal -0.0654033 -0.997859 -0
    outer loop
      vertex 103 79 45.4714
      vertex 102.347 79.0428 3
      vertex 103 79 3
    endloop
  endfacet
  facet normal -1 0 0
    outer loop
      vertex -67.5 87.7 10
      vertex -67.5 92.5 18
      vertex -67.5 92.5 10
    endloop
  endfacet
  facet normal -1 -0 0
    outer loop
      vertex -67.5 92.5 18
      vertex -67.5 87.7 10
      vertex -67.5 87.7 18
    endloop
  endfacet
  facet normal 0 0 -1
    outer loop
      vertex -81.5 87.7 18
      vertex -67.5 92.5 18
      vertex -67.5 87.7 18
    endloop
  endfacet
  facet normal -0 0 -1
    outer loop
      vertex -67.5 92.5 18
      vertex -81.5 87.7 18
      vertex -81.5 92.5 18
    endloop
  endfacet
  facet normal -0 0 1
    outer loop
      vertex -81.5 92.5 10
      vertex -67.5 87.7 10
      vertex -67.5 92.5 10
    endloop
  endfacet
  facet normal 0 0 1
    outer loop
      vertex -67.5 87.7 10
      vertex -81.5 92.5 10
      vertex -81.5 87.7 10
    endloop
  endfacet
  facet normal 1 -0 0
    outer loop
      vertex -81.5 87.7 18
      vertex -81.5 92.5 10
      vertex -81.5 92.5 18
    endloop
  endfacet
  facet normal 1 0 0
    outer loop
      vertex -81.5 92.5 10
      vertex -81.5 87.7 18
      vertex -81.5 87.7 10
    endloop
  endfacet
  facet normal 0.896909 -0 0.442216
    outer loop
      vertex -31.2742 87.7 11.6082
      vertex -30.9127 92.5 10.875
      vertex -31.2742 92.5 11.6082
    endloop
  endfacet
  facet normal 0.896909 0 0.442216
    outer loop
      vertex -30.9127 92.5 10.875
      vertex -31.2742 87.7 11.6082
      vertex -30.9127 87.7 10.875
    endloop
  endfacet
  facet normal 0.0654392 0 -0.997857
    outer loop
      vertex -26.3158 87.7 20.1965
      vertex -25.5 92.5 20.25
      vertex -25.5 87.7 20.25
    endloop
  endfacet
  facet normal 0.0654392 0 -0.997857
    outer loop
      vertex -25.5 92.5 20.25
      vertex -26.3158 87.7 20.1965
      vertex -26.3158 92.5 20.1965
    endloop
  endfacet
  facet normal -0.980782 0 -0.195105
    outer loop
      vertex -19.3035 87.7 14.8158
      vertex -19.463 92.5 15.6176
      vertex -19.3035 92.5 14.8158
    endloop
  endfacet
  facet normal -0.980782 -0 -0.195105
    outer loop
      vertex -19.463 92.5 15.6176
      vertex -19.3035 87.7 14.8158
      vertex -19.463 87.7 15.6176
    endloop
  endfacet
  facet normal -0.997857 0 -0.0654392
    outer loop
      vertex -19.25 87.7 14
      vertex -19.3035 92.5 14.8158
      vertex -19.25 92.5 14
    endloop
  endfacet
  facet normal -0.997857 -0 -0.0654392
    outer loop
      vertex -19.3035 92.5 14.8158
      vertex -19.25 87.7 14
      vertex -19.3035 87.7 14.8158
    endloop
  endfacet
  facet normal 0.980782 0 -0.195105
    outer loop
      vertex -31.537 87.7 15.6176
      vertex -31.6965 92.5 14.8158
      vertex -31.537 92.5 15.6176
    endloop
  endfacet
  facet normal 0.980782 0 -0.195105
    outer loop
      vertex -31.6965 92.5 14.8158
      vertex -31.537 87.7 15.6176
      vertex -31.6965 87.7 14.8158
    endloop
  endfacet
  facet normal -0.751773 0 -0.659422
    outer loop
      vertex -20.5415 87.7 17.8048
      vertex -21.0806 92.5 18.4194
      vertex -20.5415 92.5 17.8048
    endloop
  endfacet
  facet normal -0.751773 -0 -0.659422
    outer loop
      vertex -21.0806 92.5 18.4194
      vertex -20.5415 87.7 17.8048
      vertex -21.0806 87.7 18.4194
    endloop
  endfacet
  facet normal -0.321433 0 -0.946932
    outer loop
      vertex -23.8824 87.7 20.037
      vertex -23.1082 92.5 19.7742
      vertex -23.1082 87.7 19.7742
    endloop
  endfacet
  facet normal -0.321433 0 -0.946932
    outer loop
      vertex -23.1082 92.5 19.7742
      vertex -23.8824 87.7 20.037
      vertex -23.8824 92.5 20.037
    endloop
  endfacet
  facet normal 0.997857 -0 0.0654392
    outer loop
      vertex -31.75 87.7 14
      vertex -31.6965 92.5 13.1842
      vertex -31.75 92.5 14
    endloop
  endfacet
  facet normal 0.997857 0 0.0654392
    outer loop
      vertex -31.6965 92.5 13.1842
      vertex -31.75 87.7 14
      vertex -31.6965 87.7 13.1842
    endloop
  endfacet
  facet normal -0.946932 0 -0.321433
    outer loop
      vertex -19.463 87.7 15.6176
      vertex -19.7258 92.5 16.3918
      vertex -19.463 92.5 15.6176
    endloop
  endfacet
  facet normal -0.946932 -0 -0.321433
    outer loop
      vertex -19.7258 92.5 16.3918
      vertex -19.463 87.7 15.6176
      vertex -19.7258 87.7 16.3918
    endloop
  endfacet
  facet normal -0.831485 0 -0.555547
    outer loop
      vertex -20.0873 87.7 17.125
      vertex -20.5415 92.5 17.8048
      vertex -20.0873 92.5 17.125
    endloop
  endfacet
  facet normal -0.831485 -0 -0.555547
    outer loop
      vertex -20.5415 92.5 17.8048
      vertex -20.0873 87.7 17.125
      vertex -20.5415 87.7 17.8048
    endloop
  endfacet
  facet normal -0.896909 0 -0.442216
    outer loop
      vertex -19.7258 87.7 16.3918
      vertex -20.0873 92.5 17.125
      vertex -19.7258 92.5 16.3918
    endloop
  endfacet
  facet normal -0.896909 -0 -0.442216
    outer loop
      vertex -20.0873 92.5 17.125
      vertex -19.7258 87.7 16.3918
      vertex -20.0873 87.7 17.125
    endloop
  endfacet
  facet normal -0.442216 0 -0.896909
    outer loop
      vertex -23.1082 87.7 19.7742
      vertex -22.375 92.5 19.4127
      vertex -22.375 87.7 19.4127
    endloop
  endfacet
  facet normal -0.442216 0 -0.896909
    outer loop
      vertex -22.375 92.5 19.4127
      vertex -23.1082 87.7 19.7742
      vertex -23.1082 92.5 19.7742
    endloop
  endfacet
  facet normal -0.751784 0 0.65941
    outer loop
      vertex -21.0806 87.7 9.58058
      vertex -20.5415 92.5 10.1952
      vertex -21.0806 92.5 9.58058
    endloop
  endfacet
  facet normal -0.751784 0 0.65941
    outer loop
      vertex -20.5415 92.5 10.1952
      vertex -21.0806 87.7 9.58058
      vertex -20.5415 87.7 10.1952
    endloop
  endfacet
  facet normal 0.659381 0 0.751809
    outer loop
      vertex -29.9194 92.5 9.58058
      vertex -29.3048 87.7 9.04154
      vertex -29.3048 92.5 9.04154
    endloop
  endfacet
  facet normal 0.659381 0 0.751809
    outer loop
      vertex -29.3048 87.7 9.04154
      vertex -29.9194 92.5 9.58058
      vertex -29.9194 87.7 9.58058
    endloop
  endfacet
  facet normal -0.0654392 0 -0.997857
    outer loop
      vertex -25.5 87.7 20.25
      vertex -24.6842 92.5 20.1965
      vertex -24.6842 87.7 20.1965
    endloop
  endfacet
  facet normal -0.0654392 0 -0.997857
    outer loop
      vertex -24.6842 92.5 20.1965
      vertex -25.5 87.7 20.25
      vertex -25.5 92.5 20.25
    endloop
  endfacet
  facet normal 0.997857 0 -0.0654392
    outer loop
      vertex -31.6965 87.7 14.8158
      vertex -31.75 92.5 14
      vertex -31.6965 92.5 14.8158
    endloop
  endfacet
  facet normal 0.997857 0 -0.0654392
    outer loop
      vertex -31.75 92.5 14
      vertex -31.6965 87.7 14.8158
      vertex -31.75 87.7 14
    endloop
  endfacet
  facet normal -0.195093 0 0.980785
    outer loop
      vertex -24.6842 92.5 7.80347
      vertex -23.8824 87.7 7.96296
      vertex -23.8824 92.5 7.96296
    endloop
  endfacet
  facet normal -0.195093 0 0.980785
    outer loop
      vertex -23.8824 87.7 7.96296
      vertex -24.6842 92.5 7.80347
      vertex -24.6842 87.7 7.80347
    endloop
  endfacet
  facet normal 0.751784 -0 0.65941
    outer loop
      vertex -30.4585 87.7 10.1952
      vertex -29.9194 92.5 9.58058
      vertex -30.4585 92.5 10.1952
    endloop
  endfacet
  facet normal 0.751784 0 0.65941
    outer loop
      vertex -29.9194 92.5 9.58058
      vertex -30.4585 87.7 10.1952
      vertex -29.9194 87.7 9.58058
    endloop
  endfacet
  facet normal 0.321433 0 -0.946932
    outer loop
      vertex -27.8918 87.7 19.7742
      vertex -27.1176 92.5 20.037
      vertex -27.1176 87.7 20.037
    endloop
  endfacet
  facet normal 0.321433 0 -0.946932
    outer loop
      vertex -27.1176 92.5 20.037
      vertex -27.8918 87.7 19.7742
      vertex -27.8918 92.5 19.7742
    endloop
  endfacet
  facet normal -0.980782 0 0.195105
    outer loop
      vertex -19.463 87.7 12.3824
      vertex -19.3035 92.5 13.1842
      vertex -19.463 92.5 12.3824
    endloop
  endfacet
  facet normal -0.980782 0 0.195105
    outer loop
      vertex -19.3035 92.5 13.1842
      vertex -19.463 87.7 12.3824
      vertex -19.3035 87.7 13.1842
    endloop
  endfacet
  facet normal 0.980782 -0 0.195105
    outer loop
      vertex -31.6965 87.7 13.1842
      vertex -31.537 92.5 12.3824
      vertex -31.6965 92.5 13.1842
    endloop
  endfacet
  facet normal 0.980782 0 0.195105
    outer loop
      vertex -31.537 92.5 12.3824
      vertex -31.6965 87.7 13.1842
      vertex -31.537 87.7 12.3824
    endloop
  endfacet
  facet normal -0.442304 0 0.896865
    outer loop
      vertex -23.1082 92.5 8.22575
      vertex -22.375 87.7 8.58734
      vertex -22.375 92.5 8.58734
    endloop
  endfacet
  facet normal -0.442304 0 0.896865
    outer loop
      vertex -22.375 87.7 8.58734
      vertex -23.1082 92.5 8.22575
      vertex -23.1082 87.7 8.22575
    endloop
  endfacet
  facet normal -0.997857 0 0.0654392
    outer loop
      vertex -19.3035 87.7 13.1842
      vertex -19.25 92.5 14
      vertex -19.3035 92.5 13.1842
    endloop
  endfacet
  facet normal -0.997857 0 0.0654392
    outer loop
      vertex -19.25 92.5 14
      vertex -19.3035 87.7 13.1842
      vertex -19.25 87.7 14
    endloop
  endfacet
  facet normal -0.321422 0 0.946936
    outer loop
      vertex -23.8824 92.5 7.96296
      vertex -23.1082 87.7 8.22575
      vertex -23.1082 92.5 8.22575
    endloop
  endfacet
  facet normal -0.321422 0 0.946936
    outer loop
      vertex -23.1082 87.7 8.22575
      vertex -23.8824 92.5 7.96296
      vertex -23.8824 87.7 7.96296
    endloop
  endfacet
  facet normal 0.0654027 0 0.997859
    outer loop
      vertex -26.3158 92.5 7.80347
      vertex -25.5 87.7 7.75
      vertex -25.5 92.5 7.75
    endloop
  endfacet
  facet normal 0.0654027 0 0.997859
    outer loop
      vertex -25.5 87.7 7.75
      vertex -26.3158 92.5 7.80347
      vertex -26.3158 87.7 7.80347
    endloop
  endfacet
  facet normal 0.442216 0 -0.896909
    outer loop
      vertex -28.625 87.7 19.4127
      vertex -27.8918 92.5 19.7742
      vertex -27.8918 87.7 19.7742
    endloop
  endfacet
  facet normal 0.442216 0 -0.896909
    outer loop
      vertex -27.8918 92.5 19.7742
      vertex -28.625 87.7 19.4127
      vertex -28.625 92.5 19.4127
    endloop
  endfacet
  facet normal 0.195105 0 -0.980782
    outer loop
      vertex -27.1176 87.7 20.037
      vertex -26.3158 92.5 20.1965
      vertex -26.3158 87.7 20.1965
    endloop
  endfacet
  facet normal 0.195105 0 -0.980782
    outer loop
      vertex -26.3158 92.5 20.1965
      vertex -27.1176 87.7 20.037
      vertex -27.1176 92.5 20.037
    endloop
  endfacet
  facet normal 0.195093 0 0.980785
    outer loop
      vertex -27.1176 92.5 7.96296
      vertex -26.3158 87.7 7.80347
      vertex -26.3158 92.5 7.80347
    endloop
  endfacet
  facet normal 0.195093 0 0.980785
    outer loop
      vertex -26.3158 87.7 7.80347
      vertex -27.1176 92.5 7.96296
      vertex -27.1176 87.7 7.96296
    endloop
  endfacet
  facet normal 0.946932 0 -0.321433
    outer loop
      vertex -31.2742 87.7 16.3918
      vertex -31.537 92.5 15.6176
      vertex -31.2742 92.5 16.3918
    endloop
  endfacet
  facet normal 0.946932 0 -0.321433
    outer loop
      vertex -31.537 92.5 15.6176
      vertex -31.2742 87.7 16.3918
      vertex -31.537 87.7 15.6176
    endloop
  endfacet
  facet normal 0.831485 -0 0.555547
    outer loop
      vertex -30.9127 87.7 10.875
      vertex -30.4585 92.5 10.1952
      vertex -30.9127 92.5 10.875
    endloop
  endfacet
  facet normal 0.831485 0 0.555547
    outer loop
      vertex -30.4585 92.5 10.1952
      vertex -30.9127 87.7 10.875
      vertex -30.4585 87.7 10.1952
    endloop
  endfacet
  facet normal 0.659422 0 -0.751773
    outer loop
      vertex -29.9194 87.7 18.4194
      vertex -29.3048 92.5 18.9585
      vertex -29.3048 87.7 18.9585
    endloop
  endfacet
  facet normal 0.659422 0 -0.751773
    outer loop
      vertex -29.3048 92.5 18.9585
      vertex -29.9194 87.7 18.4194
      vertex -29.9194 92.5 18.4194
    endloop
  endfacet
  facet normal -0.831485 0 0.555547
    outer loop
      vertex -20.5415 87.7 10.1952
      vertex -20.0873 92.5 10.875
      vertex -20.5415 92.5 10.1952
    endloop
  endfacet
  facet normal -0.831485 0 0.555547
    outer loop
      vertex -20.0873 92.5 10.875
      vertex -20.5415 87.7 10.1952
      vertex -20.0873 87.7 10.875
    endloop
  endfacet
  facet normal 0.442304 0 0.896865
    outer loop
      vertex -28.625 92.5 8.58734
      vertex -27.8918 87.7 8.22575
      vertex -27.8918 92.5 8.22575
    endloop
  endfacet
  facet normal 0.442304 0 0.896865
    outer loop
      vertex -27.8918 87.7 8.22575
      vertex -28.625 92.5 8.58734
      vertex -28.625 87.7 8.58734
    endloop
  endfacet
  facet normal -0.659381 0 0.751809
    outer loop
      vertex -21.6952 92.5 9.04154
      vertex -21.0806 87.7 9.58058
      vertex -21.0806 92.5 9.58058
    endloop
  endfacet
  facet normal -0.659381 0 0.751809
    outer loop
      vertex -21.0806 87.7 9.58058
      vertex -21.6952 92.5 9.04154
      vertex -21.6952 87.7 9.04154
    endloop
  endfacet
  facet normal 0.896909 0 -0.442216
    outer loop
      vertex -30.9127 87.7 17.125
      vertex -31.2742 92.5 16.3918
      vertex -30.9127 92.5 17.125
    endloop
  endfacet
  facet normal 0.896909 0 -0.442216
    outer loop
      vertex -31.2742 92.5 16.3918
      vertex -30.9127 87.7 17.125
      vertex -31.2742 87.7 16.3918
    endloop
  endfacet
  facet normal -0.555547 0 0.831485
    outer loop
      vertex -22.375 92.5 8.58734
      vertex -21.6952 87.7 9.04154
      vertex -21.6952 92.5 9.04154
    endloop
  endfacet
  facet normal -0.555547 0 0.831485
    outer loop
      vertex -21.6952 87.7 9.04154
      vertex -22.375 92.5 8.58734
      vertex -22.375 87.7 8.58734
    endloop
  endfacet
  facet normal 0.555547 0 -0.831485
    outer loop
      vertex -29.3048 87.7 18.9585
      vertex -28.625 92.5 19.4127
      vertex -28.625 87.7 19.4127
    endloop
  endfacet
  facet normal 0.555547 0 -0.831485
    outer loop
      vertex -28.625 92.5 19.4127
      vertex -29.3048 87.7 18.9585
      vertex -29.3048 92.5 18.9585
    endloop
  endfacet
  facet normal -0.555547 0 -0.831485
    outer loop
      vertex -22.375 87.7 19.4127
      vertex -21.6952 92.5 18.9585
      vertex -21.6952 87.7 18.9585
    endloop
  endfacet
  facet normal -0.555547 0 -0.831485
    outer loop
      vertex -21.6952 92.5 18.9585
      vertex -22.375 87.7 19.4127
      vertex -22.375 92.5 19.4127
    endloop
  endfacet
  facet normal 0.946932 -0 0.321433
    outer loop
      vertex -31.537 87.7 12.3824
      vertex -31.2742 92.5 11.6082
      vertex -31.537 92.5 12.3824
    endloop
  endfacet
  facet normal 0.946932 0 0.321433
    outer loop
      vertex -31.2742 92.5 11.6082
      vertex -31.537 87.7 12.3824
      vertex -31.2742 87.7 11.6082
    endloop
  endfacet
  facet normal -0.659422 0 -0.751773
    outer loop
      vertex -21.6952 87.7 18.9585
      vertex -21.0806 92.5 18.4194
      vertex -21.0806 87.7 18.4194
    endloop
  endfacet
  facet normal -0.659422 0 -0.751773
    outer loop
      vertex -21.0806 92.5 18.4194
      vertex -21.6952 87.7 18.9585
      vertex -21.6952 92.5 18.9585
    endloop
  endfacet
  facet normal -0.946932 0 0.321433
    outer loop
      vertex -19.7258 87.7 11.6082
      vertex -19.463 92.5 12.3824
      vertex -19.7258 92.5 11.6082
    endloop
  endfacet
  facet normal -0.946932 0 0.321433
    outer loop
      vertex -19.463 92.5 12.3824
      vertex -19.7258 87.7 11.6082
      vertex -19.463 87.7 12.3824
    endloop
  endfacet
  facet normal 0.555547 0 0.831485
    outer loop
      vertex -29.3048 92.5 9.04154
      vertex -28.625 87.7 8.58734
      vertex -28.625 92.5 8.58734
    endloop
  endfacet
  facet normal 0.555547 0 0.831485
    outer loop
      vertex -28.625 87.7 8.58734
      vertex -29.3048 92.5 9.04154
      vertex -29.3048 87.7 9.04154
    endloop
  endfacet
  facet normal -0.0654027 0 0.997859
    outer loop
      vertex -25.5 92.5 7.75
      vertex -24.6842 87.7 7.80347
      vertex -24.6842 92.5 7.80347
    endloop
  endfacet
  facet normal -0.0654027 0 0.997859
    outer loop
      vertex -24.6842 87.7 7.80347
      vertex -25.5 92.5 7.75
      vertex -25.5 87.7 7.75
    endloop
  endfacet
  facet normal 0.831485 0 -0.555547
    outer loop
      vertex -30.4585 87.7 17.8048
      vertex -30.9127 92.5 17.125
      vertex -30.4585 92.5 17.8048
    endloop
  endfacet
  facet normal 0.831485 0 -0.555547
    outer loop
      vertex -30.9127 92.5 17.125
      vertex -30.4585 87.7 17.8048
      vertex -30.9127 87.7 17.125
    endloop
  endfacet
  facet normal -0.896909 0 0.442216
    outer loop
      vertex -20.0873 87.7 10.875
      vertex -19.7258 92.5 11.6082
      vertex -20.0873 92.5 10.875
    endloop
  endfacet
  facet normal -0.896909 0 0.442216
    outer loop
      vertex -19.7258 92.5 11.6082
      vertex -20.0873 87.7 10.875
      vertex -19.7258 87.7 11.6082
    endloop
  endfacet
  facet normal -0.195105 0 -0.980782
    outer loop
      vertex -24.6842 87.7 20.1965
      vertex -23.8824 92.5 20.037
      vertex -23.8824 87.7 20.037
    endloop
  endfacet
  facet normal -0.195105 0 -0.980782
    outer loop
      vertex -23.8824 92.5 20.037
      vertex -24.6842 87.7 20.1965
      vertex -24.6842 92.5 20.1965
    endloop
  endfacet
  facet normal 0.321422 0 0.946936
    outer loop
      vertex -27.8918 92.5 8.22575
      vertex -27.1176 87.7 7.96296
      vertex -27.1176 92.5 7.96296
    endloop
  endfacet
  facet normal 0.321422 0 0.946936
    outer loop
      vertex -27.1176 87.7 7.96296
      vertex -27.8918 92.5 8.22575
      vertex -27.8918 87.7 8.22575
    endloop
  endfacet
  facet normal 0.751773 0 -0.659422
    outer loop
      vertex -29.9194 87.7 18.4194
      vertex -30.4585 92.5 17.8048
      vertex -29.9194 92.5 18.4194
    endloop
  endfacet
  facet normal 0.751773 0 -0.659422
    outer loop
      vertex -30.4585 92.5 17.8048
      vertex -29.9194 87.7 18.4194
      vertex -30.4585 87.7 17.8048
    endloop
  endfacet
  facet normal 0.89686 -0 0.442314
    outer loop
      vertex -49.7336 87.7 12.6606
      vertex -49.5311 92.5 12.25
      vertex -49.7336 92.5 12.6606
    endloop
  endfacet
  facet normal 0.89686 0 0.442314
    outer loop
      vertex -49.5311 92.5 12.25
      vertex -49.7336 87.7 12.6606
      vertex -49.5311 87.7 12.25
    endloop
  endfacet
  facet normal 0.980757 -0 0.195234
    outer loop
      vertex -49.9701 87.7 13.5432
      vertex -49.8807 92.5 13.0941
      vertex -49.9701 92.5 13.5432
    endloop
  endfacet
  facet normal 0.980757 0 0.195234
    outer loop
      vertex -49.8807 92.5 13.0941
      vertex -49.9701 87.7 13.5432
      vertex -49.8807 87.7 13.0941
    endloop
  endfacet
  facet normal -0.980757 0 -0.195234
    outer loop
      vertex -43.0299 87.7 14.4568
      vertex -43.1193 92.5 14.9059
      vertex -43.0299 92.5 14.4568
    endloop
  endfacet
  facet normal -0.980757 -0 -0.195234
    outer loop
      vertex -43.1193 92.5 14.9059
      vertex -43.0299 87.7 14.4568
      vertex -43.1193 87.7 14.9059
    endloop
  endfacet
  facet normal -0.997865 0 -0.0653156
    outer loop
      vertex -43 87.7 14
      vertex -43.0299 92.5 14.4568
      vertex -43 92.5 14
    endloop
  endfacet
  facet normal -0.997865 -0 -0.0653156
    outer loop
      vertex -43.0299 92.5 14.4568
      vertex -43 87.7 14
      vertex -43.0299 87.7 14.4568
    endloop
  endfacet
  facet normal 0.321335 0 0.946966
    outer loop
      vertex -47.8394 92.5 10.7664
      vertex -47.4059 87.7 10.6193
      vertex -47.4059 92.5 10.6193
    endloop
  endfacet
  facet normal 0.321335 0 0.946966
    outer loop
      vertex -47.4059 87.7 10.6193
      vertex -47.8394 92.5 10.7664
      vertex -47.8394 87.7 10.7664
    endloop
  endfacet
  facet normal 0.946966 0 -0.321335
    outer loop
      vertex -49.7336 87.7 15.3394
      vertex -49.8807 92.5 14.9059
      vertex -49.7336 92.5 15.3394
    endloop
  endfacet
  facet normal 0.946966 0 -0.321335
    outer loop
      vertex -49.8807 92.5 14.9059
      vertex -49.7336 87.7 15.3394
      vertex -49.8807 87.7 14.9059
    endloop
  endfacet
  facet normal -0.7519 0 -0.659278
    outer loop
      vertex -43.7233 87.7 16.1307
      vertex -44.0251 92.5 16.4749
      vertex -43.7233 92.5 16.1307
    endloop
  endfacet
  facet normal -0.7519 -0 -0.659278
    outer loop
      vertex -44.0251 92.5 16.4749
      vertex -43.7233 87.7 16.1307
      vertex -44.0251 87.7 16.4749
    endloop
  endfacet
  facet normal -0.555607 0 0.831445
    outer loop
      vertex -44.75 92.5 10.9689
      vertex -44.3693 87.7 11.2233
      vertex -44.3693 92.5 11.2233
    endloop
  endfacet
  facet normal -0.555607 0 0.831445
    outer loop
      vertex -44.3693 87.7 11.2233
      vertex -44.75 92.5 10.9689
      vertex -44.75 87.7 10.9689
    endloop
  endfacet
  facet normal -0.831445 0 -0.555607
    outer loop
      vertex -43.4689 87.7 15.75
      vertex -43.7233 92.5 16.1307
      vertex -43.4689 92.5 15.75
    endloop
  endfacet
  facet normal -0.831445 -0 -0.555607
    outer loop
      vertex -43.7233 92.5 16.1307
      vertex -43.4689 87.7 15.75
      vertex -43.7233 87.7 16.1307
    endloop
  endfacet
  facet normal -0.659278 0 0.7519
    outer loop
      vertex -44.3693 92.5 11.2233
      vertex -44.0251 87.7 11.5251
      vertex -44.0251 92.5 11.5251
    endloop
  endfacet
  facet normal -0.659278 0 0.7519
    outer loop
      vertex -44.0251 87.7 11.5251
      vertex -44.3693 92.5 11.2233
      vertex -44.3693 87.7 11.2233
    endloop
  endfacet
  facet normal 0.442314 0 0.89686
    outer loop
      vertex -48.25 92.5 10.9689
      vertex -47.8394 87.7 10.7664
      vertex -47.8394 92.5 10.7664
    endloop
  endfacet
  facet normal 0.442314 0 0.89686
    outer loop
      vertex -47.8394 87.7 10.7664
      vertex -48.25 92.5 10.9689
      vertex -48.25 87.7 10.9689
    endloop
  endfacet
  facet normal -0.442314 0 -0.89686
    outer loop
      vertex -45.1606 87.7 17.2336
      vertex -44.75 92.5 17.0311
      vertex -44.75 87.7 17.0311
    endloop
  endfacet
  facet normal -0.442314 0 -0.89686
    outer loop
      vertex -44.75 92.5 17.0311
      vertex -45.1606 87.7 17.2336
      vertex -45.1606 92.5 17.2336
    endloop
  endfacet
  facet normal -0.946966 0 -0.321335
    outer loop
      vertex -43.1193 87.7 14.9059
      vertex -43.2664 92.5 15.3394
      vertex -43.1193 92.5 14.9059
    endloop
  endfacet
  facet normal -0.946966 -0 -0.321335
    outer loop
      vertex -43.2664 92.5 15.3394
      vertex -43.1193 87.7 14.9059
      vertex -43.2664 87.7 15.3394
    endloop
  endfacet
  facet normal -0.442314 0 0.89686
    outer loop
      vertex -45.1606 92.5 10.7664
      vertex -44.75 87.7 10.9689
      vertex -44.75 92.5 10.9689
    endloop
  endfacet
  facet normal -0.442314 0 0.89686
    outer loop
      vertex -44.75 87.7 10.9689
      vertex -45.1606 92.5 10.7664
      vertex -45.1606 87.7 10.7664
    endloop
  endfacet
  facet normal 0.555607 0 -0.831445
    outer loop
      vertex -48.6307 87.7 16.7767
      vertex -48.25 92.5 17.0311
      vertex -48.25 87.7 17.0311
    endloop
  endfacet
  facet normal 0.555607 0 -0.831445
    outer loop
      vertex -48.25 92.5 17.0311
      vertex -48.6307 87.7 16.7767
      vertex -48.6307 92.5 16.7767
    endloop
  endfacet
  facet normal -0.195234 0 0.980757
    outer loop
      vertex -46.0432 92.5 10.5299
      vertex -45.5941 87.7 10.6193
      vertex -45.5941 92.5 10.6193
    endloop
  endfacet
  facet normal -0.195234 0 0.980757
    outer loop
      vertex -45.5941 87.7 10.6193
      vertex -46.0432 92.5 10.5299
      vertex -46.0432 87.7 10.5299
    endloop
  endfacet
  facet normal -0.659278 0 -0.7519
    outer loop
      vertex -44.3693 87.7 16.7767
      vertex -44.0251 92.5 16.4749
      vertex -44.0251 87.7 16.4749
    endloop
  endfacet
  facet normal -0.659278 0 -0.7519
    outer loop
      vertex -44.0251 92.5 16.4749
      vertex -44.3693 87.7 16.7767
      vertex -44.3693 92.5 16.7767
    endloop
  endfacet
  facet normal 0.0653156 0 -0.997865
    outer loop
      vertex -46.9568 87.7 17.4701
      vertex -46.5 92.5 17.5
      vertex -46.5 87.7 17.5
    endloop
  endfacet
  facet normal 0.0653156 0 -0.997865
    outer loop
      vertex -46.5 92.5 17.5
      vertex -46.9568 87.7 17.4701
      vertex -46.9568 92.5 17.4701
    endloop
  endfacet
  facet normal -0.7519 0 0.659278
    outer loop
      vertex -44.0251 87.7 11.5251
      vertex -43.7233 92.5 11.8693
      vertex -44.0251 92.5 11.5251
    endloop
  endfacet
  facet normal -0.7519 0 0.659278
    outer loop
      vertex -43.7233 92.5 11.8693
      vertex -44.0251 87.7 11.5251
      vertex -43.7233 87.7 11.8693
    endloop
  endfacet
  facet normal -0.555607 0 -0.831445
    outer loop
      vertex -44.75 87.7 17.0311
      vertex -44.3693 92.5 16.7767
      vertex -44.3693 87.7 16.7767
    endloop
  endfacet
  facet normal -0.555607 0 -0.831445
    outer loop
      vertex -44.3693 92.5 16.7767
      vertex -44.75 87.7 17.0311
      vertex -44.75 92.5 17.0311
    endloop
  endfacet
  facet normal 0.195234 0 -0.980757
    outer loop
      vertex -47.4059 87.7 17.3807
      vertex -46.9568 92.5 17.4701
      vertex -46.9568 87.7 17.4701
    endloop
  endfacet
  facet normal 0.195234 0 -0.980757
    outer loop
      vertex -46.9568 92.5 17.4701
      vertex -47.4059 87.7 17.3807
      vertex -47.4059 92.5 17.3807
    endloop
  endfacet
  facet normal -0.997865 0 0.0653156
    outer loop
      vertex -43.0299 87.7 13.5432
      vertex -43 92.5 14
      vertex -43.0299 92.5 13.5432
    endloop
  endfacet
  facet normal -0.997865 0 0.0653156
    outer loop
      vertex -43 92.5 14
      vertex -43.0299 87.7 13.5432
      vertex -43 87.7 14
    endloop
  endfacet
  facet normal -0.321335 0 0.946966
    outer loop
      vertex -45.5941 92.5 10.6193
      vertex -45.1606 87.7 10.7664
      vertex -45.1606 92.5 10.7664
    endloop
  endfacet
  facet normal -0.321335 0 0.946966
    outer loop
      vertex -45.1606 87.7 10.7664
      vertex -45.5941 92.5 10.6193
      vertex -45.5941 87.7 10.6193
    endloop
  endfacet
  facet normal 0.555607 0 0.831445
    outer loop
      vertex -48.6307 92.5 11.2233
      vertex -48.25 87.7 10.9689
      vertex -48.25 92.5 10.9689
    endloop
  endfacet
  facet normal 0.555607 0 0.831445
    outer loop
      vertex -48.25 87.7 10.9689
      vertex -48.6307 92.5 11.2233
      vertex -48.6307 87.7 11.2233
    endloop
  endfacet
  facet normal -0.89686 0 -0.442314
    outer loop
      vertex -43.2664 87.7 15.3394
      vertex -43.4689 92.5 15.75
      vertex -43.2664 92.5 15.3394
    endloop
  endfacet
  facet normal -0.89686 -0 -0.442314
    outer loop
      vertex -43.4689 92.5 15.75
      vertex -43.2664 87.7 15.3394
      vertex -43.4689 87.7 15.75
    endloop
  endfacet
  facet normal 0.997865 0 -0.0653156
    outer loop
      vertex -49.9701 87.7 14.4568
      vertex -50 92.5 14
      vertex -49.9701 92.5 14.4568
    endloop
  endfacet
  facet normal 0.997865 0 -0.0653156
    outer loop
      vertex -50 92.5 14
      vertex -49.9701 87.7 14.4568
      vertex -50 87.7 14
    endloop
  endfacet
  facet normal 0.442314 0 -0.89686
    outer loop
      vertex -48.25 87.7 17.0311
      vertex -47.8394 92.5 17.2336
      vertex -47.8394 87.7 17.2336
    endloop
  endfacet
  facet normal 0.442314 0 -0.89686
    outer loop
      vertex -47.8394 92.5 17.2336
      vertex -48.25 87.7 17.0311
      vertex -48.25 92.5 17.0311
    endloop
  endfacet
  facet normal -0.980757 0 0.195234
    outer loop
      vertex -43.1193 87.7 13.0941
      vertex -43.0299 92.5 13.5432
      vertex -43.1193 92.5 13.0941
    endloop
  endfacet
  facet normal -0.980757 0 0.195234
    outer loop
      vertex -43.0299 92.5 13.5432
      vertex -43.1193 87.7 13.0941
      vertex -43.0299 87.7 13.5432
    endloop
  endfacet
  facet normal 0.321335 0 -0.946966
    outer loop
      vertex -47.8394 87.7 17.2336
      vertex -47.4059 92.5 17.3807
      vertex -47.4059 87.7 17.3807
    endloop
  endfacet
  facet normal 0.321335 0 -0.946966
    outer loop
      vertex -47.4059 92.5 17.3807
      vertex -47.8394 87.7 17.2336
      vertex -47.8394 92.5 17.2336
    endloop
  endfacet
  facet normal -0.321335 0 -0.946966
    outer loop
      vertex -45.5941 87.7 17.3807
      vertex -45.1606 92.5 17.2336
      vertex -45.1606 87.7 17.2336
    endloop
  endfacet
  facet normal -0.321335 0 -0.946966
    outer loop
      vertex -45.1606 92.5 17.2336
      vertex -45.5941 87.7 17.3807
      vertex -45.5941 92.5 17.3807
    endloop
  endfacet
  facet normal -0.831445 0 0.555607
    outer loop
      vertex -43.7233 87.7 11.8693
      vertex -43.4689 92.5 12.25
      vertex -43.7233 92.5 11.8693
    endloop
  endfacet
  facet normal -0.831445 0 0.555607
    outer loop
      vertex -43.4689 92.5 12.25
      vertex -43.7233 87.7 11.8693
      vertex -43.4689 87.7 12.25
    endloop
  endfacet
  facet normal -0.195234 0 -0.980757
    outer loop
      vertex -46.0432 87.7 17.4701
      vertex -45.5941 92.5 17.3807
      vertex -45.5941 87.7 17.3807
    endloop
  endfacet
  facet normal -0.195234 0 -0.980757
    outer loop
      vertex -45.5941 92.5 17.3807
      vertex -46.0432 87.7 17.4701
      vertex -46.0432 92.5 17.4701
    endloop
  endfacet
  facet normal 0.946966 -0 0.321335
    outer loop
      vertex -49.8807 87.7 13.0941
      vertex -49.7336 92.5 12.6606
      vertex -49.8807 92.5 13.0941
    endloop
  endfacet
  facet normal 0.946966 0 0.321335
    outer loop
      vertex -49.7336 92.5 12.6606
      vertex -49.8807 87.7 13.0941
      vertex -49.7336 87.7 12.6606
    endloop
  endfacet
  facet normal -0.946966 0 0.321335
    outer loop
      vertex -43.2664 87.7 12.6606
      vertex -43.1193 92.5 13.0941
      vertex -43.2664 92.5 12.6606
    endloop
  endfacet
  facet normal -0.946966 0 0.321335
    outer loop
      vertex -43.1193 92.5 13.0941
      vertex -43.2664 87.7 12.6606
      vertex -43.1193 87.7 13.0941
    endloop
  endfacet
  facet normal 0.195234 0 0.980757
    outer loop
      vertex -47.4059 92.5 10.6193
      vertex -46.9568 87.7 10.5299
      vertex -46.9568 92.5 10.5299
    endloop
  endfacet
  facet normal 0.195234 0 0.980757
    outer loop
      vertex -46.9568 87.7 10.5299
      vertex -47.4059 92.5 10.6193
      vertex -47.4059 87.7 10.6193
    endloop
  endfacet
  facet normal 0.89686 0 -0.442314
    outer loop
      vertex -49.5311 87.7 15.75
      vertex -49.7336 92.5 15.3394
      vertex -49.5311 92.5 15.75
    endloop
  endfacet
  facet normal 0.89686 0 -0.442314
    outer loop
      vertex -49.7336 92.5 15.3394
      vertex -49.5311 87.7 15.75
      vertex -49.7336 87.7 15.3394
    endloop
  endfacet
  facet normal 0.831445 0 -0.555607
    outer loop
      vertex -49.2767 87.7 16.1307
      vertex -49.5311 92.5 15.75
      vertex -49.2767 92.5 16.1307
    endloop
  endfacet
  facet normal 0.831445 0 -0.555607
    outer loop
      vertex -49.5311 92.5 15.75
      vertex -49.2767 87.7 16.1307
      vertex -49.5311 87.7 15.75
    endloop
  endfacet
  facet normal 0.659278 0 -0.7519
    outer loop
      vertex -48.9749 87.7 16.4749
      vertex -48.6307 92.5 16.7767
      vertex -48.6307 87.7 16.7767
    endloop
  endfacet
  facet normal 0.659278 0 -0.7519
    outer loop
      vertex -48.6307 92.5 16.7767
      vertex -48.9749 87.7 16.4749
      vertex -48.9749 92.5 16.4749
    endloop
  endfacet
  facet normal 0.0653156 0 0.997865
    outer loop
      vertex -46.9568 92.5 10.5299
      vertex -46.5 87.7 10.5
      vertex -46.5 92.5 10.5
    endloop
  endfacet
  facet normal 0.0653156 0 0.997865
    outer loop
      vertex -46.5 87.7 10.5
      vertex -46.9568 92.5 10.5299
      vertex -46.9568 87.7 10.5299
    endloop
  endfacet
  facet normal 0.831445 -0 0.555607
    outer loop
      vertex -49.5311 87.7 12.25
      vertex -49.2767 92.5 11.8693
      vertex -49.5311 92.5 12.25
    endloop
  endfacet
  facet normal 0.831445 0 0.555607
    outer loop
      vertex -49.2767 92.5 11.8693
      vertex -49.5311 87.7 12.25
      vertex -49.2767 87.7 11.8693
    endloop
  endfacet
  facet normal 0.997865 -0 0.0653156
    outer loop
      vertex -50 87.7 14
      vertex -49.9701 92.5 13.5432
      vertex -50 92.5 14
    endloop
  endfacet
  facet normal 0.997865 0 0.0653156
    outer loop
      vertex -49.9701 92.5 13.5432
      vertex -50 87.7 14
      vertex -49.9701 87.7 13.5432
    endloop
  endfacet
  facet normal -0.0653156 0 -0.997865
    outer loop
      vertex -46.5 87.7 17.5
      vertex -46.0432 92.5 17.4701
      vertex -46.0432 87.7 17.4701
    endloop
  endfacet
  facet normal -0.0653156 0 -0.997865
    outer loop
      vertex -46.0432 92.5 17.4701
      vertex -46.5 87.7 17.5
      vertex -46.5 92.5 17.5
    endloop
  endfacet
  facet normal 0.980757 0 -0.195234
    outer loop
      vertex -49.8807 87.7 14.9059
      vertex -49.9701 92.5 14.4568
      vertex -49.8807 92.5 14.9059
    endloop
  endfacet
  facet normal 0.980757 0 -0.195234
    outer loop
      vertex -49.9701 92.5 14.4568
      vertex -49.8807 87.7 14.9059
      vertex -49.9701 87.7 14.4568
    endloop
  endfacet
  facet normal 0.7519 -0 0.659278
    outer loop
      vertex -49.2767 87.7 11.8693
      vertex -48.9749 92.5 11.5251
      vertex -49.2767 92.5 11.8693
    endloop
  endfacet
  facet normal 0.7519 0 0.659278
    outer loop
      vertex -48.9749 92.5 11.5251
      vertex -49.2767 87.7 11.8693
      vertex -48.9749 87.7 11.5251
    endloop
  endfacet
  facet normal -0.0653156 0 0.997865
    outer loop
      vertex -46.5 92.5 10.5
      vertex -46.0432 87.7 10.5299
      vertex -46.0432 92.5 10.5299
    endloop
  endfacet
  facet normal -0.0653156 0 0.997865
    outer loop
      vertex -46.0432 87.7 10.5299
      vertex -46.5 92.5 10.5
      vertex -46.5 87.7 10.5
    endloop
  endfacet
  facet normal -0.89686 0 0.442314
    outer loop
      vertex -43.4689 87.7 12.25
      vertex -43.2664 92.5 12.6606
      vertex -43.4689 92.5 12.25
    endloop
  endfacet
  facet normal -0.89686 0 0.442314
    outer loop
      vertex -43.2664 92.5 12.6606
      vertex -43.4689 87.7 12.25
      vertex -43.2664 87.7 12.6606
    endloop
  endfacet
  facet normal 0.659278 0 0.7519
    outer loop
      vertex -48.9749 92.5 11.5251
      vertex -48.6307 87.7 11.2233
      vertex -48.6307 92.5 11.2233
    endloop
  endfacet
  facet normal 0.659278 0 0.7519
    outer loop
      vertex -48.6307 87.7 11.2233
      vertex -48.9749 92.5 11.5251
      vertex -48.9749 87.7 11.5251
    endloop
  endfacet
  facet normal 0.7519 0 -0.659278
    outer loop
      vertex -48.9749 87.7 16.4749
      vertex -49.2767 92.5 16.1307
      vertex -48.9749 92.5 16.4749
    endloop
  endfacet
  facet normal 0.7519 0 -0.659278
    outer loop
      vertex -49.2767 92.5 16.1307
      vertex -48.9749 87.7 16.4749
      vertex -49.2767 87.7 16.1307
    endloop
  endfacet
  facet normal -0.997703 0.0674185 0.00656
    outer loop
      vertex -100.7 -83.3009 29.6799
      vertex -100.72 -83.0905 24.4758
      vertex -100.72 -83.5941 29.6514
    endloop
  endfacet
  facet normal -0.000172278 -0.0966432 0.995319
    outer loop
      vertex -103.595 -80.5806 24.7201
      vertex -104.825 -81.3982 24.6405
      vertex -105.125 -81.9157 24.5902
    endloop
  endfacet
  facet normal -0.997788 0.0661524 0.00650914
    outer loop
      vertex -100.7 -83.3009 29.6799
      vertex -100.7 -82.7917 24.5049
      vertex -100.72 -83.0905 24.4758
    endloop
  endfacet
  facet normal -1 0 0
    outer loop
      vertex -100.7 -82.7917 24.5049
      vertex -100.7 -83.3009 29.6799
      vertex -100.7 -83.2953 29.6805
    endloop
  endfacet
  facet normal 0.659599 -0.748084 -0.0727907
    outer loop
      vertex -104.626 -81.6766 29.838
      vertex -104.4 -80.9756 24.6816
      vertex -104.4 -81.4792 29.8572
    endloop
  endfacet
  facet normal 0.659599 -0.748084 -0.0727907
    outer loop
      vertex -104.4 -80.9756 24.6816
      vertex -104.626 -81.6766 29.838
      vertex -104.626 -81.173 24.6624
    endloop
  endfacet
  facet normal -0.000496648 -0.0966943 0.995314
    outer loop
      vertex -100.778 -83.3842 24.4473
      vertex -100.7 -82.7917 24.5049
      vertex -100.875 -83.6678 24.4197
    endloop
  endfacet
  facet normal 0.94681 -0.320282 -0.0311587
    outer loop
      vertex -105.222 -82.1993 24.5626
      vertex -105.127 -82.4246 29.7652
      vertex -105.222 -82.7028 29.7381
    endloop
  endfacet
  facet normal -0.680205 0.72973 0.0693923
    outer loop
      vertex -101.374 -84.4104 24.3474
      vertex -101.6 -85.1114 29.5038
      vertex -101.596 -85.1077 29.5041
    endloop
  endfacet
  facet normal -0.659786 0.747922 0.0727604
    outer loop
      vertex -101.6 -85.1114 29.5038
      vertex -101.374 -84.4104 24.3474
      vertex -101.6 -84.6079 24.3282
    endloop
  endfacet
  facet normal 0.0812909 0.992005 0.0965248
    outer loop
      vertex -103.295 -85.5653 29.4596
      vertex -103.3 -85.0613 24.2841
      vertex -103.3 -85.5649 29.4597
    endloop
  endfacet
  facet normal 0.0654986 0.993161 0.0966526
    outer loop
      vertex -103.3 -85.0613 24.2841
      vertex -103.295 -85.5653 29.4596
      vertex -103 -85.0809 24.2822
    endloop
  endfacet
  facet normal -0.000142996 -0.0968208 0.995302
    outer loop
      vertex -105.125 -83.6678 24.4197
      vertex -104.992 -83.9363 24.3936
      vertex -105.3 -82.7917 24.5049
    endloop
  endfacet
  facet normal 0.000128009 -0.0965006 0.995333
    outer loop
      vertex -103.595 -85.0029 24.2898
      vertex -103.3 -85.0613 24.2841
      vertex -104.4 -84.6079 24.3282
    endloop
  endfacet
  facet normal 0.000324365 -0.0965559 0.995328
    outer loop
      vertex -100.875 -81.9157 24.5902
      vertex -101.008 -81.6471 24.6163
      vertex -101.175 -81.3982 24.6405
    endloop
  endfacet
  facet normal -0.981214 -0.192017 -0.0186804
    outer loop
      vertex -100.72 -82.4929 24.534
      vertex -100.778 -82.7028 29.7381
      vertex -100.778 -82.1993 24.5626
    endloop
  endfacet
  facet normal -0.981225 -0.19196 -0.0186783
    outer loop
      vertex -100.778 -82.7028 29.7381
      vertex -100.72 -82.4929 24.534
      vertex -100.72 -82.9965 29.7096
    endloop
  endfacet
  facet normal -0.000303005 -0.0963607 0.995346
    outer loop
      vertex -103.595 -80.5806 24.7201
      vertex -103.88 -80.6768 24.7107
      vertex -104.15 -80.8092 24.6978
    endloop
  endfacet
  facet normal 0.000172278 -0.0966432 0.995319
    outer loop
      vertex -100.875 -81.9157 24.5902
      vertex -101.175 -81.3982 24.6405
      vertex -102.405 -80.5806 24.7201
    endloop
  endfacet
  facet normal -0.981225 0.19196 0.0186783
    outer loop
      vertex -100.778 -83.3842 24.4473
      vertex -100.72 -83.5941 29.6514
      vertex -100.72 -83.0905 24.4758
    endloop
  endfacet
  facet normal -0.981226 0.191954 0.018678
    outer loop
      vertex -100.72 -83.5941 29.6514
      vertex -100.778 -83.3842 24.4473
      vertex -100.778 -83.8878 29.6228
    endloop
  endfacet
  facet normal -0.946651 0.320744 0.0312374
    outer loop
      vertex -100.875 -83.6678 24.4197
      vertex -100.873 -84.166 29.5958
      vertex -100.778 -83.3842 24.4473
    endloop
  endfacet
  facet normal -0.936326 0.349482 0.0339994
    outer loop
      vertex -100.873 -84.166 29.5958
      vertex -100.875 -83.6678 24.4197
      vertex -100.875 -84.1713 29.5952
    endloop
  endfacet
  facet normal -0.000612605 -0.0922293 0.995738
    outer loop
      vertex -103 -80.5025 24.7277
      vertex -103.3 -80.5221 24.7257
      vertex -103.595 -80.5806 24.7201
    endloop
  endfacet
  facet normal 0.000113355 -0.0969385 0.99529
    outer loop
      vertex -105.125 -81.9157 24.5902
      vertex -105.28 -82.4929 24.534
      vertex -105.3 -82.7917 24.5049
    endloop
  endfacet
  facet normal 0 -0.0968536 0.995299
    outer loop
      vertex -102.405 -80.5806 24.7201
      vertex -103 -80.5025 24.7277
      vertex -103.595 -80.5806 24.7201
    endloop
  endfacet
  facet normal -0.750752 0.657479 0.0639745
    outer loop
      vertex -101.374 -84.4104 24.3474
      vertex -101.175 -84.6889 29.5449
      vertex -101.175 -84.1853 24.3693
    endloop
  endfacet
  facet normal -0.750752 0.657479 0.0639745
    outer loop
      vertex -101.175 -84.6889 29.5449
      vertex -101.374 -84.4104 24.3474
      vertex -101.374 -84.914 29.523
    endloop
  endfacet
  facet normal 0.0654986 -0.993162 -0.0966392
    outer loop
      vertex -103.3 -81.0257 29.9013
      vertex -103 -80.5025 24.7277
      vertex -103 -81.0061 29.9032
    endloop
  endfacet
  facet normal 0.0655307 -0.99316 -0.0966372
    outer loop
      vertex -103 -80.5025 24.7277
      vertex -103.3 -81.0257 29.9013
      vertex -103.3 -80.5221 24.7257
    endloop
  endfacet
  facet normal 0.556434 0.826988 0.0804522
    outer loop
      vertex -104.155 -85.2747 29.4879
      vertex -104.4 -84.6079 24.3282
      vertex -104.4 -85.1114 29.5038
    endloop
  endfacet
  facet normal -0.997703 -0.0674163 -0.00655979
    outer loop
      vertex -100.72 -82.4929 24.534
      vertex -100.7 -83.2897 29.681
      vertex -100.72 -82.9965 29.7096
    endloop
  endfacet
  facet normal -0.000113355 -0.0969385 0.99529
    outer loop
      vertex -100.7 -82.7917 24.5049
      vertex -100.72 -82.4929 24.534
      vertex -100.875 -81.9157 24.5902
    endloop
  endfacet
  facet normal -0.897625 0.438688 0.0426863
    outer loop
      vertex -100.878 -84.1764 29.5948
      vertex -101.008 -83.9363 24.3936
      vertex -101.008 -84.4399 29.5691
    endloop
  endfacet
  facet normal -0.946806 0.320292 0.0311658
    outer loop
      vertex -100.778 -83.8878 29.6228
      vertex -100.778 -83.3842 24.4473
      vertex -100.873 -84.166 29.5958
    endloop
  endfacet
  facet normal 0.844281 -0.533383 -0.0518893
    outer loop
      vertex -104.828 -81.9064 29.8156
      vertex -104.825 -81.3982 24.6405
      vertex -104.825 -81.9017 29.8161
    endloop
  endfacet
  facet normal 0.831614 -0.552742 -0.0537978
    outer loop
      vertex -104.825 -81.3982 24.6405
      vertex -104.828 -81.9064 29.8156
      vertex -104.992 -81.6471 24.6163
    endloop
  endfacet
  facet normal 0.321479 0.942467 0.0916864
    outer loop
      vertex -103.595 -85.5065 29.4653
      vertex -103.88 -84.9067 24.2991
      vertex -103.88 -85.4102 29.4747
    endloop
  endfacet
  facet normal 0.321153 0.942575 0.0917169
    outer loop
      vertex -103.88 -84.9067 24.2991
      vertex -103.595 -85.5065 29.4653
      vertex -103.595 -85.0029 24.2898
    endloop
  endfacet
  facet normal -0.750896 -0.657316 -0.0639587
    outer loop
      vertex -101.175 -81.3982 24.6405
      vertex -101.374 -81.6766 29.838
      vertex -101.374 -81.173 24.6624
    endloop
  endfacet
  facet normal -0.750752 -0.65748 -0.0639619
    outer loop
      vertex -101.374 -81.6766 29.838
      vertex -101.175 -81.3982 24.6405
      vertex -101.175 -81.9017 29.8161
    endloop
  endfacet
  facet normal -0.000205629 -0.0965935 0.995324
    outer loop
      vertex -103.595 -80.5806 24.7201
      vertex -104.4 -80.9756 24.6816
      vertex -104.825 -81.3982 24.6405
    endloop
  endfacet
  facet normal 0.750896 -0.657316 -0.0639587
    outer loop
      vertex -104.626 -81.6766 29.838
      vertex -104.825 -81.3982 24.6405
      vertex -104.626 -81.173 24.6624
    endloop
  endfacet
  facet normal 0.750752 -0.65748 -0.0639619
    outer loop
      vertex -104.825 -81.3982 24.6405
      vertex -104.626 -81.6766 29.838
      vertex -104.825 -81.9017 29.8161
    endloop
  endfacet
  facet normal -0.556434 0.826988 0.0804522
    outer loop
      vertex -101.6 -85.1114 29.5038
      vertex -101.6 -84.6079 24.3282
      vertex -101.845 -85.2747 29.4879
    endloop
  endfacet
  facet normal 1.43704e-06 -0.0968404 0.9953
    outer loop
      vertex -104.992 -83.9363 24.3936
      vertex -103.595 -80.5806 24.7201
      vertex -105.125 -81.9157 24.5902
    endloop
  endfacet
  facet normal 0 -0.0968398 0.9953
    outer loop
      vertex -103.595 -80.5806 24.7201
      vertex -101.008 -83.9363 24.3936
      vertex -102.405 -80.5806 24.7201
    endloop
  endfacet
  facet normal 0 -0.0968398 0.9953
    outer loop
      vertex -101.008 -83.9363 24.3936
      vertex -103.595 -80.5806 24.7201
      vertex -104.992 -83.9363 24.3936
    endloop
  endfacet
  facet normal -0.000621782 -0.0974638 0.995239
    outer loop
      vertex -104.626 -84.4104 24.3474
      vertex -104.4 -84.6079 24.3282
      vertex -104.992 -83.9363 24.3936
    endloop
  endfacet
  facet normal -0.000103956 -0.0971102 0.995274
    outer loop
      vertex -104.15 -84.7742 24.312
      vertex -103.88 -84.9067 24.2991
      vertex -104.4 -84.6079 24.3282
    endloop
  endfacet
  facet normal -0.00140049 -0.0980592 0.99518
    outer loop
      vertex -104.825 -84.1853 24.3693
      vertex -104.626 -84.4104 24.3474
      vertex -104.992 -83.9363 24.3936
    endloop
  endfacet
  facet normal -0.946651 -0.32075 -0.0311761
    outer loop
      vertex -100.873 -82.4246 29.7652
      vertex -100.875 -81.9157 24.5902
      vertex -100.778 -82.1993 24.5626
    endloop
  endfacet
  facet normal -0.936116 -0.350038 -0.0340603
    outer loop
      vertex -100.875 -81.9157 24.5902
      vertex -100.873 -82.4246 29.7652
      vertex -100.875 -82.4193 29.7657
    endloop
  endfacet
  facet normal -0.000628749 -0.0970756 0.995277
    outer loop
      vertex -100.72 -82.4929 24.534
      vertex -100.778 -82.1993 24.5626
      vertex -100.875 -81.9157 24.5902
    endloop
  endfacet
  facet normal -0.896982 -0.439982 -0.0428945
    outer loop
      vertex -100.875 -81.9157 24.5902
      vertex -100.878 -82.4142 29.7662
      vertex -101.008 -81.6471 24.6163
    endloop
  endfacet
  facet normal -0.862991 -0.502845 -0.0489291
    outer loop
      vertex -100.878 -82.4142 29.7662
      vertex -100.875 -81.9157 24.5902
      vertex -100.875 -82.4193 29.7657
    endloop
  endfacet
  facet normal -0.997788 -0.0661664 -0.00636596
    outer loop
      vertex -100.7 -82.7917 24.5049
      vertex -100.7 -83.2897 29.681
      vertex -100.72 -82.4929 24.534
    endloop
  endfacet
  facet normal -1 0 -0
    outer loop
      vertex -100.7 -83.2897 29.681
      vertex -100.7 -82.7917 24.5049
      vertex -100.7 -83.2953 29.6805
    endloop
  endfacet
  facet normal 0.00268182 -0.0971084 0.99527
    outer loop
      vertex -100.72 -83.0905 24.4758
      vertex -100.7 -82.7917 24.5049
      vertex -100.778 -83.3842 24.4473
    endloop
  endfacet
  facet normal 0.981214 -0.192017 -0.0186804
    outer loop
      vertex -105.222 -82.7028 29.7381
      vertex -105.28 -82.4929 24.534
      vertex -105.222 -82.1993 24.5626
    endloop
  endfacet
  facet normal 0.981225 -0.19196 -0.0186783
    outer loop
      vertex -105.28 -82.4929 24.534
      vertex -105.222 -82.7028 29.7381
      vertex -105.28 -82.9965 29.7096
    endloop
  endfacet
  facet normal -0.195372 -0.976123 -0.0949418
    outer loop
      vertex -102.405 -80.5806 24.7201
      vertex -102.41 -81.083 29.8957
      vertex -102.7 -80.5221 24.7257
    endloop
  endfacet
  facet normal -0.215703 -0.971871 -0.0945487
    outer loop
      vertex -102.41 -81.083 29.8957
      vertex -102.405 -80.5806 24.7201
      vertex -102.405 -81.0841 29.8956
    endloop
  endfacet
  facet normal 0.000205629 -0.0965935 0.995324
    outer loop
      vertex -101.175 -81.3982 24.6405
      vertex -101.6 -80.9756 24.6816
      vertex -102.405 -80.5806 24.7201
    endloop
  endfacet
  facet normal -0.194727 -0.976247 -0.0949915
    outer loop
      vertex -102.7 -80.5221 24.7257
      vertex -102.41 -81.083 29.8957
      vertex -102.7 -81.0257 29.9013
    endloop
  endfacet
  facet normal -6.68534e-05 -0.0967318 0.99531
    outer loop
      vertex -104.4 -80.9756 24.6816
      vertex -104.626 -81.173 24.6624
      vertex -104.825 -81.3982 24.6405
    endloop
  endfacet
  facet normal 0.322137 -0.942243 -0.0916828
    outer loop
      vertex -103.88 -80.6768 24.7107
      vertex -103.601 -81.0859 29.8954
      vertex -103.88 -81.1804 29.8863
    endloop
  endfacet
  facet normal 0 -0.0968083 0.995303
    outer loop
      vertex -101.6 -84.6079 24.3282
      vertex -103.3 -85.0613 24.2841
      vertex -102.7 -85.0613 24.2841
    endloop
  endfacet
  facet normal 0 -0.0968083 0.995303
    outer loop
      vertex -103.3 -85.0613 24.2841
      vertex -101.6 -84.6079 24.3282
      vertex -104.4 -84.6079 24.3282
    endloop
  endfacet
  facet normal -0.0652631 0.993177 0.0966407
    outer loop
      vertex -102.705 -85.5653 29.4596
      vertex -103 -85.0809 24.2822
      vertex -103 -85.5845 29.4577
    endloop
  endfacet
  facet normal -0.000287043 -0.0968592 0.995298
    outer loop
      vertex -104.992 -83.9363 24.3936
      vertex -105.125 -81.9157 24.5902
      vertex -105.3 -82.7917 24.5049
    endloop
  endfacet
  facet normal 0.997703 -0.0674163 -0.00655979
    outer loop
      vertex -105.28 -82.4929 24.534
      vertex -105.28 -82.9965 29.7096
      vertex -105.3 -83.2897 29.681
    endloop
  endfacet
  facet normal 0.659214 0.748421 0.0728234
    outer loop
      vertex -104.404 -85.1077 29.5041
      vertex -104.626 -84.4104 24.3474
      vertex -104.626 -84.914 29.523
    endloop
  endfacet
  facet normal -0.831614 -0.552742 -0.0537978
    outer loop
      vertex -101.172 -81.9064 29.8156
      vertex -101.175 -81.3982 24.6405
      vertex -101.008 -81.6471 24.6163
    endloop
  endfacet
  facet normal -0.844281 -0.533383 -0.0518893
    outer loop
      vertex -101.175 -81.3982 24.6405
      vertex -101.172 -81.9064 29.8156
      vertex -101.175 -81.9017 29.8161
    endloop
  endfacet
  facet normal -1.43704e-06 -0.0968404 0.9953
    outer loop
      vertex -101.008 -83.9363 24.3936
      vertex -100.875 -81.9157 24.5902
      vertex -102.405 -80.5806 24.7201
    endloop
  endfacet
  facet normal 0.000287043 -0.0968592 0.995298
    outer loop
      vertex -100.7 -82.7917 24.5049
      vertex -100.875 -81.9157 24.5902
      vertex -101.008 -83.9363 24.3936
    endloop
  endfacet
  facet normal 0.936116 -0.350038 -0.0340603
    outer loop
      vertex -105.127 -82.4246 29.7652
      vertex -105.125 -81.9157 24.5902
      vertex -105.125 -82.4193 29.7657
    endloop
  endfacet
  facet normal 0.946651 -0.32075 -0.0311761
    outer loop
      vertex -105.125 -81.9157 24.5902
      vertex -105.127 -82.4246 29.7652
      vertex -105.222 -82.1993 24.5626
    endloop
  endfacet
  facet normal 0.000628749 -0.0970756 0.995277
    outer loop
      vertex -105.125 -81.9157 24.5902
      vertex -105.222 -82.1993 24.5626
      vertex -105.28 -82.4929 24.534
    endloop
  endfacet
  facet normal -0.831483 -0.552938 -0.0538034
    outer loop
      vertex -101.008 -81.6471 24.6163
      vertex -101.008 -82.1507 29.7918
      vertex -101.172 -81.9064 29.8156
    endloop
  endfacet
  facet normal 0.000303005 -0.0963607 0.995346
    outer loop
      vertex -101.85 -80.8092 24.6978
      vertex -102.12 -80.6768 24.7107
      vertex -102.405 -80.5806 24.7201
    endloop
  endfacet
  facet normal -0.528714 -0.84481 -0.0822023
    outer loop
      vertex -101.85 -80.8092 24.6978
      vertex -101.845 -81.3159 29.8731
      vertex -101.85 -81.3128 29.8734
    endloop
  endfacet
  facet normal -0.555897 -0.827348 -0.0804664
    outer loop
      vertex -101.845 -81.3159 29.8731
      vertex -101.85 -80.8092 24.6978
      vertex -101.6 -80.9756 24.6816
    endloop
  endfacet
  facet normal 0.556434 -0.826986 -0.080468
    outer loop
      vertex -104.4 -80.9756 24.6816
      vertex -104.155 -81.3159 29.8731
      vertex -104.4 -81.4792 29.8572
    endloop
  endfacet
  facet normal 0.000612605 -0.0922293 0.995738
    outer loop
      vertex -102.405 -80.5806 24.7201
      vertex -102.7 -80.5221 24.7257
      vertex -103 -80.5025 24.7277
    endloop
  endfacet
  facet normal 0.448306 -0.889718 -0.08616
    outer loop
      vertex -104.15 -81.3128 29.8734
      vertex -103.88 -80.6768 24.7107
      vertex -104.145 -81.3103 29.8736
    endloop
  endfacet
  facet normal 0.441962 -0.892817 -0.0868736
    outer loop
      vertex -103.88 -80.6768 24.7107
      vertex -104.15 -81.3128 29.8734
      vertex -104.15 -80.8092 24.6978
    endloop
  endfacet
  facet normal -0.000209232 -0.0965862 0.995325
    outer loop
      vertex -103.595 -80.5806 24.7201
      vertex -104.15 -80.8092 24.6978
      vertex -104.4 -80.9756 24.6816
    endloop
  endfacet
  facet normal 0.0652631 0.993177 0.0966407
    outer loop
      vertex -103 -85.5845 29.4577
      vertex -103 -85.0809 24.2822
      vertex -103.295 -85.5653 29.4596
    endloop
  endfacet
  facet normal -0.441962 0.892817 0.0868736
    outer loop
      vertex -101.85 -84.7742 24.312
      vertex -102.12 -85.4102 29.4747
      vertex -101.85 -85.2778 29.4876
    endloop
  endfacet
  facet normal -0.442228 0.892688 0.0868438
    outer loop
      vertex -102.12 -85.4102 29.4747
      vertex -101.85 -84.7742 24.312
      vertex -102.12 -84.9067 24.2991
    endloop
  endfacet
  facet normal 0.000103956 -0.0971102 0.995274
    outer loop
      vertex -101.85 -84.7742 24.312
      vertex -101.6 -84.6079 24.3282
      vertex -102.12 -84.9067 24.2991
    endloop
  endfacet
  facet normal -0.321479 0.942467 0.0916864
    outer loop
      vertex -102.12 -84.9067 24.2991
      vertex -102.405 -85.5065 29.4653
      vertex -102.12 -85.4102 29.4747
    endloop
  endfacet
  facet normal -0.321153 0.942575 0.0917169
    outer loop
      vertex -102.405 -85.5065 29.4653
      vertex -102.12 -84.9067 24.2991
      vertex -102.405 -85.0029 24.2898
    endloop
  endfacet
  facet normal -0.195054 0.976182 0.094987
    outer loop
      vertex -102.405 -85.0029 24.2898
      vertex -102.7 -85.5649 29.4597
      vertex -102.405 -85.5065 29.4653
    endloop
  endfacet
  facet normal -0.195085 0.976176 0.0949846
    outer loop
      vertex -102.7 -85.5649 29.4597
      vertex -102.405 -85.0029 24.2898
      vertex -102.7 -85.0613 24.2841
    endloop
  endfacet
  facet normal 0.000621782 -0.0974638 0.995239
    outer loop
      vertex -101.374 -84.4104 24.3474
      vertex -101.008 -83.9363 24.3936
      vertex -101.6 -84.6079 24.3282
    endloop
  endfacet
  facet normal -0.659214 0.748421 0.0728234
    outer loop
      vertex -101.374 -84.914 29.523
      vertex -101.374 -84.4104 24.3474
      vertex -101.596 -85.1077 29.5041
    endloop
  endfacet
  facet normal 0 -0.0969209 0.995292
    outer loop
      vertex -101.008 -83.9363 24.3936
      vertex -104.4 -84.6079 24.3282
      vertex -101.6 -84.6079 24.3282
    endloop
  endfacet
  facet normal 0 -0.0969209 0.995292
    outer loop
      vertex -104.4 -84.6079 24.3282
      vertex -101.008 -83.9363 24.3936
      vertex -104.992 -83.9363 24.3936
    endloop
  endfacet
  facet normal 0.997788 -0.0661664 -0.00636596
    outer loop
      vertex -105.3 -83.2897 29.681
      vertex -105.3 -82.7917 24.5049
      vertex -105.28 -82.4929 24.534
    endloop
  endfacet
  facet normal 1 0 0
    outer loop
      vertex -105.3 -82.7917 24.5049
      vertex -105.3 -83.2897 29.681
      vertex -105.3 -83.2953 29.6805
    endloop
  endfacet
  facet normal 0.000582941 -0.0979359 0.995193
    outer loop
      vertex -102.12 -84.9067 24.2991
      vertex -101.6 -84.6079 24.3282
      vertex -102.405 -85.0029 24.2898
    endloop
  endfacet
  facet normal 0.000496648 -0.0966943 0.995314
    outer loop
      vertex -105.222 -83.3842 24.4473
      vertex -105.125 -83.6678 24.4197
      vertex -105.3 -82.7917 24.5049
    endloop
  endfacet
  facet normal 0.195054 0.976182 0.094987
    outer loop
      vertex -103.3 -85.5649 29.4597
      vertex -103.595 -85.0029 24.2898
      vertex -103.595 -85.5065 29.4653
    endloop
  endfacet
  facet normal 0.195085 0.976176 0.0949846
    outer loop
      vertex -103.595 -85.0029 24.2898
      vertex -103.3 -85.5649 29.4597
      vertex -103.3 -85.0613 24.2841
    endloop
  endfacet
  facet normal -0.896917 0.440129 0.0427352
    outer loop
      vertex -100.878 -84.1764 29.5948
      vertex -100.875 -83.6678 24.4197
      vertex -101.008 -83.9363 24.3936
    endloop
  endfacet
  facet normal -0.862574 0.503554 0.0489884
    outer loop
      vertex -100.875 -83.6678 24.4197
      vertex -100.878 -84.1764 29.5948
      vertex -100.875 -84.1713 29.5952
    endloop
  endfacet
  facet normal 0.000142996 -0.0968208 0.995302
    outer loop
      vertex -100.875 -83.6678 24.4197
      vertex -100.7 -82.7917 24.5049
      vertex -101.008 -83.9363 24.3936
    endloop
  endfacet
  facet normal -0.831726 0.552577 0.0537683
    outer loop
      vertex -101.175 -84.1853 24.3693
      vertex -101.008 -84.4399 29.5691
      vertex -101.008 -83.9363 24.3936
    endloop
  endfacet
  facet normal -0.831716 0.552592 0.0537687
    outer loop
      vertex -101.008 -84.4399 29.5691
      vertex -101.175 -84.1853 24.3693
      vertex -101.175 -84.6889 29.5449
    endloop
  endfacet
  facet normal 6.68534e-05 -0.0967318 0.99531
    outer loop
      vertex -101.175 -81.3982 24.6405
      vertex -101.374 -81.173 24.6624
      vertex -101.6 -80.9756 24.6816
    endloop
  endfacet
  facet normal -0.659599 -0.748084 -0.0727907
    outer loop
      vertex -101.6 -80.9756 24.6816
      vertex -101.374 -81.6766 29.838
      vertex -101.6 -81.4792 29.8572
    endloop
  endfacet
  facet normal -0.659599 -0.748084 -0.0727907
    outer loop
      vertex -101.374 -81.6766 29.838
      vertex -101.6 -80.9756 24.6816
      vertex -101.374 -81.173 24.6624
    endloop
  endfacet
  facet normal -0.556434 -0.826986 -0.080468
    outer loop
      vertex -101.6 -80.9756 24.6816
      vertex -101.6 -81.4792 29.8572
      vertex -101.845 -81.3159 29.8731
    endloop
  endfacet
  facet normal -0.288944 -0.952847 -0.092698
    outer loop
      vertex -102.405 -80.5806 24.7201
      vertex -102.399 -81.0859 29.8954
      vertex -102.405 -81.0841 29.8956
    endloop
  endfacet
  facet normal -0.321182 -0.942571 -0.0916573
    outer loop
      vertex -102.399 -81.0859 29.8954
      vertex -102.405 -80.5806 24.7201
      vertex -102.12 -80.6768 24.7107
    endloop
  endfacet
  facet normal -0.448306 -0.889718 -0.08616
    outer loop
      vertex -102.12 -80.6768 24.7107
      vertex -101.85 -81.3128 29.8734
      vertex -101.855 -81.3103 29.8736
    endloop
  endfacet
  facet normal -0.441962 -0.892817 -0.0868736
    outer loop
      vertex -101.85 -81.3128 29.8734
      vertex -102.12 -80.6768 24.7107
      vertex -101.85 -80.8092 24.6978
    endloop
  endfacet
  facet normal 0.000209232 -0.0965862 0.995325
    outer loop
      vertex -101.6 -80.9756 24.6816
      vertex -101.85 -80.8092 24.6978
      vertex -102.405 -80.5806 24.7201
    endloop
  endfacet
  facet normal 0.194727 -0.976247 -0.0949915
    outer loop
      vertex -103.3 -80.5221 24.7257
      vertex -103.3 -81.0257 29.9013
      vertex -103.59 -81.083 29.8957
    endloop
  endfacet
  facet normal 0.215703 -0.971871 -0.0945487
    outer loop
      vertex -103.595 -80.5806 24.7201
      vertex -103.59 -81.083 29.8957
      vertex -103.595 -81.0841 29.8956
    endloop
  endfacet
  facet normal 0.195372 -0.976123 -0.0949418
    outer loop
      vertex -103.59 -81.083 29.8957
      vertex -103.595 -80.5806 24.7201
      vertex -103.3 -80.5221 24.7257
    endloop
  endfacet
  facet normal -0.0654986 -0.993162 -0.0966392
    outer loop
      vertex -103 -80.5025 24.7277
      vertex -102.7 -81.0257 29.9013
      vertex -103 -81.0061 29.9032
    endloop
  endfacet
  facet normal -0.0655307 -0.99316 -0.0966372
    outer loop
      vertex -102.7 -81.0257 29.9013
      vertex -103 -80.5025 24.7277
      vertex -102.7 -80.5221 24.7257
    endloop
  endfacet
  facet normal -0.000324365 -0.0965559 0.995328
    outer loop
      vertex -104.825 -81.3982 24.6405
      vertex -104.992 -81.6471 24.6163
      vertex -105.125 -81.9157 24.5902
    endloop
  endfacet
  facet normal 0.896982 -0.439982 -0.0428945
    outer loop
      vertex -105.122 -82.4142 29.7662
      vertex -105.125 -81.9157 24.5902
      vertex -104.992 -81.6471 24.6163
    endloop
  endfacet
  facet normal 0.862991 -0.502845 -0.0489291
    outer loop
      vertex -105.125 -81.9157 24.5902
      vertex -105.122 -82.4142 29.7662
      vertex -105.125 -82.4193 29.7657
    endloop
  endfacet
  facet normal -0.0812909 0.992005 0.0965248
    outer loop
      vertex -102.7 -85.0613 24.2841
      vertex -102.705 -85.5653 29.4596
      vertex -102.7 -85.5649 29.4597
    endloop
  endfacet
  facet normal -0.0654986 0.993161 0.0966526
    outer loop
      vertex -102.705 -85.5653 29.4596
      vertex -102.7 -85.0613 24.2841
      vertex -103 -85.0809 24.2822
    endloop
  endfacet
  facet normal 0 -0.0964865 0.995334
    outer loop
      vertex -103 -85.0809 24.2822
      vertex -102.7 -85.0613 24.2841
      vertex -103.3 -85.0613 24.2841
    endloop
  endfacet
  facet normal -0.528713 0.844629 0.0840483
    outer loop
      vertex -101.6 -84.6079 24.3282
      vertex -101.85 -85.2778 29.4876
      vertex -101.845 -85.2747 29.4879
    endloop
  endfacet
  facet normal -0.555668 0.827496 0.0805176
    outer loop
      vertex -101.85 -85.2778 29.4876
      vertex -101.6 -84.6079 24.3282
      vertex -101.85 -84.7742 24.312
    endloop
  endfacet
  facet normal 0.680205 0.72973 0.0693923
    outer loop
      vertex -104.4 -85.1114 29.5038
      vertex -104.626 -84.4104 24.3474
      vertex -104.404 -85.1077 29.5041
    endloop
  endfacet
  facet normal 0.659786 0.747922 0.0727604
    outer loop
      vertex -104.626 -84.4104 24.3474
      vertex -104.4 -85.1114 29.5038
      vertex -104.4 -84.6079 24.3282
    endloop
  endfacet
  facet normal 1 -0 0
    outer loop
      vertex -105.3 -83.3009 29.6799
      vertex -105.3 -82.7917 24.5049
      vertex -105.3 -83.2953 29.6805
    endloop
  endfacet
  facet normal 0.997788 0.0661524 0.00650914
    outer loop
      vertex -105.3 -82.7917 24.5049
      vertex -105.3 -83.3009 29.6799
      vertex -105.28 -83.0905 24.4758
    endloop
  endfacet
  facet normal -0.00268182 -0.0971084 0.99527
    outer loop
      vertex -105.28 -83.0905 24.4758
      vertex -105.222 -83.3842 24.4473
      vertex -105.3 -82.7917 24.5049
    endloop
  endfacet
  facet normal 0.528713 0.844629 0.0840483
    outer loop
      vertex -104.15 -85.2778 29.4876
      vertex -104.4 -84.6079 24.3282
      vertex -104.155 -85.2747 29.4879
    endloop
  endfacet
  facet normal 0.555668 0.827496 0.0805176
    outer loop
      vertex -104.4 -84.6079 24.3282
      vertex -104.15 -85.2778 29.4876
      vertex -104.15 -84.7742 24.312
    endloop
  endfacet
  facet normal -0.000582941 -0.0979359 0.995193
    outer loop
      vertex -103.88 -84.9067 24.2991
      vertex -103.595 -85.0029 24.2898
      vertex -104.4 -84.6079 24.3282
    endloop
  endfacet
  facet normal 0.946806 0.320292 0.0311658
    outer loop
      vertex -105.127 -84.166 29.5958
      vertex -105.222 -83.3842 24.4473
      vertex -105.222 -83.8878 29.6228
    endloop
  endfacet
  facet normal 0.862574 0.503554 0.0489884
    outer loop
      vertex -105.122 -84.1764 29.5948
      vertex -105.125 -83.6678 24.4197
      vertex -105.125 -84.1713 29.5952
    endloop
  endfacet
  facet normal 0.896917 0.440129 0.0427352
    outer loop
      vertex -105.125 -83.6678 24.4197
      vertex -105.122 -84.1764 29.5948
      vertex -104.992 -83.9363 24.3936
    endloop
  endfacet
  facet normal 0.946651 0.320744 0.0312374
    outer loop
      vertex -105.127 -84.166 29.5958
      vertex -105.125 -83.6678 24.4197
      vertex -105.222 -83.3842 24.4473
    endloop
  endfacet
  facet normal 0.936326 0.349482 0.0339994
    outer loop
      vertex -105.125 -83.6678 24.4197
      vertex -105.127 -84.166 29.5958
      vertex -105.125 -84.1713 29.5952
    endloop
  endfacet
  facet normal -0.94681 -0.320282 -0.0311587
    outer loop
      vertex -100.778 -82.1993 24.5626
      vertex -100.778 -82.7028 29.7381
      vertex -100.873 -82.4246 29.7652
    endloop
  endfacet
  facet normal 0.00140049 -0.0980592 0.99518
    outer loop
      vertex -101.175 -84.1853 24.3693
      vertex -101.008 -83.9363 24.3936
      vertex -101.374 -84.4104 24.3474
    endloop
  endfacet
  facet normal -0.897619 -0.438701 -0.0426876
    outer loop
      vertex -101.008 -81.6471 24.6163
      vertex -100.878 -82.4142 29.7662
      vertex -101.008 -82.1507 29.7918
    endloop
  endfacet
  facet normal -0.441842 -0.892876 -0.0868793
    outer loop
      vertex -102.12 -80.6768 24.7107
      vertex -101.855 -81.3103 29.8736
      vertex -102.12 -81.1804 29.8863
    endloop
  endfacet
  facet normal 0.441842 -0.892876 -0.0868793
    outer loop
      vertex -103.88 -80.6768 24.7107
      vertex -103.88 -81.1804 29.8863
      vertex -104.145 -81.3103 29.8736
    endloop
  endfacet
  facet normal 0.288944 -0.952847 -0.092698
    outer loop
      vertex -103.601 -81.0859 29.8954
      vertex -103.595 -80.5806 24.7201
      vertex -103.595 -81.0841 29.8956
    endloop
  endfacet
  facet normal 0.321182 -0.942571 -0.0916573
    outer loop
      vertex -103.595 -80.5806 24.7201
      vertex -103.601 -81.0859 29.8954
      vertex -103.88 -80.6768 24.7107
    endloop
  endfacet
  facet normal 0.528714 -0.84481 -0.0822023
    outer loop
      vertex -104.155 -81.3159 29.8731
      vertex -104.15 -80.8092 24.6978
      vertex -104.15 -81.3128 29.8734
    endloop
  endfacet
  facet normal 0.555897 -0.827348 -0.0804664
    outer loop
      vertex -104.15 -80.8092 24.6978
      vertex -104.155 -81.3159 29.8731
      vertex -104.4 -80.9756 24.6816
    endloop
  endfacet
  facet normal 0.831483 -0.552938 -0.0538034
    outer loop
      vertex -104.992 -81.6471 24.6163
      vertex -104.828 -81.9064 29.8156
      vertex -104.992 -82.1507 29.7918
    endloop
  endfacet
  facet normal 0.897619 -0.438701 -0.0426876
    outer loop
      vertex -104.992 -81.6471 24.6163
      vertex -104.992 -82.1507 29.7918
      vertex -105.122 -82.4142 29.7662
    endloop
  endfacet
  facet normal -0.000128009 -0.0965006 0.995333
    outer loop
      vertex -102.405 -85.0029 24.2898
      vertex -101.6 -84.6079 24.3282
      vertex -102.7 -85.0613 24.2841
    endloop
  endfacet
  facet normal 0.750752 0.657479 0.0639745
    outer loop
      vertex -104.825 -84.6889 29.5449
      vertex -104.626 -84.4104 24.3474
      vertex -104.825 -84.1853 24.3693
    endloop
  endfacet
  facet normal 0.750752 0.657479 0.0639745
    outer loop
      vertex -104.626 -84.4104 24.3474
      vertex -104.825 -84.6889 29.5449
      vertex -104.626 -84.914 29.523
    endloop
  endfacet
  facet normal 0.441962 0.892817 0.0868736
    outer loop
      vertex -103.88 -85.4102 29.4747
      vertex -104.15 -84.7742 24.312
      vertex -104.15 -85.2778 29.4876
    endloop
  endfacet
  facet normal 0.442228 0.892688 0.0868438
    outer loop
      vertex -104.15 -84.7742 24.312
      vertex -103.88 -85.4102 29.4747
      vertex -103.88 -84.9067 24.2991
    endloop
  endfacet
  facet normal 0.997703 0.0674185 0.00656
    outer loop
      vertex -105.28 -83.5941 29.6514
      vertex -105.28 -83.0905 24.4758
      vertex -105.3 -83.3009 29.6799
    endloop
  endfacet
  facet normal 0.981225 0.19196 0.0186783
    outer loop
      vertex -105.28 -83.5941 29.6514
      vertex -105.222 -83.3842 24.4473
      vertex -105.28 -83.0905 24.4758
    endloop
  endfacet
  facet normal 0.981226 0.191954 0.018678
    outer loop
      vertex -105.222 -83.3842 24.4473
      vertex -105.28 -83.5941 29.6514
      vertex -105.222 -83.8878 29.6228
    endloop
  endfacet
  facet normal 0.897625 0.438688 0.0426863
    outer loop
      vertex -104.992 -84.4399 29.5691
      vertex -104.992 -83.9363 24.3936
      vertex -105.122 -84.1764 29.5948
    endloop
  endfacet
  facet normal 0.831726 0.552577 0.0537683
    outer loop
      vertex -104.992 -84.4399 29.5691
      vertex -104.825 -84.1853 24.3693
      vertex -104.992 -83.9363 24.3936
    endloop
  endfacet
  facet normal 0.831716 0.552592 0.0537687
    outer loop
      vertex -104.825 -84.1853 24.3693
      vertex -104.992 -84.4399 29.5691
      vertex -104.825 -84.6889 29.5449
    endloop
  endfacet
  facet normal -0.322137 -0.942243 -0.0916828
    outer loop
      vertex -102.12 -80.6768 24.7107
      vertex -102.12 -81.1804 29.8863
      vertex -102.399 -81.0859 29.8954
    endloop
  endfacet
  facet normal -0.997703 0.0674185 0.00656
    outer loop
      vertex 105.3 -83.3009 29.6799
      vertex 105.28 -83.0905 24.4758
      vertex 105.28 -83.5941 29.6514
    endloop
  endfacet
  facet normal -0.000172278 -0.0966432 0.995319
    outer loop
      vertex 102.405 -80.5806 24.7201
      vertex 101.175 -81.3982 24.6405
      vertex 100.875 -81.9157 24.5902
    endloop
  endfacet
  facet normal -0.997788 0.0661524 0.00650914
    outer loop
      vertex 105.3 -83.3009 29.6799
      vertex 105.3 -82.7917 24.5049
      vertex 105.28 -83.0905 24.4758
    endloop
  endfacet
  facet normal -1 0 0
    outer loop
      vertex 105.3 -82.7917 24.5049
      vertex 105.3 -83.3009 29.6799
      vertex 105.3 -83.2953 29.6805
    endloop
  endfacet
  facet normal 0.659599 -0.748084 -0.0727907
    outer loop
      vertex 101.374 -81.6766 29.838
      vertex 101.6 -80.9756 24.6816
      vertex 101.6 -81.4792 29.8572
    endloop
  endfacet
  facet normal 0.659599 -0.748084 -0.0727907
    outer loop
      vertex 101.6 -80.9756 24.6816
      vertex 101.374 -81.6766 29.838
      vertex 101.374 -81.173 24.6624
    endloop
  endfacet
  facet normal -0.000496648 -0.0966943 0.995314
    outer loop
      vertex 105.222 -83.3842 24.4473
      vertex 105.3 -82.7917 24.5049
      vertex 105.125 -83.6678 24.4197
    endloop
  endfacet
  facet normal 0.94681 -0.320282 -0.0311587
    outer loop
      vertex 100.778 -82.1993 24.5626
      vertex 100.873 -82.4246 29.7652
      vertex 100.778 -82.7028 29.7381
    endloop
  endfacet
  facet normal -0.680205 0.72973 0.0693923
    outer loop
      vertex 104.626 -84.4104 24.3474
      vertex 104.4 -85.1114 29.5038
      vertex 104.404 -85.1077 29.5041
    endloop
  endfacet
  facet normal -0.659786 0.747922 0.0727604
    outer loop
      vertex 104.4 -85.1114 29.5038
      vertex 104.626 -84.4104 24.3474
      vertex 104.4 -84.6079 24.3282
    endloop
  endfacet
  facet normal 0.0812909 0.992005 0.0965248
    outer loop
      vertex 102.705 -85.5653 29.4596
      vertex 102.7 -85.0613 24.2841
      vertex 102.7 -85.5649 29.4597
    endloop
  endfacet
  facet normal 0.0654986 0.993161 0.0966526
    outer loop
      vertex 102.7 -85.0613 24.2841
      vertex 102.705 -85.5653 29.4596
      vertex 103 -85.0809 24.2822
    endloop
  endfacet
  facet normal 0.862574 0.503554 0.0489884
    outer loop
      vertex 100.878 -84.1764 29.5948
      vertex 100.875 -83.6678 24.4197
      vertex 100.875 -84.1713 29.5952
    endloop
  endfacet
  facet normal 0.896917 0.440129 0.0427352
    outer loop
      vertex 100.875 -83.6678 24.4197
      vertex 100.878 -84.1764 29.5948
      vertex 101.008 -83.9363 24.3936
    endloop
  endfacet
  facet normal 0.000128009 -0.0965006 0.995333
    outer loop
      vertex 102.405 -85.0029 24.2898
      vertex 102.7 -85.0613 24.2841
      vertex 101.6 -84.6079 24.3282
    endloop
  endfacet
  facet normal 0.000324365 -0.0965559 0.995328
    outer loop
      vertex 105.125 -81.9157 24.5902
      vertex 104.992 -81.6471 24.6163
      vertex 104.825 -81.3982 24.6405
    endloop
  endfacet
  facet normal -0.981214 -0.192017 -0.0186804
    outer loop
      vertex 105.28 -82.4929 24.534
      vertex 105.222 -82.7028 29.7381
      vertex 105.222 -82.1993 24.5626
    endloop
  endfacet
  facet normal -0.981225 -0.19196 -0.0186783
    outer loop
      vertex 105.222 -82.7028 29.7381
      vertex 105.28 -82.4929 24.534
      vertex 105.28 -82.9965 29.7096
    endloop
  endfacet
  facet normal -0.000303005 -0.0963607 0.995346
    outer loop
      vertex 102.405 -80.5806 24.7201
      vertex 102.12 -80.6768 24.7107
      vertex 101.85 -80.8092 24.6978
    endloop
  endfacet
  facet normal 0.000172278 -0.0966432 0.995319
    outer loop
      vertex 105.125 -81.9157 24.5902
      vertex 104.825 -81.3982 24.6405
      vertex 103.595 -80.5806 24.7201
    endloop
  endfacet
  facet normal -0.981225 0.19196 0.0186783
    outer loop
      vertex 105.222 -83.3842 24.4473
      vertex 105.28 -83.5941 29.6514
      vertex 105.28 -83.0905 24.4758
    endloop
  endfacet
  facet normal -0.981226 0.191954 0.018678
    outer loop
      vertex 105.28 -83.5941 29.6514
      vertex 105.222 -83.3842 24.4473
      vertex 105.222 -83.8878 29.6228
    endloop
  endfacet
  facet normal -0.946651 0.320744 0.0312374
    outer loop
      vertex 105.125 -83.6678 24.4197
      vertex 105.127 -84.166 29.5958
      vertex 105.222 -83.3842 24.4473
    endloop
  endfacet
  facet normal -0.936326 0.349482 0.0339994
    outer loop
      vertex 105.127 -84.166 29.5958
      vertex 105.125 -83.6678 24.4197
      vertex 105.125 -84.1713 29.5952
    endloop
  endfacet
  facet normal -0.000612605 -0.0922293 0.995738
    outer loop
      vertex 103 -80.5025 24.7277
      vertex 102.7 -80.5221 24.7257
      vertex 102.405 -80.5806 24.7201
    endloop
  endfacet
  facet normal 0.000113355 -0.0969385 0.99529
    outer loop
      vertex 100.875 -81.9157 24.5902
      vertex 100.72 -82.4929 24.534
      vertex 100.7 -82.7917 24.5049
    endloop
  endfacet
  facet normal 0 -0.0968536 0.995299
    outer loop
      vertex 103.595 -80.5806 24.7201
      vertex 103 -80.5025 24.7277
      vertex 102.405 -80.5806 24.7201
    endloop
  endfacet
  facet normal -0.750752 0.657479 0.0639745
    outer loop
      vertex 104.626 -84.4104 24.3474
      vertex 104.825 -84.6889 29.5449
      vertex 104.825 -84.1853 24.3693
    endloop
  endfacet
  facet normal -0.750752 0.657479 0.0639745
    outer loop
      vertex 104.825 -84.6889 29.5449
      vertex 104.626 -84.4104 24.3474
      vertex 104.626 -84.914 29.523
    endloop
  endfacet
  facet normal 0.831726 0.552577 0.0537683
    outer loop
      vertex 101.008 -84.4399 29.5691
      vertex 101.175 -84.1853 24.3693
      vertex 101.008 -83.9363 24.3936
    endloop
  endfacet
  facet normal 0.831716 0.552592 0.0537687
    outer loop
      vertex 101.175 -84.1853 24.3693
      vertex 101.008 -84.4399 29.5691
      vertex 101.175 -84.6889 29.5449
    endloop
  endfacet
  facet normal 0.0654986 -0.993162 -0.0966392
    outer loop
      vertex 102.7 -81.0257 29.9013
      vertex 103 -80.5025 24.7277
      vertex 103 -81.0061 29.9032
    endloop
  endfacet
  facet normal 0.0655307 -0.99316 -0.0966372
    outer loop
      vertex 103 -80.5025 24.7277
      vertex 102.7 -81.0257 29.9013
      vertex 102.7 -80.5221 24.7257
    endloop
  endfacet
  facet normal 0.556434 0.826988 0.0804522
    outer loop
      vertex 101.845 -85.2747 29.4879
      vertex 101.6 -84.6079 24.3282
      vertex 101.6 -85.1114 29.5038
    endloop
  endfacet
  facet normal -0.997703 -0.0674163 -0.00655979
    outer loop
      vertex 105.28 -82.4929 24.534
      vertex 105.3 -83.2897 29.681
      vertex 105.28 -82.9965 29.7096
    endloop
  endfacet
  facet normal -0.000113355 -0.0969385 0.99529
    outer loop
      vertex 105.3 -82.7917 24.5049
      vertex 105.28 -82.4929 24.534
      vertex 105.125 -81.9157 24.5902
    endloop
  endfacet
  facet normal -0.897625 0.438688 0.0426863
    outer loop
      vertex 105.122 -84.1764 29.5948
      vertex 104.992 -83.9363 24.3936
      vertex 104.992 -84.4399 29.5691
    endloop
  endfacet
  facet normal -0.946806 0.320292 0.0311658
    outer loop
      vertex 105.222 -83.8878 29.6228
      vertex 105.222 -83.3842 24.4473
      vertex 105.127 -84.166 29.5958
    endloop
  endfacet
  facet normal 0.896982 -0.439982 -0.0428945
    outer loop
      vertex 100.878 -82.4142 29.7662
      vertex 100.875 -81.9157 24.5902
      vertex 101.008 -81.6471 24.6163
    endloop
  endfacet
  facet normal 0.862991 -0.502845 -0.0489291
    outer loop
      vertex 100.875 -81.9157 24.5902
      vertex 100.878 -82.4142 29.7662
      vertex 100.875 -82.4193 29.7657
    endloop
  endfacet
  facet normal -0.000582941 -0.0979359 0.995193
    outer loop
      vertex 102.12 -84.9067 24.2991
      vertex 102.405 -85.0029 24.2898
      vertex 101.6 -84.6079 24.3282
    endloop
  endfacet
  facet normal -0.750896 -0.657316 -0.0639587
    outer loop
      vertex 104.825 -81.3982 24.6405
      vertex 104.626 -81.6766 29.838
      vertex 104.626 -81.173 24.6624
    endloop
  endfacet
  facet normal -0.750752 -0.65748 -0.0639619
    outer loop
      vertex 104.626 -81.6766 29.838
      vertex 104.825 -81.3982 24.6405
      vertex 104.825 -81.9017 29.8161
    endloop
  endfacet
  facet normal -0.000205629 -0.0965935 0.995324
    outer loop
      vertex 102.405 -80.5806 24.7201
      vertex 101.6 -80.9756 24.6816
      vertex 101.175 -81.3982 24.6405
    endloop
  endfacet
  facet normal 0.750896 -0.657316 -0.0639587
    outer loop
      vertex 101.374 -81.6766 29.838
      vertex 101.175 -81.3982 24.6405
      vertex 101.374 -81.173 24.6624
    endloop
  endfacet
  facet normal 0.750752 -0.65748 -0.0639619
    outer loop
      vertex 101.175 -81.3982 24.6405
      vertex 101.374 -81.6766 29.838
      vertex 101.175 -81.9017 29.8161
    endloop
  endfacet
  facet normal -0.528713 0.844629 0.0840483
    outer loop
      vertex 104.4 -84.6079 24.3282
      vertex 104.15 -85.2778 29.4876
      vertex 104.155 -85.2747 29.4879
    endloop
  endfacet
  facet normal -0.555668 0.827496 0.0805176
    outer loop
      vertex 104.15 -85.2778 29.4876
      vertex 104.4 -84.6079 24.3282
      vertex 104.15 -84.7742 24.312
    endloop
  endfacet
  facet normal 1.43704e-06 -0.0968404 0.9953
    outer loop
      vertex 101.008 -83.9363 24.3936
      vertex 102.405 -80.5806 24.7201
      vertex 100.875 -81.9157 24.5902
    endloop
  endfacet
  facet normal 0 -0.0968398 0.9953
    outer loop
      vertex 102.405 -80.5806 24.7201
      vertex 104.992 -83.9363 24.3936
      vertex 103.595 -80.5806 24.7201
    endloop
  endfacet
  facet normal 0 -0.0968398 0.9953
    outer loop
      vertex 104.992 -83.9363 24.3936
      vertex 102.405 -80.5806 24.7201
      vertex 101.008 -83.9363 24.3936
    endloop
  endfacet
  facet normal -0.946651 -0.32075 -0.0311761
    outer loop
      vertex 105.127 -82.4246 29.7652
      vertex 105.125 -81.9157 24.5902
      vertex 105.222 -82.1993 24.5626
    endloop
  endfacet
  facet normal -0.936116 -0.350038 -0.0340603
    outer loop
      vertex 105.125 -81.9157 24.5902
      vertex 105.127 -82.4246 29.7652
      vertex 105.125 -82.4193 29.7657
    endloop
  endfacet
  facet normal -0.000628749 -0.0970756 0.995277
    outer loop
      vertex 105.28 -82.4929 24.534
      vertex 105.222 -82.1993 24.5626
      vertex 105.125 -81.9157 24.5902
    endloop
  endfacet
  facet normal -0.896982 -0.439982 -0.0428945
    outer loop
      vertex 105.125 -81.9157 24.5902
      vertex 105.122 -82.4142 29.7662
      vertex 104.992 -81.6471 24.6163
    endloop
  endfacet
  facet normal -0.862991 -0.502845 -0.0489291
    outer loop
      vertex 105.122 -82.4142 29.7662
      vertex 105.125 -81.9157 24.5902
      vertex 105.125 -82.4193 29.7657
    endloop
  endfacet
  facet normal -0.997788 -0.0661664 -0.00636596
    outer loop
      vertex 105.3 -82.7917 24.5049
      vertex 105.3 -83.2897 29.681
      vertex 105.28 -82.4929 24.534
    endloop
  endfacet
  facet normal -1 0 -0
    outer loop
      vertex 105.3 -83.2897 29.681
      vertex 105.3 -82.7917 24.5049
      vertex 105.3 -83.2953 29.6805
    endloop
  endfacet
  facet normal 0.00268182 -0.0971084 0.99527
    outer loop
      vertex 105.28 -83.0905 24.4758
      vertex 105.3 -82.7917 24.5049
      vertex 105.222 -83.3842 24.4473
    endloop
  endfacet
  facet normal 0.981214 -0.192017 -0.0186804
    outer loop
      vertex 100.778 -82.7028 29.7381
      vertex 100.72 -82.4929 24.534
      vertex 100.778 -82.1993 24.5626
    endloop
  endfacet
  facet normal 0.981225 -0.19196 -0.0186783
    outer loop
      vertex 100.72 -82.4929 24.534
      vertex 100.778 -82.7028 29.7381
      vertex 100.72 -82.9965 29.7096
    endloop
  endfacet
  facet normal -0.288944 -0.952847 -0.092698
    outer loop
      vertex 103.595 -80.5806 24.7201
      vertex 103.601 -81.0859 29.8954
      vertex 103.595 -81.0841 29.8956
    endloop
  endfacet
  facet normal -0.321182 -0.942571 -0.0916573
    outer loop
      vertex 103.601 -81.0859 29.8954
      vertex 103.595 -80.5806 24.7201
      vertex 103.88 -80.6768 24.7107
    endloop
  endfacet
  facet normal 0.000205629 -0.0965935 0.995324
    outer loop
      vertex 104.825 -81.3982 24.6405
      vertex 104.4 -80.9756 24.6816
      vertex 103.595 -80.5806 24.7201
    endloop
  endfacet
  facet normal -0.195372 -0.976123 -0.0949418
    outer loop
      vertex 103.595 -80.5806 24.7201
      vertex 103.59 -81.083 29.8957
      vertex 103.3 -80.5221 24.7257
    endloop
  endfacet
  facet normal -0.215703 -0.971871 -0.0945487
    outer loop
      vertex 103.59 -81.083 29.8957
      vertex 103.595 -80.5806 24.7201
      vertex 103.595 -81.0841 29.8956
    endloop
  endfacet
  facet normal -0.000324365 -0.0965559 0.995328
    outer loop
      vertex 101.175 -81.3982 24.6405
      vertex 101.008 -81.6471 24.6163
      vertex 100.875 -81.9157 24.5902
    endloop
  endfacet
  facet normal -6.68534e-05 -0.0967318 0.99531
    outer loop
      vertex 101.6 -80.9756 24.6816
      vertex 101.374 -81.173 24.6624
      vertex 101.175 -81.3982 24.6405
    endloop
  endfacet
  facet normal 0.322137 -0.942243 -0.0916828
    outer loop
      vertex 102.12 -80.6768 24.7107
      vertex 102.399 -81.0859 29.8954
      vertex 102.12 -81.1804 29.8863
    endloop
  endfacet
  facet normal -0.556434 0.826988 0.0804522
    outer loop
      vertex 104.4 -85.1114 29.5038
      vertex 104.4 -84.6079 24.3282
      vertex 104.155 -85.2747 29.4879
    endloop
  endfacet
  facet normal 0 -0.0968083 0.995303
    outer loop
      vertex 104.4 -84.6079 24.3282
      vertex 102.7 -85.0613 24.2841
      vertex 103.3 -85.0613 24.2841
    endloop
  endfacet
  facet normal 0 -0.0968083 0.995303
    outer loop
      vertex 102.7 -85.0613 24.2841
      vertex 104.4 -84.6079 24.3282
      vertex 101.6 -84.6079 24.3282
    endloop
  endfacet
  facet normal -0.0652631 0.993177 0.0966407
    outer loop
      vertex 103.295 -85.5653 29.4596
      vertex 103 -85.0809 24.2822
      vertex 103 -85.5845 29.4577
    endloop
  endfacet
  facet normal 0.897625 0.438688 0.0426863
    outer loop
      vertex 101.008 -84.4399 29.5691
      vertex 101.008 -83.9363 24.3936
      vertex 100.878 -84.1764 29.5948
    endloop
  endfacet
  facet normal -0.000287043 -0.0968592 0.995298
    outer loop
      vertex 101.008 -83.9363 24.3936
      vertex 100.875 -81.9157 24.5902
      vertex 100.7 -82.7917 24.5049
    endloop
  endfacet
  facet normal 0.997703 -0.0674163 -0.00655979
    outer loop
      vertex 100.72 -82.4929 24.534
      vertex 100.72 -82.9965 29.7096
      vertex 100.7 -83.2897 29.681
    endloop
  endfacet
  facet normal -0.00140049 -0.0980592 0.99518
    outer loop
      vertex 101.175 -84.1853 24.3693
      vertex 101.374 -84.4104 24.3474
      vertex 101.008 -83.9363 24.3936
    endloop
  endfacet
  facet normal 6.68534e-05 -0.0967318 0.99531
    outer loop
      vertex 104.825 -81.3982 24.6405
      vertex 104.626 -81.173 24.6624
      vertex 104.4 -80.9756 24.6816
    endloop
  endfacet
  facet normal -1.43704e-06 -0.0968404 0.9953
    outer loop
      vertex 104.992 -83.9363 24.3936
      vertex 105.125 -81.9157 24.5902
      vertex 103.595 -80.5806 24.7201
    endloop
  endfacet
  facet normal 0.000287043 -0.0968592 0.995298
    outer loop
      vertex 105.3 -82.7917 24.5049
      vertex 105.125 -81.9157 24.5902
      vertex 104.992 -83.9363 24.3936
    endloop
  endfacet
  facet normal 0.936116 -0.350038 -0.0340603
    outer loop
      vertex 100.873 -82.4246 29.7652
      vertex 100.875 -81.9157 24.5902
      vertex 100.875 -82.4193 29.7657
    endloop
  endfacet
  facet normal 0.946651 -0.32075 -0.0311761
    outer loop
      vertex 100.875 -81.9157 24.5902
      vertex 100.873 -82.4246 29.7652
      vertex 100.778 -82.1993 24.5626
    endloop
  endfacet
  facet normal 0.000628749 -0.0970756 0.995277
    outer loop
      vertex 100.875 -81.9157 24.5902
      vertex 100.778 -82.1993 24.5626
      vertex 100.72 -82.4929 24.534
    endloop
  endfacet
  facet normal -0.831483 -0.552938 -0.0538034
    outer loop
      vertex 104.992 -81.6471 24.6163
      vertex 104.992 -82.1507 29.7918
      vertex 104.828 -81.9064 29.8156
    endloop
  endfacet
  facet normal -0.556434 -0.826986 -0.080468
    outer loop
      vertex 104.4 -80.9756 24.6816
      vertex 104.4 -81.4792 29.8572
      vertex 104.155 -81.3159 29.8731
    endloop
  endfacet
  facet normal 0.556434 -0.826986 -0.080468
    outer loop
      vertex 101.6 -80.9756 24.6816
      vertex 101.845 -81.3159 29.8731
      vertex 101.6 -81.4792 29.8572
    endloop
  endfacet
  facet normal -0.194727 -0.976247 -0.0949915
    outer loop
      vertex 103.3 -80.5221 24.7257
      vertex 103.59 -81.083 29.8957
      vertex 103.3 -81.0257 29.9013
    endloop
  endfacet
  facet normal 0.000612605 -0.0922293 0.995738
    outer loop
      vertex 103.595 -80.5806 24.7201
      vertex 103.3 -80.5221 24.7257
      vertex 103 -80.5025 24.7277
    endloop
  endfacet
  facet normal 0.448306 -0.889718 -0.08616
    outer loop
      vertex 101.85 -81.3128 29.8734
      vertex 102.12 -80.6768 24.7107
      vertex 101.855 -81.3103 29.8736
    endloop
  endfacet
  facet normal 0.441962 -0.892817 -0.0868736
    outer loop
      vertex 102.12 -80.6768 24.7107
      vertex 101.85 -81.3128 29.8734
      vertex 101.85 -80.8092 24.6978
    endloop
  endfacet
  facet normal -0.000209232 -0.0965862 0.995325
    outer loop
      vertex 102.405 -80.5806 24.7201
      vertex 101.85 -80.8092 24.6978
      vertex 101.6 -80.9756 24.6816
    endloop
  endfacet
  facet normal 0.0652631 0.993177 0.0966407
    outer loop
      vertex 103 -85.5845 29.4577
      vertex 103 -85.0809 24.2822
      vertex 102.705 -85.5653 29.4596
    endloop
  endfacet
  facet normal 0.000103956 -0.0971102 0.995274
    outer loop
      vertex 104.15 -84.7742 24.312
      vertex 104.4 -84.6079 24.3282
      vertex 103.88 -84.9067 24.2991
    endloop
  endfacet
  facet normal -0.000128009 -0.0965006 0.995333
    outer loop
      vertex 103.595 -85.0029 24.2898
      vertex 104.4 -84.6079 24.3282
      vertex 103.3 -85.0613 24.2841
    endloop
  endfacet
  facet normal 0.000582941 -0.0979359 0.995193
    outer loop
      vertex 103.88 -84.9067 24.2991
      vertex 104.4 -84.6079 24.3282
      vertex 103.595 -85.0029 24.2898
    endloop
  endfacet
  facet normal 0.000621782 -0.0974638 0.995239
    outer loop
      vertex 104.626 -84.4104 24.3474
      vertex 104.992 -83.9363 24.3936
      vertex 104.4 -84.6079 24.3282
    endloop
  endfacet
  facet normal -0.659214 0.748421 0.0728234
    outer loop
      vertex 104.626 -84.914 29.523
      vertex 104.626 -84.4104 24.3474
      vertex 104.404 -85.1077 29.5041
    endloop
  endfacet
  facet normal 0 -0.0969209 0.995292
    outer loop
      vertex 104.992 -83.9363 24.3936
      vertex 101.6 -84.6079 24.3282
      vertex 104.4 -84.6079 24.3282
    endloop
  endfacet
  facet normal 0 -0.0969209 0.995292
    outer loop
      vertex 101.6 -84.6079 24.3282
      vertex 104.992 -83.9363 24.3936
      vertex 101.008 -83.9363 24.3936
    endloop
  endfacet
  facet normal -0.00268182 -0.0971084 0.99527
    outer loop
      vertex 100.72 -83.0905 24.4758
      vertex 100.778 -83.3842 24.4473
      vertex 100.7 -82.7917 24.5049
    endloop
  endfacet
  facet normal 0.997788 -0.0661664 -0.00636596
    outer loop
      vertex 100.7 -83.2897 29.681
      vertex 100.7 -82.7917 24.5049
      vertex 100.72 -82.4929 24.534
    endloop
  endfacet
  facet normal 1 0 0
    outer loop
      vertex 100.7 -82.7917 24.5049
      vertex 100.7 -83.2897 29.681
      vertex 100.7 -83.2953 29.6805
    endloop
  endfacet
  facet normal -0.195054 0.976182 0.094987
    outer loop
      vertex 103.595 -85.0029 24.2898
      vertex 103.3 -85.5649 29.4597
      vertex 103.595 -85.5065 29.4653
    endloop
  endfacet
  facet normal -0.195085 0.976176 0.0949846
    outer loop
      vertex 103.3 -85.5649 29.4597
      vertex 103.595 -85.0029 24.2898
      vertex 103.3 -85.0613 24.2841
    endloop
  endfacet
  facet normal -0.000142996 -0.0968208 0.995302
    outer loop
      vertex 100.875 -83.6678 24.4197
      vertex 101.008 -83.9363 24.3936
      vertex 100.7 -82.7917 24.5049
    endloop
  endfacet
  facet normal 0.195054 0.976182 0.094987
    outer loop
      vertex 102.7 -85.5649 29.4597
      vertex 102.405 -85.0029 24.2898
      vertex 102.405 -85.5065 29.4653
    endloop
  endfacet
  facet normal 0.195085 0.976176 0.0949846
    outer loop
      vertex 102.405 -85.0029 24.2898
      vertex 102.7 -85.5649 29.4597
      vertex 102.7 -85.0613 24.2841
    endloop
  endfacet
  facet normal -0.896917 0.440129 0.0427352
    outer loop
      vertex 105.122 -84.1764 29.5948
      vertex 105.125 -83.6678 24.4197
      vertex 104.992 -83.9363 24.3936
    endloop
  endfacet
  facet normal -0.862574 0.503554 0.0489884
    outer loop
      vertex 105.125 -83.6678 24.4197
      vertex 105.122 -84.1764 29.5948
      vertex 105.125 -84.1713 29.5952
    endloop
  endfacet
  facet normal 0.000142996 -0.0968208 0.995302
    outer loop
      vertex 105.125 -83.6678 24.4197
      vertex 105.3 -82.7917 24.5049
      vertex 104.992 -83.9363 24.3936
    endloop
  endfacet
  facet normal -0.831726 0.552577 0.0537683
    outer loop
      vertex 104.825 -84.1853 24.3693
      vertex 104.992 -84.4399 29.5691
      vertex 104.992 -83.9363 24.3936
    endloop
  endfacet
  facet normal -0.831716 0.552592 0.0537687
    outer loop
      vertex 104.992 -84.4399 29.5691
      vertex 104.825 -84.1853 24.3693
      vertex 104.825 -84.6889 29.5449
    endloop
  endfacet
  facet normal -0.659599 -0.748084 -0.0727907
    outer loop
      vertex 104.4 -80.9756 24.6816
      vertex 104.626 -81.6766 29.838
      vertex 104.4 -81.4792 29.8572
    endloop
  endfacet
  facet normal -0.659599 -0.748084 -0.0727907
    outer loop
      vertex 104.626 -81.6766 29.838
      vertex 104.4 -80.9756 24.6816
      vertex 104.626 -81.173 24.6624
    endloop
  endfacet
  facet normal -0.831614 -0.552742 -0.0537978
    outer loop
      vertex 104.828 -81.9064 29.8156
      vertex 104.825 -81.3982 24.6405
      vertex 104.992 -81.6471 24.6163
    endloop
  endfacet
  facet normal -0.844281 -0.533383 -0.0518893
    outer loop
      vertex 104.825 -81.3982 24.6405
      vertex 104.828 -81.9064 29.8156
      vertex 104.825 -81.9017 29.8161
    endloop
  endfacet
  facet normal -0.322137 -0.942243 -0.0916828
    outer loop
      vertex 103.88 -80.6768 24.7107
      vertex 103.88 -81.1804 29.8863
      vertex 103.601 -81.0859 29.8954
    endloop
  endfacet
  facet normal 0.000209232 -0.0965862 0.995325
    outer loop
      vertex 104.4 -80.9756 24.6816
      vertex 104.15 -80.8092 24.6978
      vertex 103.595 -80.5806 24.7201
    endloop
  endfacet
  facet normal 0.000303005 -0.0963607 0.995346
    outer loop
      vertex 104.15 -80.8092 24.6978
      vertex 103.88 -80.6768 24.7107
      vertex 103.595 -80.5806 24.7201
    endloop
  endfacet
  facet normal 0.194727 -0.976247 -0.0949915
    outer loop
      vertex 102.7 -80.5221 24.7257
      vertex 102.7 -81.0257 29.9013
      vertex 102.41 -81.083 29.8957
    endloop
  endfacet
  facet normal 0.215703 -0.971871 -0.0945487
    outer loop
      vertex 102.405 -80.5806 24.7201
      vertex 102.41 -81.083 29.8957
      vertex 102.405 -81.0841 29.8956
    endloop
  endfacet
  facet normal 0.195372 -0.976123 -0.0949418
    outer loop
      vertex 102.41 -81.083 29.8957
      vertex 102.405 -80.5806 24.7201
      vertex 102.7 -80.5221 24.7257
    endloop
  endfacet
  facet normal -0.0654986 -0.993162 -0.0966392
    outer loop
      vertex 103 -80.5025 24.7277
      vertex 103.3 -81.0257 29.9013
      vertex 103 -81.0061 29.9032
    endloop
  endfacet
  facet normal -0.0655307 -0.99316 -0.0966372
    outer loop
      vertex 103.3 -81.0257 29.9013
      vertex 103 -80.5025 24.7277
      vertex 103.3 -80.5221 24.7257
    endloop
  endfacet
  facet normal 0.897619 -0.438701 -0.0426876
    outer loop
      vertex 101.008 -81.6471 24.6163
      vertex 101.008 -82.1507 29.7918
      vertex 100.878 -82.4142 29.7662
    endloop
  endfacet
  facet normal 0.844281 -0.533383 -0.0518893
    outer loop
      vertex 101.172 -81.9064 29.8156
      vertex 101.175 -81.3982 24.6405
      vertex 101.175 -81.9017 29.8161
    endloop
  endfacet
  facet normal 0.831614 -0.552742 -0.0537978
    outer loop
      vertex 101.175 -81.3982 24.6405
      vertex 101.172 -81.9064 29.8156
      vertex 101.008 -81.6471 24.6163
    endloop
  endfacet
  facet normal -0.0812909 0.992005 0.0965248
    outer loop
      vertex 103.3 -85.0613 24.2841
      vertex 103.295 -85.5653 29.4596
      vertex 103.3 -85.5649 29.4597
    endloop
  endfacet
  facet normal -0.0654986 0.993161 0.0966526
    outer loop
      vertex 103.295 -85.5653 29.4596
      vertex 103.3 -85.0613 24.2841
      vertex 103 -85.0809 24.2822
    endloop
  endfacet
  facet normal 0 -0.0964865 0.995334
    outer loop
      vertex 103 -85.0809 24.2822
      vertex 103.3 -85.0613 24.2841
      vertex 102.7 -85.0613 24.2841
    endloop
  endfacet
  facet normal -0.441962 0.892817 0.0868736
    outer loop
      vertex 104.15 -84.7742 24.312
      vertex 103.88 -85.4102 29.4747
      vertex 104.15 -85.2778 29.4876
    endloop
  endfacet
  facet normal -0.442228 0.892688 0.0868438
    outer loop
      vertex 103.88 -85.4102 29.4747
      vertex 104.15 -84.7742 24.312
      vertex 103.88 -84.9067 24.2991
    endloop
  endfacet
  facet normal 0.659214 0.748421 0.0728234
    outer loop
      vertex 101.596 -85.1077 29.5041
      vertex 101.374 -84.4104 24.3474
      vertex 101.374 -84.914 29.523
    endloop
  endfacet
  facet normal 0.750752 0.657479 0.0639745
    outer loop
      vertex 101.175 -84.6889 29.5449
      vertex 101.374 -84.4104 24.3474
      vertex 101.175 -84.1853 24.3693
    endloop
  endfacet
  facet normal 0.750752 0.657479 0.0639745
    outer loop
      vertex 101.374 -84.4104 24.3474
      vertex 101.175 -84.6889 29.5449
      vertex 101.374 -84.914 29.523
    endloop
  endfacet
  facet normal 1 -0 0
    outer loop
      vertex 100.7 -83.3009 29.6799
      vertex 100.7 -82.7917 24.5049
      vertex 100.7 -83.2953 29.6805
    endloop
  endfacet
  facet normal 0.997788 0.0661524 0.00650914
    outer loop
      vertex 100.7 -82.7917 24.5049
      vertex 100.7 -83.3009 29.6799
      vertex 100.72 -83.0905 24.4758
    endloop
  endfacet
  facet normal -0.000103956 -0.0971102 0.995274
    outer loop
      vertex 101.85 -84.7742 24.312
      vertex 102.12 -84.9067 24.2991
      vertex 101.6 -84.6079 24.3282
    endloop
  endfacet
  facet normal 0.981225 0.19196 0.0186783
    outer loop
      vertex 100.72 -83.5941 29.6514
      vertex 100.778 -83.3842 24.4473
      vertex 100.72 -83.0905 24.4758
    endloop
  endfacet
  facet normal 0.981226 0.191954 0.018678
    outer loop
      vertex 100.778 -83.3842 24.4473
      vertex 100.72 -83.5941 29.6514
      vertex 100.778 -83.8878 29.6228
    endloop
  endfacet
  facet normal 0.946806 0.320292 0.0311658
    outer loop
      vertex 100.873 -84.166 29.5958
      vertex 100.778 -83.3842 24.4473
      vertex 100.778 -83.8878 29.6228
    endloop
  endfacet
  facet normal 0.946651 0.320744 0.0312374
    outer loop
      vertex 100.873 -84.166 29.5958
      vertex 100.875 -83.6678 24.4197
      vertex 100.778 -83.3842 24.4473
    endloop
  endfacet
  facet normal 0.936326 0.349482 0.0339994
    outer loop
      vertex 100.875 -83.6678 24.4197
      vertex 100.873 -84.166 29.5958
      vertex 100.875 -84.1713 29.5952
    endloop
  endfacet
  facet normal 0.000496648 -0.0966943 0.995314
    outer loop
      vertex 100.778 -83.3842 24.4473
      vertex 100.875 -83.6678 24.4197
      vertex 100.7 -82.7917 24.5049
    endloop
  endfacet
  facet normal 0.321479 0.942467 0.0916864
    outer loop
      vertex 102.405 -85.5065 29.4653
      vertex 102.12 -84.9067 24.2991
      vertex 102.12 -85.4102 29.4747
    endloop
  endfacet
  facet normal 0.321153 0.942575 0.0917169
    outer loop
      vertex 102.12 -84.9067 24.2991
      vertex 102.405 -85.5065 29.4653
      vertex 102.405 -85.0029 24.2898
    endloop
  endfacet
  facet normal -0.94681 -0.320282 -0.0311587
    outer loop
      vertex 105.222 -82.1993 24.5626
      vertex 105.222 -82.7028 29.7381
      vertex 105.127 -82.4246 29.7652
    endloop
  endfacet
  facet normal 0.00140049 -0.0980592 0.99518
    outer loop
      vertex 104.825 -84.1853 24.3693
      vertex 104.992 -83.9363 24.3936
      vertex 104.626 -84.4104 24.3474
    endloop
  endfacet
  facet normal -0.897619 -0.438701 -0.0426876
    outer loop
      vertex 104.992 -81.6471 24.6163
      vertex 105.122 -82.4142 29.7662
      vertex 104.992 -82.1507 29.7918
    endloop
  endfacet
  facet normal -0.528714 -0.84481 -0.0822023
    outer loop
      vertex 104.15 -80.8092 24.6978
      vertex 104.155 -81.3159 29.8731
      vertex 104.15 -81.3128 29.8734
    endloop
  endfacet
  facet normal -0.555897 -0.827348 -0.0804664
    outer loop
      vertex 104.155 -81.3159 29.8731
      vertex 104.15 -80.8092 24.6978
      vertex 104.4 -80.9756 24.6816
    endloop
  endfacet
  facet normal -0.448306 -0.889718 -0.08616
    outer loop
      vertex 103.88 -80.6768 24.7107
      vertex 104.15 -81.3128 29.8734
      vertex 104.145 -81.3103 29.8736
    endloop
  endfacet
  facet normal -0.441962 -0.892817 -0.0868736
    outer loop
      vertex 104.15 -81.3128 29.8734
      vertex 103.88 -80.6768 24.7107
      vertex 104.15 -80.8092 24.6978
    endloop
  endfacet
  facet normal 0.441842 -0.892876 -0.0868793
    outer loop
      vertex 102.12 -80.6768 24.7107
      vertex 102.12 -81.1804 29.8863
      vertex 101.855 -81.3103 29.8736
    endloop
  endfacet
  facet normal 0.288944 -0.952847 -0.092698
    outer loop
      vertex 102.399 -81.0859 29.8954
      vertex 102.405 -80.5806 24.7201
      vertex 102.405 -81.0841 29.8956
    endloop
  endfacet
  facet normal 0.321182 -0.942571 -0.0916573
    outer loop
      vertex 102.405 -80.5806 24.7201
      vertex 102.399 -81.0859 29.8954
      vertex 102.12 -80.6768 24.7107
    endloop
  endfacet
  facet normal 0.528714 -0.84481 -0.0822023
    outer loop
      vertex 101.845 -81.3159 29.8731
      vertex 101.85 -80.8092 24.6978
      vertex 101.85 -81.3128 29.8734
    endloop
  endfacet
  facet normal 0.555897 -0.827348 -0.0804664
    outer loop
      vertex 101.85 -80.8092 24.6978
      vertex 101.845 -81.3159 29.8731
      vertex 101.6 -80.9756 24.6816
    endloop
  endfacet
  facet normal 0.831483 -0.552938 -0.0538034
    outer loop
      vertex 101.008 -81.6471 24.6163
      vertex 101.172 -81.9064 29.8156
      vertex 101.008 -82.1507 29.7918
    endloop
  endfacet
  facet normal -0.321479 0.942467 0.0916864
    outer loop
      vertex 103.88 -84.9067 24.2991
      vertex 103.595 -85.5065 29.4653
      vertex 103.88 -85.4102 29.4747
    endloop
  endfacet
  facet normal -0.321153 0.942575 0.0917169
    outer loop
      vertex 103.595 -85.5065 29.4653
      vertex 103.88 -84.9067 24.2991
      vertex 103.595 -85.0029 24.2898
    endloop
  endfacet
  facet normal -0.000621782 -0.0974638 0.995239
    outer loop
      vertex 101.374 -84.4104 24.3474
      vertex 101.6 -84.6079 24.3282
      vertex 101.008 -83.9363 24.3936
    endloop
  endfacet
  facet normal 0.680205 0.72973 0.0693923
    outer loop
      vertex 101.6 -85.1114 29.5038
      vertex 101.374 -84.4104 24.3474
      vertex 101.596 -85.1077 29.5041
    endloop
  endfacet
  facet normal 0.659786 0.747922 0.0727604
    outer loop
      vertex 101.374 -84.4104 24.3474
      vertex 101.6 -85.1114 29.5038
      vertex 101.6 -84.6079 24.3282
    endloop
  endfacet
  facet normal 0.441962 0.892817 0.0868736
    outer loop
      vertex 102.12 -85.4102 29.4747
      vertex 101.85 -84.7742 24.312
      vertex 101.85 -85.2778 29.4876
    endloop
  endfacet
  facet normal 0.442228 0.892688 0.0868438
    outer loop
      vertex 101.85 -84.7742 24.312
      vertex 102.12 -85.4102 29.4747
      vertex 102.12 -84.9067 24.2991
    endloop
  endfacet
  facet normal 0.528713 0.844629 0.0840483
    outer loop
      vertex 101.85 -85.2778 29.4876
      vertex 101.6 -84.6079 24.3282
      vertex 101.845 -85.2747 29.4879
    endloop
  endfacet
  facet normal 0.555668 0.827496 0.0805176
    outer loop
      vertex 101.6 -84.6079 24.3282
      vertex 101.85 -85.2778 29.4876
      vertex 101.85 -84.7742 24.312
    endloop
  endfacet
  facet normal 0.997703 0.0674185 0.00656
    outer loop
      vertex 100.72 -83.5941 29.6514
      vertex 100.72 -83.0905 24.4758
      vertex 100.7 -83.3009 29.6799
    endloop
  endfacet
  facet normal -0.441842 -0.892876 -0.0868793
    outer loop
      vertex 103.88 -80.6768 24.7107
      vertex 104.145 -81.3103 29.8736
      vertex 103.88 -81.1804 29.8863
    endloop
  endfacet
  facet normal -0.997788 0.06615 0.00655715
    outer loop
      vertex -100.72 84.1199 40.745
      vertex -100.719 83.6219 45.9211
      vertex -100.7 84.4187 40.774
    endloop
  endfacet
  facet normal -0.984599 0.174007 0.0169317
    outer loop
      vertex -100.719 83.6219 45.9211
      vertex -100.72 84.1199 40.745
      vertex -100.72 83.6163 45.9205
    endloop
  endfacet
  facet normal -0.997926 0.0640619 0.0062334
    outer loop
      vertex -100.7 83.9151 45.9496
      vertex -100.7 84.4187 40.774
      vertex -100.719 83.6219 45.9211
    endloop
  endfacet
  facet normal -0.981157 0.192301 0.0187115
    outer loop
      vertex -100.721 83.6107 45.92
      vertex -100.778 83.8262 40.7164
      vertex -100.778 83.3226 45.892
    endloop
  endfacet
  facet normal 0.997788 -0.0661664 -0.00636596
    outer loop
      vertex -105.3 83.9207 45.9501
      vertex -105.3 84.4187 40.774
      vertex -105.28 84.7175 40.8031
    endloop
  endfacet
  facet normal 1 0 0
    outer loop
      vertex -105.3 84.4187 40.774
      vertex -105.3 83.9207 45.9501
      vertex -105.3 83.9151 45.9496
    endloop
  endfacet
  facet normal -6.68534e-05 -0.0967318 0.99531
    outer loop
      vertex -104.4 86.2348 40.9507
      vertex -104.626 86.0374 40.9315
      vertex -104.825 85.8122 40.9096
    endloop
  endfacet
  facet normal -0.528714 0.84481 0.0822023
    outer loop
      vertex -101.6 82.6025 40.5973
      vertex -101.605 82.0958 45.7726
      vertex -101.6 82.0989 45.7729
    endloop
  endfacet
  facet normal -0.555668 0.8275 0.0804815
    outer loop
      vertex -101.605 82.0958 45.7726
      vertex -101.6 82.6025 40.5973
      vertex -101.85 82.4362 40.5811
    endloop
  endfacet
  facet normal -0.896917 -0.440112 -0.0429068
    outer loop
      vertex -101.006 85.0546 46.0605
      vertex -101.008 85.5632 40.8854
      vertex -100.875 85.2947 40.8593
    endloop
  endfacet
  facet normal -0.931564 -0.361868 -0.0352038
    outer loop
      vertex -101.008 85.5632 40.8854
      vertex -101.006 85.0546 46.0605
      vertex -101.008 85.0597 46.061
    endloop
  endfacet
  facet normal 0.181044 0.978854 0.0952263
    outer loop
      vertex -103.3 82.149 40.5532
      vertex -103.306 81.6466 45.7289
      vertex -103.3 81.6455 45.7288
    endloop
  endfacet
  facet normal 0.195403 0.976113 0.0949768
    outer loop
      vertex -103.306 81.6466 45.7289
      vertex -103.3 82.149 40.5532
      vertex -103.595 82.2075 40.5589
    endloop
  endfacet
  facet normal 0.0654986 0.993164 0.0966184
    outer loop
      vertex -103 81.6259 45.7269
      vertex -103.3 82.149 40.5532
      vertex -103.3 81.6455 45.7288
    endloop
  endfacet
  facet normal 0.065169 0.993184 0.0966395
    outer loop
      vertex -103.3 82.149 40.5532
      vertex -103 81.6259 45.7269
      vertex -103 82.1295 40.5513
    endloop
  endfacet
  facet normal 0 -0.0967871 0.995305
    outer loop
      vertex -101.6 82.6025 40.5973
      vertex -103.3 82.149 40.5532
      vertex -102.7 82.149 40.5532
    endloop
  endfacet
  facet normal 0 -0.0967871 0.995305
    outer loop
      vertex -103.3 82.149 40.5532
      vertex -101.6 82.6025 40.5973
      vertex -104.4 82.6025 40.5973
    endloop
  endfacet
  facet normal 0.659599 -0.748084 -0.0727907
    outer loop
      vertex -104.626 85.5338 46.1071
      vertex -104.4 86.2348 40.9507
      vertex -104.4 85.7312 46.1263
    endloop
  endfacet
  facet normal 0.659599 -0.748084 -0.0727907
    outer loop
      vertex -104.4 86.2348 40.9507
      vertex -104.626 85.5338 46.1071
      vertex -104.626 86.0374 40.9315
    endloop
  endfacet
  facet normal -0.831716 0.552589 0.0537934
    outer loop
      vertex -101.011 82.7658 45.8378
      vertex -101.008 83.2741 40.6627
      vertex -101.175 83.0251 40.6385
    endloop
  endfacet
  facet normal -0.843783 0.534161 0.0519764
    outer loop
      vertex -101.008 83.2741 40.6627
      vertex -101.011 82.7658 45.8378
      vertex -101.008 82.7705 45.8382
    endloop
  endfacet
  facet normal -0.000496648 -0.0966943 0.995314
    outer loop
      vertex -100.778 83.8262 40.7164
      vertex -100.7 84.4187 40.774
      vertex -100.875 83.5426 40.6888
    endloop
  endfacet
  facet normal 0.000132623 -0.0976391 0.995222
    outer loop
      vertex -103.3 86.6883 40.9949
      vertex -103.595 86.6298 40.9892
      vertex -103.88 86.5336 40.9798
    endloop
  endfacet
  facet normal 0.441815 0.892889 0.0868806
    outer loop
      vertex -103.885 81.8027 45.7441
      vertex -104.15 82.4362 40.5811
      vertex -104.15 81.9326 45.7567
    endloop
  endfacet
  facet normal -0.750896 -0.657313 -0.0639877
    outer loop
      vertex -101.175 85.8122 40.9096
      vertex -101.179 85.3129 46.0856
      vertex -101.374 86.0374 40.9315
    endloop
  endfacet
  facet normal -0.72569 -0.684789 -0.0666186
    outer loop
      vertex -101.179 85.3129 46.0856
      vertex -101.175 85.8122 40.9096
      vertex -101.175 85.3087 46.0852
    endloop
  endfacet
  facet normal 0.340535 0.935812 0.0910588
    outer loop
      vertex -103.875 81.7983 45.7436
      vertex -103.88 82.3037 40.5683
      vertex -103.88 81.8001 45.7438
    endloop
  endfacet
  facet normal 0.321182 0.942564 0.0917369
    outer loop
      vertex -103.88 82.3037 40.5683
      vertex -103.875 81.7983 45.7436
      vertex -103.595 82.2075 40.5589
    endloop
  endfacet
  facet normal 6.68534e-05 -0.0967318 0.99531
    outer loop
      vertex -101.175 85.8122 40.9096
      vertex -101.374 86.0374 40.9315
      vertex -101.6 86.2348 40.9507
    endloop
  endfacet
  facet normal -3.37922e-05 -0.0968459 0.995299
    outer loop
      vertex -104.626 82.7999 40.6165
      vertex -104.4 82.6025 40.5973
      vertex -104.825 85.8122 40.9096
    endloop
  endfacet
  facet normal -0.000207323 -0.0967515 0.995309
    outer loop
      vertex -100.875 83.5426 40.6888
      vertex -100.7 84.4187 40.774
      vertex -101.374 82.7999 40.6165
    endloop
  endfacet
  facet normal 0.000207323 -0.0967515 0.995309
    outer loop
      vertex -105.125 83.5426 40.6888
      vertex -104.626 82.7999 40.6165
      vertex -105.3 84.4187 40.774
    endloop
  endfacet
  facet normal 0.997926 0.0640619 0.0062334
    outer loop
      vertex -105.281 83.6219 45.9211
      vertex -105.3 84.4187 40.774
      vertex -105.3 83.9151 45.9496
    endloop
  endfacet
  facet normal 0 -0.0968415 0.9953
    outer loop
      vertex -101.175 85.8122 40.9096
      vertex -104.4 82.6025 40.5973
      vertex -101.6 82.6025 40.5973
    endloop
  endfacet
  facet normal 0 -0.0968415 0.9953
    outer loop
      vertex -104.4 82.6025 40.5973
      vertex -101.175 85.8122 40.9096
      vertex -104.825 85.8122 40.9096
    endloop
  endfacet
  facet normal 0 -0.0967984 0.995304
    outer loop
      vertex -104.4 86.2348 40.9507
      vertex -101.175 85.8122 40.9096
      vertex -101.6 86.2348 40.9507
    endloop
  endfacet
  facet normal 0 -0.0967984 0.995304
    outer loop
      vertex -101.175 85.8122 40.9096
      vertex -104.4 86.2348 40.9507
      vertex -104.825 85.8122 40.9096
    endloop
  endfacet
  facet normal 0 -0.0970034 0.995284
    outer loop
      vertex -101.6 86.2348 40.9507
      vertex -103 86.7078 40.9968
      vertex -104.4 86.2348 40.9507
    endloop
  endfacet
  facet normal 0.896282 -0.441401 -0.0429503
    outer loop
      vertex -105.125 85.2947 40.8593
      vertex -104.994 85.0546 46.0605
      vertex -105.125 84.7911 46.0348
    endloop
  endfacet
  facet normal 0.000101887 -0.0968007 0.995304
    outer loop
      vertex -101.008 83.2741 40.6627
      vertex -100.875 83.5426 40.6888
      vertex -101.175 83.0251 40.6385
    endloop
  endfacet
  facet normal -0.946806 0.320292 0.0311652
    outer loop
      vertex -100.78 83.3172 45.8914
      vertex -100.875 83.5426 40.6888
      vertex -100.875 83.039 45.8644
    endloop
  endfacet
  facet normal -0.0654986 0.993164 0.0966184
    outer loop
      vertex -102.7 82.149 40.5532
      vertex -103 81.6259 45.7269
      vertex -102.7 81.6455 45.7288
    endloop
  endfacet
  facet normal -0.065169 0.993184 0.0966395
    outer loop
      vertex -103 81.6259 45.7269
      vertex -102.7 82.149 40.5532
      vertex -103 82.1295 40.5513
    endloop
  endfacet
  facet normal -0.340535 0.935812 0.0910588
    outer loop
      vertex -102.12 82.3037 40.5683
      vertex -102.125 81.7983 45.7436
      vertex -102.12 81.8001 45.7438
    endloop
  endfacet
  facet normal -0.321182 0.942564 0.0917369
    outer loop
      vertex -102.125 81.7983 45.7436
      vertex -102.12 82.3037 40.5683
      vertex -102.405 82.2075 40.5589
    endloop
  endfacet
  facet normal 0.844281 -0.533383 -0.0518893
    outer loop
      vertex -104.828 85.304 46.0847
      vertex -104.825 85.8122 40.9096
      vertex -104.825 85.3087 46.0852
    endloop
  endfacet
  facet normal 0.831716 -0.55259 -0.0537828
    outer loop
      vertex -104.825 85.8122 40.9096
      vertex -104.828 85.304 46.0847
      vertex -104.992 85.5632 40.8854
    endloop
  endfacet
  facet normal 0.997788 0.06615 0.00655715
    outer loop
      vertex -105.281 83.6219 45.9211
      vertex -105.28 84.1199 40.745
      vertex -105.3 84.4187 40.774
    endloop
  endfacet
  facet normal 0.984599 0.174007 0.0169317
    outer loop
      vertex -105.28 84.1199 40.745
      vertex -105.281 83.6219 45.9211
      vertex -105.28 83.6163 45.9205
    endloop
  endfacet
  facet normal 0.528714 0.84481 0.0822023
    outer loop
      vertex -104.395 82.0958 45.7726
      vertex -104.4 82.6025 40.5973
      vertex -104.4 82.0989 45.7729
    endloop
  endfacet
  facet normal 0.555668 0.8275 0.0804815
    outer loop
      vertex -104.4 82.6025 40.5973
      vertex -104.395 82.0958 45.7726
      vertex -104.15 82.4362 40.5811
    endloop
  endfacet
  facet normal 0.831483 0.552938 0.0538034
    outer loop
      vertex -104.825 82.5215 45.814
      vertex -104.825 83.0251 40.6385
      vertex -104.989 82.7658 45.8378
    endloop
  endfacet
  facet normal -0.751235 -0.656933 -0.0639213
    outer loop
      vertex -101.374 86.0374 40.9315
      vertex -101.179 85.3129 46.0856
      vertex -101.374 85.5338 46.1071
    endloop
  endfacet
  facet normal -1.92458e-05 -0.096845 0.995299
    outer loop
      vertex -104.626 82.7999 40.6165
      vertex -104.825 85.8122 40.9096
      vertex -105.3 84.4187 40.774
    endloop
  endfacet
  facet normal 0.195375 0.976119 0.094979
    outer loop
      vertex -103.306 81.6466 45.7289
      vertex -103.595 82.2075 40.5589
      vertex -103.595 81.7039 45.7345
    endloop
  endfacet
  facet normal -0.981157 -0.192301 -0.0187115
    outer loop
      vertex -100.72 84.7175 40.8031
      vertex -100.72 84.2139 45.9787
      vertex -100.777 84.502 46.0067
    endloop
  endfacet
  facet normal -0.831716 -0.55259 -0.0537828
    outer loop
      vertex -101.172 85.304 46.0847
      vertex -101.175 85.8122 40.9096
      vertex -101.008 85.5632 40.8854
    endloop
  endfacet
  facet normal -0.844281 -0.533383 -0.0518893
    outer loop
      vertex -101.175 85.8122 40.9096
      vertex -101.172 85.304 46.0847
      vertex -101.175 85.3087 46.0852
    endloop
  endfacet
  facet normal -0.000362667 -0.0969739 0.995287
    outer loop
      vertex -100.7 84.4187 40.774
      vertex -101.008 85.5632 40.8854
      vertex -101.175 85.8122 40.9096
    endloop
  endfacet
  facet normal -0.946651 -0.320744 -0.0312374
    outer loop
      vertex -100.778 85.0111 40.8317
      vertex -100.78 84.5129 46.0078
      vertex -100.875 85.2947 40.8593
    endloop
  endfacet
  facet normal -0.936326 -0.349482 -0.0339994
    outer loop
      vertex -100.78 84.5129 46.0078
      vertex -100.778 85.0111 40.8317
      vertex -100.778 84.5076 46.0072
    endloop
  endfacet
  facet normal 0.0662078 -0.993117 -0.0966157
    outer loop
      vertex -103.006 86.2039 46.1723
      vertex -103 86.7078 40.9968
      vertex -103 86.2043 46.1723
    endloop
  endfacet
  facet normal 0.065169 -0.993185 -0.0966235
    outer loop
      vertex -103 86.7078 40.9968
      vertex -103.006 86.2039 46.1723
      vertex -103.3 86.6883 40.9949
    endloop
  endfacet
  facet normal -0.000132623 -0.0976391 0.995222
    outer loop
      vertex -102.12 86.5336 40.9798
      vertex -102.405 86.6298 40.9892
      vertex -102.7 86.6883 40.9949
    endloop
  endfacet
  facet normal -0.32145 -0.942477 -0.0916892
    outer loop
      vertex -102.405 86.6298 40.9892
      vertex -102.12 86.03 46.1554
      vertex -102.405 86.1263 46.1647
    endloop
  endfacet
  facet normal -0.321182 -0.942566 -0.0917142
    outer loop
      vertex -102.12 86.03 46.1554
      vertex -102.405 86.6298 40.9892
      vertex -102.12 86.5336 40.9798
    endloop
  endfacet
  facet normal 0.000108363 -0.0967441 0.995309
    outer loop
      vertex -101.6 86.2348 40.9507
      vertex -102.12 86.5336 40.9798
      vertex -102.7 86.6883 40.9949
    endloop
  endfacet
  facet normal 0.831473 -0.552954 -0.0537933
    outer loop
      vertex -104.992 85.5632 40.8854
      vertex -104.828 85.304 46.0847
      vertex -104.992 85.0597 46.061
    endloop
  endfacet
  facet normal 0.946651 -0.320744 -0.0312374
    outer loop
      vertex -105.22 84.5129 46.0078
      vertex -105.222 85.0111 40.8317
      vertex -105.125 85.2947 40.8593
    endloop
  endfacet
  facet normal 0.936326 -0.349482 -0.0339994
    outer loop
      vertex -105.222 85.0111 40.8317
      vertex -105.22 84.5129 46.0078
      vertex -105.222 84.5076 46.0072
    endloop
  endfacet
  facet normal 0.931564 -0.361868 -0.0352038
    outer loop
      vertex -104.994 85.0546 46.0605
      vertex -104.992 85.5632 40.8854
      vertex -104.992 85.0597 46.061
    endloop
  endfacet
  facet normal 0.896917 -0.440112 -0.0429068
    outer loop
      vertex -104.992 85.5632 40.8854
      vertex -104.994 85.0546 46.0605
      vertex -105.125 85.2947 40.8593
    endloop
  endfacet
  facet normal 0.997703 -0.0674163 -0.00655979
    outer loop
      vertex -105.28 84.7175 40.8031
      vertex -105.28 84.2139 45.9787
      vertex -105.3 83.9207 45.9501
    endloop
  endfacet
  facet normal -0.831483 0.552938 0.0538034
    outer loop
      vertex -101.011 82.7658 45.8378
      vertex -101.175 83.0251 40.6385
      vertex -101.175 82.5215 45.814
    endloop
  endfacet
  facet normal -0.946651 0.320749 0.0311822
    outer loop
      vertex -100.78 83.3172 45.8914
      vertex -100.778 83.8262 40.7164
      vertex -100.875 83.5426 40.6888
    endloop
  endfacet
  facet normal -0.938429 0.343849 0.0334574
    outer loop
      vertex -100.778 83.8262 40.7164
      vertex -100.78 83.3172 45.8914
      vertex -100.778 83.3226 45.892
    endloop
  endfacet
  facet normal -0.896917 0.440129 0.0427353
    outer loop
      vertex -101.008 83.2741 40.6627
      vertex -101.006 82.7756 45.8387
      vertex -100.875 83.5426 40.6888
    endloop
  endfacet
  facet normal -0.931564 0.361867 0.0352114
    outer loop
      vertex -101.006 82.7756 45.8387
      vertex -101.008 83.2741 40.6627
      vertex -101.008 82.7705 45.8382
    endloop
  endfacet
  facet normal -0.896215 0.441534 0.0429625
    outer loop
      vertex -100.875 83.039 45.8644
      vertex -100.875 83.5426 40.6888
      vertex -101.006 82.7756 45.8387
    endloop
  endfacet
  facet normal -0.00161411 -0.095815 0.995398
    outer loop
      vertex -101.175 83.0251 40.6385
      vertex -100.875 83.5426 40.6888
      vertex -101.374 82.7999 40.6165
    endloop
  endfacet
  facet normal -0.195403 0.976113 0.0949768
    outer loop
      vertex -102.7 82.149 40.5532
      vertex -102.694 81.6466 45.7289
      vertex -102.405 82.2075 40.5589
    endloop
  endfacet
  facet normal -0.181044 0.978854 0.0952263
    outer loop
      vertex -102.694 81.6466 45.7289
      vertex -102.7 82.149 40.5532
      vertex -102.7 81.6455 45.7288
    endloop
  endfacet
  facet normal 0 -0.0969766 0.995287
    outer loop
      vertex -103 82.1295 40.5513
      vertex -102.7 82.149 40.5532
      vertex -103.3 82.149 40.5532
    endloop
  endfacet
  facet normal 0.938429 0.343849 0.0334574
    outer loop
      vertex -105.22 83.3172 45.8914
      vertex -105.222 83.8262 40.7164
      vertex -105.222 83.3226 45.892
    endloop
  endfacet
  facet normal 0.946651 0.320749 0.0311822
    outer loop
      vertex -105.222 83.8262 40.7164
      vertex -105.22 83.3172 45.8914
      vertex -105.125 83.5426 40.6888
    endloop
  endfacet
  facet normal 0.000496648 -0.0966943 0.995314
    outer loop
      vertex -105.222 83.8262 40.7164
      vertex -105.125 83.5426 40.6888
      vertex -105.3 84.4187 40.774
    endloop
  endfacet
  facet normal 0.981157 0.192301 0.0187115
    outer loop
      vertex -105.222 83.3226 45.892
      vertex -105.222 83.8262 40.7164
      vertex -105.279 83.6107 45.92
    endloop
  endfacet
  facet normal 0.896215 0.441534 0.0429625
    outer loop
      vertex -104.994 82.7756 45.8387
      vertex -105.125 83.5426 40.6888
      vertex -105.125 83.039 45.8644
    endloop
  endfacet
  facet normal 0.896917 0.440129 0.0427353
    outer loop
      vertex -104.994 82.7756 45.8387
      vertex -104.992 83.2741 40.6627
      vertex -105.125 83.5426 40.6888
    endloop
  endfacet
  facet normal 0.931564 0.361867 0.0352114
    outer loop
      vertex -104.992 83.2741 40.6627
      vertex -104.994 82.7756 45.8387
      vertex -104.992 82.7705 45.8382
    endloop
  endfacet
  facet normal 0.000536039 -0.0956768 0.995412
    outer loop
      vertex -103.88 82.3037 40.5683
      vertex -103.595 82.2075 40.5589
      vertex -104.4 82.6025 40.5973
    endloop
  endfacet
  facet normal 7.3109e-05 -0.0966114 0.995322
    outer loop
      vertex -103.595 82.2075 40.5589
      vertex -103.3 82.149 40.5532
      vertex -104.4 82.6025 40.5973
    endloop
  endfacet
  facet normal -0.946806 -0.320292 -0.0311658
    outer loop
      vertex -100.875 85.2947 40.8593
      vertex -100.78 84.5129 46.0078
      vertex -100.875 84.7911 46.0348
    endloop
  endfacet
  facet normal -0.997703 -0.0674163 -0.00655979
    outer loop
      vertex -100.72 84.7175 40.8031
      vertex -100.7 83.9207 45.9501
      vertex -100.72 84.2139 45.9787
    endloop
  endfacet
  facet normal -0.997788 -0.0661664 -0.00636596
    outer loop
      vertex -100.7 84.4187 40.774
      vertex -100.7 83.9207 45.9501
      vertex -100.72 84.7175 40.8031
    endloop
  endfacet
  facet normal -1 0 -0
    outer loop
      vertex -100.7 83.9207 45.9501
      vertex -100.7 84.4187 40.774
      vertex -100.7 83.9151 45.9496
    endloop
  endfacet
  facet normal -0.000103956 -0.0971102 0.995274
    outer loop
      vertex -101.6 86.2348 40.9507
      vertex -101.85 86.4011 40.9669
      vertex -102.12 86.5336 40.9798
    endloop
  endfacet
  facet normal -0.000473033 -0.0970033 0.995284
    outer loop
      vertex -100.7 84.4187 40.774
      vertex -100.778 85.0111 40.8317
      vertex -101.008 85.5632 40.8854
    endloop
  endfacet
  facet normal -0.000736589 -0.0971121 0.995273
    outer loop
      vertex -100.778 85.0111 40.8317
      vertex -100.875 85.2947 40.8593
      vertex -101.008 85.5632 40.8854
    endloop
  endfacet
  facet normal -0.00150916 -0.0992024 0.995066
    outer loop
      vertex -104.15 82.4362 40.5811
      vertex -103.88 82.3037 40.5683
      vertex -104.4 82.6025 40.5973
    endloop
  endfacet
  facet normal 0.463688 0.881968 0.0844178
    outer loop
      vertex -103.88 81.8001 45.7438
      vertex -104.15 82.4362 40.5811
      vertex -103.885 81.8027 45.7441
    endloop
  endfacet
  facet normal 0.442202 0.892699 0.0868638
    outer loop
      vertex -104.15 82.4362 40.5811
      vertex -103.88 81.8001 45.7438
      vertex -103.88 82.3037 40.5683
    endloop
  endfacet
  facet normal 0.75091 0.6573 0.0639583
    outer loop
      vertex -104.825 82.5215 45.814
      vertex -104.626 82.7999 40.6165
      vertex -104.825 83.0251 40.6385
    endloop
  endfacet
  facet normal 0.750752 0.65748 0.0639619
    outer loop
      vertex -104.626 82.7999 40.6165
      vertex -104.825 82.5215 45.814
      vertex -104.626 82.2964 45.7921
    endloop
  endfacet
  facet normal 0.540723 -0.837146 -0.0824947
    outer loop
      vertex -104.4 85.7312 46.1263
      vertex -104.15 86.4011 40.9669
      vertex -104.395 85.7344 46.1266
    endloop
  endfacet
  facet normal 0.555668 -0.827496 -0.0805176
    outer loop
      vertex -104.15 86.4011 40.9669
      vertex -104.4 85.7312 46.1263
      vertex -104.4 86.2348 40.9507
    endloop
  endfacet
  facet normal 2.17121e-06 -0.0970097 0.995283
    outer loop
      vertex -103 86.7078 40.9968
      vertex -103.3 86.6883 40.9949
      vertex -104.4 86.2348 40.9507
    endloop
  endfacet
  facet normal -0.000108363 -0.0967441 0.995309
    outer loop
      vertex -103.3 86.6883 40.9949
      vertex -103.88 86.5336 40.9798
      vertex -104.4 86.2348 40.9507
    endloop
  endfacet
  facet normal -0.831473 -0.552954 -0.0537933
    outer loop
      vertex -101.008 85.5632 40.8854
      vertex -101.008 85.0597 46.061
      vertex -101.172 85.304 46.0847
    endloop
  endfacet
  facet normal -0.896282 -0.441401 -0.0429503
    outer loop
      vertex -100.875 85.2947 40.8593
      vertex -100.875 84.7911 46.0348
      vertex -101.006 85.0546 46.0605
    endloop
  endfacet
  facet normal 0.32145 -0.942477 -0.0916892
    outer loop
      vertex -103.88 86.03 46.1554
      vertex -103.595 86.6298 40.9892
      vertex -103.595 86.1263 46.1647
    endloop
  endfacet
  facet normal 0.321182 -0.942566 -0.0917142
    outer loop
      vertex -103.595 86.6298 40.9892
      vertex -103.88 86.03 46.1554
      vertex -103.88 86.5336 40.9798
    endloop
  endfacet
  facet normal 0.000362667 -0.0969739 0.995287
    outer loop
      vertex -104.825 85.8122 40.9096
      vertex -104.992 85.5632 40.8854
      vertex -105.3 84.4187 40.774
    endloop
  endfacet
  facet normal 0.000736589 -0.0971121 0.995273
    outer loop
      vertex -104.992 85.5632 40.8854
      vertex -105.125 85.2947 40.8593
      vertex -105.222 85.0111 40.8317
    endloop
  endfacet
  facet normal 0.946806 -0.320292 -0.0311658
    outer loop
      vertex -105.125 85.2947 40.8593
      vertex -105.125 84.7911 46.0348
      vertex -105.22 84.5129 46.0078
    endloop
  endfacet
  facet normal 0.984547 -0.174298 -0.0169566
    outer loop
      vertex -105.223 84.502 46.0067
      vertex -105.222 85.0111 40.8317
      vertex -105.222 84.5076 46.0072
    endloop
  endfacet
  facet normal 0.981214 -0.192015 -0.0187002
    outer loop
      vertex -105.222 85.0111 40.8317
      vertex -105.223 84.502 46.0067
      vertex -105.28 84.7175 40.8031
    endloop
  endfacet
  facet normal -0.00246566 -0.0964372 0.995336
    outer loop
      vertex -100.72 84.1199 40.745
      vertex -100.7 84.4187 40.774
      vertex -100.778 83.8262 40.7164
    endloop
  endfacet
  facet normal -0.981226 0.191952 0.0186977
    outer loop
      vertex -100.721 83.6107 45.92
      vertex -100.72 84.1199 40.745
      vertex -100.778 83.8262 40.7164
    endloop
  endfacet
  facet normal -0.984547 0.174298 0.01696
    outer loop
      vertex -100.72 84.1199 40.745
      vertex -100.721 83.6107 45.92
      vertex -100.72 83.6163 45.9205
    endloop
  endfacet
  facet normal 3.37922e-05 -0.0968459 0.995299
    outer loop
      vertex -101.374 82.7999 40.6165
      vertex -101.175 85.8122 40.9096
      vertex -101.6 82.6025 40.5973
    endloop
  endfacet
  facet normal 1.92458e-05 -0.096845 0.995299
    outer loop
      vertex -100.7 84.4187 40.774
      vertex -101.175 85.8122 40.9096
      vertex -101.374 82.7999 40.6165
    endloop
  endfacet
  facet normal -7.3109e-05 -0.0966114 0.995322
    outer loop
      vertex -102.405 82.2075 40.5589
      vertex -101.6 82.6025 40.5973
      vertex -102.7 82.149 40.5532
    endloop
  endfacet
  facet normal -0.75091 0.6573 0.0639583
    outer loop
      vertex -101.374 82.7999 40.6165
      vertex -101.175 82.5215 45.814
      vertex -101.175 83.0251 40.6385
    endloop
  endfacet
  facet normal -0.750752 0.65748 0.0639619
    outer loop
      vertex -101.175 82.5215 45.814
      vertex -101.374 82.7999 40.6165
      vertex -101.374 82.2964 45.7921
    endloop
  endfacet
  facet normal -0.000536039 -0.0956768 0.995412
    outer loop
      vertex -102.12 82.3037 40.5683
      vertex -101.6 82.6025 40.5973
      vertex -102.405 82.2075 40.5589
    endloop
  endfacet
  facet normal -0.441815 0.892889 0.0868806
    outer loop
      vertex -101.85 81.9326 45.7567
      vertex -101.85 82.4362 40.5811
      vertex -102.115 81.8027 45.7441
    endloop
  endfacet
  facet normal 0.984547 0.174298 0.01696
    outer loop
      vertex -105.279 83.6107 45.92
      vertex -105.28 84.1199 40.745
      vertex -105.28 83.6163 45.9205
    endloop
  endfacet
  facet normal 0.981226 0.191952 0.0186977
    outer loop
      vertex -105.28 84.1199 40.745
      vertex -105.279 83.6107 45.92
      vertex -105.222 83.8262 40.7164
    endloop
  endfacet
  facet normal 0.00246566 -0.0964372 0.995336
    outer loop
      vertex -105.28 84.1199 40.745
      vertex -105.222 83.8262 40.7164
      vertex -105.3 84.4187 40.774
    endloop
  endfacet
  facet normal 0.320804 0.942694 0.0917267
    outer loop
      vertex -103.595 81.7039 45.7345
      vertex -103.595 82.2075 40.5589
      vertex -103.875 81.7983 45.7436
    endloop
  endfacet
  facet normal -0.659599 -0.748084 -0.0727907
    outer loop
      vertex -101.6 86.2348 40.9507
      vertex -101.374 85.5338 46.1071
      vertex -101.6 85.7312 46.1263
    endloop
  endfacet
  facet normal -0.659599 -0.748084 -0.0727907
    outer loop
      vertex -101.374 85.5338 46.1071
      vertex -101.6 86.2348 40.9507
      vertex -101.374 86.0374 40.9315
    endloop
  endfacet
  facet normal -2.17121e-06 -0.0970097 0.995283
    outer loop
      vertex -101.6 86.2348 40.9507
      vertex -102.7 86.6883 40.9949
      vertex -103 86.7078 40.9968
    endloop
  endfacet
  facet normal -0.0662078 -0.993117 -0.0966157
    outer loop
      vertex -103 86.7078 40.9968
      vertex -102.994 86.2039 46.1723
      vertex -103 86.2043 46.1723
    endloop
  endfacet
  facet normal -0.065169 -0.993185 -0.0966235
    outer loop
      vertex -102.994 86.2039 46.1723
      vertex -103 86.7078 40.9968
      vertex -102.7 86.6883 40.9949
    endloop
  endfacet
  facet normal -0.981214 -0.192015 -0.0187002
    outer loop
      vertex -100.777 84.502 46.0067
      vertex -100.778 85.0111 40.8317
      vertex -100.72 84.7175 40.8031
    endloop
  endfacet
  facet normal -0.984547 -0.174298 -0.0169566
    outer loop
      vertex -100.778 85.0111 40.8317
      vertex -100.777 84.502 46.0067
      vertex -100.778 84.5076 46.0072
    endloop
  endfacet
  facet normal 0.000166774 -0.0969199 0.995292
    outer loop
      vertex -100.7 84.4187 40.774
      vertex -100.72 84.7175 40.8031
      vertex -100.778 85.0111 40.8317
    endloop
  endfacet
  facet normal 0.556201 0.827142 0.0804831
    outer loop
      vertex -104.15 81.9326 45.7567
      vertex -104.15 82.4362 40.5811
      vertex -104.395 82.0958 45.7726
    endloop
  endfacet
  facet normal 0.00161411 -0.095815 0.995398
    outer loop
      vertex -104.825 83.0251 40.6385
      vertex -104.626 82.7999 40.6165
      vertex -105.125 83.5426 40.6888
    endloop
  endfacet
  facet normal 0.659786 0.747922 0.0727604
    outer loop
      vertex -104.4 82.0989 45.7729
      vertex -104.626 82.7999 40.6165
      vertex -104.626 82.2964 45.7921
    endloop
  endfacet
  facet normal 0.659599 0.748084 0.0727907
    outer loop
      vertex -104.626 82.7999 40.6165
      vertex -104.4 82.0989 45.7729
      vertex -104.4 82.6025 40.5973
    endloop
  endfacet
  facet normal 0.750896 -0.657313 -0.0639877
    outer loop
      vertex -104.821 85.3129 46.0856
      vertex -104.825 85.8122 40.9096
      vertex -104.626 86.0374 40.9315
    endloop
  endfacet
  facet normal 0.72569 -0.684789 -0.0666186
    outer loop
      vertex -104.825 85.8122 40.9096
      vertex -104.821 85.3129 46.0856
      vertex -104.825 85.3087 46.0852
    endloop
  endfacet
  facet normal 0.751235 -0.656933 -0.0639213
    outer loop
      vertex -104.626 86.0374 40.9315
      vertex -104.626 85.5338 46.1071
      vertex -104.821 85.3129 46.0856
    endloop
  endfacet
  facet normal 0.441962 -0.892817 -0.0868736
    outer loop
      vertex -104.15 85.8976 46.1425
      vertex -103.88 86.5336 40.9798
      vertex -103.88 86.03 46.1554
    endloop
  endfacet
  facet normal 0.442228 -0.892688 -0.0868438
    outer loop
      vertex -103.88 86.5336 40.9798
      vertex -104.15 85.8976 46.1425
      vertex -104.15 86.4011 40.9669
    endloop
  endfacet
  facet normal 0.000103956 -0.0971102 0.995274
    outer loop
      vertex -103.88 86.5336 40.9798
      vertex -104.15 86.4011 40.9669
      vertex -104.4 86.2348 40.9507
    endloop
  endfacet
  facet normal 0.0654842 -0.993163 -0.0966393
    outer loop
      vertex -103.3 86.6883 40.9949
      vertex -103.006 86.2039 46.1723
      vertex -103.3 86.1847 46.1704
    endloop
  endfacet
  facet normal -0.556201 -0.827143 -0.0804673
    outer loop
      vertex -101.85 86.4011 40.9669
      vertex -101.605 85.7344 46.1266
      vertex -101.85 85.8976 46.1425
    endloop
  endfacet
  facet normal -0.540723 -0.837146 -0.0824947
    outer loop
      vertex -101.85 86.4011 40.9669
      vertex -101.6 85.7312 46.1263
      vertex -101.605 85.7344 46.1266
    endloop
  endfacet
  facet normal -0.555668 -0.827496 -0.0805176
    outer loop
      vertex -101.6 85.7312 46.1263
      vertex -101.85 86.4011 40.9669
      vertex -101.6 86.2348 40.9507
    endloop
  endfacet
  facet normal 0.195085 -0.976176 -0.0949864
    outer loop
      vertex -103.595 86.1263 46.1647
      vertex -103.3 86.6883 40.9949
      vertex -103.3 86.1847 46.1704
    endloop
  endfacet
  facet normal 0.195403 -0.976115 -0.0949616
    outer loop
      vertex -103.3 86.6883 40.9949
      vertex -103.595 86.1263 46.1647
      vertex -103.595 86.6298 40.9892
    endloop
  endfacet
  facet normal 0.981157 -0.192301 -0.0187115
    outer loop
      vertex -105.28 84.7175 40.8031
      vertex -105.223 84.502 46.0067
      vertex -105.28 84.2139 45.9787
    endloop
  endfacet
  facet normal -0.195375 0.976119 0.094979
    outer loop
      vertex -102.405 81.7039 45.7345
      vertex -102.405 82.2075 40.5589
      vertex -102.694 81.6466 45.7289
    endloop
  endfacet
  facet normal -0.320804 0.942694 0.0917267
    outer loop
      vertex -102.125 81.7983 45.7436
      vertex -102.405 82.2075 40.5589
      vertex -102.405 81.7039 45.7345
    endloop
  endfacet
  facet normal 0.00150916 -0.0992024 0.995066
    outer loop
      vertex -101.85 82.4362 40.5811
      vertex -101.6 82.6025 40.5973
      vertex -102.12 82.3037 40.5683
    endloop
  endfacet
  facet normal -0.463688 0.881968 0.0844178
    outer loop
      vertex -101.85 82.4362 40.5811
      vertex -102.12 81.8001 45.7438
      vertex -102.115 81.8027 45.7441
    endloop
  endfacet
  facet normal -0.442202 0.892699 0.0868638
    outer loop
      vertex -102.12 81.8001 45.7438
      vertex -101.85 82.4362 40.5811
      vertex -102.12 82.3037 40.5683
    endloop
  endfacet
  facet normal -0.556201 0.827142 0.0804831
    outer loop
      vertex -101.605 82.0958 45.7726
      vertex -101.85 82.4362 40.5811
      vertex -101.85 81.9326 45.7567
    endloop
  endfacet
  facet normal -0.659786 0.747922 0.0727604
    outer loop
      vertex -101.374 82.7999 40.6165
      vertex -101.6 82.0989 45.7729
      vertex -101.374 82.2964 45.7921
    endloop
  endfacet
  facet normal -0.659599 0.748084 0.0727907
    outer loop
      vertex -101.6 82.0989 45.7729
      vertex -101.374 82.7999 40.6165
      vertex -101.6 82.6025 40.5973
    endloop
  endfacet
  facet normal 0.946806 0.320292 0.0311652
    outer loop
      vertex -105.125 83.039 45.8644
      vertex -105.125 83.5426 40.6888
      vertex -105.22 83.3172 45.8914
    endloop
  endfacet
  facet normal -0.000101887 -0.0968007 0.995304
    outer loop
      vertex -104.992 83.2741 40.6627
      vertex -104.825 83.0251 40.6385
      vertex -105.125 83.5426 40.6888
    endloop
  endfacet
  facet normal 0.843783 0.534161 0.0519764
    outer loop
      vertex -104.989 82.7658 45.8378
      vertex -104.992 83.2741 40.6627
      vertex -104.992 82.7705 45.8382
    endloop
  endfacet
  facet normal 0.831716 0.552589 0.0537934
    outer loop
      vertex -104.992 83.2741 40.6627
      vertex -104.989 82.7658 45.8378
      vertex -104.825 83.0251 40.6385
    endloop
  endfacet
  facet normal 0.556201 -0.827143 -0.0804673
    outer loop
      vertex -104.15 86.4011 40.9669
      vertex -104.15 85.8976 46.1425
      vertex -104.395 85.7344 46.1266
    endloop
  endfacet
  facet normal -0.441962 -0.892817 -0.0868736
    outer loop
      vertex -102.12 86.5336 40.9798
      vertex -101.85 85.8976 46.1425
      vertex -102.12 86.03 46.1554
    endloop
  endfacet
  facet normal -0.442228 -0.892688 -0.0868438
    outer loop
      vertex -101.85 85.8976 46.1425
      vertex -102.12 86.5336 40.9798
      vertex -101.85 86.4011 40.9669
    endloop
  endfacet
  facet normal -0.195085 -0.976176 -0.0949864
    outer loop
      vertex -102.7 86.6883 40.9949
      vertex -102.405 86.1263 46.1647
      vertex -102.7 86.1847 46.1704
    endloop
  endfacet
  facet normal -0.195403 -0.976115 -0.0949616
    outer loop
      vertex -102.405 86.1263 46.1647
      vertex -102.7 86.6883 40.9949
      vertex -102.405 86.6298 40.9892
    endloop
  endfacet
  facet normal -0.0654842 -0.993163 -0.0966393
    outer loop
      vertex -102.7 86.6883 40.9949
      vertex -102.7 86.1847 46.1704
      vertex -102.994 86.2039 46.1723
    endloop
  endfacet
  facet normal 0.000473033 -0.0970033 0.995284
    outer loop
      vertex -104.992 85.5632 40.8854
      vertex -105.222 85.0111 40.8317
      vertex -105.3 84.4187 40.774
    endloop
  endfacet
  facet normal -0.000166774 -0.0969199 0.995292
    outer loop
      vertex -105.222 85.0111 40.8317
      vertex -105.28 84.7175 40.8031
      vertex -105.3 84.4187 40.774
    endloop
  endfacet
  facet normal -0.997788 0.06615 0.00655715
    outer loop
      vertex 105.28 84.1199 40.745
      vertex 105.281 83.6219 45.9211
      vertex 105.3 84.4187 40.774
    endloop
  endfacet
  facet normal -0.984599 0.174007 0.0169317
    outer loop
      vertex 105.281 83.6219 45.9211
      vertex 105.28 84.1199 40.745
      vertex 105.28 83.6163 45.9205
    endloop
  endfacet
  facet normal -0.997926 0.0640619 0.0062334
    outer loop
      vertex 105.3 83.9151 45.9496
      vertex 105.3 84.4187 40.774
      vertex 105.281 83.6219 45.9211
    endloop
  endfacet
  facet normal -0.981157 0.192301 0.0187115
    outer loop
      vertex 105.279 83.6107 45.92
      vertex 105.222 83.8262 40.7164
      vertex 105.222 83.3226 45.892
    endloop
  endfacet
  facet normal 0.997788 -0.0661664 -0.00636596
    outer loop
      vertex 100.7 83.9207 45.9501
      vertex 100.7 84.4187 40.774
      vertex 100.72 84.7175 40.8031
    endloop
  endfacet
  facet normal 1 0 0
    outer loop
      vertex 100.7 84.4187 40.774
      vertex 100.7 83.9207 45.9501
      vertex 100.7 83.9151 45.9496
    endloop
  endfacet
  facet normal -6.68534e-05 -0.0967318 0.99531
    outer loop
      vertex 101.6 86.2348 40.9507
      vertex 101.374 86.0374 40.9315
      vertex 101.175 85.8122 40.9096
    endloop
  endfacet
  facet normal -0.528714 0.84481 0.0822023
    outer loop
      vertex 104.4 82.6025 40.5973
      vertex 104.395 82.0958 45.7726
      vertex 104.4 82.0989 45.7729
    endloop
  endfacet
  facet normal -0.555668 0.8275 0.0804815
    outer loop
      vertex 104.395 82.0958 45.7726
      vertex 104.4 82.6025 40.5973
      vertex 104.15 82.4362 40.5811
    endloop
  endfacet
  facet normal -0.896917 -0.440112 -0.0429068
    outer loop
      vertex 104.994 85.0546 46.0605
      vertex 104.992 85.5632 40.8854
      vertex 105.125 85.2947 40.8593
    endloop
  endfacet
  facet normal -0.931564 -0.361868 -0.0352038
    outer loop
      vertex 104.992 85.5632 40.8854
      vertex 104.994 85.0546 46.0605
      vertex 104.992 85.0597 46.061
    endloop
  endfacet
  facet normal 0.181044 0.978854 0.0952263
    outer loop
      vertex 102.7 82.149 40.5532
      vertex 102.694 81.6466 45.7289
      vertex 102.7 81.6455 45.7288
    endloop
  endfacet
  facet normal 0.195403 0.976113 0.0949768
    outer loop
      vertex 102.694 81.6466 45.7289
      vertex 102.7 82.149 40.5532
      vertex 102.405 82.2075 40.5589
    endloop
  endfacet
  facet normal 0.0654986 0.993164 0.0966184
    outer loop
      vertex 103 81.6259 45.7269
      vertex 102.7 82.149 40.5532
      vertex 102.7 81.6455 45.7288
    endloop
  endfacet
  facet normal 0.065169 0.993184 0.0966395
    outer loop
      vertex 102.7 82.149 40.5532
      vertex 103 81.6259 45.7269
      vertex 103 82.1295 40.5513
    endloop
  endfacet
  facet normal 0 -0.0967871 0.995305
    outer loop
      vertex 104.4 82.6025 40.5973
      vertex 102.7 82.149 40.5532
      vertex 103.3 82.149 40.5532
    endloop
  endfacet
  facet normal 0 -0.0967871 0.995305
    outer loop
      vertex 102.7 82.149 40.5532
      vertex 104.4 82.6025 40.5973
      vertex 101.6 82.6025 40.5973
    endloop
  endfacet
  facet normal 0.659599 -0.748084 -0.0727907
    outer loop
      vertex 101.374 85.5338 46.1071
      vertex 101.6 86.2348 40.9507
      vertex 101.6 85.7312 46.1263
    endloop
  endfacet
  facet normal 0.659599 -0.748084 -0.0727907
    outer loop
      vertex 101.6 86.2348 40.9507
      vertex 101.374 85.5338 46.1071
      vertex 101.374 86.0374 40.9315
    endloop
  endfacet
  facet normal -0.831716 0.552589 0.0537934
    outer loop
      vertex 104.989 82.7658 45.8378
      vertex 104.992 83.2741 40.6627
      vertex 104.825 83.0251 40.6385
    endloop
  endfacet
  facet normal -0.843783 0.534161 0.0519764
    outer loop
      vertex 104.992 83.2741 40.6627
      vertex 104.989 82.7658 45.8378
      vertex 104.992 82.7705 45.8382
    endloop
  endfacet
  facet normal -0.000496648 -0.0966943 0.995314
    outer loop
      vertex 105.222 83.8262 40.7164
      vertex 105.3 84.4187 40.774
      vertex 105.125 83.5426 40.6888
    endloop
  endfacet
  facet normal 0.0662078 -0.993117 -0.0966157
    outer loop
      vertex 102.994 86.2039 46.1723
      vertex 103 86.7078 40.9968
      vertex 103 86.2043 46.1723
    endloop
  endfacet
  facet normal 0.065169 -0.993185 -0.0966235
    outer loop
      vertex 103 86.7078 40.9968
      vertex 102.994 86.2039 46.1723
      vertex 102.7 86.6883 40.9949
    endloop
  endfacet
  facet normal -0.750896 -0.657313 -0.0639877
    outer loop
      vertex 104.825 85.8122 40.9096
      vertex 104.821 85.3129 46.0856
      vertex 104.626 86.0374 40.9315
    endloop
  endfacet
  facet normal -0.72569 -0.684789 -0.0666186
    outer loop
      vertex 104.821 85.3129 46.0856
      vertex 104.825 85.8122 40.9096
      vertex 104.825 85.3087 46.0852
    endloop
  endfacet
  facet normal 0.340535 0.935812 0.0910588
    outer loop
      vertex 102.125 81.7983 45.7436
      vertex 102.12 82.3037 40.5683
      vertex 102.12 81.8001 45.7438
    endloop
  endfacet
  facet normal 0.321182 0.942564 0.0917369
    outer loop
      vertex 102.12 82.3037 40.5683
      vertex 102.125 81.7983 45.7436
      vertex 102.405 82.2075 40.5589
    endloop
  endfacet
  facet normal 6.68534e-05 -0.0967318 0.99531
    outer loop
      vertex 104.825 85.8122 40.9096
      vertex 104.626 86.0374 40.9315
      vertex 104.4 86.2348 40.9507
    endloop
  endfacet
  facet normal -3.37922e-05 -0.0968459 0.995299
    outer loop
      vertex 101.374 82.7999 40.6165
      vertex 101.6 82.6025 40.5973
      vertex 101.175 85.8122 40.9096
    endloop
  endfacet
  facet normal -0.000207323 -0.0967515 0.995309
    outer loop
      vertex 105.125 83.5426 40.6888
      vertex 105.3 84.4187 40.774
      vertex 104.626 82.7999 40.6165
    endloop
  endfacet
  facet normal 0.000207323 -0.0967515 0.995309
    outer loop
      vertex 100.875 83.5426 40.6888
      vertex 101.374 82.7999 40.6165
      vertex 100.7 84.4187 40.774
    endloop
  endfacet
  facet normal 0.997926 0.0640619 0.0062334
    outer loop
      vertex 100.719 83.6219 45.9211
      vertex 100.7 84.4187 40.774
      vertex 100.7 83.9151 45.9496
    endloop
  endfacet
  facet normal 0 -0.0968415 0.9953
    outer loop
      vertex 104.825 85.8122 40.9096
      vertex 101.6 82.6025 40.5973
      vertex 104.4 82.6025 40.5973
    endloop
  endfacet
  facet normal 0 -0.0968415 0.9953
    outer loop
      vertex 101.6 82.6025 40.5973
      vertex 104.825 85.8122 40.9096
      vertex 101.175 85.8122 40.9096
    endloop
  endfacet
  facet normal 0 -0.0967984 0.995304
    outer loop
      vertex 101.6 86.2348 40.9507
      vertex 104.825 85.8122 40.9096
      vertex 104.4 86.2348 40.9507
    endloop
  endfacet
  facet normal 0 -0.0967984 0.995304
    outer loop
      vertex 104.825 85.8122 40.9096
      vertex 101.6 86.2348 40.9507
      vertex 101.175 85.8122 40.9096
    endloop
  endfacet
  facet normal 0 -0.0970034 0.995284
    outer loop
      vertex 104.4 86.2348 40.9507
      vertex 103 86.7078 40.9968
      vertex 101.6 86.2348 40.9507
    endloop
  endfacet
  facet normal 0.896282 -0.441401 -0.0429503
    outer loop
      vertex 100.875 85.2947 40.8593
      vertex 101.006 85.0546 46.0605
      vertex 100.875 84.7911 46.0348
    endloop
  endfacet
  facet normal 0.000101887 -0.0968007 0.995304
    outer loop
      vertex 104.992 83.2741 40.6627
      vertex 105.125 83.5426 40.6888
      vertex 104.825 83.0251 40.6385
    endloop
  endfacet
  facet normal -0.946806 0.320292 0.0311652
    outer loop
      vertex 105.22 83.3172 45.8914
      vertex 105.125 83.5426 40.6888
      vertex 105.125 83.039 45.8644
    endloop
  endfacet
  facet normal -0.0654986 0.993164 0.0966184
    outer loop
      vertex 103.3 82.149 40.5532
      vertex 103 81.6259 45.7269
      vertex 103.3 81.6455 45.7288
    endloop
  endfacet
  facet normal -0.065169 0.993184 0.0966395
    outer loop
      vertex 103 81.6259 45.7269
      vertex 103.3 82.149 40.5532
      vertex 103 82.1295 40.5513
    endloop
  endfacet
  facet normal -0.441815 0.892889 0.0868806
    outer loop
      vertex 104.15 81.9326 45.7567
      vertex 104.15 82.4362 40.5811
      vertex 103.885 81.8027 45.7441
    endloop
  endfacet
  facet normal 0.844281 -0.533383 -0.0518893
    outer loop
      vertex 101.172 85.304 46.0847
      vertex 101.175 85.8122 40.9096
      vertex 101.175 85.3087 46.0852
    endloop
  endfacet
  facet normal 0.831716 -0.55259 -0.0537828
    outer loop
      vertex 101.175 85.8122 40.9096
      vertex 101.172 85.304 46.0847
      vertex 101.008 85.5632 40.8854
    endloop
  endfacet
  facet normal 0.997788 0.06615 0.00655715
    outer loop
      vertex 100.719 83.6219 45.9211
      vertex 100.72 84.1199 40.745
      vertex 100.7 84.4187 40.774
    endloop
  endfacet
  facet normal 0.984599 0.174007 0.0169317
    outer loop
      vertex 100.72 84.1199 40.745
      vertex 100.719 83.6219 45.9211
      vertex 100.72 83.6163 45.9205
    endloop
  endfacet
  facet normal 0.528714 0.84481 0.0822023
    outer loop
      vertex 101.605 82.0958 45.7726
      vertex 101.6 82.6025 40.5973
      vertex 101.6 82.0989 45.7729
    endloop
  endfacet
  facet normal 0.555668 0.8275 0.0804815
    outer loop
      vertex 101.6 82.6025 40.5973
      vertex 101.605 82.0958 45.7726
      vertex 101.85 82.4362 40.5811
    endloop
  endfacet
  facet normal 0.831483 0.552938 0.0538034
    outer loop
      vertex 101.175 82.5215 45.814
      vertex 101.175 83.0251 40.6385
      vertex 101.011 82.7658 45.8378
    endloop
  endfacet
  facet normal -0.751235 -0.656933 -0.0639213
    outer loop
      vertex 104.626 86.0374 40.9315
      vertex 104.821 85.3129 46.0856
      vertex 104.626 85.5338 46.1071
    endloop
  endfacet
  facet normal -1.92458e-05 -0.096845 0.995299
    outer loop
      vertex 101.374 82.7999 40.6165
      vertex 101.175 85.8122 40.9096
      vertex 100.7 84.4187 40.774
    endloop
  endfacet
  facet normal 0.320804 0.942694 0.0917267
    outer loop
      vertex 102.405 81.7039 45.7345
      vertex 102.405 82.2075 40.5589
      vertex 102.125 81.7983 45.7436
    endloop
  endfacet
  facet normal -0.981157 -0.192301 -0.0187115
    outer loop
      vertex 105.28 84.7175 40.8031
      vertex 105.28 84.2139 45.9787
      vertex 105.223 84.502 46.0067
    endloop
  endfacet
  facet normal -0.831716 -0.55259 -0.0537828
    outer loop
      vertex 104.828 85.304 46.0847
      vertex 104.825 85.8122 40.9096
      vertex 104.992 85.5632 40.8854
    endloop
  endfacet
  facet normal -0.844281 -0.533383 -0.0518893
    outer loop
      vertex 104.825 85.8122 40.9096
      vertex 104.828 85.304 46.0847
      vertex 104.825 85.3087 46.0852
    endloop
  endfacet
  facet normal -0.000362667 -0.0969739 0.995287
    outer loop
      vertex 105.3 84.4187 40.774
      vertex 104.992 85.5632 40.8854
      vertex 104.825 85.8122 40.9096
    endloop
  endfacet
  facet normal -0.946651 -0.320744 -0.0312374
    outer loop
      vertex 105.222 85.0111 40.8317
      vertex 105.22 84.5129 46.0078
      vertex 105.125 85.2947 40.8593
    endloop
  endfacet
  facet normal -0.936326 -0.349482 -0.0339994
    outer loop
      vertex 105.22 84.5129 46.0078
      vertex 105.222 85.0111 40.8317
      vertex 105.222 84.5076 46.0072
    endloop
  endfacet
  facet normal -0.000132623 -0.0976391 0.995222
    outer loop
      vertex 103.88 86.5336 40.9798
      vertex 103.595 86.6298 40.9892
      vertex 103.3 86.6883 40.9949
    endloop
  endfacet
  facet normal -0.32145 -0.942477 -0.0916892
    outer loop
      vertex 103.595 86.6298 40.9892
      vertex 103.88 86.03 46.1554
      vertex 103.595 86.1263 46.1647
    endloop
  endfacet
  facet normal -0.321182 -0.942566 -0.0917142
    outer loop
      vertex 103.88 86.03 46.1554
      vertex 103.595 86.6298 40.9892
      vertex 103.88 86.5336 40.9798
    endloop
  endfacet
  facet normal 0.000108363 -0.0967441 0.995309
    outer loop
      vertex 104.4 86.2348 40.9507
      vertex 103.88 86.5336 40.9798
      vertex 103.3 86.6883 40.9949
    endloop
  endfacet
  facet normal -0.441962 -0.892817 -0.0868736
    outer loop
      vertex 103.88 86.5336 40.9798
      vertex 104.15 85.8976 46.1425
      vertex 103.88 86.03 46.1554
    endloop
  endfacet
  facet normal -0.442228 -0.892688 -0.0868438
    outer loop
      vertex 104.15 85.8976 46.1425
      vertex 103.88 86.5336 40.9798
      vertex 104.15 86.4011 40.9669
    endloop
  endfacet
  facet normal 0.831473 -0.552954 -0.0537933
    outer loop
      vertex 101.008 85.5632 40.8854
      vertex 101.172 85.304 46.0847
      vertex 101.008 85.0597 46.061
    endloop
  endfacet
  facet normal 0.946651 -0.320744 -0.0312374
    outer loop
      vertex 100.78 84.5129 46.0078
      vertex 100.778 85.0111 40.8317
      vertex 100.875 85.2947 40.8593
    endloop
  endfacet
  facet normal 0.936326 -0.349482 -0.0339994
    outer loop
      vertex 100.778 85.0111 40.8317
      vertex 100.78 84.5129 46.0078
      vertex 100.778 84.5076 46.0072
    endloop
  endfacet
  facet normal 0.931564 -0.361868 -0.0352038
    outer loop
      vertex 101.006 85.0546 46.0605
      vertex 101.008 85.5632 40.8854
      vertex 101.008 85.0597 46.061
    endloop
  endfacet
  facet normal 0.896917 -0.440112 -0.0429068
    outer loop
      vertex 101.008 85.5632 40.8854
      vertex 101.006 85.0546 46.0605
      vertex 100.875 85.2947 40.8593
    endloop
  endfacet
  facet normal 0.997703 -0.0674163 -0.00655979
    outer loop
      vertex 100.72 84.7175 40.8031
      vertex 100.72 84.2139 45.9787
      vertex 100.7 83.9207 45.9501
    endloop
  endfacet
  facet normal 0.32145 -0.942477 -0.0916892
    outer loop
      vertex 102.12 86.03 46.1554
      vertex 102.405 86.6298 40.9892
      vertex 102.405 86.1263 46.1647
    endloop
  endfacet
  facet normal 0.321182 -0.942566 -0.0917142
    outer loop
      vertex 102.405 86.6298 40.9892
      vertex 102.12 86.03 46.1554
      vertex 102.12 86.5336 40.9798
    endloop
  endfacet
  facet normal 0.0654842 -0.993163 -0.0966393
    outer loop
      vertex 102.7 86.6883 40.9949
      vertex 102.994 86.2039 46.1723
      vertex 102.7 86.1847 46.1704
    endloop
  endfacet
  facet normal -0.831483 0.552938 0.0538034
    outer loop
      vertex 104.989 82.7658 45.8378
      vertex 104.825 83.0251 40.6385
      vertex 104.825 82.5215 45.814
    endloop
  endfacet
  facet normal -0.946651 0.320749 0.0311822
    outer loop
      vertex 105.22 83.3172 45.8914
      vertex 105.222 83.8262 40.7164
      vertex 105.125 83.5426 40.6888
    endloop
  endfacet
  facet normal -0.938429 0.343849 0.0334574
    outer loop
      vertex 105.222 83.8262 40.7164
      vertex 105.22 83.3172 45.8914
      vertex 105.222 83.3226 45.892
    endloop
  endfacet
  facet normal -0.896917 0.440129 0.0427353
    outer loop
      vertex 104.992 83.2741 40.6627
      vertex 104.994 82.7756 45.8387
      vertex 105.125 83.5426 40.6888
    endloop
  endfacet
  facet normal -0.931564 0.361867 0.0352114
    outer loop
      vertex 104.994 82.7756 45.8387
      vertex 104.992 83.2741 40.6627
      vertex 104.992 82.7705 45.8382
    endloop
  endfacet
  facet normal -0.896215 0.441534 0.0429625
    outer loop
      vertex 105.125 83.039 45.8644
      vertex 105.125 83.5426 40.6888
      vertex 104.994 82.7756 45.8387
    endloop
  endfacet
  facet normal -0.75091 0.6573 0.0639583
    outer loop
      vertex 104.626 82.7999 40.6165
      vertex 104.825 82.5215 45.814
      vertex 104.825 83.0251 40.6385
    endloop
  endfacet
  facet normal -0.750752 0.65748 0.0639619
    outer loop
      vertex 104.825 82.5215 45.814
      vertex 104.626 82.7999 40.6165
      vertex 104.626 82.2964 45.7921
    endloop
  endfacet
  facet normal -0.00161411 -0.095815 0.995398
    outer loop
      vertex 104.825 83.0251 40.6385
      vertex 105.125 83.5426 40.6888
      vertex 104.626 82.7999 40.6165
    endloop
  endfacet
  facet normal -0.195403 0.976113 0.0949768
    outer loop
      vertex 103.3 82.149 40.5532
      vertex 103.306 81.6466 45.7289
      vertex 103.595 82.2075 40.5589
    endloop
  endfacet
  facet normal -0.181044 0.978854 0.0952263
    outer loop
      vertex 103.306 81.6466 45.7289
      vertex 103.3 82.149 40.5532
      vertex 103.3 81.6455 45.7288
    endloop
  endfacet
  facet normal 0 -0.0969766 0.995287
    outer loop
      vertex 103 82.1295 40.5513
      vertex 103.3 82.149 40.5532
      vertex 102.7 82.149 40.5532
    endloop
  endfacet
  facet normal 0.984547 0.174298 0.01696
    outer loop
      vertex 100.721 83.6107 45.92
      vertex 100.72 84.1199 40.745
      vertex 100.72 83.6163 45.9205
    endloop
  endfacet
  facet normal 0.981226 0.191952 0.0186977
    outer loop
      vertex 100.72 84.1199 40.745
      vertex 100.721 83.6107 45.92
      vertex 100.778 83.8262 40.7164
    endloop
  endfacet
  facet normal 0.946806 0.320292 0.0311652
    outer loop
      vertex 100.875 83.039 45.8644
      vertex 100.875 83.5426 40.6888
      vertex 100.78 83.3172 45.8914
    endloop
  endfacet
  facet normal 0.896215 0.441534 0.0429625
    outer loop
      vertex 101.006 82.7756 45.8387
      vertex 100.875 83.5426 40.6888
      vertex 100.875 83.039 45.8644
    endloop
  endfacet
  facet normal -0.000101887 -0.0968007 0.995304
    outer loop
      vertex 101.008 83.2741 40.6627
      vertex 101.175 83.0251 40.6385
      vertex 100.875 83.5426 40.6888
    endloop
  endfacet
  facet normal 0.000536039 -0.0956768 0.995412
    outer loop
      vertex 102.12 82.3037 40.5683
      vertex 102.405 82.2075 40.5589
      vertex 101.6 82.6025 40.5973
    endloop
  endfacet
  facet normal 7.3109e-05 -0.0966114 0.995322
    outer loop
      vertex 102.405 82.2075 40.5589
      vertex 102.7 82.149 40.5532
      vertex 101.6 82.6025 40.5973
    endloop
  endfacet
  facet normal -0.946806 -0.320292 -0.0311658
    outer loop
      vertex 105.125 85.2947 40.8593
      vertex 105.22 84.5129 46.0078
      vertex 105.125 84.7911 46.0348
    endloop
  endfacet
  facet normal -0.997703 -0.0674163 -0.00655979
    outer loop
      vertex 105.28 84.7175 40.8031
      vertex 105.3 83.9207 45.9501
      vertex 105.28 84.2139 45.9787
    endloop
  endfacet
  facet normal -0.997788 -0.0661664 -0.00636596
    outer loop
      vertex 105.3 84.4187 40.774
      vertex 105.3 83.9207 45.9501
      vertex 105.28 84.7175 40.8031
    endloop
  endfacet
  facet normal -1 0 -0
    outer loop
      vertex 105.3 83.9207 45.9501
      vertex 105.3 84.4187 40.774
      vertex 105.3 83.9151 45.9496
    endloop
  endfacet
  facet normal -0.000473033 -0.0970033 0.995284
    outer loop
      vertex 105.3 84.4187 40.774
      vertex 105.222 85.0111 40.8317
      vertex 104.992 85.5632 40.8854
    endloop
  endfacet
  facet normal -0.000736589 -0.0971121 0.995273
    outer loop
      vertex 105.222 85.0111 40.8317
      vertex 105.125 85.2947 40.8593
      vertex 104.992 85.5632 40.8854
    endloop
  endfacet
  facet normal -0.00150916 -0.0992024 0.995066
    outer loop
      vertex 101.85 82.4362 40.5811
      vertex 102.12 82.3037 40.5683
      vertex 101.6 82.6025 40.5973
    endloop
  endfacet
  facet normal 0.463688 0.881968 0.0844178
    outer loop
      vertex 102.12 81.8001 45.7438
      vertex 101.85 82.4362 40.5811
      vertex 102.115 81.8027 45.7441
    endloop
  endfacet
  facet normal 0.442202 0.892699 0.0868638
    outer loop
      vertex 101.85 82.4362 40.5811
      vertex 102.12 81.8001 45.7438
      vertex 102.12 82.3037 40.5683
    endloop
  endfacet
  facet normal 0.75091 0.6573 0.0639583
    outer loop
      vertex 101.175 82.5215 45.814
      vertex 101.374 82.7999 40.6165
      vertex 101.175 83.0251 40.6385
    endloop
  endfacet
  facet normal 0.750752 0.65748 0.0639619
    outer loop
      vertex 101.374 82.7999 40.6165
      vertex 101.175 82.5215 45.814
      vertex 101.374 82.2964 45.7921
    endloop
  endfacet
  facet normal -0.831473 -0.552954 -0.0537933
    outer loop
      vertex 104.992 85.5632 40.8854
      vertex 104.992 85.0597 46.061
      vertex 104.828 85.304 46.0847
    endloop
  endfacet
  facet normal -0.896282 -0.441401 -0.0429503
    outer loop
      vertex 105.125 85.2947 40.8593
      vertex 105.125 84.7911 46.0348
      vertex 104.994 85.0546 46.0605
    endloop
  endfacet
  facet normal 0.000362667 -0.0969739 0.995287
    outer loop
      vertex 101.175 85.8122 40.9096
      vertex 101.008 85.5632 40.8854
      vertex 100.7 84.4187 40.774
    endloop
  endfacet
  facet normal 0.000736589 -0.0971121 0.995273
    outer loop
      vertex 101.008 85.5632 40.8854
      vertex 100.875 85.2947 40.8593
      vertex 100.778 85.0111 40.8317
    endloop
  endfacet
  facet normal 0.946806 -0.320292 -0.0311658
    outer loop
      vertex 100.875 85.2947 40.8593
      vertex 100.875 84.7911 46.0348
      vertex 100.78 84.5129 46.0078
    endloop
  endfacet
  facet normal 0.984547 -0.174298 -0.0169566
    outer loop
      vertex 100.777 84.502 46.0067
      vertex 100.778 85.0111 40.8317
      vertex 100.778 84.5076 46.0072
    endloop
  endfacet
  facet normal 0.981214 -0.192015 -0.0187002
    outer loop
      vertex 100.778 85.0111 40.8317
      vertex 100.777 84.502 46.0067
      vertex 100.72 84.7175 40.8031
    endloop
  endfacet
  facet normal 2.17121e-06 -0.0970097 0.995283
    outer loop
      vertex 103 86.7078 40.9968
      vertex 102.7 86.6883 40.9949
      vertex 101.6 86.2348 40.9507
    endloop
  endfacet
  facet normal 0.000132623 -0.0976391 0.995222
    outer loop
      vertex 102.7 86.6883 40.9949
      vertex 102.405 86.6298 40.9892
      vertex 102.12 86.5336 40.9798
    endloop
  endfacet
  facet normal -0.00246566 -0.0964372 0.995336
    outer loop
      vertex 105.28 84.1199 40.745
      vertex 105.3 84.4187 40.774
      vertex 105.222 83.8262 40.7164
    endloop
  endfacet
  facet normal -0.981226 0.191952 0.0186977
    outer loop
      vertex 105.279 83.6107 45.92
      vertex 105.28 84.1199 40.745
      vertex 105.222 83.8262 40.7164
    endloop
  endfacet
  facet normal -0.984547 0.174298 0.01696
    outer loop
      vertex 105.28 84.1199 40.745
      vertex 105.279 83.6107 45.92
      vertex 105.28 83.6163 45.9205
    endloop
  endfacet
  facet normal 3.37922e-05 -0.0968459 0.995299
    outer loop
      vertex 104.626 82.7999 40.6165
      vertex 104.825 85.8122 40.9096
      vertex 104.4 82.6025 40.5973
    endloop
  endfacet
  facet normal 1.92458e-05 -0.096845 0.995299
    outer loop
      vertex 105.3 84.4187 40.774
      vertex 104.825 85.8122 40.9096
      vertex 104.626 82.7999 40.6165
    endloop
  endfacet
  facet normal -7.3109e-05 -0.0966114 0.995322
    outer loop
      vertex 103.595 82.2075 40.5589
      vertex 104.4 82.6025 40.5973
      vertex 103.3 82.149 40.5532
    endloop
  endfacet
  facet normal -0.320804 0.942694 0.0917267
    outer loop
      vertex 103.875 81.7983 45.7436
      vertex 103.595 82.2075 40.5589
      vertex 103.595 81.7039 45.7345
    endloop
  endfacet
  facet normal 0.00150916 -0.0992024 0.995066
    outer loop
      vertex 104.15 82.4362 40.5811
      vertex 104.4 82.6025 40.5973
      vertex 103.88 82.3037 40.5683
    endloop
  endfacet
  facet normal -0.463688 0.881968 0.0844178
    outer loop
      vertex 104.15 82.4362 40.5811
      vertex 103.88 81.8001 45.7438
      vertex 103.885 81.8027 45.7441
    endloop
  endfacet
  facet normal -0.442202 0.892699 0.0868638
    outer loop
      vertex 103.88 81.8001 45.7438
      vertex 104.15 82.4362 40.5811
      vertex 103.88 82.3037 40.5683
    endloop
  endfacet
  facet normal 0.00246566 -0.0964372 0.995336
    outer loop
      vertex 100.72 84.1199 40.745
      vertex 100.778 83.8262 40.7164
      vertex 100.7 84.4187 40.774
    endloop
  endfacet
  facet normal 0.000496648 -0.0966943 0.995314
    outer loop
      vertex 100.778 83.8262 40.7164
      vertex 100.875 83.5426 40.6888
      vertex 100.7 84.4187 40.774
    endloop
  endfacet
  facet normal 0.195375 0.976119 0.094979
    outer loop
      vertex 102.694 81.6466 45.7289
      vertex 102.405 82.2075 40.5589
      vertex 102.405 81.7039 45.7345
    endloop
  endfacet
  facet normal -0.659599 -0.748084 -0.0727907
    outer loop
      vertex 104.4 86.2348 40.9507
      vertex 104.626 85.5338 46.1071
      vertex 104.4 85.7312 46.1263
    endloop
  endfacet
  facet normal -0.659599 -0.748084 -0.0727907
    outer loop
      vertex 104.626 85.5338 46.1071
      vertex 104.4 86.2348 40.9507
      vertex 104.626 86.0374 40.9315
    endloop
  endfacet
  facet normal -2.17121e-06 -0.0970097 0.995283
    outer loop
      vertex 104.4 86.2348 40.9507
      vertex 103.3 86.6883 40.9949
      vertex 103 86.7078 40.9968
    endloop
  endfacet
  facet normal -0.0662078 -0.993117 -0.0966157
    outer loop
      vertex 103 86.7078 40.9968
      vertex 103.006 86.2039 46.1723
      vertex 103 86.2043 46.1723
    endloop
  endfacet
  facet normal -0.065169 -0.993185 -0.0966235
    outer loop
      vertex 103.006 86.2039 46.1723
      vertex 103 86.7078 40.9968
      vertex 103.3 86.6883 40.9949
    endloop
  endfacet
  facet normal -0.981214 -0.192015 -0.0187002
    outer loop
      vertex 105.223 84.502 46.0067
      vertex 105.222 85.0111 40.8317
      vertex 105.28 84.7175 40.8031
    endloop
  endfacet
  facet normal -0.984547 -0.174298 -0.0169566
    outer loop
      vertex 105.222 85.0111 40.8317
      vertex 105.223 84.502 46.0067
      vertex 105.222 84.5076 46.0072
    endloop
  endfacet
  facet normal 0.000166774 -0.0969199 0.995292
    outer loop
      vertex 105.3 84.4187 40.774
      vertex 105.28 84.7175 40.8031
      vertex 105.222 85.0111 40.8317
    endloop
  endfacet
  facet normal 0.556201 0.827142 0.0804831
    outer loop
      vertex 101.85 81.9326 45.7567
      vertex 101.85 82.4362 40.5811
      vertex 101.605 82.0958 45.7726
    endloop
  endfacet
  facet normal 0.441815 0.892889 0.0868806
    outer loop
      vertex 102.115 81.8027 45.7441
      vertex 101.85 82.4362 40.5811
      vertex 101.85 81.9326 45.7567
    endloop
  endfacet
  facet normal 0.00161411 -0.095815 0.995398
    outer loop
      vertex 101.175 83.0251 40.6385
      vertex 101.374 82.7999 40.6165
      vertex 100.875 83.5426 40.6888
    endloop
  endfacet
  facet normal 0.659786 0.747922 0.0727604
    outer loop
      vertex 101.6 82.0989 45.7729
      vertex 101.374 82.7999 40.6165
      vertex 101.374 82.2964 45.7921
    endloop
  endfacet
  facet normal 0.659599 0.748084 0.0727907
    outer loop
      vertex 101.374 82.7999 40.6165
      vertex 101.6 82.0989 45.7729
      vertex 101.6 82.6025 40.5973
    endloop
  endfacet
  facet normal -0.540723 -0.837146 -0.0824947
    outer loop
      vertex 104.15 86.4011 40.9669
      vertex 104.4 85.7312 46.1263
      vertex 104.395 85.7344 46.1266
    endloop
  endfacet
  facet normal -0.555668 -0.827496 -0.0805176
    outer loop
      vertex 104.4 85.7312 46.1263
      vertex 104.15 86.4011 40.9669
      vertex 104.4 86.2348 40.9507
    endloop
  endfacet
  facet normal -0.000103956 -0.0971102 0.995274
    outer loop
      vertex 104.4 86.2348 40.9507
      vertex 104.15 86.4011 40.9669
      vertex 103.88 86.5336 40.9798
    endloop
  endfacet
  facet normal 0.981157 -0.192301 -0.0187115
    outer loop
      vertex 100.72 84.7175 40.8031
      vertex 100.777 84.502 46.0067
      vertex 100.72 84.2139 45.9787
    endloop
  endfacet
  facet normal 0.750896 -0.657313 -0.0639877
    outer loop
      vertex 101.179 85.3129 46.0856
      vertex 101.175 85.8122 40.9096
      vertex 101.374 86.0374 40.9315
    endloop
  endfacet
  facet normal 0.72569 -0.684789 -0.0666186
    outer loop
      vertex 101.175 85.8122 40.9096
      vertex 101.179 85.3129 46.0856
      vertex 101.175 85.3087 46.0852
    endloop
  endfacet
  facet normal 0.751235 -0.656933 -0.0639213
    outer loop
      vertex 101.374 86.0374 40.9315
      vertex 101.374 85.5338 46.1071
      vertex 101.179 85.3129 46.0856
    endloop
  endfacet
  facet normal -0.000108363 -0.0967441 0.995309
    outer loop
      vertex 102.7 86.6883 40.9949
      vertex 102.12 86.5336 40.9798
      vertex 101.6 86.2348 40.9507
    endloop
  endfacet
  facet normal -0.195375 0.976119 0.094979
    outer loop
      vertex 103.595 81.7039 45.7345
      vertex 103.595 82.2075 40.5589
      vertex 103.306 81.6466 45.7289
    endloop
  endfacet
  facet normal -0.340535 0.935812 0.0910588
    outer loop
      vertex 103.88 82.3037 40.5683
      vertex 103.875 81.7983 45.7436
      vertex 103.88 81.8001 45.7438
    endloop
  endfacet
  facet normal -0.321182 0.942564 0.0917369
    outer loop
      vertex 103.875 81.7983 45.7436
      vertex 103.88 82.3037 40.5683
      vertex 103.595 82.2075 40.5589
    endloop
  endfacet
  facet normal -0.000536039 -0.0956768 0.995412
    outer loop
      vertex 103.88 82.3037 40.5683
      vertex 104.4 82.6025 40.5973
      vertex 103.595 82.2075 40.5589
    endloop
  endfacet
  facet normal -0.556201 0.827142 0.0804831
    outer loop
      vertex 104.395 82.0958 45.7726
      vertex 104.15 82.4362 40.5811
      vertex 104.15 81.9326 45.7567
    endloop
  endfacet
  facet normal -0.659786 0.747922 0.0727604
    outer loop
      vertex 104.626 82.7999 40.6165
      vertex 104.4 82.0989 45.7729
      vertex 104.626 82.2964 45.7921
    endloop
  endfacet
  facet normal -0.659599 0.748084 0.0727907
    outer loop
      vertex 104.4 82.0989 45.7729
      vertex 104.626 82.7999 40.6165
      vertex 104.4 82.6025 40.5973
    endloop
  endfacet
  facet normal 0.981157 0.192301 0.0187115
    outer loop
      vertex 100.778 83.3226 45.892
      vertex 100.778 83.8262 40.7164
      vertex 100.721 83.6107 45.92
    endloop
  endfacet
  facet normal 0.938429 0.343849 0.0334574
    outer loop
      vertex 100.78 83.3172 45.8914
      vertex 100.778 83.8262 40.7164
      vertex 100.778 83.3226 45.892
    endloop
  endfacet
  facet normal 0.946651 0.320749 0.0311822
    outer loop
      vertex 100.778 83.8262 40.7164
      vertex 100.78 83.3172 45.8914
      vertex 100.875 83.5426 40.6888
    endloop
  endfacet
  facet normal 0.843783 0.534161 0.0519764
    outer loop
      vertex 101.011 82.7658 45.8378
      vertex 101.008 83.2741 40.6627
      vertex 101.008 82.7705 45.8382
    endloop
  endfacet
  facet normal 0.831716 0.552589 0.0537934
    outer loop
      vertex 101.008 83.2741 40.6627
      vertex 101.011 82.7658 45.8378
      vertex 101.175 83.0251 40.6385
    endloop
  endfacet
  facet normal 0.896917 0.440129 0.0427353
    outer loop
      vertex 101.006 82.7756 45.8387
      vertex 101.008 83.2741 40.6627
      vertex 100.875 83.5426 40.6888
    endloop
  endfacet
  facet normal 0.931564 0.361867 0.0352114
    outer loop
      vertex 101.008 83.2741 40.6627
      vertex 101.006 82.7756 45.8387
      vertex 101.008 82.7705 45.8382
    endloop
  endfacet
  facet normal -0.556201 -0.827143 -0.0804673
    outer loop
      vertex 104.15 86.4011 40.9669
      vertex 104.395 85.7344 46.1266
      vertex 104.15 85.8976 46.1425
    endloop
  endfacet
  facet normal -0.195085 -0.976176 -0.0949864
    outer loop
      vertex 103.3 86.6883 40.9949
      vertex 103.595 86.1263 46.1647
      vertex 103.3 86.1847 46.1704
    endloop
  endfacet
  facet normal -0.195403 -0.976115 -0.0949616
    outer loop
      vertex 103.595 86.1263 46.1647
      vertex 103.3 86.6883 40.9949
      vertex 103.595 86.6298 40.9892
    endloop
  endfacet
  facet normal -0.0654842 -0.993163 -0.0966393
    outer loop
      vertex 103.3 86.6883 40.9949
      vertex 103.3 86.1847 46.1704
      vertex 103.006 86.2039 46.1723
    endloop
  endfacet
  facet normal 0.000473033 -0.0970033 0.995284
    outer loop
      vertex 101.008 85.5632 40.8854
      vertex 100.778 85.0111 40.8317
      vertex 100.7 84.4187 40.774
    endloop
  endfacet
  facet normal -0.000166774 -0.0969199 0.995292
    outer loop
      vertex 100.778 85.0111 40.8317
      vertex 100.72 84.7175 40.8031
      vertex 100.7 84.4187 40.774
    endloop
  endfacet
  facet normal 0.000103956 -0.0971102 0.995274
    outer loop
      vertex 102.12 86.5336 40.9798
      vertex 101.85 86.4011 40.9669
      vertex 101.6 86.2348 40.9507
    endloop
  endfacet
  facet normal 0.540723 -0.837146 -0.0824947
    outer loop
      vertex 101.6 85.7312 46.1263
      vertex 101.85 86.4011 40.9669
      vertex 101.605 85.7344 46.1266
    endloop
  endfacet
  facet normal 0.555668 -0.827496 -0.0805176
    outer loop
      vertex 101.85 86.4011 40.9669
      vertex 101.6 85.7312 46.1263
      vertex 101.6 86.2348 40.9507
    endloop
  endfacet
  facet normal 0.195085 -0.976176 -0.0949864
    outer loop
      vertex 102.405 86.1263 46.1647
      vertex 102.7 86.6883 40.9949
      vertex 102.7 86.1847 46.1704
    endloop
  endfacet
  facet normal 0.195403 -0.976115 -0.0949616
    outer loop
      vertex 102.7 86.6883 40.9949
      vertex 102.405 86.1263 46.1647
      vertex 102.405 86.6298 40.9892
    endloop
  endfacet
  facet normal 0.441962 -0.892817 -0.0868736
    outer loop
      vertex 101.85 85.8976 46.1425
      vertex 102.12 86.5336 40.9798
      vertex 102.12 86.03 46.1554
    endloop
  endfacet
  facet normal 0.442228 -0.892688 -0.0868438
    outer loop
      vertex 102.12 86.5336 40.9798
      vertex 101.85 85.8976 46.1425
      vertex 101.85 86.4011 40.9669
    endloop
  endfacet
  facet normal 0.556201 -0.827143 -0.0804673
    outer loop
      vertex 101.85 86.4011 40.9669
      vertex 101.85 85.8976 46.1425
      vertex 101.605 85.7344 46.1266
    endloop
  endfacet
endsolid OpenSCAD_Model
